feature_0,feature_1,feature_2,feature_3,feature_4,feature_5,feature_6,feature_7,feature_8,feature_9,feature_10,target
1.6130239629740266,1.011341906380833,2.3211713827197022,-1.5697535963716676,-0.5393008546378248,-0.7505828573608748,0.9887233432506821,1.077385583874114,-0.7348715943746008,-1.441921047982309,0.8075741678133334,1
-0.9407243253308841,-1.6235303151926195,4.791606420905879,-1.6280953484756933,0.683627728344707,-1.3396094955053737,-0.5171422141877882,3.907495955970502,-1.7425524624316613,-3.637239662025814,2.408928016024699,1
-0.37519843514480516,-4.551888300753038,-0.1270824066471679,1.1916292759428053,-1.2403863576139027,1.2542059570331199,-1.535181288146898,-0.25040998691746164,0.3353644697042651,-1.2934413778210783,-1.2379505373357196,0
-0.5340828515718651,2.778577175254651,-3.1026618838595987,0.28395723144780255,-1.3825638219671759,0.4292965538911074,2.0310908165152712,-2.3846252848949137,1.1983142468256536,3.4352478909893938,-1.02037362068013,0
0.7279703418619413,-1.2639043693856133,-1.3273239296118757,0.44055771483409756,-0.9768820297812306,0.43194387698502484,-1.0620528887957268,-0.15574704975702836,3.2640421643864963,1.9192442476166138,1.539099783556476,1
-0.6699725005917114,-1.3290102930390528,0.15777581748266897,-0.5845954634539033,0.9472366332889752,1.0189330230893974,-0.046685720548480525,-1.1014281130424226,0.9626996258462213,-0.012932605798860353,-2.782643805401132,0
1.05918789851346,0.22453977124315527,0.2073647397192668,0.9436850797759276,-0.9616263393320064,-0.6733133530753901,-0.6394589419845988,1.7331623843566923,-2.314257149528913,-0.4657772056458658,1.1274776769756543,1
-1.3904263864583528,-1.5936561574406014,-3.462396106926118,3.2242891769550797,-0.356578636874934,0.3865491778382475,-0.883763345091932,-1.466182102585024,-0.4020031706037539,0.6105617925318532,1.1540464870388647,0
0.5827530051468829,-0.8283317752906624,1.3081048545994813,-0.3225633142189964,0.2971027947754719,-0.8275826066664428,-0.30442692290899437,0.04954470642035691,-1.4618810504333735,-1.867731552206566,-1.798973731269721,0
-0.2904666749438017,2.030545676067507,-6.304976978700384,3.200647082130823,0.0506778771988197,-1.1991182901012312,0.20502083385144432,-5.339332890500191,0.9132085923853823,2.754596209817527,-1.233643305757993,0
-0.6020790902251383,0.5449894646950182,-2.840622624947157,1.105565460352527,-0.1938016976706043,-0.4883671354624866,-0.03159475294282166,-2.4404090367764906,1.407261918949542,1.8347240510612544,-0.9555483178618049,0
-1.1707560853948165,0.874423512682452,3.5711325066786928,-2.75841990697448,0.719196511671476,1.0281673323030238,1.4125462470052637,1.525947908890138,-0.2988127643224352,-1.6095816143313537,0.07317730940130529,1
1.2086379543425227,0.3095586683531175,-3.317799827719343,2.3937984610941334,-0.9385872180854937,1.8156918568056428,1.4593627393420279,0.04905500419498943,-1.5634646510595374,2.7375079005651797,1.0211980795940157,0
-0.5343274113673627,4.423090302992002,2.1246554170380576,-1.824245367722315,-0.380755464532566,0.028284291313970464,1.4217323290202875,0.511129317025941,-2.545310787097974,-1.3930840282400712,-0.2554027689273859,1
0.7427010737702886,-1.1503120954991193,0.38669888176306844,0.2485693713748079,-1.1902696608060348,-0.8139723071258848,-0.26541991405942866,-0.19602601204397874,-1.32410712243293,-1.09280165418608,-1.9550160862132087,0
0.10975102929590742,-2.9185339340663914,-0.8530422560229142,1.4982155835478,-0.7809228543035182,1.9862762532348968,-1.4567053988948437,-0.9757952155340376,0.2176144665044144,-1.1903028902899722,-0.4014498084568464,0
0.9079815601467436,1.4088387091110817,-2.364791096527827,1.6198860628920089,0.4854758594743332,-0.7328504042551905,0.7019898507730189,0.08226256261831155,-1.1546116739096193,2.0046205212755224,1.2299323194591167,1
0.8853709022118325,-1.224116856795095,-0.5044290758448676,0.10739645031911763,-0.9823199674456816,-0.9776316616345303,-0.871618270348057,0.15209643529424155,2.0646154317636674,1.1272640321283762,0.4760630326221264,1
0.06602276793525094,-0.2098529692324267,0.652596928160899,-1.0933958055474369,0.16323932208460706,-0.7108845248169655,-0.05889102039069005,-0.4077121407990346,2.051065685587476,0.10098732727981174,-0.013057733074180566,1
1.6700210534017104,1.2788009987191582,1.0360763233104036,-0.2632409172928609,-1.4377671726728147,-1.1380202260747194,-1.2428847631654978,0.29897703407374765,-1.6788036875433932,-1.3533662113939693,-1.346474011711051,0
1.9780236103619266,-2.6635767282019867,-4.070533840729764,3.0819522348688273,-0.2968083278347829,-0.31326161559605725,1.079174113265376,-1.7519668609767536,0.5247374246154707,1.781780042153163,1.465738358781052,1
-1.5571465304988248,-0.8292253550845005,-1.4239194209199373,1.012879124179838,-1.4620482111547903,0.4065968428988159,-1.1657358823645199,-1.9490365101152494,-0.3267951847869065,-0.0789576240560943,-3.331872362438143,0
0.612563956583916,-0.4386119109120808,-1.0482349813762706,0.5572974254105449,0.07106861150581649,-0.5220306664224118,-0.7505374153606977,-0.5283134102692814,1.4542254578266975,0.7903665763053775,0.6949042722785859,1
-0.39238004621330547,-1.368265250663605,-3.3797484218753095,2.739593587392749,-1.2804397895559425,0.17582595456738306,-2.220041717307428,-0.4146547466964141,1.5915694469411803,2.1972626944779186,1.827778462438235,1
1.5451685639537895,-2.922992971545664,1.338909723856431,-0.1286393347789278,-0.9008209547265176,0.13380705509632926,0.48718158212629104,1.9080772311035654,-0.4917050904027034,-0.6041733578376438,0.5109327930740064,0
-0.8582628674972091,1.0864974107642626,-1.2580700323493241,0.5251517055643788,2.0067460336101783,-1.6892619158077287,2.0637921176325573,0.01795367003305881,-1.282564474689103,1.4941591532004066,0.19311610546565405,1
-1.1730807982519558,-0.14802503199949835,-5.628378151134839,5.061033133792227,0.21559072016801636,-0.4331578823634375,0.9266794417325959,-2.7497691125604957,-3.3162920675863736,0.603714024330528,1.5749691360496374,1
0.7133461962016231,0.22085085777965463,-0.4690605395934195,-0.2845064633835829,-1.4277845453158076,-0.6534395353108038,2.3002563155705458,-0.4117201304529463,0.316703222769225,0.8239357459511405,0.776250028463446,1
1.1700774301352816,-0.18434268010420884,-1.5398008811515875,2.8127215814047286,-0.173253619688809,2.2738351850313663,-1.377832149368255,0.4818286738352513,-2.6166366246984474,-1.1164334123277901,2.6642225651645286,1
0.3955206056781613,-0.6452770465455498,-1.1360548285237366,0.7497284709594185,2.2891939340589,-0.221947421270949,-0.6894174926619228,-0.7929988617844126,0.22352355058388618,0.5992160593913165,-1.3345219134769282,0
-1.3966531950810082,0.04188297059517576,-1.621725736825107,1.2899114917862695,-0.8498076515981041,-0.03780452149644324,-0.9403609233496705,-0.43299494786644976,-0.5007102733922548,0.9535244253179671,-0.8617429556364987,0
-1.6922793480537386,-0.9914560048388482,0.016475342266658748,-0.0035570553921585525,0.04574830094461149,-0.41432158214181297,-0.9308797684078629,-1.774741458202517,0.4452795291487621,-1.3038598779425248,-2.269727839892699,0
0.9017445523277581,0.2722348786881885,-4.210308915738857,4.825664542337626,0.9633386925911567,0.39014803716379437,-2.4037408802766063,-1.7428047225899315,-3.4569062338015097,-0.8024959677904969,1.1683716189336766,0
-0.8299049048710535,-0.6479137117708708,-3.378079050453326,3.2262917687024926,-1.4160059618625598,-0.26956936490427214,-2.74087943823095,-1.3382725732983798,-0.794277586655803,0.7247545867328821,-0.5930498070106449,1
-1.0265183889764713,0.020654565230586952,-2.92185752158644,3.0673191525126735,-0.42900088645258155,0.1761323194607588,-1.606632406738688,-0.6979367155478371,-1.3512455916866704,0.3212562338993037,1.525758194745331,0
-0.36502276413427176,1.3954582369057111,9.767416832713275,-6.385554458743687,-1.2323525159674724,-0.6991102702136303,-1.001643884553931,5.3697256539012095,0.5985915101679666,-4.955440502480041,1.9426619932476856,1
0.5488316815072204,-1.9813811765211706,-1.295692263998219,1.3550376626166234,-0.6186158311455077,2.06655820300413,-0.28392258295668815,-1.3280213509637724,0.02720231759400138,-0.5284005691787172,-0.40374543647328315,0
-0.6411873293598619,-1.3106173644087744,1.0028590567445173,-1.7391182803086747,0.1976349192808462,0.5257619593368806,-0.862722044061558,0.5527442714945126,4.459754233776362,1.4175214961484492,0.5487169903218685,1
2.293377421711014,-1.278943186280815,0.95980391506475,-0.2878202357533708,0.2242784230490586,-0.24697546753006955,-0.15233178192489327,-0.10188781542301684,-0.5733861404427905,-1.3500846832637032,-1.3766566985581603,0
-0.3977438097188852,-2.782057366353647,-3.5572044213740837,3.0339711630000687,1.3495930613513756,1.0069384515125817,-1.1247353443497004,-1.3696564383804175,1.1011001809700276,1.3321605460604569,1.123395137893244,1
-1.1953456794430792,1.2869944893966023,3.4167452223827004,-2.287122535823199,-0.9581665374998202,-0.5412245946148926,0.043919161248571426,0.643403059038315,0.2329233256365395,-2.9318462375594336,1.4368213900836766,1
1.8176278680467357,-2.046078232696251,1.2137958860006728,-0.26692159343122923,-0.7444430108761133,0.3520075847175655,-2.7143575944705503,0.7134396144778794,1.1056246135704848,-0.9565814068775342,-1.0759501749304963,0
-0.45441971435018697,-1.2352192392885941,-1.6941330985920604,2.0027297996592646,0.7934507375570787,-1.0222809377815039,-1.148996468357267,-1.133046494733696,-0.7438305577439694,-0.6411281165849323,0.010361246955493897,1
-1.9659709417613376,-4.347896118841532,3.7601664044930314,-2.165821740802258,-0.21874095498397833,1.218278985704715,-1.7219767123668248,0.8844848531828997,2.415123488555169,-2.728067921105401,-1.618951840072659,0
0.4881644170194809,0.8062906533251939,-2.70302258605119,2.02571949360168,0.1691918354928204,0.6925496862240403,-2.175893600145921,-2.1100251625656656,0.1748524856158703,0.42465895325144354,-0.5421703648577965,0
0.6159098554280618,1.2342641485602635,-9.839145207734465,7.791163856894064,0.5863363957800619,-0.6647943713225318,1.1520759909111034,-3.6002214454929105,-3.9880916035615286,3.7862546753044013,2.5713845668384625,0
-2.082054844241289,-1.7832782581980777,0.7577124156582324,-0.386437183647554,-0.8613092655648985,-1.4333561470183827,-1.8842662424788958,0.07570352517921586,1.478126572761133,-0.46535501028020065,-1.272359722126648,0
0.9152402390030125,-1.7783125188540652,-4.445129220696021,3.8027603427136993,-0.13304848576350742,-0.36423401406644856,-0.04315341446385246,-2.0153047290118464,-0.5763578187254943,1.1335897749183714,1.316409033020156,1
-1.5678749475718115,-0.14396128355721816,-2.4837465630983995,1.9996204966287845,-0.41220620701795185,2.041583395035569,-0.6518798550150713,-1.3299275684896004,0.32558635975312117,0.5489644153966873,1.5083165968757286,1
0.2157494500425057,-0.43016128085141636,4.056756111343051,-3.034013247897517,0.4387140461758429,-1.1423268387648304,0.27600743462350397,1.2426955757998412,-0.2496310057508626,-1.971304806940607,-2.9350098637425255,0
0.21375290879049444,-1.1634143769033485,-0.18062980370272386,0.5021499930658909,0.7850047615580773,1.413048716594708,-1.0292904247635657,-1.8919196033916739,-0.12414204589714362,-1.8503346876838245,-1.7899348967154136,0
-0.94974759454954,-0.9814804092346616,2.7790237537354283,-1.6367440206067398,-0.30108917693500953,2.667114997398514,0.4765905618924866,1.169081954022143,-0.7703155453903433,-1.802538448061475,-1.2299533029701257,0
-0.9460465432726813,-0.08480572819137744,-2.646343724626859,0.7401212714595011,-0.22628944765613968,0.637710956785726,-0.6469963390569887,-4.730151021370799,2.937174029187803,0.11054121234130632,-1.7226425527974385,0
0.2964983701014369,-1.8600633684638268,1.724555321718153,-0.846346806735946,-0.6440231758332696,1.4325567240464299,-1.0951206715371897,1.738304450854699,0.5399546981457022,-0.26783261777574063,-0.7932184244441266,0
1.7117764378804419,-0.136122507480259,-3.4906398601903073,3.1724219276358347,-0.06088099145035922,0.10075146937897357,-1.5012709002591016,-1.1538385378291587,-0.43903585497809544,0.8854421314537206,1.8243147838451048,0
-1.1620456329569213,-0.2378518696917694,-4.081854583755352,2.773079226137142,-0.31468614809432666,0.3350501079209595,-0.5610895939279028,-2.687157905027716,0.001722624799471828,1.5267407270196198,-0.8169583680219153,0
0.11625005399773468,-1.9046354753899863,2.9438054248946157,-2.369271485407476,-0.4975160424373023,0.5412694551005982,0.7432831740587211,0.3518210630653338,0.9257509563591952,-1.5324859142625717,-2.25936239104599,0
0.3284439543337348,2.0005933667692037,4.002479548035097,-3.711695204760407,1.8838349612705632,-0.26183165799617386,-1.7775526245197049,1.061600271170186,2.6840558174586793,-1.2090369484473313,-0.5786573322570967,1
-2.305841995691634,-2.1128816565780433,7.404500819053222,-5.716679829847175,0.1070138013349781,1.0092023656340814,2.5317266610798503,3.6090472820627495,-0.0580393418501538,-2.2121388267237374,-3.8836383892954345,0
1.1218087870688838,-1.9578255071098811,-3.18312701560203,2.505646372097144,1.388440186243761,0.09893680462007125,-1.1734224105911242,-0.8205100787791452,1.2241023093689176,1.8652375487144197,0.9906203175510461,1
-1.3848649040879129,-0.33920517432583863,-2.1182206633555816,1.8669675122620377,0.10139322591882839,0.715456733828218,-1.3579218569325855,-0.7638849299998351,0.2900505194081461,0.6365464437696092,0.9838676966208794,1
-0.9465339170561047,0.314248818884052,-0.9698476794137417,2.106324372970612,-0.12841338188813398,-0.3264565375666417,-1.2007602231471206,0.16996162450017704,-3.796040138940344,-1.1812331076766749,-0.8449520154537439,0
-1.275558620127755,-1.1304638678765127,1.133904032468444,-0.9201772736612588,-0.06583914041661906,0.7490854420888563,-1.0874714850165503,-0.1709599859780776,1.8587708772311786,-0.7782759473653789,-0.3331788859366427,1
-0.20723926005692223,-3.2475433137771015,-0.4281326939045932,1.1678071451997771,-1.5786748525422614,-1.8013832210526266,0.010971989437868035,0.32884375599504057,-0.38017305700534565,-0.44088928496306834,0.12645832989535855,1
-0.34274690831386057,-1.9125088262940086,-3.1088217972442282,3.0035619562249223,-0.8777568591548472,-1.1302381184276884,-0.940649710953954,-1.4570836995285834,-0.22631527186927825,0.29739877611797416,1.028216415689432,1
0.5020425200516694,-0.07749254542858608,-6.047340047273911,4.725045291902792,-1.3959670669357018,0.8660865315169047,1.4169078228372285,-2.819919504003887,-1.458197560572543,1.802257121120099,2.8954306361856075,1
0.4878790464346159,-0.7425540366143434,-4.406351368853452,4.780242129164823,-1.0684646221513812,1.0444769028400955,-1.8362345119639039,-1.5497904895844,-2.386826471915777,-0.1629618441355607,2.0268535408634696,0
0.04518861231079267,-2.6801772745223356,-2.1718651838281144,1.2405173396194542,0.1267246683371876,-2.0170307274268007,-0.5537807177026797,-0.5036096678537844,3.0989455930073593,2.135272328089299,1.4544361570741335,1
-1.1614370889556256,-1.4828635627517286,-4.874726049397653,4.23712441760171,-0.40965512861340037,0.13460909581086364,-1.0917275810729885,-1.0075485724685236,-0.5164835075393079,2.2273933168194673,1.720680481211874,1
1.9471505585286895,-1.1182191994883173,0.08517877334221388,-0.3565533133116163,-0.10126280658843528,0.2959317034815952,-1.9255723253011123,-0.2237314853295096,1.9233317115099977,0.575291333822229,-1.757303457290571,0
0.2205792535872066,0.5420699829157107,1.7009423155097894,-1.593976088247241,0.3351565500487168,-0.010746681611779033,-0.7969305572786678,-0.007016223342681038,1.233216445209302,-0.8285238493770335,-0.7735788017506184,1
-0.07949335782127699,0.5524287370624055,-3.841978631376686,2.7546557656354027,0.17011986932998543,0.05492143649039745,1.4852050568178232,-0.06596775429221113,-1.6900849042647803,3.0759377704434128,1.2494750377212964,0
0.005579554989212608,-1.1762019839070301,2.1118373350810726,-1.1420823250525034,0.8218463746407456,1.011083565014085,0.06052835819386948,0.20917906127464247,-0.6367541892830042,-2.030109143249994,-1.7187917953464618,0
-1.529008950169048,-0.633653746718353,-2.723036920909869,2.087133036861565,-1.1431160257972417,-1.3368887528049056,-1.7559053410083405,-3.1328600290747,-0.25608126997446845,-0.27096314707792446,-2.7950821786988467,0
1.0622648345030488,-1.4092191125510878,-2.157998236221935,2.3402682032020294,0.9102407325703799,-2.1554347471177167,-2.3875725291234464,0.5962320372231953,-0.5467244041248993,1.4658218018402254,-0.4565647770152745,0
-1.3883665811089172,0.22547530747631972,-3.432592440736172,3.110250304114556,-1.4039318099314553,1.3686496668079942,0.3302623864235146,-0.6791282224478652,-2.53626669539295,1.2572481758632958,0.5487827202100779,1
0.5249819030033595,-0.8267562508163239,-2.7090527628024708,2.1356466719311205,-1.0934652344151932,-1.5193287685005807,0.015897070263704127,-1.1598296992776418,-0.004809981255305851,1.0121406870931828,0.9450537634818128,0
-1.8006457892908978,1.302211620634657,-0.6936094159205024,-0.7213593863619322,0.989943026600263,1.7411709132012807,-0.4466259580713283,0.9713454886495023,1.6561727321179331,3.5011032217788474,-1.281610822001581,0
0.9055676153577742,-1.0678051692263273,-4.555073294042045,3.8516798434344,0.4306833257626541,-0.45804603098457974,-0.6437950384301904,-1.6211693056832268,-0.7293990736601139,1.6232926210737584,1.1543806808217485,1
-0.8034513128287382,3.3695994294716938,-0.9020419499057591,0.30526156404736465,-0.17560809985192022,-1.119180406765103,1.884233275662182,-0.6015901906949994,-2.7065671769674795,0.40360148012698405,-0.35113872950307545,1
0.5602055076855064,-0.24908802718517498,-6.267497130841512,5.411881136894124,1.3822362779095103,0.9880819155944257,-0.13464006200042,-1.0274406625032668,-2.928130178222222,3.007158585746277,1.316540212689133,0
-0.49860538582406055,-0.7998317466897924,5.185988899705301,-4.391105823097229,-0.05831969443086077,-0.9016284573050134,0.8679659374921163,1.1222093251149081,0.15893864732465068,-1.9870130391065144,-5.299905767255393,0
-0.5021580478692449,1.2240237215018668,2.740320245831639,0.3248119295393614,0.9986417256214118,0.7187995181264331,-2.556461733088441,3.79530008844298,-4.025034945026966,-2.8386558699860993,2.192240129856989,1
0.3837848139921367,-0.44190475447919386,1.3262226253286038,-0.1340473971881975,-1.287941090668913,-0.09930224153209576,1.1937472784247967,0.6376130666600341,-2.2445882803644146,-1.9895367734309297,0.3849897644912255,1
1.937325984948745,-1.7342734214051467,-1.1358462733638746,0.17060406155258534,1.1063043148268814,1.152665338872263,-1.341361657593036,0.010587562662503824,3.8456585776361116,2.2223308896883935,1.0301370579879396,1
-0.3185810431700752,-0.4366331186849587,-3.275311055838544,2.9779037096937873,0.05809984020757073,-0.9891837970605062,-0.14684348154438143,-0.2623094404030166,-1.5939515179177322,1.5854993212006656,0.9810165902911168,0
-0.07492486609808546,-0.1310949309082381,3.5486353176101004,-2.844915041740564,-1.9786678910214646,1.8773558059014417,0.14032884007088264,0.9087357057179877,0.2768391927640972,-1.5980865810740879,-2.481030216052062,0
0.05495211443653518,-1.2033588386947374,-0.6520963978407684,1.021520304153605,-1.258301011592674,0.014867469851396418,-0.4042622785215987,0.668039044404044,-0.5446679459883239,0.3791962453819668,0.4152012464374435,0
-0.1262562481391762,-1.5741653553746726,-5.1662241554566615,4.642895367356354,0.713411028681638,-0.9580291258143897,-1.1200938507190084,-1.2988014737317592,-1.1969873328697938,1.945333902958182,1.2677936385927173,1
1.6798660187516863,0.8223728415230644,-2.049035505291182,0.16773929345035013,-2.3400103952531386,-0.24916804564440498,4.709604581853307,-1.4194349568251658,-1.6265855961363405,2.463884409796112,-2.3483173647027176,1
-0.7416974407139022,0.37572507547688727,0.7643653676122976,-1.931109051830637,0.8505905272276411,0.3423621291757222,-0.4826237683633176,0.40780965366855737,4.453435937846009,1.8481168628021791,1.279071644920953,1
-0.6621755065356998,-2.4325974541377917,-3.4736152811521235,2.978483154418413,-2.0882181613871023,-0.454794648003327,-1.1264142314856829,-3.0557597327572577,0.8242805196457383,-0.24445109762084127,0.26983142392521864,0
-1.62707720676884,-1.409777431829316,-2.302820061279742,2.1617479323561315,1.0330807347849533,-3.073219330772023,-0.9086421817516057,-1.751684695647842,-0.7574157928545842,-0.10380983238767627,-1.30655489842982,0
0.06766192590608357,-1.464093228789388,1.2453093681086054,-1.2786788824414312,0.03560502866959625,-0.23226095496775376,-0.3587103930851821,-1.5483029082574076,1.078597098110593,-1.430898381427225,-3.4397015051846713,0
-0.4354640274710904,2.466399493612083,4.630729253722536,-3.581335025885149,2.063814403238378,0.6022884117839952,0.7072184555495754,2.3129714590021675,0.12254246466008967,-1.9359915507049568,1.3861444788676196,1
0.6808270070413289,0.9560869754111398,-0.9606897526422645,0.7179718389704821,-0.6286993132588157,-0.146580863863973,1.1827847051680325,-0.46996380248264935,-1.5707482753843123,0.20335431798114345,0.05446334138595077,1
-0.317438798740323,-1.2277008840979124,2.117270721862607,-1.68245531559083,0.488186969639617,0.2534911519761596,0.210845200109266,0.0449206390039798,0.3583984744753359,-1.2495205674483236,-2.4698591938832886,0
-0.555549310986256,-1.0997577163204841,-1.3149949859037235,0.47750708620298987,-0.42674916085948017,1.2722496752373784,-1.4138280369986793,-2.5214190267960856,2.335974865897108,-0.07270244036493734,-1.3440124652171663,0
-0.3545239246341021,-1.666892652097709,1.696784739037606,-0.8276538969762668,1.1251244584483322,0.07907979000442658,0.6719436423067717,1.041890969434919,-0.7352890370551015,-0.9822769867542478,-1.0556488263007977,0
-1.1171315465566303,0.7003634855418126,-2.010253829389922,2.1469123193384987,1.524600271267195,0.994340422767774,-1.863869730119264,-1.1139446709377956,-1.6537871293125614,-0.2912850505476402,-0.6370782468635624,0
0.28825619928793883,1.3550010226006646,-5.064564892887212,4.060770753334334,0.39245756541480603,1.375046160063316,1.5625275601745672,-2.515870713826189,-3.1202540147334066,1.1344589578903486,1.339697571505937,1
-1.808865805923714,-0.29066444794982704,-1.2057637121445202,0.5424074856233347,1.8008468416757504,-0.46147001632456053,-0.9969786171148518,-0.959213380779019,1.1487039386000704,0.8745563585906031,-0.8303502051543459,0
1.0945044864987559,1.8984776675569695,-2.3274453777039685,3.3140582652754276,0.4898793069801426,0.16559917284912007,-0.6382344538321152,0.40545323373735875,-4.6466616651629105,-0.588437653273226,2.1860503931290034,1
0.8160332219535777,-1.9731439577326177,-1.0508095282727377,0.33388882226821376,0.3558752597613614,-0.531185358958058,-2.4568304528966136,0.43103403236435556,4.148202556674252,2.243911721322679,1.1714486736381582,1
0.12402442818777591,0.07042576420733004,-1.1307869086091127,1.6285531484329783,0.39098651126488304,-1.2407823036557406,-1.3488880307833586,-0.639799850884021,-1.861062610654815,-0.7765281876619773,-0.8221986345768114,0
0.1001188130285456,-1.5672080744657129,5.754140950515318,-4.403063782627419,-0.4119883405263391,-1.0750885406711927,2.222271272390445,2.5266497244051265,0.3021967852804299,-2.160678625946625,-1.8007013253604855,1
0.414932586281603,-2.547517637340267,2.760277420481939,-2.35569214005356,0.9243492474688054,-0.05301414091151145,-3.9929250400645966,0.15504978177565953,3.973131320647971,-0.8701077911349391,-3.817622984951611,0
-0.8515229752840464,0.06089197000995428,2.1599776534934443,-1.2407016235048103,1.8363655176119593,-0.9092467253362674,-0.10234702159297482,1.16839044548579,-1.4921278337252213,-1.1687565859999403,-2.087287005120183,0
0.7499716388970863,0.13579346425614625,2.3535050494511154,-1.6545328698960262,-0.900602860981461,0.7765910581944233,-0.07267357374791616,0.9577924878739195,-0.7345478917796981,-1.0916398885950205,-2.0672148155513965,0
-0.536671137873293,-0.12278067527360359,-4.5483797474825804,3.2488377028423168,-1.3910137586894213,-0.23069751545243966,-2.0683729985214985,-3.0378003769888577,0.7710901609725072,1.4279132645508297,-0.2898641816488543,0
1.0693662661686567,0.06883338252631577,-3.9100936719732884,3.866379332163103,0.5452818230321874,-0.2716936619238744,-1.6986430593003927,-1.6197461151201797,-1.6312654895339354,0.20766351619606216,1.5094123339349452,1
1.5349039236520372,-0.7819222545571289,-3.8016624085976867,2.4801187907984916,-1.0114208802665774,-0.6147401397507104,0.8376619560954446,-1.431589122312533,0.7912424260426305,2.314158214438445,1.8468107193577183,1
-0.23668529938702104,-2.2510810555958205,-1.175261589472565,1.6235574235795125,-2.109378160057299,-1.7595292840731076,-0.10036151314644826,-0.7420096406266603,-0.4097449420398641,-0.7573830067153274,0.6727033534573772,0
-0.11185161540353142,-2.854383600819866,3.67973169344789,-2.7695946342563036,-1.187109756740639,-0.9498088845789159,-0.9588204409808626,0.7410887098444519,2.595491038380345,-1.8702385820242442,-1.8908608070351238,0
0.5312195141020064,-1.2600581622621772,1.8660983820108656,-2.608885225516834,-1.3103434902591127,0.4581183938462934,-0.173622827711451,0.3147899057468786,4.572250083901129,0.8580800859530046,-0.11826228432624952,1
-1.381778145588926,2.7961647972815133,3.284441145346375,-4.205767245590039,0.6127062189672492,-0.3443926649059522,3.0324236627914383,0.8023286353839674,1.4442454567915137,0.47359094323325635,-0.7314994514176612,1
-1.2681103319467668,-3.392055370348438,-1.3937684937507657,1.5403866506184465,0.2747062288967818,-0.8356208257276618,-2.369888218733233,-0.0038177440908735427,2.0073785206660686,0.7804011360770876,0.2764204820297903,1
-2.806773654668986,-2.8809353670538886,2.0603028968564243,-2.488879428269321,-1.3907909874731368,0.1995790888961478,0.5267051396380544,-1.583696126440739,3.6451153824075604,-1.153040911106905,-2.5850466507364094,0
0.2695305897765924,-2.0729923705532087,-2.7788567829194037,2.0793116161372747,-0.6711534748177139,-0.6170055410972046,-1.3676964185252527,-0.6148331725988133,1.9616588221886935,1.9224437814551976,1.2295325624223665,1
-0.3909675797600475,-1.0120447649529902,-1.2852578181785292,0.28382331073984146,0.37923878866931915,0.5053515305887596,-0.28835693482113245,-0.2824815997091801,2.7976388592855517,1.929977151885872,1.2001178453387324,1
-0.33855076493985525,-1.6807427100909096,-1.9603100505236624,1.4830853837188822,-0.403848498733149,-1.2036185691522416,-0.4314634214005824,-0.131527037347707,0.17375920918586618,1.7391751539999243,-0.9115453235761549,0
-1.09559944853555,-0.703928166731799,1.9395793558610066,-1.3026580459807608,-1.717498588283791,0.9862133800534006,0.4308337478328139,1.6259624760270783,0.11413807479345273,-0.3391850723322001,0.055037938137439735,0
0.4843465050166629,0.11848575220988822,-0.337849430012339,1.327150844768716,0.3211575215524852,-0.5257921121904264,-1.0510359458147076,0.21654671238851853,-2.4432418715108932,-1.207824733652087,-0.19468615176726245,0
-0.5694074758076682,-1.042883066552274,-5.168183619803468,4.5582994857334,-0.23998313058392948,0.46988260452910713,-1.1267855685436456,-1.8440365405582027,-1.0153785177445345,1.5150275912788018,1.5998974348132002,1
-0.9143686692269011,-0.6954265651977852,3.3489804393329785,-3.2697429703959977,1.1570124533733062,0.8740254455942419,-0.045239451561774446,1.2483216118521725,2.6287950136711036,-0.20772429048995655,-1.4325019701974784,0
0.4939924371917596,-1.9619726079088629,-0.4286864427361327,-0.42984846691868617,-1.7060301795031039,-1.5905682667940642,2.405700972031224,-0.7801558298725264,1.2846763879499898,0.9550149791664515,-0.6160281040397457,1
1.0897164032877906,-1.3756376280952956,0.4291813290816358,-0.48609357910455,-1.1770702185386561,1.096922624489065,-0.061996652913505534,-0.604440550065229,0.5701319098614377,-0.3348549880135151,-2.0463771823727486,0
3.024594143675896,1.6591699908278115,-1.930999810853838,1.6283990104557948,-0.039804719620326556,0.875961217516526,-0.877337850681276,-1.0119758714358675,-0.7979056277237069,0.1870055233932616,1.1500396424419406,1
0.554105421767687,-0.07793851250594797,2.7072011988278377,-1.2233227953408476,1.1175013417449637,1.0282604669929156,-0.19118572478779028,0.4733797171237754,-0.45049874605373863,-3.2148745308819677,1.2838974464441586,1
0.9790756381882479,-0.7761678939916408,-0.853210906007746,2.9225024931283077,-0.3024700209179641,0.5502528166285678,-2.4910003422285376,1.0773906122533745,-2.783545534197831,-2.080712621322908,3.169263890482121,0
-2.5738003947845995,-0.21454625253738513,-3.6400628055361186,2.888950307027021,-0.8798349973305538,0.6857564466055325,2.0052401416818153,-0.6825999950625411,-2.1082197807351113,1.9188350372518281,1.253512870548801,0
-0.34968042270708755,1.1976075384221747,0.6637842880470649,-1.9574929809342496,-1.4888790012813615,-0.5009618358117428,3.2118868482492324,-0.13162570904770554,0.6214590418172043,1.5037523894830496,-1.1913212775233588,1
-0.05570368508980166,-3.8587080195867083,1.7986533983843718,-0.7857491421555972,-2.229169929884106,-0.30021368682767396,-3.2223054432668317,-1.5447689275393675,3.049597667364865,-3.0992226148933817,-1.8549364980528225,0
1.3980795998277298,1.5211133009461133,2.5842444584279827,-1.1133526185182532,-0.14200469777730979,-2.509539361931758,-0.20655393627847762,0.9905325001096664,-1.4136737928071426,-2.8532550188325345,1.6958327718298523,1
0.980586897334688,0.5036503017544007,1.3174908445995404,-1.393346672439405,0.18765822198236207,0.3786576288591088,0.1317274798059208,-0.710807594031263,1.2179595643077008,-1.1202372788491628,-0.10309291055353476,1
0.8845635218759108,-1.7334990391385194,5.629073127994418,-3.4573250936207356,0.5474738166067731,-0.7665476919970261,-0.08127429612620962,3.7288941046392408,0.9815382747282477,-2.4586835579174817,1.3614038730989468,1
0.48012145131356093,-1.1110090405255788,-1.0266892968997137,1.655215502904641,1.643936732044943,0.2502435923856934,-0.7956828545889395,-0.8324752681424553,-1.3678379167076242,-1.1894655867512884,-0.15881817137568088,0
1.2092604738099495,0.37707279014260386,-1.3646728759751285,1.2181967033523617,1.0930897716912873,2.160095426733124,-1.741717888491488,-0.6833626445748482,0.47390843335089045,0.19671122323083134,0.7953597742079127,1
1.1521658627393156,-2.6321261550166413,4.512026128495932,-2.9626361331564994,0.14477579810201255,-0.2827832830200313,1.633036888738211,1.6137517634159202,-0.6943549108639394,-2.5822465252733804,-2.7401190955358135,0
0.12668513844605495,1.0013300892423607,-0.524319388415106,0.004231636974077486,2.049883539210343,-0.3187759420896943,-0.7529996887013582,-0.27382339685806223,1.216482022304434,0.7008937968310647,0.8893364969471281,1
-1.2244385204552874,-1.692552342267117,-0.2208682428232897,0.766750508602015,-1.0684128292347295,1.3181325109935376,-0.24212096014265616,-0.5066242176210132,-0.6921506081228179,-1.0305519227770785,-0.7015681199952755,0
0.960597693787989,-1.5955961608063025,4.430511439768786,-3.5704433323874913,-0.6101087486333138,-1.6126887685922262,-3.3484518087601876,2.004438790095918,3.6779908064661653,-0.8622725336542612,-2.5773722727606554,0
-1.6505710590979603,-1.3179784888124846,-4.756776783211201,4.916504273568722,-0.2324354985417086,1.3556482188922447,-0.7234254048635262,-2.153694538016688,-2.946221150214022,-0.14693374857115993,0.9989438593967086,1
1.0065159019447942,-2.8174735622645892,2.6996372776293733,-2.107024844350912,0.5506291311511149,0.43202806422163537,1.2541232946589884,0.27440633095881317,0.4431630454877491,-1.406058383193095,-3.12233520361902,0
-1.1218860555104848,-0.493737655378325,5.5774713207513935,-3.6916975462956976,-0.6994882896208778,-0.07610022608759719,1.0450885928803177,2.5062238835712396,-1.5471946883487253,-2.938690324729648,-2.60060393614674,0
0.8997377167480645,-1.7215401932841636,-0.06947463698771755,0.26680487632416466,-0.22587953966723393,0.8674202114375023,-2.3848797484402677,0.8483623807464351,0.9931939026416342,0.9342999486294784,-1.7594666094908733,0
-0.5762525127382968,0.10004971131505769,3.385131560427721,-3.551899865719446,0.3527319247200297,0.48933535255741584,-0.7525738732301828,1.1423738387220161,3.3745431924655485,0.04258328847722914,-1.300064164905644,1
0.6514333927900009,-0.7625524552253962,-1.0316381948277764,0.9898409337349073,-0.036295329664002514,0.6095226981708568,-1.7197910164728105,-0.37412326536584545,0.9660905115883153,0.30348490486227153,0.4172536945889562,1
-0.1842724845118174,-2.514731177203743,-2.49727098437196,2.795766391013026,0.3790747631396674,0.29329493150253827,-2.215724745376325,-0.8723691877477107,-0.3034963889529916,0.17051914321465234,-0.4261210041545688,0
0.3193133748407596,-4.424034430077976,2.038823065073089,-0.9023043418242858,-0.25638457983043006,-0.26129558656867874,0.3028682607884856,-0.4978444518754403,1.4013476842797123,-2.723872016507258,-0.5832447255758503,0
-0.845567222431194,-2.2462967684988104,2.1445894823001312,-1.8269168924466352,0.8151458541446969,2.3914565240534067,0.6125654783455812,-0.4944086956439238,0.9284421863352517,-1.4516326505264199,-2.94291646854015,0
1.0967206176149056,-0.6238310485406812,1.1146298752146837,-0.15255514809671206,-1.589440312861118,2.124787627334509,-0.4734286815639118,0.27828528190036894,-1.415483851866036,-1.5887589229491197,-1.316454360410909,0
0.05207236367929285,-2.2841541825121556,-5.661340701249483,5.214047880677284,0.6104647874289183,-0.532921285506899,-1.2643262031921274,-1.867632774075885,-1.1198073112139217,1.5650690945638013,1.5123123335933313,1
1.3416905971965145,2.139037563319268,0.15778433708920056,1.0177563353408896,-0.04420155047702988,-0.032626398301751305,-2.112712653505082,1.8558969670983418,-1.5556616381672717,-0.6419278161840156,3.3351195318387292,1
-0.3453907925539235,-3.043995169034446,-5.483379185364631,5.229308713608553,-1.4544537558817288,0.6743846808892259,-1.5367775010329319,-1.5239471319251021,-1.0098165285385752,1.5981622145104386,1.2350612120722926,1
-1.1813305610226725,-0.7666452700797697,-1.4739114606615538,1.6443419966728972,0.501611693536628,-1.5334401322397642,-1.2968988415641858,-1.6606320667508179,0.2690180810441163,-1.1069188392103313,1.0366615712183638,0
-0.70164367551102,-2.77975964645299,4.28784020234719,-3.7195302568993696,-0.4008714930903694,0.46563772983521834,-0.7581562799052626,1.6112508355786648,3.4237345369654664,-0.7410592038045574,-2.5205221835083265,0
-0.7330414415709136,-0.1681793172977022,-2.8974497549435525,2.2959844854755196,1.6239887384702107,0.7525178882035679,-1.552227677359889,-0.7053614290577949,0.7479182976063034,1.5325290686396214,1.6102346513836487,1
0.8339340157517312,0.06989420355996612,-2.2074770848723677,2.0146712687369837,-1.2338293047528444,-0.7577785348147733,-1.218129228803258,-0.706356649912893,0.5321388672096463,0.4438748083895139,2.6688439398829527,0
-1.3489922844022697,-0.9118072795717309,-1.1704068047359817,1.2444751415637885,-0.04953508154772826,-1.6386842892872162,-5.6942127246142356,-0.39081678140288684,1.7536561727575752,0.6692192282741013,-2.5746986081940184,0
-0.5812487338422612,1.5640488958487655,2.723653494985963,-1.4942693884061033,-2.3039515701139104,-1.184445283533786,-0.7420519724985548,1.3063106084182148,-0.48341057313602703,-2.1827324961892542,1.4918507194906347,1
-0.269623453356206,-0.717153313208146,3.003652008577518,-1.0647590582442343,0.7455808960630788,-0.46263662554290585,0.7238757522268575,2.9314952167661508,-2.5991565036130586,-1.755299265247578,0.21551241393307485,0
0.16593399532630176,0.35585175164704713,2.5058594119407336,-2.792629567678667,0.714561394561465,0.4579101292306835,3.9880922939467824,1.3165194491683652,-0.1696662321075837,0.38541050626874274,-0.6037898051576116,1
-0.8825851045073666,0.20710910559879336,2.279394684879668,-0.28113514356676284,-0.04761787115633244,-0.5025326575003425,-0.9158142991651661,2.6250753057670413,-1.7395754167507445,-2.0045676343571737,2.5442576072302705,1
-0.5518807778670001,1.40571853348506,-6.061713329665027,4.179930905698216,-2.1127316707512644,-0.3843894332210779,1.4168174052087759,-2.6340671873700767,-2.1113471590657076,2.946508188640646,0.5852339998215502,1
-0.39304789558989317,1.7400352518427509,-2.5362260848180376,0.7207145870010115,0.10864666900333425,0.4429102024341956,2.23936234160211,-1.3826204791067862,-0.0319156463772059,2.4645454734787346,0.04763977015652954,1
-1.3283865308176215,1.3673748877166176,0.0935902478010884,-1.1515576854666372,0.25002783413690916,-1.2160825500843868,2.3402845532289547,-2.440843516560024,0.7249861966644888,-0.761799666185281,-0.5144667488160974,1
0.2770433518878326,-4.200766571421111,-1.0679993979063784,2.3256435664328725,-1.315693809081293,-1.7866293481290216,-1.4807851548225204,0.31555769019060476,-0.9323940601527829,-0.828055563973995,-0.13774709059241697,0
-1.6770720233667682,-0.27790217452588295,-0.793944119061179,0.7978729295099416,-0.2655921133663323,-0.5501090020421399,-2.2554563479498944,-0.49660133172757104,1.2747312872727028,-0.011496106647386761,0.6345665031242992,1
1.4823468663338883,-2.826828933188966,4.746371308165427,-3.2266737852981513,-0.5127722987727771,0.8098113799874207,-0.16201822739989447,3.183099594218323,1.4503195080138038,-1.215304638324789,-1.0247921645118299,0
0.8621012401351184,-1.4103096031851163,-0.9944326005849766,0.7472378511198385,1.0571498717672156,0.3961385456608404,-1.1488748438236438,-1.0341425374061965,1.0660869926700118,0.15276117889536012,-0.8511046572676224,0
0.19549460438470664,-0.8423059144647717,-0.6141973160282127,0.4337494184235278,1.3983257116893801,-1.2734454893987912,-0.17186395887932682,-0.15146748028285584,-0.5086272123680976,0.6743406554812361,-2.0614680612544896,0
0.2586015745597354,2.327975446171786,-0.9241081822187942,-1.0613119206608808,0.281265411518135,-1.2884959494663295,0.10797898733959066,-1.278850264289216,2.418456708992811,2.3475013991685865,-1.2221003771402406,0
0.4309688454489567,2.83011492781801,4.246965035079463,-1.7897599541783678,1.3784268920391196,0.7195378375440229,-0.9875713755904452,2.5281402930590087,-2.7216718458262954,-3.869670644151043,2.1212842903404425,1
-1.7495855508674945,0.0949952212151145,-5.058385519180994,5.258528844207755,-0.048978815705208484,-1.4017006492128068,-2.4106299509099522,-1.9037110729308657,-2.4855315660045934,0.0032151002551306096,2.3504435198301934,0
-0.052983329533886146,3.004471607361869,1.8027270747529853,-1.934285579879004,-0.2980193471005016,-1.244029917501503,2.7907552243887372,0.4841249749913064,-2.268962756712872,-0.44747803630554395,-1.2628499851755837,1
0.36398527629799743,-2.663953769635177,3.5150901823447835,-2.4554440092305634,0.9358781773648354,-1.624842376478251,1.1999793705758373,0.8166852553065611,-0.5154676882431031,-1.964035616854101,-3.892113843244031,0
-0.3893980513818379,-0.8858091387092559,-0.21655150895080733,-0.708006800914688,0.65685041711359,-2.2416267599750284,1.59682281923954,-1.110471249343735,1.5677702462707397,0.6320297242449048,-0.7048844219013919,0
0.3138034289326962,-1.5178030837389793,-4.055220891946397,3.699185248497424,-1.0889307920699096,0.0029209101143237645,-0.0465389919301713,-1.9953882276653654,-1.034542033701262,0.48635388683409825,1.4392491663280658,0
-0.30029406937048553,1.1789533759555193,-8.309962051306396,7.29606860578006,-0.12133137390708343,-0.06795527463732993,-3.959202143393619,-3.953709534379591,-1.4029637691027053,1.415438889110647,3.1171436764486797,0
-0.16987813103817478,-0.7474464945638846,3.263956877641226,-1.0074476915738133,0.9223411106177904,-0.026449239767673122,-1.1100894032436943,3.9530027697386707,-0.67119354926432,-1.5827130362186224,3.186210905820544,1
0.05880776191687466,-0.431792231874189,-0.9146809975951435,1.1450551524135482,0.5030013417630962,-1.0936746703253521,-1.3722744434505216,-1.638079760922965,-1.0217034028408711,-1.188783940885441,-2.041182566363555,0
0.5160220049553251,-2.301506319023849,2.963798300997901,-2.541127622952865,-0.6667994793091611,2.343067220931383,0.9174767036225597,0.02837892603370784,1.1997571939000131,-1.5045164062720886,-2.939158034654631,0
-0.8052788274649993,-1.9753849736384657,-0.6449357340257968,0.8286199866449905,1.0976711948990208,0.033580499478290456,-1.8787225413956108,0.07657608011143047,0.7334481352946012,0.43693401694278206,-1.160780335865758,0
2.0390782762700375,-0.03846062300721287,-1.3741361676692807,-0.020372075931971642,0.9110058779887982,-0.42247182355756585,-0.6621138429210699,-3.5794010980660413,2.737285400568118,-0.2345503711826562,-1.4788928410569826,0
-2.4632950810557475,1.516823879553747,1.2971223475233686,-2.588199104387271,-0.5282522033423865,0.04870445978126956,1.1365909634167402,1.8433210429061526,2.0274768206940648,3.1299185165078205,-1.1593168151777389,0
0.19196712074810132,0.3554583295780007,1.1074183013181083,-1.0650936111801628,-0.24140000139547718,-0.8162913471537296,-1.077058146036108,-0.03130788874784929,1.4701342371902066,-0.5214769402544293,-0.055700089667299446,1
-0.8354676610294989,0.48017831228029206,1.5094567660754348,-0.7481744362615135,0.25955949548670104,-1.925026806692703,0.7172532684812039,1.1972641006844573,-0.7712375874229319,-0.9968259099647044,1.4533660314797472,1
-0.5173875123272884,0.14014715683910572,-1.261355869298984,0.022726106917313887,0.5377073286739636,-0.8535148467668723,-0.7886487765211191,-2.503340050389879,2.108035004048228,0.4481243532727366,-1.6485451708640986,0
0.15924697369382343,-1.0524135521256637,0.7520414075980204,-1.0097941275257603,-2.3429802923372973,-0.6286231360658922,-0.0729070610425977,-0.09547850864583429,1.7066625789193046,0.19457688513152294,-0.8703512703929643,0
0.43030317009227037,-1.687539186946247,-2.073649605980485,1.529320362549404,1.217810232167464,-0.48869549945768753,-0.8388781764518368,-2.077580849806764,0.9530535334863606,0.14521865160772707,-0.8344084920050509,0
0.6899856065576744,1.7414593360716046,2.2255584433986617,-0.1076760985543414,-1.2620492397721776,0.6962965251641311,-0.5818582080932782,1.1362209645540216,-3.6514510027100773,-3.580124106481086,1.1522968222978556,1
0.04860017966885415,-0.588817759025116,-1.7060163205021768,1.1059656038586634,-1.2865149061323802,1.152192750933804,-2.1504183679721662,-1.7304439487211005,1.4382655637873796,0.40360340559083013,-1.1310330747977169,0
0.4834541594113986,0.5112662070267637,7.487412847121977,-4.925708338739177,-1.3111675555511884,0.4632603641586684,0.06529543933546367,4.029023057481774,0.5853259403391762,-3.867666555354491,1.961676479723108,1
0.67565927339227,2.0306256672814484,0.5459733893591403,-1.0622898428500371,-0.24778944069506795,-0.16635486237287825,1.3758452949059596,-0.36604130730281237,0.379556412526763,-0.0860894296255097,1.1299189908044416,1
1.6615575323311795,-0.9258756225243726,1.1888657205028608,-1.3634884740933095,0.5228711374981732,-2.0791144106841934,-1.07631175237159,-0.16363698852983644,2.0943683511916964,-0.06269920200209211,-1.736818091780577,0
-1.2037205303578224,1.357424906644233,3.4712453707134387,-2.129523608534327,0.7393772270405726,0.4309851511630497,0.0937325061130837,2.635435172751035,-1.0310392974684532,-1.4528020647676678,0.8889924937585624,1
-0.5813032774454933,-1.1097697253805079,5.320492973172754,-3.5986400945271075,-0.36954637551901476,1.7284765199677103,0.36734879855168767,0.7423981182850812,-0.34180194545872655,-4.042003822354882,-2.9198218145071637,0
0.054453568115973204,0.4645869915786265,-3.1815993069750617,1.80078982559301,0.037089073410241244,-2.2825020068097213,-1.0822764706066252,-2.9698438876076025,1.052908192810523,0.9800774571127022,-0.8376728071829305,0
1.380289396099544,-3.05177606195154,0.9176191615565404,-0.6827745907514151,0.3482032427029942,-0.6243364084608427,0.7657422085524008,-0.9622626122840934,0.729756201589679,-1.2175363117609317,-2.2954634424117972,0
1.3122648926589124,1.508926002166417,-1.3227732302341915,1.4953915305159389,-0.660575973268325,0.6866006364505421,0.33758591417415024,-0.5995077150035679,-2.117654596612932,-0.5495236833558753,1.3683961032454306,1
0.37941124333598353,0.668516076900258,-3.02774824511651,3.02827341594701,0.4524859149695143,0.03140897229262655,-1.7985872650503159,-1.131654627144983,-1.3810801992410788,0.1801153814795683,1.281011209745658,1
-1.7606030574345508,0.7203429509699198,-0.4712851946921205,1.67257555380282,-0.21344493935906295,0.7069254541406947,-1.1520294185023168,-0.38845957059497715,-1.9028582233053009,-2.3329048828754457,2.6237110883665897,1
-0.5254628095290834,-0.5037278291873184,-6.395963687868378,5.2545260125408895,0.6277857014341682,-1.3794403741772365,-0.9300900166725334,-3.868195662417147,-1.4683469879382438,1.0888379272963322,0.44906286390847794,0
0.49322694284538166,-2.57970905739976,4.034001432535748,-2.134538426240603,0.42201794719184943,0.5213519805656306,0.48789881445018146,2.491608455183192,0.19418175447191888,-2.3790634158265753,0.7530649175055218,1
-0.23657350181651252,1.214387469858232,-3.8437111005874853,2.533520592669867,0.9783975468308229,1.914472235097364,0.4372994566640487,0.06885680953705142,-1.4205042800223346,3.6629909807056835,0.1085555465637581,0
1.6488841621324501,1.4073412256195132,-5.256475946439305,3.7267636917262146,0.413104818158667,-0.29286210594854994,-0.663450919428848,-1.5527854043139018,-0.9776804214058004,3.1320686023253286,0.7853098579247404,0
0.5334009443489429,1.4812110099158236,0.6478147440706169,0.18531216830402086,-0.44273971228100334,-0.9552793714832866,-1.0751720185461153,1.1902383675377461,-2.5678779307614215,-0.52085899494676,-1.1898923436035482,0
0.6921050586483776,-0.1846804832898632,-1.8134348621566365,0.5964231306157223,0.5234744317072172,0.0629239101458228,-0.2602314588329482,-1.659158938467558,1.2171298766619811,1.401457562524971,-1.5603302834658686,0
0.8897924162784818,-0.19072491850948559,2.1364998205758825,-2.11225145304907,-0.3521597581251107,-2.0203529046727824,1.1277468466689762,1.4760242222824043,1.620605035133219,0.2767132010225404,0.9640249979287296,1
1.017940054979204,-1.7417376088335865,-2.7649629070862547,2.3741432716397726,-1.5617785890133322,-0.900839720605646,-0.8032462427335997,-1.224373024743767,0.7588929670936148,0.7845400008553924,1.3073682287756254,1
0.8607901196816501,-0.016011059188725474,1.728412773640302,-1.9479389084329297,-0.4536312741346418,-0.8621019759981361,-0.3967227382714399,-0.39450014469886274,1.4880388222440166,-0.5013264593482406,-2.348224343265458,0
-0.36549184239290555,-1.598357027237123,0.926727944031655,0.3844644158142227,-0.8853588892777832,0.05273897528978593,-0.23600183716820822,0.31782264064226934,-0.49100709273339066,-2.234943502584499,1.8774486529082157,1
-0.5424843664510217,-2.4094871140086225,-2.817160378208139,2.6317088893146647,-1.8011452529592953,-0.4935157105269826,-1.7140737804398143,-2.8032619212823544,0.5189449411416727,-0.6815006134115889,-0.6833354956843026,0
-1.6508549565576556,-2.6425895739899143,-1.2790316966714899,1.0853448406044095,0.2924536322601118,3.5606064883591633,-1.6029930014204297,-2.2373726955632316,1.5376915051063096,-0.6992045459252376,-1.6757895687532927,0
-0.2593134961412312,-0.17360154396170113,1.9032536333445138,-2.1362869689999826,0.7218907206012343,-1.1104155872017833,-0.4024113605201661,0.260180091768637,2.7395003446493575,-0.1213124873489021,-0.18643575909518628,1
1.1477842033277976,-0.8254815899853832,-1.262766213510982,0.16338405870833225,-0.9635492638368515,0.44594508153575557,-1.43133776660726,-2.478106549858998,2.3929698186617934,0.43436621803509107,-2.3747511778295887,0
0.9036276806550149,1.6410231709023197,-0.45917435212736024,-0.2649965959913055,0.3310635274522393,0.5591555050826389,1.6209886778097473,-1.0316063628516556,0.08632275101920961,0.0968248329895286,1.0379212073668127,1
0.21595898837775218,-0.33231286504796426,-0.2726525676163922,-0.41491130196962606,-1.6354831721685144,1.4665334952640323,0.0797065845926781,-0.5017456167444093,1.9941352054226802,0.7714854798816649,0.43172415436955996,1
-0.25336724284485873,-1.217149797619563,-5.6130748148860725,5.106550075705992,0.198442839566706,0.1083002843579032,-0.3285634059575729,-2.1124891174035207,-1.8803615929575506,1.2180033246554138,2.0307386821462012,1
0.2256983629116477,-1.3981990224144676,-3.279755884723066,3.2564923323875457,0.8387404663723371,-0.19200693698680585,-1.8323774750713013,-1.9093838867936292,-0.6401124537907816,-0.10237587161769268,0.2334408048549994,0
-0.1962249443061994,-2.277636370770124,-8.494537960867886,7.604848381602324,0.6780057768668033,3.028339356872249,-1.019987474214304,-2.545476714641939,-1.9804516765152045,2.6995579207524854,3.2070707082040864,1
0.23365624743002794,-0.18183007928904726,2.7704551480463118,-2.9928648334882246,0.6143185409582888,1.0626053806842257,3.199393028691584,1.8587690907721979,0.402967974609022,0.8061394948962037,-1.1296666734569172,1
-0.23508450021216534,-0.39483689362989727,-2.281469163630241,1.4636893283627932,-2.1003953554467394,-0.6588532988549379,-0.023728215002680964,-0.8306780962885565,0.7711412168231608,1.49194015540282,0.979349689231207,1
0.5802046015511584,-0.38695121536143634,-4.431927515661915,2.942970083372362,0.7195092247858202,0.14806093503665493,0.2706301775954958,-2.091603900760769,-0.2715243829046139,2.4397813192892626,-0.4385352169637687,0
0.5805202849582609,4.673183092876854,1.0200665128185382,-1.000977602258726,0.29709637253218757,-1.1343223035176762,1.0665279722755747,-1.0382751033364592,-1.9713538535673123,-1.9722497182944172,0.8301113130254716,1
0.06484359408179134,-0.9831724967778962,-2.4670777984515397,2.1943530190685245,0.27546950989321817,0.3819662439677867,-1.4497788712064925,-2.345949184189798,-0.41257942874624975,-0.35720705665293584,-1.415023705344792,0
0.6538885766474761,0.45933410709364997,3.9893542731178786,-2.8557068899116116,1.6248773401265877,0.1944393154488833,2.311566635372976,2.604399096393473,-1.545224676629219,-1.3019265049173405,-0.45459611223509655,1
-1.7571125293725713,-0.7436944246469285,5.873594943721967,-3.4207866997255643,-0.9966932285007285,1.6089924866917757,0.9897414053807252,3.017626680471629,-2.5000623720246424,-3.522309412336024,-2.302583958508336,0
-1.5842448003568659,-0.41268883990086014,2.672722762409037,-0.4927460173154214,-1.0491468876681318,0.8485532560006739,-1.2280285175929875,2.761023095077406,-0.9755695603134508,-2.3131140923285316,3.119386302710142,1
-0.8540415729624667,-0.7160026477295538,-2.392910960190261,1.1414170818968494,0.8433113862305804,0.593287342187586,-1.2252566106849052,-3.3640602054441793,2.0880654474169162,0.25166497162057466,-1.4759397463138832,0
0.3367536026410115,-0.37017419284773945,-2.235347160374307,1.0737780362864648,0.3384906584604536,-0.9384079341490041,1.7433392614765253,-1.6530646671796863,0.2664215895292672,1.2461088247389862,0.09980595736665532,0
-2.789083002131423,-0.8036268094038151,2.5039961648409883,-2.2578526733839683,1.3138661693977522,0.11863637573482357,-2.072679913227391,0.665587467745316,3.0697730517893165,-0.5527453899214381,-1.0390244510500835,1
-0.7829666162575701,-0.5479427639855254,0.3150395377052639,-0.7567990543962362,0.3030651654458993,-0.3757773905025065,-1.0889475049896136,1.3918620931989623,1.3552606620551255,2.1230409692351104,-1.7649299876244666,0
0.7404955227221289,-0.6574373448387874,0.7248893725073562,-1.6984026166614965,-2.430708445757026,0.3410527229134007,-1.201541344523862,0.6169149834863923,4.726314707914441,1.9214477753401127,0.7808807182250288,1
-1.360896876339405,-0.3676373283794845,-2.114190752263306,1.570691791697516,-0.07190085679700071,-1.3456155747582335,0.7338099424744362,-0.08895699777294486,-0.525890696926739,1.6111237275766992,0.8260707843011817,1
0.8825447069042888,-0.8614801625838109,-2.101405812978463,1.515513899888118,0.03116547725478077,1.1886386116808154,-0.6977837068231827,-0.7008674253725486,1.0083107468227008,1.2483020248647314,0.895201425742786,1
-0.49838760912234364,0.1849315658024533,-1.831122821186699,2.243360544185143,1.3657043436526328,1.3114653502786204,-2.4858179109248835,-1.0116292319331817,-0.7533184056574616,-0.759361632896757,0.8383647533928626,1
0.8681974085219915,1.8228913482645737,2.8918860106304147,-2.59058351853293,-1.7134171942939065,-0.6642110005554527,-0.09730765020200038,-0.06083776077809788,0.9994628251589318,-1.9092289888302096,-0.13431399789504261,1
-0.45272691839815826,-0.7713185787376254,-1.551742798898549,1.69627466572993,-1.2032592442893362,-1.5700328683956113,-0.7635486077707272,-0.559781558359636,-0.12782843099177754,-0.09543894771388883,1.4227239692254507,0
-0.6003951691197152,-2.2888784787567253,3.147177679099166,-2.1789149873102622,0.3097387279085796,-0.35942797388160097,0.1749502883789702,0.9326290147771129,2.266923809467861,-1.9409148764652986,1.104175868636437,1
-0.6339725841369642,2.4693052977893597,0.5512313213640362,-1.6714217148027775,-0.5364504395735187,-1.3563305776436305,2.9202519778011107,-0.7898700109317927,-0.22255976747694006,0.5396727136740027,-0.8447678634828999,1
-0.19595872191594277,3.3622880009229306,0.3498608391057452,-1.196786503009251,-1.0701970685595226,0.0973773654774578,1.7364783344337442,-1.3281334973423229,0.002581227736346392,-0.4537040200397674,0.7500899978948954,1
1.6042199117307712,-2.7607735892080347,-0.5391554855083197,0.5540946671789052,-0.3115010435673162,-0.34344337483489373,-2.9362838093694714,-1.4264760237432803,2.0698598402364397,-0.4423661587346841,-2.574218644090926,0
-0.5014592498926036,2.677431119695065,4.574472376255939,-3.056009239940304,-0.2481689246923228,-0.6875632983720839,0.42784129481216665,1.3889862970348599,-1.3164708049213742,-3.4546219891163785,0.5732364260681129,1
-0.5762428175185202,0.7196971645611241,5.364940502067229,-4.311015072565735,-1.2138599565204167,0.7676022458044817,1.3799133581027399,1.9593704477349012,1.2523466460133734,-2.403210508385685,0.793847191527377,1
-1.3153479239616042,0.8055143196158283,-2.460313937937766,1.7989417756171435,1.9439243507356623,2.021318328535473,-1.1591601349518534,-0.8392314520464229,0.659959456807812,1.1862276695035825,1.905755540627966,1
0.16737222217355752,-2.03512105705481,-3.2942659384673356,2.461137487504809,0.34091125302236985,-1.162958991321081,-1.1617458165185308,-0.9614352566968587,1.642247143489583,2.0354228900004285,1.0984325294915143,1
-0.49525462894243494,-2.238458266977079,-1.9381679426815857,1.816015978244966,0.13638235082097575,-1.5104735953983575,-0.7439080440761253,-0.7286977737431064,0.4035699101872898,0.6003119884195118,0.015529549086338856,1
-2.176513885383336,-0.31378987518844775,-0.12264385757297339,-0.0209605387489727,-0.38027758642798415,-2.499441539438143,-1.6635163782211968,0.011933344877654295,1.6238644767926282,0.4167897052434741,0.1661004877546095,1
0.7030474518737294,2.9060726952579463,0.6828282637747722,-1.6564749669553673,1.1925541016045014,-0.6870712813782484,2.599109577212702,-0.6253219431181745,-0.1286462782676837,0.30183965592610007,0.028805520588412015,1
-0.8808086629841415,1.0763746261764355,4.742629194746427,-2.353216851966373,0.3919775601124158,-0.4356641420161989,0.11103922347018425,2.377698342662404,-2.153512158913111,-3.92803370618868,1.142866151836649,1
0.5824160305271859,-2.076592754391536,-3.3419255678260456,3.0285353760048066,0.012555226339619852,-2.140299575191676,-0.6968885914627294,-1.2202183430757738,-0.00638920753534733,0.9473876451624789,1.0669613124470074,1
1.0655476019177446,1.64257825601886,-5.0503875824405275,3.386211233584595,-0.7707887168056073,-0.362927216005486,2.0606569451468255,-0.033010796160503064,-2.1950383633528023,4.374680510355574,1.7596313178203815,0
1.660630956224409,-0.985293178690535,-3.4170247641950997,2.849904607227389,0.5117514494372948,0.05471675712510111,-1.4867529968580606,-2.068159172534491,0.09013416679430919,0.6570771279785077,0.024007598654553486,0
0.19707492260413575,-2.229032757137289,-3.7347081166790925,3.604012124205364,1.154890339283647,-0.034959410269436546,-1.1820704989793578,-2.6681793705321644,0.03969043640339376,-0.4934968315394445,1.4696155605322934,0
-0.39696003402910374,-0.3999669333092688,0.10036839263675154,0.6466396460404141,0.2773653510767163,0.07883475093836606,-0.7620041989233888,-0.3150062179779112,-1.9678750520473334,-1.309528699312808,-1.8694942743286938,0
-2.296621155073468,-0.9157899854286358,3.321588045663493,-2.5446283542340224,-0.5508996309575508,-0.7039384384361872,0.8729229920296511,1.743270483678393,-0.1258013929774502,-0.868749482098276,-2.095326448831141,0
1.7198801389015101,-1.0743502743403577,4.628319677583214,-2.724160404600059,-0.5926313641429921,-0.3792664119405822,-0.4833266751872294,2.4954307786272922,0.6843034916524013,-2.742261330752764,1.13587855535898,1
-0.459393136270097,-0.8412578535062638,-6.811722124626969,6.254137769988791,0.644779285854957,0.7084542238025784,-0.3270933708490834,-2.803001679435301,-2.8501261955507378,1.1086270545040686,2.401415944136848,1
0.62420815269601,0.49699428852064814,5.960273247663534,-4.195775642627521,0.058926827856803546,0.19007434878314272,0.08851337053249098,2.9759289364801056,0.9796089960611214,-2.822002661071795,1.2147525307572637,1
-0.41682709378507604,1.7314962665494074,-1.1706426051128656,0.8447619155932231,0.07212745782636608,-0.0988484866026116,0.8138266440456544,0.039388288764193424,-1.4841052699540693,0.772122120142791,0.8936332836571917,1
-1.6642523569148866,1.9182240500860246,-0.5232932759787464,0.9646560245054524,-1.1516734817371634,0.12857047695133964,0.6224625356502234,0.33250805270635897,-2.568832754859905,-0.5450291860511466,1.5371837175643739,1
0.45285453961264505,1.7637409361014569,-0.8266258258431292,-0.2761059958749002,-0.015842617832690243,0.5020419241482177,-1.7948699316978063,0.5116739706920155,1.5651400847489452,2.6440509956019396,-0.9709711067860824,0
0.18017279883544476,-0.8065402309880827,0.3870149554513063,-0.2537541615992848,-1.2136446612410592,-1.3514937034100265,-0.7386679696096868,-0.7188570786793578,1.0495810847891904,-0.8921595979765564,-0.24612857397737287,1
0.2709069015020892,-1.1586658591540653,-2.6477103479107926,2.52378269982486,1.1055804630529118,-0.5108326005826377,-1.2677454682075675,-2.1840857699107366,-0.5465247245823324,-0.45317572049252186,-0.44798425145935206,0
-1.7029144145423363,-2.182731366167272,2.951792211123093,-2.714022923649405,-0.6094308676494025,-0.0603143930541226,0.8583792179823224,-0.13448563158301907,1.1182730108585086,-1.2605393015839061,-4.048083794845148,1
0.9925093967693255,1.8804441131952137,-4.748561783253959,2.5594480925213694,0.15673042769711185,-0.17564722874442648,0.9260979449083588,-3.3141013473469503,0.054832560853197765,2.2887645196772106,0.33259209847385796,0
0.37119790191993757,-1.4473699599360519,0.14199253691589014,1.3698816256805113,1.1411905480836495,1.1077372116363857,0.4321049844002324,1.6621260302558163,-3.099137628069344,-0.9868213685136407,0.9061535331289489,1
-1.1883572227180317,-0.9398887973485482,0.39876035054115744,-0.11974861036463437,-0.040117259474978156,0.652263624777808,-2.8299034768393216,1.2738779933958122,1.0378247413923176,0.9369544464426935,-1.6313993301775565,0
-0.6037765799338685,-3.755535447916742,0.6960942471853415,0.12898131160468593,-0.7013724713464551,0.5930001426513047,-1.3522308090568975,-0.7404405993618536,1.245900611745089,-1.772205291709051,-1.3016162863327787,0
0.25132398067212625,-1.3748158373961998,3.3777817761349134,-3.0822790790590417,0.9383402215559129,0.7693957277016117,-1.7124126386466876,0.7795133922123019,3.255820387819437,-0.7566139001622234,-2.3411418697884923,0
-0.25222833767032704,-2.5239191847065143,1.0828224738420835,-1.624519589389914,-1.1419740895421713,0.14870641001168555,2.8883469790724776,-0.31732822595730936,2.031432035354751,0.22595164591845363,-0.3524134020893652,1
0.35446850100169647,-1.836078528836721,-1.3348213998830916,2.2926436964585437,0.415834607847827,-1.0830075352721502,0.12187603154194326,1.6014753605749803,-3.0913062709309544,0.6065435483745754,0.06934321622418949,1
0.11690419265096579,0.2543473686533013,-6.210219477224218,6.209520040664243,-0.29482485557742266,0.7782839821925424,-0.1092516134129663,-3.230843128907938,-4.695424760509421,-0.5137394416338479,1.8681982860381028,1
1.3910535829901258,-4.720987381164892,-0.18385629475976706,1.584298363734326,1.572542861368582,1.0105204104128604,-1.8573512732049846,-0.281448386394325,-0.14842673369093307,-1.8324187772108138,-0.9822144439534184,0
0.1422512850315423,0.33051548465455505,-0.8929882179397703,-0.44962380904803323,-0.7453533640911869,1.230105686481034,0.5596508119279764,-0.27675469997497937,2.6216629320110396,2.1635094079686548,1.0504343623347454,1
-1.335799449767401,-0.21133647549521262,-0.7546232017637047,0.49737031121773373,-1.2596221526545914,1.044369635184591,-1.4038800078330997,-0.5206207272286834,1.3065477614343837,0.3327828749398294,0.45085026999383926,1
-1.1681300704308837,1.518794277685691,-0.3890457127949972,2.037062066578454,-0.39539718158252074,-1.3010568249038807,-0.8658645236419331,0.011307867187414944,-4.207799371317096,-2.7495576114882674,1.7047649235390328,1
1.0602086971275897,0.5871835586064227,-7.320187405603013,6.309976376826673,-1.500977915269502,0.06016050938411678,3.3170208458363,-1.1002630364783845,-5.34408450741884,3.1705498249448727,3.347493224547118,0
-1.3382177233329169,-0.24662996291196349,-3.282755220284591,2.6558757238311035,0.8342312129028688,-0.6895500834312259,-0.2021826431635696,-1.6006078127195515,-0.19404816420851245,0.8372738779178983,1.678890977283276,1
-0.43460887834230016,1.120500035960583,-5.761530634743562,5.918266489462556,0.44313027162600954,1.2063054760638194,-3.036046012865527,-1.7334654234371456,-2.343698231122934,0.30311359943949445,4.326084548506151,0
-0.5139050226024635,-0.335915404494301,-2.4084623379246546,2.716015206769201,-0.9624574117702136,-0.7244521969435811,-1.3463381706717308,-0.9504060930699614,-1.5016958270012233,-0.31464523670028005,0.842029782404168,0
-0.8424646898399392,-1.0653011725404016,6.6765685522584866,-4.430097373619737,1.7778476200463538,3.217963913128693,0.6934426246671862,3.964211106444199,0.4240210683163992,-2.8420373821426574,0.4778918032363432,1
1.08469637349623,0.5358546565555509,-0.809303585954278,-0.2733780958220124,0.9225492310579297,-0.0015328626143342415,2.862143665032586,-1.5303698018916723,-0.2200840509889298,0.5426781780780325,-0.6780836664550436,1
-0.8249956482363255,1.4577886426196793,-4.541339735913436,4.187968147466309,-0.694062716548615,-1.4920206899030974,-2.6704178260014997,-1.7994297755071171,-2.380042105437309,0.8721047388615435,-0.00043903596222416574,0
0.5222042870522957,0.25510140800484593,-0.3656351798152881,-0.2144645756620423,-1.098575274225085,1.1012695652795663,-0.5564465469845729,-0.47948929052595984,2.172567396294275,0.5574513735003198,1.4298234629165165,1
-0.6832226943686373,-1.1080645711459862,-0.28182285620655817,-0.21393196987236354,0.716960793018494,0.10681631889190582,-1.2439848052715954,0.3513535526959888,2.456232483611876,1.4266064566798962,0.029956582693446476,1
-0.08718697117056645,0.23463423232204406,5.861945859398905,-3.746289390378661,0.9989249286794218,0.48670802445957134,0.20438363076815946,2.0594380898150515,-2.023883794624825,-3.7943714308065086,-3.3277644434113096,0
1.045685550817963,-1.595948323113047,-2.0644842839825372,2.3137321695340303,-0.5289113576564636,1.7947178463787008,-0.6367585542234888,-1.0344316500025381,-0.47592308904247055,-0.40181052889710145,1.2569244340330588,0
1.1445194126662896,2.6414145033606857,0.14553793411360813,-0.3506512151660138,0.4040155788539775,0.8545918783799847,0.8800341308014514,0.07641702061545208,-1.6365223271265363,0.06022346162322667,-0.19968337158951943,1
-0.29893869637462617,-1.4312616195852121,5.894620729863793,-4.652579397022039,1.8433581001776809,-0.7091399919410473,1.0390531232879578,1.3075234798153226,0.8135967901684609,-2.944300128049493,-3.5393017012732946,0
0.3573490496996699,-2.2779315260956983,-3.0692252235915136,3.9817233020367344,-0.3983660202018288,1.4223771857339784,-1.2046184698643523,1.5218333813084957,-3.0755576073774042,1.379479143189629,1.012594048924576,0
-1.045726326247986,-1.0365420726659038,-0.6028837887173252,1.4967248366501429,-1.9844684791045542,0.9535221762334348,-0.5147232878594872,0.17366772626560256,-1.3654441715497443,-1.0282585985447121,1.270515504024351,0
0.437731231082538,-1.209660860998409,-0.2597497861393694,0.09154258119430857,-0.8432646933994463,-0.49252396630625694,-1.7272357254411683,0.15798812064267864,2.111273105928249,0.7345748338516613,0.1638393555560822,1
2.5518750244853545,-0.15392978439181937,1.6121924700680141,-1.7217883011609965,0.18532782145540688,0.5558498596197411,-0.11370291832359503,0.21065552985621583,0.6324241006786497,-0.04944654182041619,-2.7970690545389942,0
-2.450912322320389,-1.2932460027203738,-1.2652253360839585,1.0678256214508748,-0.44347504214808126,-0.394763932140611,-0.9489989499281938,-0.8388770332851181,1.1272750024670668,0.22093401449324623,0.5677487444705946,1
1.0596816592974132,-1.4965943503044212,0.43949461568548137,0.6779678954682398,1.0593658070441714,-0.48741194438459534,-0.24861454736545063,1.7469357625847435,-1.2958000329182902,-0.34407037915193533,0.9324309844640406,1
-0.48327475181006174,-1.4723018421417717,-1.0161752566823563,1.5392103751726582,-1.7165229707171918,0.21558479573803105,-0.8181729010914927,-1.4894272260011605,-1.3642076557261444,-1.474837623414849,-1.4755353673987446,0
1.4428082960962902,1.2222677866897482,0.19862876179188668,-1.2323650993397288,0.8010249947306106,-0.5284025251956574,1.0933893916653477,-0.30730885271026925,2.0711645468993636,1.0484225732213113,1.1646253017838397,1
0.6523333173088398,0.09582866462609108,3.099180418546143,-3.3951991429343304,0.7425377499920303,-1.1338727172036354,2.5714047350045908,1.1612882871757408,1.5508001440971875,0.12853442120344427,-0.6546852727433023,1
2.019541624274083,-0.1518909330570153,-2.4608078967543254,2.287629135297536,0.27095347455438973,0.33428461431428863,-1.3095546263364932,-1.1620740282381767,-1.261921284175651,0.42639846789844116,-0.9049335645242718,0
-0.6359568254374669,-1.1781726730834645,0.949916734050778,-0.10730426103936008,0.029022697174442866,0.8973094901258064,0.0812989617583546,0.32550349524719313,-1.1817042039589791,-1.285474197594259,-1.0704527698976525,1
0.43635487897725106,-0.35353240062879143,-4.359854216147526,2.3348792629008885,1.5299928401619447,-0.5796080991809763,2.067731324908674,-2.4592830840566817,0.3469675636985843,2.7891608131887526,0.11714048978448666,1
-0.9037539089417598,0.8018843724263915,-0.6296908234099373,0.17838601144104832,-1.0600681494900872,-0.7303581740171562,-0.47768284496186036,-0.5309044803150731,0.8323694746031389,0.4153049978102547,0.7024015195532967,1
-0.8499531003115222,0.6254973974365418,0.47781679789127723,-0.2927914644277093,-0.9517390410065011,-0.7502883255677503,0.3339176060930686,0.15089568753162164,0.2347233377211484,-0.5900933247734652,1.7572624025000092,0
1.2290089455394166,-0.29802651240203604,1.678635638517101,-2.099874044143762,0.06377471948335947,0.4664314003157746,-0.3322301482523142,0.47122442990708,3.0737932297875012,0.4659020544687583,-0.02277859777336666,1
-0.9019166971289932,-1.2530347922714784,3.418529691261134,-1.7712973236906093,2.4914463475624564,-0.5615587573045046,1.3520154070078143,2.2115281371731372,-1.3921756433070382,-2.091131476651368,0.14626490555920868,1
0.8498209859160298,-2.8723900866500607,0.5711226775385106,-0.2818235210895337,0.03703272447471989,-1.0750681622576463,-0.5023785771329081,-0.37103381572850336,1.4424594018041166,-0.6603001922123839,-1.095795342130209,0
1.9628596180691327,0.3671250128219814,1.3067080858003874,-2.2456013271442083,-1.5154839128273048,0.8467599758267078,-1.340126045769121,-1.4884082526621003,3.6089332544295027,-0.12857916456420637,-2.2518552100132525,0
0.835094946489986,-0.9537322704389454,-1.4740545505175904,1.1242371722615614,-1.831811760493995,1.6651787649931822,0.39890371458512597,-1.5113662158755246,0.4074161444492764,-0.17896941093069907,0.6670232957006776,1
-0.19644903905545236,0.8301627021837896,-7.842608406391923,5.973233365241131,0.3332965218947221,-1.4884071316571492,0.5158400347943175,-3.159280342697893,-2.451997493374815,3.2335386695360055,1.4221106871960598,0
-0.482729288956296,2.183025779374402,-4.043308129259062,1.3767301191335481,-0.6233841905045528,0.16866468620797842,-1.894366747785592,-3.2793781198053225,2.540100576808507,3.1450253095781617,-1.9510019990066754,0
-0.3083205936863071,-1.6150291992866537,-1.5329744111257808,0.5482030112283547,-0.7545315366709994,0.08095751298998141,-0.7113554075315637,-0.3509038855009462,3.140377248261884,2.0315174331938817,1.140956016098428,1
-0.6503239171247587,-0.7242829999681374,-3.5417827895261578,2.449363117366335,1.2943873041916485,0.42877750117580204,-0.44130566831291623,-0.8189915663923621,1.0593444624569501,2.4759046387904133,1.696007341266093,1
0.3737253080441381,1.0958559850433596,1.7739923197440879,-1.3842480915880992,-1.4813494217666021,-0.824516806623569,0.6888968075128409,0.6324194352104359,-0.1562142847095822,-1.0061587293336698,0.6928325553942769,1
0.22505530994380174,-0.8686167475175691,0.8895759290569126,-1.8427831253202618,-1.2850969155319831,-2.345042685975894,-3.442255908597965,-2.635537621587564,4.9158374189806,-0.6112445031873577,-3.654549540858471,0
-1.2897819784735403,0.12553255251080875,-0.6200272104216228,1.1636291245110166,1.0489698237370524,-0.2638753392197566,-1.1585249235103068,3.614661605054587,-1.489734617254302,2.6181595772544775,1.2377210949488846,0
0.8211918836045548,2.5597662602520113,3.0566430112552045,-2.05693615968482,-0.4876892774938978,1.6535168920688637,1.013307624415607,0.5359278853225508,-1.724286343282569,-2.756097842004215,0.35919615394244836,1
-0.4083364001506206,-0.09890204476416165,-4.249095436381234,3.275829331412483,-0.8568419073295722,0.28376987620872973,0.5947394609994354,-1.2782340124463663,-1.316870957699347,2.0999837442047515,0.9244894641836858,0
0.680783354416685,0.5143673883630591,-0.6818819575962441,-0.3112901473277196,0.8217103459170502,-1.427228340049533,-0.7983829455332111,-0.022321524364274592,2.9433338122240507,1.755017439206406,1.6366985437683401,1
-0.648298225078359,-0.20739654383134076,-2.3388820176887357,1.8965082398664814,-2.3240650279874786,-0.768694184693293,1.5557243982223445,0.43211321778116385,-2.332433835394956,2.04208407573293,-0.31302776315958725,1
0.21545412980799108,-2.5688265588159886,-2.493080873712243,2.0646105839860263,0.22523915389740923,1.2198664693823302,-1.2034273199714982,-1.0054989466703095,1.6260504418715147,1.0717830361687546,0.8462529442853216,1
0.7738757138414866,1.5859039130293822,1.9301244203255368,-1.2862583360979483,-1.4477054701117795,-0.47152116780147796,-0.7638286202461423,-0.6139637707182508,-0.6061682993625457,-2.431657785666209,-1.035153012276812,1
0.7080825455561155,-1.057827056821337,-0.7545309421528822,-0.1623216738282327,-0.9900017894931429,-0.2739509723520067,-0.8397508307386417,-1.959706135384959,2.4520758630360575,0.3155879412202149,-1.605625999002658,0
-0.6341063633910438,-2.4187517775987555,-4.537627214321911,3.920518386180229,-2.2471355657511447,-0.23288418037251798,0.05944377939603562,-1.8427824838952511,-0.49835668261540444,1.3497492470977968,1.2104569016955242,1
0.6952517123793858,-1.7733646723111778,-4.6144988795290525,4.418528196553708,0.3373021801784504,-2.337039333679508,-1.6157958133514219,-1.4988643620636353,-1.1179752100383313,1.0652697815424328,1.0477315509552516,1
1.1852310721490076,-2.0267995408147383,-2.9006058508490957,3.736604139040957,0.5243573690583112,2.099826071623436,-0.5971976594244239,-0.4949028887906258,-2.3621145440369222,-0.5426529867310615,1.9750451893840915,0
0.3306474832831775,-1.201596733940418,2.587159457955568,-1.1018334180459133,-1.002391031421249,1.5037328586448038,0.381687293851418,1.0175847897959915,-1.0188064866025162,-2.49643074019153,-0.00506479417266581,0
-1.0081938484589692,1.3928912992639357,0.007897515850960954,1.0987782550083074,-1.1435435346552338,1.3102444655634748,-1.4237292815558147,0.7095682580159621,-3.2224623206601155,-1.160489276188761,-0.5556336783983181,1
0.07516294278630115,0.4948918426678007,2.0057143815704155,-0.5860275355128951,-0.7049604023838311,0.819483594306136,-1.0422927090108798,0.8705366503585725,-0.42629117077505446,-2.5267396876871864,2.149326453052213,1
0.08940173746035383,-0.7455194120299525,0.25210844050755543,-0.774871143109021,-0.0024597786731251283,-1.2431038388899183,-0.12889734412807918,-0.24528718859770027,2.1744386061318384,0.6095429220860444,-0.07512323473996974,1
-0.38770179330664545,-1.9670797348046107,3.2619873091824956,-2.14695829565284,0.4475213800464336,0.5934816092557158,1.2138937624126924,1.298421839724259,-0.6983480637209897,-1.7014335838669594,-2.3816530066904713,0
-0.3466037533805172,1.9235497873349343,1.0527943410538323,-0.4094333292619034,-0.15717094783410404,-0.6705320195532892,-1.3020682167420423,0.7248208265298213,-1.5192443452003754,-0.8589859105216895,-0.8445487742412381,0
1.6089592753506399,-2.0385354838619034,-1.4838179421844548,1.271648039263102,1.297881141253293,0.20679429769960356,-1.7993850762631602,-0.945769548571662,0.8286278700687347,0.5552881073811367,-1.7598555139944807,0
0.4369883658449044,3.0230166840724504,2.1640669947974667,-1.2273539266690685,-2.5052508327251766,-1.3476585392009766,-2.4237635059254083,0.23614259853526676,-0.9337779166972915,-2.291432143065692,-0.7014708903270286,1
-0.21756994229533028,-1.0668976565720238,-4.784762547473597,4.164565208119502,1.651016975565122,0.09467524562923295,0.06411245442776303,-1.6287671505622803,-1.9590494542538373,1.5845309668227412,0.5204772016957517,0
0.25200184356596583,-1.2114753928965845,-1.9968219873722093,2.5265669046359758,1.654228787329126,2.435111906633494,-0.5798790841862229,-0.5095420984368388,-2.1627866886215026,-0.3437245028218894,-0.025277030069785766,1
1.0768677378281493,0.3215878303186143,-2.83029410997839,2.622217952035199,-0.49930810329399433,-0.4510589695407974,-0.17080088763697654,-1.919100679442219,-1.27752404856519,-0.35791908139329764,1.3991160937853522,1
-0.8530223766099676,1.72419776810395,1.1881495545522858,-1.4970543984486682,-1.3121605053195025,0.14543364794811908,2.308448280174623,0.49642370883927633,-0.6793919373067892,0.15305478209774415,0.02119608098108494,1
0.6726180253980918,0.031099319008638382,2.2691030541324984,-1.6961729352535255,0.6821734242361402,-0.8033580202978898,0.37886969053389347,0.4241990119821942,0.7784037310187017,-1.5865236108455,0.7242487493079874,1
0.0854658862894542,-0.5886331373684149,2.0929690391875444,-1.007151679261742,0.6670789885946868,-1.066992320154758,-0.3736096644606541,0.07942273397532773,-1.319784581312753,-2.304886732711239,-2.3491208466550035,0
0.47110911423683915,-1.66850064737231,-2.448939386105069,2.2659957321391833,-0.0166994563337251,-1.207838689323129,-1.42971463565756,-3.0153719459965522,0.18369549934369167,-1.1027274570566488,-0.8819402783496413,0
1.2015078250650828,-1.2323387679124027,0.31428059019793153,0.5683547256394361,1.9209846055007442,0.14549949777146493,-0.5401202141671948,-0.3261601293570742,-0.7465830623416743,-1.7335154426858506,0.12677152552565352,0
0.04004846076156703,0.17713204741466781,-1.9645856710999634,2.2287893358128126,-2.3399965284343955,-1.2605908345687256,-1.597368539126614,-0.9414836810018679,-0.6271039488947794,-0.5311682963027429,1.781143655922188,0
0.5825509184045647,1.3460686665515489,-1.9482749326985156,-0.18709620817634692,-0.23091531205546997,1.1809787185360245,3.659487844241635,-2.088615533722055,-0.34685823577581915,2.2450055836136524,-2.3412180421296576,1
0.5106874282525254,-2.3725626560107074,-2.057791881243461,2.2861766392259515,1.1752998593739,-0.1108707833940564,-0.9153833544446695,-2.3702215340449033,-0.011104348345032045,-1.4071344429605788,0.18188781207110905,0
-1.3700433585857774,-1.7628377999791414,-2.136213328437527,2.0486646687579335,-1.7033420310389695,-2.5297549465344975,-0.3685720419178351,-1.6810109236033886,-0.17887197046766223,-0.31567468663625187,0.1108447443875582,0
-1.03440807867036,-0.2008454348660027,-1.1194475272504507,1.2752939357561073,0.012279747736348939,0.700607676491823,-1.6007080758293706,-1.877056628660051,-0.9155193630865388,-1.2154467429225968,-1.925608991071487,0
1.2761501936650235,-0.6697985891812708,-4.236758335300654,3.324746697824141,-2.0400838435587705,-0.9488280424522435,-0.5589854031752595,-1.0337425362091588,0.31208948732330344,2.2233408206518126,2.359858979624557,1
-0.9048582840504399,-2.2725250948435933,-1.571013291712973,1.475174765342749,-0.8110616796286297,-1.1798166071588714,-0.1855666229960502,-1.3061770571990912,0.565326750282092,-0.1687504784252024,0.19676602811794675,0
-0.12469309678552555,-1.848517024517661,-1.5015976786924157,1.9799482782472893,-0.5580505048278963,0.28038753898283497,-0.333309963748,-0.8053459144525861,-1.2894819691971882,-0.6845921340387071,-0.11891669844706299,0
-0.1978867570752199,1.9335459156139723,5.547686996719741,-4.381770769462845,1.8171072709648983,0.8933721028123672,1.3590022737185246,2.96707710069495,0.13490462997701513,-1.8459539360131147,0.660490510762161,1
-0.9943696516998265,1.658136108959569,-6.231386142427746,3.5853268817925814,0.7851280859327086,0.6555543739544725,-0.10115819488680777,-4.602401955469837,0.4728912908408202,2.6312699640364423,-0.41893174578526715,0
0.24389524148896335,-0.2724863507438684,-1.1629947112452474,0.7349356241302646,-0.4589961645200826,-0.9853500266183607,-0.5625959143052494,-1.0634090767319946,1.1443886482650658,0.20741807459097195,0.8631453249302322,1
-0.33202445817567566,-1.198251495921632,1.3347193764842744,-1.9643829098126873,-2.7125688836326067,0.8026332419561863,-2.2031177417531302,-1.3586340998691315,3.8579722138084573,-0.249044676578829,-3.2051949864379976,1
0.43704728918121705,-0.45902884361738683,2.1311368598715337,-1.3484069003579884,1.9230454633789198,-0.2989723643517447,0.9706753014436964,0.5310720469056456,-0.3203483628438883,-1.716199928486717,0.12155523738274254,1
1.1749305513541533,1.4519372863496913,1.9434096799779088,-1.41000903984057,0.010549766249520389,-0.17059162105913112,-0.3250030439721192,1.1185631605125823,0.5636314888392784,-0.9348559593565557,1.8484493905004455,1
2.3815017855826164,-1.4967176451080313,-4.241979993178627,3.4957784542699537,-0.8715327765306716,-0.12058560243450957,-1.8266346290128934,-3.622150195317575,0.2241559610497066,0.011319736719818674,-0.7190677601134458,0
-1.3832474008319229,-1.054230987227033,-1.2717971190330863,0.8198011306055034,-0.365094511079091,-1.1325543891659484,-0.40311060625422207,-1.0014462800763744,1.3176769925214709,0.4346224563159031,0.5783313233532595,1
0.1780382524096834,-0.691918817855684,2.0801421468114616,-1.6534693668766545,0.10777942035048034,-0.013309350322423667,-0.04907823485094831,-0.0811546741278435,-0.10354638468640143,-1.3162190247435814,-3.102275149368518,0
1.3016676028101708,-1.016832204155358,6.648609742156343,-5.265426722514113,0.18943344683898383,0.461814511706837,1.6138125664424097,2.4559098752154465,1.9861160720271969,-2.7967978315407915,-0.20827397823122218,1
0.8456865285201575,-0.6852937262720227,-2.6137600811276345,1.58670640512056,0.9466389397493572,-1.2782216815317948,0.44853778456940385,-0.8810548053927998,1.140374986254098,1.8780391625536519,1.5380427451351564,1
-1.5155559908331542,-1.2410209443302784,-4.381905906411939,3.875543585978138,-1.7964985789700878,-0.7767150505704411,-1.7905351200765907,-3.024205150649938,-0.5942175931540521,0.15353196963553162,-0.2098806346123997,0
0.4463827449295814,2.312593007654714,-4.1144734662539415,2.6710056205009294,-0.6463283690463775,0.23470271058539757,0.9569746019283243,-0.06996486238715471,-1.626836447681671,3.615636868119852,1.5234606689768755,0
2.7183842381570096,1.8713016363860069,-0.9893211111478817,1.395435966057829,1.5784785328853728,-0.13491491862554134,-0.8903363157843909,0.23242237789709985,-1.2198136670716295,-0.39670866013712136,2.8914012658962447,1
0.013492608828545976,0.3147582975752641,0.7104312220069212,-0.34525254562143665,1.2003807240012452,0.7011773195689036,-1.6308121213665414,-0.47574395653230633,0.6018050786733782,-1.2306469144617023,-0.2782369021013391,1
-0.7641502666204445,-1.3775831314331695,-4.6277074386814965,3.564543886262222,0.7713607955183381,-0.8440202398084278,-0.6084343444603882,-1.3701478667778526,0.49252550711349924,2.456703416679958,1.6368750055261563,1
1.2251937686334646,-0.9306832375494483,-3.6504243244258174,2.9733184224884046,-1.0126843911173724,0.44385975645879405,-1.9207148190073742,-2.0319930665879262,0.018205808230874365,1.051523087332502,-0.7207438762292738,0
0.5406272125793717,1.8145331813149777,5.247428265653388,-2.2643291647127946,0.3875405262023093,0.4347001732500467,-0.33482217394861813,2.910420711084658,-3.2906116146175215,-4.695159104033115,1.500153734576996,1
0.7627476996920052,-1.0490832878272518,-0.06531755378617381,0.25720236266934327,1.3520088088472137,-0.6627524678125496,-1.3860280514092032,-0.40632873432545963,1.0839087564580372,-0.4727827166427909,0.012970668420350884,1
0.15582544765966005,0.4302032367988535,-4.012287468211197,2.558843300106999,1.7325523729484207,0.3617300864320564,-0.6079354818273436,-2.311955889448844,0.15975419337053232,1.988557474625853,-0.4800812160576644,0
-0.21469411747198186,-1.7060978083362504,-2.7640999816771554,2.092605519172826,1.5188711727365443,-0.3974852386592817,-0.3304735163188313,-1.2628705785584042,1.129304972840597,1.1812656809344202,1.2320323422232442,1
0.38814535956908,-1.4625630687062054,-1.029805253614641,2.2759328362704587,-0.09097673983998118,0.6989664090670109,-1.156220021882028,2.258723611142149,-2.25762486382253,0.5173384753882635,1.6821732155173346,0
0.25818341880145285,0.7924034572997471,-3.5421547623746874,4.67209646523501,0.7050205952741048,-0.6501520428620353,-1.5049689395038293,0.9943603741844211,-4.468178625493954,0.2713873962099391,3.471541276325013,0
0.3811514532399905,-2.0291713569955263,0.5898118633019153,-0.27106784272401946,0.7886585645230015,-0.7190179083184857,0.15378325408299165,-0.7162085754673666,0.3036270202713238,-1.1161989316654373,-1.5005101067085436,0
0.7698154029178736,1.8391164362805483,2.9134909588024622,-2.843243273491272,0.41286146919267985,-1.0469999640862684,1.6978599107103807,-0.08880384533090957,0.5195561046002946,-1.6944081197171488,0.0355374840888516,1
-2.2728619298832964,0.08173808366792223,-1.1946762242569797,0.9641319606180967,-0.2250213681724833,-0.6119036362424802,0.6598924145369355,-0.7610685037770841,-0.32364549885232224,0.03523799952990425,1.1992889174277486,1
-2.8688335132116367,-0.7622292325751469,-2.3413014479531804,2.517711060137614,-0.4794334936390881,0.7263033531325219,-1.320407937976183,-1.130531494662713,-1.1061211652272234,-0.2048762995454778,0.24724908924188693,1
-0.7565907385071745,-0.662099034644692,-3.480550228531085,3.140910456273775,1.1067587908728787,0.5227957111115974,-0.6284955528995261,-1.7375394558464827,-0.7479233203488922,0.4195853539610159,1.3363984312890622,1
0.1790871609816949,-1.0429580795379634,1.3806666513540369,-2.034821932793281,-0.087212556485214,0.3162643402765161,-2.206884847276685,-1.7880478162251938,4.110521073213207,-0.6574840560752095,-2.912460045912044,0
1.6217064649990913,-2.3316319173591937,0.6296756569336587,-0.30108195013130756,-0.3392216342978557,-0.4190154654083197,-0.956775093624718,0.02118689383936323,1.2125211115240848,-0.40166834098488624,-1.240888189262187,0
-0.3344122195088798,1.5319461172385465,-0.08420460655291857,-0.18731478643983748,1.0279524022815119,-0.5397542157457177,1.177640790533045,-0.48574709130223614,-0.7138672769739057,-0.22543001972221066,0.5579612744818404,1
-0.7369429583685455,-1.1784849798618697,3.022322843805769,-0.5081147587630874,-1.2536945164328996,2.470173372320909,-1.1804235019380893,3.1651045042306443,-1.5163532861203635,-2.5079130421279485,2.372572675133589,1
0.057467687584183934,-0.9080172509694496,-1.1582741512193226,0.7625800823366025,1.2541552707420172,0.3115253093988275,0.905251137279218,-1.2238143474827388,0.2954232750738208,0.010522691812727691,0.41502105387637944,0
-0.7193417347085405,-1.308228673610297,-0.9539950336694818,0.08540802618717708,-0.9449377559168194,0.5422718848241134,-0.405351592002762,-0.16709336959585563,2.675849302242902,1.7710414006917619,0.5148375165619355,1
-0.504779853104076,-1.4127881202692978,3.353820157822856,-1.8167984478738246,-1.3651338436628984,1.513373555791077,0.8098473356015936,2.1024763135999844,-0.2550522648470115,-2.0068123566986724,1.0195943405414691,1
1.8091356266084795,-2.2990604084795776,-3.8878325262426134,3.609667704229275,1.6424510095676874,-0.41139735393774235,-1.0342680913875886,-2.544930956058396,-1.1273499758905505,0.14096231644673418,-1.1767776408257187,0
1.5743576529936603,-1.4020683430956231,-0.4303745565887394,0.9132836322816135,-0.04197760048440517,-1.709895603366922,-1.70203446289052,-0.051917039642774054,0.08011512447397406,-0.3824951917923691,-0.44773299111480136,0
-0.7567225626341317,-1.842024035445644,-0.5593908782038075,0.9622606574512271,-0.3166057063594517,-0.4524230768266327,0.03924599725348554,0.7710191697017659,-0.4718915291750698,0.4125619426623087,0.39447443438920216,0
-1.4481962156185166,1.2221569014101477,-2.7420579200513675,2.9085132982420743,0.5957817095114836,-0.34020085925389315,-2.2607483255990664,-1.0060729393969168,-2.586748917270764,0.047702567751661484,-0.7208631789739288,0
0.9307991062292512,-0.2365686500364419,-4.098471778625363,4.065588652299748,1.6088535864832774,-2.0810432761245123,-1.8539011797515401,-1.3852496421300913,-1.1670487209645277,0.44682093783546284,2.3924993446819576,0
1.501901319642881,1.5896065173783576,-1.629633306261142,0.02882262833858851,0.5744222848374265,-0.020516533967394297,0.9629524223068893,0.21163377150168872,0.6827930649474738,3.318528640103053,-0.42408718471177004,0
0.35436383844858926,-0.008123905417755317,-0.03904137908026364,0.2996778931150256,-1.592902601691142,0.6407487891190958,-1.92010087614116,-0.47031085701486114,0.5779552931880719,-0.7041103388185941,-0.1470991566671579,1
0.8218524425647386,-1.442264788848121,2.31840735887651,-1.9421022564441064,0.11348618331971465,-0.616890410739722,-1.2172874968356977,1.4111096476089784,1.9920664695848795,0.033262924941165894,-1.4875923307499135,0
-0.6599727025608693,-1.1186429951838788,-1.4541975762077723,1.3255762617478384,0.7545294627990965,-0.036610048007080835,-0.9087643017007111,-1.5732749338800855,0.6892180643423254,-0.4847300924734476,0.389966734365532,0
-0.34659867094128965,-0.8113510782360915,-5.445790589613501,4.811939624552542,-1.6703563119039617,-1.4222933678114613,0.34761185547929396,-2.480247535245673,-1.9297865522718427,0.929817555223614,2.1701503969160543,1
-0.37125400763851335,0.6006790627661849,-2.175604384684692,1.386746337197776,1.8491001576472814,-1.656746050012048,-4.147829881608037,-1.0966185876426022,1.501996271368907,1.5700356532554234,-1.9662150531922924,0
0.6522036142340568,-0.2467180772409261,-0.8035839427772116,-0.3699254467868049,-0.32846709622648523,-1.3317293860742438,1.0503341712401997,-0.23057000146329631,2.2317790243474604,1.9241239327070565,0.9334259164335424,1
-2.5060609665357685,-0.3369522440653292,-1.4150226483518202,2.532232171386625,-0.09378079380201212,-1.066225541022332,-1.364657400556921,-0.5430989069186164,-2.445134203712512,-1.7234779604368324,1.3418902302152589,0
0.3836565311881749,-2.6710308381677486,-2.628887453339161,1.564414639322833,1.5331614293389462,0.3898383598159133,-0.6823155017447033,-3.0782846764289227,2.363702203333948,0.41545790852076925,-1.0373355395064665,0
-1.035822399038268,-1.9106329885856859,-1.4880910624213048,-0.026154551036241,0.8066939334803189,0.18315048445512183,-0.7188997384911084,-3.297331244038176,3.431919830242756,0.5482363598286957,-2.7471552685182763,0
-0.3369967822474759,-0.1320413084717954,-0.9169052631501663,1.317342130951428,-1.1146555136066851,-0.8172358775535814,1.3383958378790846,0.9601841185760407,-2.5319017590400636,0.458068476688813,0.873514470272568,1
1.083051488435668,-1.3236303655059238,-1.4830660709664905,1.3840335482456665,0.130677008871684,1.1103169625460214,-2.6522911176068114,-0.06767028934986818,1.5538064909537206,0.9764151536883212,0.40486383620576594,1
1.7615633057729216,-1.4576371981023617,-3.548282128205622,4.040308335514626,1.0166877503524017,0.21110227806301038,-2.760561101862785,-1.2149768702609103,-1.7828129759863967,-0.1313501613261543,0.16820046529039623,1
0.9080787972450218,-0.19730635618828984,-2.5894764692304557,0.6991885010314342,-1.222651827314786,1.0664183685830473,2.424265593071493,-1.859844342732557,0.7881779000400702,2.4244219994966665,-0.9328057969060637,1
1.565150334636692,0.4816500756815485,4.821864226779974,-2.952129391454924,0.3787070545605044,1.6646779755508456,0.13369208162175827,2.270253227196121,-2.487424375022683,-2.798044753466555,-3.158517071170845,0
0.8225021276716002,3.679224468282718,3.461115856317933,-2.2131283250801705,0.9316297177348848,0.37511591052243143,-0.06235797935000942,1.359290093131055,-1.3528717528465042,-2.7455290261613463,1.891387877380857,1
-0.2917175539804735,-0.10726279448836473,-2.0972204616480155,1.7239486282910301,1.2550223755412449,-1.0089757757206461,-0.557802298078817,-1.0975172465661653,0.028549856686512,0.45184830232375567,0.983810780332204,1
-2.405566237917023,-1.4147201051475489,2.187741040376309,-2.3985834906697487,0.22139933630766115,0.8541117369838104,-1.4770164084749668,0.9346549589764477,4.0359325441406915,0.5634869789677563,-0.7109419150958125,1
-0.9435849419211108,-0.9847290304878586,-1.8613629004907275,1.9058418032024218,0.5079763199321791,-0.3979541682242959,-0.7332632524263165,-0.924440428983269,-0.8988923553128816,0.03539378088092482,-0.402513995425327,0
1.5591841988586435,-1.1143328825054226,0.6244240070750516,-0.376773483139051,-1.3255476328707354,-0.02616499910257491,-2.3599195545074463,1.0151770568203284,1.3600179506524404,0.6177773543097682,-1.3028605341787634,0
0.8490944270574813,-0.2971366891655238,-1.0060365352072713,1.1434597446787256,1.1050210783901984,0.5045559515434582,-0.008246095599835912,0.16980137260403383,-0.8475596246507217,0.3175677213935262,0.7350618398812772,1
-0.1565702471298987,-0.6021878411092796,-2.321970613805695,1.0948096085052306,0.539204244792123,-0.6087483849872546,1.2306580849852116,-1.0284491466557037,1.3669718730429237,1.900755315817148,1.4347906031215867,1
-0.7276113053089236,-0.9058509092206206,6.168896261828345,-3.8014760256097397,0.9220406033906203,-0.1548388043895221,0.12334179728182881,3.4741944869714905,0.2589462904580382,-3.2987699481150328,1.03650729388322,1
0.2310124824229993,-0.43031693880465754,-1.557986067364356,0.997774756724209,0.9226168661300004,0.017234109814764774,0.09851232491878592,-0.9862532083614094,0.8925041939636981,0.6062432309088729,1.1726507744133854,1
-0.8464807646605711,-0.4576243235584274,3.8133955373960395,-3.181715520511244,0.24219198439971576,-1.1049136424286425,2.509729251802285,0.8578000882635224,-0.0012368318704145675,-1.859833212021532,-1.2318169157294798,1
0.022505799121185607,4.77974944304752,-1.6228044367070853,2.3501367385935725,0.1239208584281999,-0.09743773503929469,-1.347449546235142,-0.5774076561363775,-4.055575332211478,-1.627017794082209,2.795302277347195,1
-0.3021341576804797,-1.2044986062810956,-1.6506722681775456,1.5064519194540587,1.429511041508552,0.05191636523881681,-1.6165680954900958,-0.5924203233441397,0.8426319147740932,0.5690015017902428,0.37743501230623233,1
-1.4301705195090437,-1.0465989505254505,-1.685399995925154,1.7690502512881443,0.7752163566861616,-0.12002483798606495,-1.9871899043689476,-0.4671817801879248,0.3691222557166429,0.3277869085409462,0.4472084697419278,1
0.1241859333779236,-0.7851284638616239,-3.4132661943553404,3.9723993194668443,2.176271944917094,-0.4457012932837595,-1.9122206263236228,-2.2363357039316782,-2.74251713463453,-1.316066688109051,-0.15188141784335907,0
0.05538657438613949,-0.2612492616389319,-3.5554858792690816,2.708790929207883,-0.6452288181217825,0.07214328136748675,-2.049935758319016,-2.1512320304230057,0.3371317869022559,1.1129743954925522,-0.5569982540230674,0
-0.44710580291286756,-1.0538365662260147,-2.765744687269908,2.7248389570472633,0.21676837408470748,2.1443797130922273,-1.7526431738933392,-0.7803814200037049,-0.36002601035897364,0.6654200923652788,0.6726171575555018,1
-1.2562199117691628,1.6068980853295063,0.7377134517861693,-0.831627140730666,0.1427549199739284,0.18263649551128316,2.4136758563343887,1.1266375736946435,-1.7787159316900873,0.5606641618727815,0.10583218499803992,1
0.4039447946870745,-1.7451703374551877,3.377296563740514,-2.3753190996346296,-0.20090573185833532,-0.549555006738895,0.4215720091867754,0.021346791390601694,-0.12594874045723192,-2.615720251235844,-3.368534677708455,0
-1.533441359827054,2.3820320430838002,1.1470913455191498,-0.2756110148425816,-0.5829261596028198,0.6852348965581075,0.03469940424793727,0.9210098562554169,-2.2520929139720125,-1.381845319776113,1.1098660541968173,1
1.201763947442963,0.07205447671166754,-2.9229828256009487,1.9726668319715108,-0.2550325672783131,0.10976889697083873,-0.4470089195364039,-0.6460025214838646,-0.04550544231332865,2.2074827086675524,0.026050654222145475,0
0.6343068288152957,0.15837723146410665,-2.311351554504995,2.062537563301311,0.48445310304714845,0.7846590307730745,-1.2518351876012765,-0.8530100347870764,-0.15028372294780712,0.5599866019951196,1.2173121802173998,1
-0.6843283081198711,3.428070651132394,-2.1822319981834664,-0.4137282603799676,0.19779919003061228,-1.4805175888115518,1.3115564126113608,0.27516032032772664,1.1336145045734471,5.079196703680352,-0.8724677626735223,0
0.7241425098458062,1.3412712090510126,1.6871105863439775,-2.884512412669563,0.1532939783043523,1.4311043494795883,1.3775322737929352,-0.19895917833096455,3.431949409343777,0.8088672266113276,0.6152215651869806,1
1.3615935412146916,-1.278375054809801,-2.9078977410163684,1.697433178625929,0.10204060049277114,0.2635396586606842,-1.539404530069512,-3.7135888707732256,1.8292150339109254,0.19745377740461434,-2.0009979582411415,0
-0.174014932582059,-1.33646241881937,1.1326202818198103,-0.5605554414379683,1.0250788539192643,1.0603374055097246,-3.137251070815015,1.2716871440963529,1.5408480219270033,0.19055638980702316,-1.4570054572633322,0
-0.589388776433791,-1.0294222663089174,3.8684646763826254,-3.696521388366129,-0.8701132549838989,0.09652184004807388,1.415145938886043,1.424423693825185,3.058129069654626,-0.6351529172450242,0.4692326657429039,1
1.2240603483223564,0.6346879984775622,0.7728881253118955,0.17386448776499144,-0.6132013138911165,-0.9848818838925298,-0.32772145383735385,0.5747222365513185,-0.9534640399709398,-1.5596621256697754,2.084782288071806,1
-1.2943190450925997,2.26980924080981,0.18728479645633145,-1.6507115107473946,1.1013696688681067,0.5265153986392096,3.1442398103585596,0.4081249550112956,0.23451540143877736,2.31424514919978,-0.443049712520732,1
0.7411520997776717,-1.364884845301778,-1.3180525133601382,1.8945853296711914,0.4549157530549078,-0.7610730914502305,-2.7238456907464728,-0.4084537241565523,-0.36554197610501493,-0.42154755067530925,-0.525385654235873,1
-0.5604562504595133,-4.222368339825669,0.23742736474760626,0.8478660668465863,0.24089284117184906,-0.40716712903241226,-2.134420799571288,-0.25110662095652636,0.8521686832223053,-1.475416319186418,-1.2130555809562393,0
-0.14198655675227106,1.3545937324825503,-0.6800485303993704,1.0116127204777343,1.3744643412037647,-0.060481787515230874,-2.1040772877355356,-0.994540250682052,-0.6225124653247158,-1.1826590743561642,0.3190474779962602,0
-0.9845113640193917,1.0985240935527967,0.9396025872553861,-1.565200733550722,-0.31293484491983303,1.5318386667429045,-0.03862136522174753,-0.34379121080778263,2.3121661133015694,0.16506431794866805,0.6308871223126942,1
-0.2777675399277845,-2.049894665345045,2.4538448072522625,-1.4803791867383889,-0.5202674070246204,1.3270998896365025,-2.509071582011429,1.805095995584679,1.6532870241408149,-0.4938381227110029,-1.6049323788663639,0
0.09959128739015226,-2.277692253039623,-3.098496048119796,3.026843533999908,-0.18428727262564215,-0.06102446072927871,-1.581530012614756,-0.9011334381572315,-0.05005636314005435,0.8645448187560383,0.47071543965313833,1
-0.14221539999891467,-2.3328707449215482,0.6334227573746734,0.21663139312170732,-0.9723973595781121,1.4045748397970836,-2.8454252367755224,-0.11887337688585053,1.0318935723072349,-1.2478093563321535,-1.4406543259159659,1
0.8428579137970985,-0.9889475432052857,-5.3802230302324805,4.5002763061161595,0.43996507833953385,1.0724367396385739,-0.8125909696997462,-1.3305614575731541,-0.6737774306347601,2.4550199703221036,1.9935367377204263,1
0.8622010958699442,-0.6048217851816546,-4.74049225018767,4.262411772226208,0.16409725848755144,0.9671914134926912,-0.4993647505708364,-1.9930307587730551,-1.3795043106949756,0.8709605212528151,2.0096200700512616,1
-1.0734831132125329,-1.070503135155097,-1.036499217476459,1.075453621972529,0.7133295599248989,-0.1656779241624688,0.39815802265281275,-0.5191855363944109,-0.22676073750570414,-0.09681908567906938,0.8235571676211293,0
-0.5110931372422951,-2.1974836265604654,-6.2575924669131,5.110038693777557,-0.4693571541996486,0.1761194498125419,-0.33694608619078986,-1.873291329213394,-0.18278967596654028,2.8262096174265485,2.2534749766125666,1
1.6447771074935114,-0.6440999801065408,0.20928141680584852,-0.3215444578185437,-1.4232713814618019,-0.7867724042588822,0.09711626671654028,0.4373411051907967,0.5581103258332114,0.5784632163208328,-0.370711186983876,0
-1.5473993635720475,-2.4526107324862494,-1.3636495061521319,0.47099572271744533,0.6866545661934096,0.4893966106191478,0.3281802578793309,-0.7129757931458416,2.7883274237232896,1.5236985389041453,0.7715864902791345,1
-0.48654072078631166,-1.982057830169148,-1.6502485923292405,1.1485034533638967,0.8084023062836454,1.7295277459589231,-0.3619699460333717,-0.5408816326137633,1.4125096501402155,1.19394235721423,0.37256860434215794,1
0.1962248279717315,-2.8577846011384356,-3.6067132204565495,3.704454611429054,1.1347606935716554,0.08551205108502727,-2.3922102002049628,-1.276112934400115,-0.006691954171922698,0.5595150494399537,0.5209190433619391,1
-0.0721794893069176,0.406600967982059,-0.4242948584618304,-1.1368062261178626,0.9035626632772497,-1.6622775218104804,0.18288421300767577,-2.8764942521425,3.0605526489017985,0.2000100946437754,-1.6496318554090525,0
1.121699789452494,-1.5105002863636763,-1.6050259796178117,1.4661485182157985,-0.32723923719754244,-0.9795726018659587,-2.6054664205550897,-0.623167126454617,0.8327994356423984,0.7520251877300166,-1.4066074355444802,0
1.42511520063844,-1.0403670817338537,-0.8843403371374323,-0.12383629477111001,-1.8113896635657722,0.9103390395683576,0.15297972180848574,-1.4931402438320092,1.9498820700205952,0.8542396190342351,-1.2988278471320975,0
0.3439819752487331,2.396539734074703,7.607134074858804,-5.736040986511496,0.9520339481669994,-1.215186357315531,0.03620617972738149,2.722161514400583,1.177616313327424,-4.07323006431526,1.0263201514220468,1
-0.6653025898994784,-2.095706798762584,-3.37277506648512,2.90352152597641,1.5432763001459449,-0.5402414669158994,-1.0851726553704188,-2.699002851597727,0.6603966394933682,-0.05668252530772311,0.49295945114832884,1
0.2786693252461562,0.054233194048054045,-1.316986624869064,1.386140505956852,-0.2442472475981943,-0.3989123431243615,-0.481093475296579,-1.3168804120215278,-0.8667781740675482,-0.7476775961113029,0.1473565612270883,1
1.474623657475548,-1.086887192399877,1.6943213835799007,-2.3587379887535405,-1.9686670745235209,-1.5447074777198764,3.7762511363406928,-0.24527421443595476,0.7925189824736716,0.16208406007269605,-1.7335939683881418,1
0.8746657942991058,-1.7050155017475548,-0.10712737932961573,-0.10572286094107139,-0.3657313056611199,-0.8263108673700961,0.16722510181326466,-0.7007530340662899,0.2818723953420563,0.11117373717462486,-2.5069906520300416,0
-1.0102928131364006,0.08624346425558205,-1.318337011601604,1.068557508502393,1.8732433416602003,0.4441338184983044,-0.07770762989688085,-1.6772695371225612,0.017131225114698,-0.6258411178898042,0.6753077343960704,1
-0.5352552800575173,-0.8353432494312492,-2.778053091399862,2.7079073728035197,-1.4852679059666436,0.7950355213175597,-1.1370597277998806,-1.2724914787561952,-0.6462154713340971,0.19694741625950352,0.8488466627355669,0
0.6678791012904362,-1.0230956283113055,-2.2786989127995034,2.6174750583847692,1.9319143118523807,-0.7116202908328491,-1.2186228277839812,-1.4898710982275059,-1.578646067743685,-0.7591744365516987,-0.312515741159155,0
2.012546684062322,0.03557393791224339,3.142334964672459,-1.6646331556437388,-1.441273345604209,-0.7260225272602155,-0.39015718042955216,1.057259429074051,-2.4357939232085477,-2.456930388072097,-3.4867791082950657,0
0.21243614036261313,-0.8070424050079253,-5.828338584840809,4.653930290553687,0.15022317552345388,-1.4933723122518956,-2.414737294239356,-3.754384277837456,0.11620055523665596,1.165884830130274,0.02184004523773808,0
0.6817217403959631,0.6844859362166236,-0.218868489026482,-0.22645933449538927,0.8556863832305195,-0.18895629520863075,-0.12640046588809273,-0.43519816344303786,0.9723856584949073,0.32227540128301135,0.5502661280357629,1
-1.0588405960526373,-2.6332568152071634,3.8151723475395145,-2.972540936438094,1.2344542439492694,0.16217173386286857,-1.6725376877057623,0.7669903984808433,3.17678583444542,-1.7584499558721027,-2.0130418533638306,0
-0.39051222626993465,0.10927674475346405,4.223418556637107,-3.5350527424275846,0.4793028768158214,0.5062039764347788,2.225343595215233,1.385832826694864,0.23449901732220657,-1.71883279409422,-0.7430130783153563,1
-0.74011520225323,-0.5107220099047283,-2.59357654316166,2.45600956864244,0.28533775560072877,0.07602057702112058,-1.2234752860755496,-1.3466548279820776,-1.1180430865394335,0.25560511873523994,-0.5679030926558533,0
1.5481173746869568,-2.4039673789542704,-4.685418429257465,4.367666003972984,-0.7231232154886887,-0.12283997814412151,0.30485134893151455,-1.4476905184033768,-2.119900174545011,1.3379446602319782,0.3312915237828298,0
0.204341814624528,1.9392895009143933,4.62218825527345,-3.936090287000457,-2.555319516022545,2.013975949355357,1.7438992294572704,1.537669219337082,0.1557421978737138,-1.942158417018662,-0.03439420321110476,1
-0.4370877857086473,-2.662498461918539,-1.4591197312408497,2.0233316232711362,1.679397781325162,0.6974403340245392,-2.8006991326432127,-0.7874888627672904,0.21379615364890536,-0.5224117578908876,-1.0028838942707967,0
1.0254840677720665,-1.7732364764052249,-4.542036491508174,4.1375631690784935,1.0932575753360159,0.5940977054761111,-0.18258550988530364,-1.8150732906344764,-1.2476072644907952,0.975683289252087,1.3163794254569474,1
1.4081143242049583,1.8437927613057126,-3.6318419584230224,2.314545450755971,-0.8063985506366486,-0.20166140324077111,-1.89246619084831,0.18690748777532484,-0.18937387980549292,3.8026830714443474,-0.14685061815133005,0
0.6540008187612261,0.6014160776079971,-5.281801944324743,4.625426716156175,-0.463919333269772,-0.5638680403088484,0.11652388654111812,-2.3507284868276654,-2.209620965053503,0.8595416503144822,2.6492749397975945,1
0.9762586962296945,0.39265341724237257,-2.8461601772090352,2.1014023970258475,-0.44272277851509595,-0.8488182055518402,-1.7375753991440859,-0.4317463984187351,0.9280875878844215,1.948375613496154,1.6772979872994744,1
-1.5457713700811502,0.41707504219896346,1.674238990669144,-1.4632093752285478,0.36737222531967983,-0.40775961791409837,0.8170921839799248,1.0977731374212851,0.3084524626568359,-0.17097472705287264,0.4173855797317983,1
-0.13921042661518693,-0.9322232749540281,-4.086243788384147,4.111351106727207,0.12368962334026717,-0.29285383635277007,-1.5531789919056838,-1.5774428845269477,-1.3841745085461128,0.2754280545151797,1.6973437037829677,0
0.6391536207571525,0.08614116689523321,-3.143234510523879,3.3517596207006095,-0.5586601895155433,-0.1002747883892293,0.589566010130699,-1.2229849737542835,-3.428940291757879,-0.2594237317564211,0.9033065642231981,1
-0.6094899280947706,-0.7242618490008298,-0.14770078180289395,-0.5035854840770819,0.26580204991437345,-0.49366957487518587,-2.555035760896927,-1.1092398088828215,2.6911746084248733,0.5493824120260059,-2.4596103395801094,0
0.7176777596869509,-0.39048574122948687,2.0501743947370015,-0.3756563648338101,-0.017658562694420003,-0.4043392025867566,0.1096874000862561,1.686258231432032,-2.7314055636526886,-1.9936365124493565,-0.45274585063041173,0
-0.2059683143749153,-1.487049321326221,0.09556908440031174,0.24182323692582977,-0.5958001972687629,-0.6567450346572382,-0.09823560735784287,1.3745050747231298,-0.12993518571716622,0.8092581914721404,-0.07095226079301198,0
1.637154039173786,-0.38392489600228424,0.8778840153842945,-1.2544541672308422,-0.22632542453361518,0.47745707453883895,-1.0079530586314902,0.6532086582952834,1.9063301272002227,1.0622499687664968,-1.4479100021556106,0
-0.8541718339488534,-1.1970987443389205,-2.661288070318848,2.059929921296449,-0.4549771346602786,-0.7752105621946487,-1.0373464965029775,-2.208884795888167,0.4366888203138788,0.32074843366889616,-0.7027120359093718,0
1.1619717267973768,-1.3268874657153837,-1.8250393317785472,1.3076341273925771,0.23363955225784094,-2.3083948036920185,-0.32047062147780225,-1.0618005459356925,1.0417143904711923,0.7411614584775328,0.5416583750962554,1
1.006825323525618,1.357022437755634,-0.31898429474747264,0.11488194192843999,2.283616779569834,-0.6680322406264623,-0.8988350573520943,-0.7926106666561965,0.673244175294776,-0.41259809556665594,1.0708121334549026,1
0.916521570440095,1.001820005556207,-2.2066909467566336,0.9847264359581334,-0.45420994388827207,1.9685179237918145,1.638874967198782,-0.7085119381779903,-0.26978350607824675,2.0303828019197674,0.5965079781469851,1
1.3877922107108516,-1.3871036315603862,1.3893937251211108,0.30664534224072326,-0.1889725116230024,-0.6280060567354481,0.24272179974190045,1.4042399719743746,-2.041084962914126,-2.062693803444691,1.2038430386621317,1
1.0072047131365105,-0.8847232974308797,-2.6813055433035715,2.173817499042386,-0.9135060128595489,-1.9935625945613262,-1.6660422833769486,-0.5351359111649288,1.115901182783587,1.5307857805624825,1.4447558727918897,1
-0.16657737898639283,-0.1648295579385094,-0.0069998719159405955,0.05445053091827965,-0.0762734042336513,-1.0383251731122456,-1.0421953377947863,-0.99560382922422,0.21234902327129412,-0.7907859280171529,-1.3121209635104147,0
1.704303389719616,-3.2418183152073334,-2.9641501533204564,2.9569896849756105,1.1596021117614064,0.12297035557578632,-2.9978424790985834,-2.582148133798814,0.7168758863612206,-0.4686850055330898,-1.6904781868517742,0
-0.4137565399137882,-1.2858233212902583,-3.791676535681986,3.2298323523863695,-0.781192801586483,-0.41794841389924525,-2.1046319022336046,-3.743008303770499,0.3677665354238622,-0.6063271337089996,-0.5284497722920218,0
0.31015312556557084,1.4196181965695827,0.2812498652277214,-0.41127599320794966,-0.5713324385513335,-0.7590573965872309,-0.3458133974617479,0.753052002412441,0.9996040077376667,0.4736744558903905,2.365016486248651,1
1.1755863896863255,-1.2689839571440107,-1.9547831314579904,2.3776916315293914,0.35522210918173536,-0.8691574070851465,-0.7999371855242365,-1.0413967967390647,-1.5338074042609375,-0.6541685145767381,0.007378977451741764,0
0.35991644760563646,-1.2899494484771015,-5.126823531004703,4.935005254863462,0.22240439388391636,-1.3057073179160534,-1.3267962302896268,-2.02127244534758,-1.6783487139199702,0.6772710758994487,1.734301103881212,1
-0.803984689729532,-0.6397776456889517,-3.7868775422927397,3.38763327038221,-0.15335113788749694,0.42878164200745106,-2.001668048281211,-3.121763570261013,-0.7236810211211935,-0.3623452942922661,-0.6837877327701624,0
1.2279822606285185,-0.679805901550669,5.107649431171452,-2.7690067082627516,-1.564821146222644,-0.17558569008455802,-0.18232133351828517,2.713586465963652,-0.43587336604099935,-3.513623951849026,1.1786719851829466,1
-0.3205217043395934,-1.5216844949425194,-4.144463970623364,4.014274162778507,1.3195253897069585,-0.26048647652217044,-0.7448090682335591,-1.437807382860849,-1.5142126844342927,0.7307072371871658,1.1429327276429837,1
-0.5153353236658536,0.5476938080747309,-5.190844713818337,3.6532422723676254,-0.7789847521557731,-0.14200678965832053,-0.31689294461148787,-0.9526758812721896,-1.1448434610461753,3.7928480603487476,-0.0719553662176794,0
-0.9847475000563698,-2.001934563864942,-0.07506349750660055,0.71009695760795,-0.3031267791116547,2.6867777917441718,-1.939369037533177,0.7397573428341868,0.20481681371517924,0.04347778084856324,-0.8361764457404282,0
0.2591159190229001,-2.5760764957717415,-3.0190119115133798,2.2795958816519324,0.7106116747661415,-0.38707993703129656,-1.6552537870941124,-0.06040224680491568,2.2640270168766574,2.648073617807972,1.3410361468261536,1
1.7247908212388885,0.0939938373853757,2.9097505857553183,-0.9455015965955162,-1.385690232606634,0.16899219620495726,-1.1996229199409396,2.081581533548089,-1.211470836865279,-2.585064901834661,1.416201640306316,1
-1.0836069111056303,1.866213488742329,-0.6519904851293973,-0.2420615685191489,-0.18726214659049756,-1.0740504796259298,0.8782454235125372,-1.7850223303279436,0.7029907267155291,-0.18068268482483174,0.7500193018074404,1
0.559009423321382,-1.3309184196586752,-2.258012260868091,2.4519243863269002,-1.8948168586454104,1.5392934583713593,-1.8098765854499328,-0.6443289263513767,-0.7546717606442142,0.3005448167475756,-0.2689015239485315,1
-0.7926282564249865,-0.9377151885003003,2.1046032336137555,-1.4021981973919142,0.5174389705106949,0.2362370913384828,-0.12370556145854061,-0.07664627445300065,0.055915730143743736,-1.8550768821840893,-1.7856999490083072,0
0.7439374520593842,-0.8366681733092112,-3.6927825738414515,3.394117415191752,-0.7477744301299774,0.34502049351157815,-1.3162408320921877,-1.4419189560766883,-0.4044808006489722,0.7425553855027022,1.6640210804955182,1
1.0453129240363708,-0.2891120615128623,-3.852841473383389,3.1640694566120007,2.424394510895498,-0.6426730028214352,-2.663107121043208,-1.0423595850529082,-0.17398781347568115,2.0279450673850814,-0.5403619082715307,0
-0.44316300360623245,-0.5981288358037299,0.22555834698517255,-0.20004421769514374,-1.653731917572361,-0.2719876820831322,-2.175668074837561,0.7961245195058897,1.1402515080364855,0.89024861657353,-1.3185086453415424,0
-0.5511521543049768,-2.052922477354672,3.0120214892303014,-2.7780247369726934,-1.393758144498591,-1.6615933513076058,-1.2831118503284527,-0.5018731913422354,3.6434423540167877,-1.665443197833983,-1.9533078374487796,0
1.0627188435434254,0.4418350349206229,3.519303584674237,-2.813053283114145,0.3359963842371996,-0.8019843156652058,1.2128055059470977,1.1425403504842717,0.7594262998698613,-1.7692132295301364,0.7848996752754202,1
0.8099854950946176,-1.1558235955183536,2.0985341847982184,-2.1415291014062903,2.275149880772908,0.5920023988892991,0.20530921516686784,0.1600697300047551,2.2350391758619947,-0.4807739805130331,-1.0414059005082352,0
-0.9492625363819588,0.11842121765443647,1.5796094045726816,-1.0016906316458425,-0.9877813918228254,0.4949718121041685,0.501872143980906,0.42155707193832853,-0.3863256193447864,-1.2700051288197662,0.0678340783465049,1
1.2893123105418183,-1.5725033123080894,1.8462913392952696,-1.6088437358303016,0.7497110830239703,0.4088851566688321,0.7892394952393689,1.3346793069196454,1.098278743665417,0.19983531738449778,-0.593507177735874,0
0.01941478674150362,-0.32784336527033786,0.6189467841839333,-0.049074514356975726,-0.9416828738644293,0.19641071104433397,0.86991057661636,1.2044213459573505,-0.9833295866271131,-0.20385512570340047,1.023553835047005,1
-1.0955619864833848,1.3461574293100438,4.123166770778524,-2.975320420542919,1.6621907714254054,0.18176384526216527,0.7596290519017593,1.6545312898046114,-0.07060516180437804,-2.3468287952453846,0.9483904537436065,1
-0.5426918435929242,0.665898008122062,2.25160531997736,-2.4475539513339775,-0.5431840339467741,0.38531666072000315,-0.8899030495710782,0.6056332935252771,2.6756274411534933,-0.052114320809132475,-0.28756463911787944,1
0.24512058820376523,-2.4414976561214177,-5.329913174606443,5.287025477230487,0.5882401760851185,0.7577385764320074,-1.326645462953988,-1.5984257815870333,-2.1161057636787666,1.087734232411345,0.8031343029700129,1
-0.20642482947573482,1.2641734792814139,-2.279848765464373,1.1500233340092592,-1.4863918726776477,0.7277397751232578,-0.08453562668920633,-0.13034199744528174,0.1145481234943766,2.5468544187592386,0.2787314932750331,0
-1.0906124111651643,0.45778653723645324,3.8181689945999975,-2.034509569785902,0.16457152066607064,0.397292804068334,1.6487255733420412,1.9314733044635108,-2.7443894500955484,-2.8788016537068186,-0.2716872751560906,1
-0.9019138732760151,0.575105250140159,-3.696373696663003,3.8985840424170757,-0.09247370696243103,-1.6152962196634082,-2.661879110629638,-2.1409840614967237,-2.2267243320732977,-0.6442615589764958,0.3029796399993858,0
0.04033956453730126,-1.087973885424387,-3.3153365091947653,2.8786538377700057,-0.18564767969114296,0.5374562350800826,-1.020875268111297,-1.677543306184841,-0.41237090686878203,0.7265722434368109,0.14947384987009726,0
0.6635922007086713,0.24579420309354227,-4.15806489515799,2.58976554823939,-1.3806094388309347,-0.36283680296887244,0.05322393301364037,-2.632294131516148,-0.054491072113658556,1.939976966595662,-0.7041599607519913,0
0.9225096809721526,0.8576109210423795,2.9289482712335246,-1.94237304304716,1.1059797750903404,0.7124393734540083,1.2868689434074874,1.476398394705226,-1.0891343357795216,-1.6947842533775597,0.48090545884874913,1
-0.1452634319491781,-2.420876408679762,-3.5031383096978685,3.247628567532524,0.04371822726711208,1.1554028872915494,-1.4334204246636264,-3.5432979879017017,0.13508817076788537,-0.9941101165544104,-0.39432195765330724,0
-0.029931788192615775,-1.5886513452451896,-1.5765642868556162,1.0292977053979855,-0.05362891895186122,-1.1038229903890413,1.4381862521307198,-0.15549770156644682,-0.02275231012843315,1.458156948633101,0.1373437574152826,1
-0.08165772823147564,2.2206738341781778,4.823152173180819,-2.9801194257805723,-2.045034615377113,0.6927675875132294,-0.16184265759808025,2.5032822700907236,-1.1297611115809125,-3.053890056873314,1.2718455027908793,1
-0.7746745408601381,0.8803763811447438,4.575971749566701,-2.597838328993347,1.43362412609401,-0.14970567000557855,-0.43862168444966154,1.694898923444521,0.022188346503833722,-3.8617227906462945,2.4323741551275826,1
0.5417631069257741,-0.9584086043292006,-3.292274086518878,3.93970570141681,-1.3920961406612518,-0.688240637603346,-1.485734987608252,-1.1977734329786922,-2.3314392032093902,-0.7288803958182183,1.6793805744322052,0
-0.5915465254322004,-1.9487764428892005,-0.755483071960253,0.9863041369485264,1.585071638704593,0.5239316932045786,-0.5143395319866474,-1.3794663882692495,-0.08622925688077632,-1.0117631313339341,-1.1047157128969955,0
-0.07815872221088997,-0.425015291659098,-0.07693391750985008,0.14501584506203644,-0.558839513672959,1.954373428995769,-1.0962725091604062,-0.8263505207072954,0.8645858030610786,-0.7164696865350231,-0.07580254493719885,0
-0.08020708690439574,-1.345563844389055,3.2604569166558,-1.499134189489938,0.8116305855474368,-1.217984220998428,0.9381535271814259,2.2471508563678775,-2.2602187801367943,-2.0220236706590997,-1.327744488018988,0
1.5959984160698293,-0.5532350810098862,3.302540896956565,-2.203517433536689,-0.850390641725294,-0.6894583005241349,0.257208128362044,1.338677507787892,-0.7291729160135817,-1.7485317660747284,-2.1183572167684277,0
-1.2569485021177478,-1.7137139943714377,-7.6594492095162945,7.348385240157677,-0.4101438340701404,1.0554775382870518,1.178233633943142,-1.3482739121201612,-5.098598572627135,2.3692045029455406,2.413928444028678,0
0.07532707963608894,-0.11427682555779961,-0.4335276218094064,1.7210678933800088,0.690984921353784,-0.304371074532834,-0.4267142914185422,0.7370586580347144,-2.900279422077075,-1.3321341122225223,1.4024466373769706,1
-2.881658244815997,-0.17499634050896473,-1.091352800919827,0.5076541032112428,-1.3530224533002337,0.5379647985363728,-1.2696707853098923,-0.14627203099438835,1.6246213117303399,1.3375817247293833,0.433769935621773,1
-0.621711879878002,0.9734372904554773,2.5223926689504386,-1.3266959175042434,0.16354663663136498,2.3897119005005587,-0.667877312352188,1.3893144726772622,-1.9879835754229565,-1.6363557706060776,-1.894487963769879,0
-0.7226527063501983,0.8119476960507132,3.184661027360378,-3.515000818602713,-0.04849480288422541,-0.46318824305054485,2.6863571173904033,1.142272573736226,1.0208510546714749,0.0902288356317934,-1.0433419525317953,1
0.6357586095389902,-0.6402251412246072,-2.1316258792944063,1.6438649728742232,-1.3383310235367405,0.6852507903983681,-0.23473194227986138,-1.3253668277323587,0.5091982858100015,0.46608976195630425,1.0936614332796175,1
0.2548591137061526,1.2429779382950126,-0.6810077713722849,-0.29494322070387696,0.9182159712858946,0.4430400956476629,1.863612701404873,-0.7057788156424636,-0.14355111342538596,1.0331190131856838,-0.33004405526984226,1
1.9778923525651324,2.7789367361605777,3.3543715737005417,-2.726022085208093,1.3557664351198357,1.662368974292389,1.2773880187963376,1.7136064230767762,-0.9494085592259054,-1.2489492049629705,0.4821295040364956,1
1.6728051041529137,1.1489189736789414,1.1734567389857722,0.10958149562595804,0.9539977829868189,0.02497924751087303,0.12509838790368843,1.3154251310538854,-2.141484214832481,-1.6888807467642324,2.2022384925965093,1
-0.21264682976042074,-1.456702571978941,5.790120175347935,-4.322376992043792,-0.6339593347619517,-0.3863125346229688,1.2615372633795843,1.8372348358943638,0.452003305752805,-2.895003819820362,-2.3865313754604216,0
-0.3782883116336579,0.39551987789065945,0.2653717519317695,-0.6875401695534012,-1.3321481068200496,-0.42235451276430347,-1.3529755827913297,0.10294750466044955,2.5188651393434824,0.6343205159192543,1.0457892182992412,1
0.9201000569580494,1.6304628631314726,1.599463014081802,-0.7958068099572156,-0.5376809703485554,-0.33245949613243586,-0.09695587370468062,1.3232716561832532,-0.9363864970219037,-1.0529820140424448,1.5538095078380736,1
-0.5444628813381487,-0.8229488611173029,0.9462139203038635,-0.583796080313027,-0.9834651426889619,-0.010873753935693425,0.16221141458023436,0.702471657893196,-0.016624234653517478,-0.23798471965746548,-0.5395549414843697,0
-0.49557233356279584,0.41290923348172237,-2.219129410308172,1.321897814169116,1.4483682807536324,1.0140433011142338,-1.4507001617695094,-0.49247215575830283,1.9091954530633184,1.8361946770508797,1.966803817571707,1
0.7998333056485578,-1.823380593791282,-0.6883250369872331,0.3841719355593709,-1.6346209304108241,0.1613949177891001,-2.1859338673018573,-0.004801131141127901,2.844879798686824,1.0580250788012169,0.3524615157471358,1
-0.18918044223936714,-1.18673522537394,-2.191424770033565,1.6427834953447744,-0.8704193421698098,-0.8151529885547623,-2.3911918729547033,-1.0998219170523815,0.908477285721534,1.217740587183437,-1.7412045919900576,0
-1.781651429720637,-1.0918783006228727,2.3535123909035343,-3.27271163084125,0.42211202936109643,1.5457839087523424,4.612595312038434,0.9308140299671308,1.1227777447130214,1.3545661642165425,-2.1364770278582945,1
-0.293612588843987,0.4302801329917234,-4.839300686822662,3.799083940345654,-0.17840891061521025,-0.25896245790080297,-0.5286991702141067,-1.416991571964696,-1.6325906647399566,2.4091846921487825,0.2306025929308595,0
1.3737326110926096,1.3603564880503058,-0.005176176723745594,0.5047843292051081,-0.9258970604655,-1.4247615060244558,0.18325151552185936,0.750630830032916,-1.6630207142710787,-0.3960630774095737,1.5249098898205213,1
-0.2570218658367995,-0.867591117359153,-0.8304040141792292,0.8809546214023688,-0.8761843603522578,0.014021324861278247,-0.4818835784848461,-1.0861396888711223,-0.08031669262892416,-0.5805708598148849,-0.38964127663067094,1
0.28811150096308613,0.4051781276164903,-5.36344848418294,4.309601891355433,-0.13270787444020085,-1.454089079787378,-1.692895562286548,-1.390005695817129,-1.454331773392873,2.7692780026333024,0.007402971836811378,0
-0.5503073358581875,-0.991612729690279,-3.847398661512703,3.142446125119569,-0.7660267203153367,0.014137078765725782,1.0570578642612452,-1.5755759838452086,-1.4260877247848331,1.2957287110992532,0.6933414661299095,0
1.1169263733790387,1.2422584583811795,-1.7549785340089858,0.5349725311886901,-0.9192012387582541,-0.4648062662689975,-0.1524070092115154,-1.625471082655463,0.9584934108089609,1.1684384591248227,-0.2976463689282277,0
-0.7958675853520617,0.4769262653746313,4.250946154389427,-3.7591269965150613,0.37461882064926233,1.6926135238011473,1.9198594140267666,0.5555084400519602,1.0206162720482708,-2.1955093751778234,-0.5505087461252534,1
-0.683424938384413,-2.786131840874493,3.6223509188794205,-3.171764746950849,-0.2610478781309438,-0.8950455868474704,1.2409367340198794,0.08431545990728773,1.5658064542321395,-1.701223930375318,-3.526359842666807,0
0.4583247011980041,0.45214975141673497,-1.4793738045987253,0.07293801782866913,1.8176586471708103,-0.2619671993746359,0.6733163259889052,-0.38427650007934194,1.1265743892983613,2.554849286687201,-0.8509311719070793,0
0.3169911840085988,0.21755160810012353,-2.3834205386830885,1.8308587984724187,-0.5499671397939037,-0.16258824114072432,1.433080518903068,-0.33698885291192404,-1.343999740161201,1.381706324983856,1.2216241395451362,1
0.20072379878024116,-1.7949140333223084,-5.66464550877647,4.892985220295534,1.4051818764776336,0.7737818122915553,-0.4716998366168819,-1.881970225488394,-0.9768666213831909,1.9685303729575154,1.7526421354428963,1
-0.7801897025591885,1.2318550605369316,-0.6716185539622161,0.4341683669337678,-0.2779179118548525,-0.7012128315077066,-1.372806514024262,-0.294102258620765,0.5640920368516025,0.30597336129572134,0.8117088078450657,1
-0.2698470575124111,-1.8145034288284094,-5.0608681143493754,4.1395057556269625,0.6221046232047434,1.432138006669326,-1.7697396977053588,-3.491711045344517,0.8438841193765285,0.6426781202147893,0.990416308632466,0
0.30619470329914567,-1.317001373055279,-2.7635453402395838,2.7058112016717497,-3.1060965535278666,-0.40171388551148646,-2.5048885651183217,-0.6184199057604293,0.4210482222331296,0.892686930250615,0.8940550348560996,1
-1.455948020185471,-2.485524587396041,-4.094544352467818,3.903245671058051,0.08865582273067822,-0.38651533978439273,-0.8100739763378495,-1.833676142383045,-0.6467467469338359,0.552945217709985,1.0236521926784308,1
-1.1395603821350044,-0.4292973418823103,-3.0361862098360053,3.0725399645044003,-1.5087500593119614,-1.4599449158623563,0.8213832445264482,1.1112359090222823,-2.7625630312671365,2.0624511764486666,1.7721389356856443,0
-1.9879936948270913,-0.6220230519995308,-1.8848265098543828,0.8668941951973113,-0.9188006708030275,0.4166677826986949,0.4194729515186535,-2.3905683993179636,1.246947142551447,0.32981727677976536,-0.25730573974730375,0
0.8264874841723692,-1.0992456628019198,4.3085152750733435,-2.758921131551457,0.9902967981022073,1.8633289022372346,0.8657635296873307,2.003414972099195,-0.7354366678758633,-2.3500929654310254,-1.3780668982062838,0
-0.5577275399237873,-1.0934365288249934,-2.400393639828406,2.0510498598889013,0.00997656607502436,0.31548388875339545,-0.8895382489025706,-1.1212325084871075,0.4641362054580017,0.6349154178478607,0.9281231693054848,1
0.31872122026755073,-0.7649147110903771,2.4944218919176526,-1.859337047325121,2.257857185220248,0.39079620983564994,1.4110348055675024,1.7187159896383606,-0.019982266416598393,-0.5288923394891205,-0.07576382315683594,1
1.1901823265888931,-0.8586412975450229,5.88117558722616,-3.782814576974042,-1.436406720875854,0.018852913743021688,0.8686353178327635,1.9878828096132255,-1.9347094361593398,-3.7424341746939795,-3.7744564285541617,0
0.3113815819156691,-1.0124014416887448,-0.049314755473615524,-0.0947517565396436,-0.23747363595496826,0.24852186834334514,-1.688027021702403,-1.5158601728312289,1.7543225651552752,-0.8189743734285522,-1.254370392392498,0
1.1605532018422269,-0.20373244545180946,-5.6627916549340584,4.677667987271038,0.29141464855049704,-0.9386733766025641,-2.595404318701261,-3.79083306363417,-0.10279384052759499,0.650495133727987,0.7305197584523826,0
1.940252828659022,4.898730179695256,-0.4794539246882358,0.8915404616549902,0.32035813314741846,0.3544946929521231,-0.8094480123404071,-0.9539744602171791,-2.442182646769086,-1.9764669908350632,2.7852376019207785,1
-0.3847088772785886,-1.4966131513058936,-4.434635619163919,3.394586109009026,1.0249910178513473,-0.5021035085846066,1.2311746960894763,-2.205236979799497,-0.29577694248292596,1.4659134424385407,1.7302203335979374,1
-1.5958320402997617,0.6216497111008776,0.028833227282254695,0.00571667842829238,0.4673076526455333,0.24938243877042446,-2.0376473703932296,0.24693573254603507,1.2942591542281698,0.1526565106239831,0.8890466650114655,1
0.5222246268415185,-2.243178089272506,-2.56865182615611,3.0270720166556453,0.33381555377342736,1.5309042010108935,-3.17006605703099,-0.29776285784951195,-0.6621518276544407,0.5321453697850742,-0.8540214944734532,0
-0.5494251778966464,-1.0940540299156185,-4.791993835882508,3.47809498009447,-0.6321978603454221,0.7605962443436944,0.5789398479393475,-1.8655830897290928,0.5424650248814298,2.3144411638351228,2.4685146758601113,1
0.8385789572156387,0.062000430174197985,1.6610232343605138,-0.9896031999884559,0.5446903474997251,-0.4482119864796879,0.5288636589958209,0.7788920372068419,-0.046110935926264696,-1.2217320889244403,1.1930316387597586,1
0.34576131608944805,0.142341233776611,-3.9683672994742527,2.5987597816275345,0.329469391978097,-1.073685148311961,0.12737622300897233,-2.105406488377385,-0.1258243602532978,1.9613017731745575,0.004483278208229691,0
0.2661910550500455,-0.8772971829879077,4.04372547053091,-2.8355920018170804,1.11906129531815,-2.0547281957977037,1.1081357002790675,2.358450102650165,0.2611272098963078,-1.5172987073284707,0.10721961347588305,1
-1.0768997036033179,-0.7541640636113216,-0.2560454355918472,0.004670500345379026,-0.03793666800208559,-1.0375227430000404,-1.0740402845399668,-0.2627273372977089,1.6859735558068856,0.40667010123877345,0.11769411683175557,1
0.06631634899094521,0.07488031262554973,-3.4816037934278863,2.3954482760106597,-0.08490589491365634,1.4848595410842644,-0.033331281250876255,-1.5090396059886242,-0.30193494085459816,1.8443945062632088,0.11238683796047055,0
-0.14874994194322042,-0.5351377538212505,-6.069273368111853,4.724242065071285,0.2773995747013367,-0.43762898014902696,1.6735034258835688,-3.5820577361304586,-1.9862714766780838,1.3208337327453177,1.217848642542428,0
0.2242233712171503,-0.4653985813090298,1.4882080998160956,-1.8475322898037358,-1.5845090683625482,-0.9108410755865199,-0.8533453659402309,-0.9331946502226894,2.8792525508028257,-0.6883411099299399,-1.1906467751896712,0
1.3411447360992703,-1.468789740228821,-4.956121636936978,4.330535937865687,-0.14545173995465618,-0.9051106720816214,0.0009342417881346154,-2.115158022366069,-1.033852427321045,1.1480778146711539,1.9109849698221444,1
-0.15882636308475517,-2.4787214695353086,-4.296767323776969,3.563227815361294,-0.1220402285124688,1.1670834081427046,-0.4729804148132079,-1.7782835791647211,0.5434657174622577,1.516819981132346,1.4543693279546361,1
-0.3281751709387391,1.6546720956970242,-3.6357491230821437,1.6698653157211583,-1.1530288092532994,0.5616573848570402,2.8115688647971906,-2.8458181023018296,-1.249284606101487,1.892235709432293,-0.9335601235245716,0
-0.29362850814671554,1.3496230642236757,-2.1271017705097317,2.858315744435378,-0.8223121735679855,2.0178271588816634,0.5702898186234601,0.37996099062920685,-4.7069381934761045,-0.22414911598125886,1.2386091918377409,1
0.7138729376669324,-0.5322373445764528,-1.581156209804042,1.008225523177227,-1.4022091922629913,-0.440889676321501,1.8060728602893674,0.41716255908053634,-0.7681343496252411,1.868145900338567,0.5447989092684058,0
-0.3136031537782412,-0.4862638247613977,-0.8231693930148611,0.9518729021935703,-1.206926321821819,-0.14948645753475084,-0.8134225269218885,-0.6583010479690024,-0.47757261356520364,-0.32056594389025134,-0.5823557939263374,1
-1.0248268562941663,0.5749632981390498,-1.6077490124659786,2.0809583896594446,-0.5730408373234369,-0.8086005293368289,-1.5721199918691855,-1.059459348596248,-1.780995001508433,-1.0463669387266519,0.3182142609846502,1
0.773974902263411,-1.2640406134259206,5.432372866391254,-3.9417636646531204,-1.3341114830023828,-0.12851698775617862,1.651005563627919,3.7627009214166725,0.3251089939852878,-1.251130220802786,-0.24306962555104494,1
1.4071331280024808,0.7203280702242274,4.492439390957368,-2.3619919446571846,0.5536916074904477,-1.6586499999363284,-1.2027738195018485,2.483348104166443,0.06593021188909698,-3.309920200881466,2.6064622547099603,1
-0.21153149069564056,-1.9464053137099828,-1.5404705247670643,1.3200824596925713,-1.7626906971064416,-0.18941308740678917,-0.5428566216338637,-1.837778852353987,0.720598434822779,-0.4115199124723016,-0.5002322659873244,0
-0.1965263604608356,-2.384231387544793,-1.5406254035407498,1.5120928846805988,-0.39978067616311014,0.8142106352305056,-0.3154843997378684,-1.7393083524826443,-0.5361928529601169,-0.46680253237631003,-2.2132260825256957,0
1.0796531628073496,0.13815681586393747,-3.498460422296712,2.465441400760482,0.8317810366451807,-1.5444018869573668,0.25906504608744774,-1.4281484640823865,-0.7448047537012508,1.8203338577699055,0.0353770466144645,0
0.4871946968255636,1.6379054099979349,-2.0911758404871623,-0.058577180593150695,-1.7762017136393269,1.4313961777247008,-1.6886853825196848,-2.2258223629423535,2.734492082301137,2.544963261890966,-2.7320758940305323,0
-0.4690966700591883,-0.9963538595878465,-2.771421569696198,1.7926626312603826,-0.5974907802215312,-0.5191227776090608,-0.794458101816002,-2.4844332369981137,1.0133119495570173,0.7113236013130358,-0.8487525838395996,0
-0.6364886069946332,-4.50817436357076,-7.182191728678685,5.77846282900171,0.8914854121526335,-1.8709971664910985,0.02957848095598381,-1.8439120663934865,0.6157300762435983,3.869001090295675,2.0224611343177124,1
0.917317468989557,-1.1909221510474208,-1.3719951181339718,0.735063344575326,2.7879093780748465,-0.7817275003641624,-2.7958910502257313,-3.084075790135649,2.74598110769141,-0.7775847946057044,-1.5348584700137462,0
0.8607231573140084,-1.0535366777043604,-3.312993803205404,2.992000067741434,0.05000152078045097,-0.582431175467951,-1.531663634877823,-1.141358149280008,0.04041226185572888,0.961829671965312,1.2497680156634872,1
-2.2974794133269185,1.661454980919207,-6.440340954903613,4.433860530183438,0.9171003027778345,0.10890508924817353,1.35920122476974,-1.3362357700780594,-2.127844512383996,4.398498218350789,1.4410476064003157,0
0.5262240254689791,0.9756811346159135,-0.14104733967261834,-0.3865448137810702,-1.1361490350784977,0.9112885836869833,1.8158231344373452,0.16132737013411114,-0.3617931220197735,0.8248321422107432,0.4677244384471267,1
-1.4311589647249392,1.1731690361718732,-1.4993746497852725,1.5742696905275644,-0.5114513915434707,-1.1876005208676705,0.2777119048687712,-0.35779189771163056,-1.8078061015666187,-0.06705584438180079,1.4409652304020937,1
-1.2939879265966,0.06503400139127924,-3.3298269463384633,1.8106825350665228,-0.948875312709098,0.9626895754348822,0.6901176885270841,-2.792607305831848,0.529982587642765,1.3174300229382787,-0.3833274208812145,0
1.166323809184195,-3.494243302210039,-2.206841350418547,2.7015025887738067,0.1756685153144848,-0.808500736530687,0.717716406603913,-1.141392497971802,-1.3345182668998523,-0.6884491979320522,0.518372517797888,0
-1.1784314374389253,-0.22230913358064242,3.899076102333285,-1.4930583860052458,0.16140242636305668,0.9583632562410873,-1.2195666972344166,2.7795257130308113,-0.9936621693267276,-3.1086254730535288,2.057331492013284,1
1.4489943146363544,-0.3302668646028235,1.7187032224634924,-1.8242478038124195,-0.5108530571130508,0.32349895238567933,1.4748438113325721,0.3594371324481807,1.2032465178198903,-0.2900260133984769,0.10635716582632582,1
-0.2711347834372414,-1.0495685138039401,-4.334662366768542,4.339450807781101,-0.03840452408620586,0.12519602101795307,-0.3218545853556703,-0.2657971412306671,-2.644340367875744,1.5479340308670697,1.5973556943923255,0
-3.020384992584765,-1.4732287524043879,-4.145358062308925,3.0718027644515797,2.6774952361361906,0.14219729798147585,-1.9074983920490767,-4.046932484732436,0.9146978856520263,0.18732809333295297,-1.4995121546039845,0
-1.2505343053915894,-1.154805295692044,-0.6807522910903829,1.4203567786353817,1.3157970961570626,-0.6407568784452933,-0.3967522053978471,-0.11776930452486112,-2.201440897137713,-0.8022707409003891,-1.17070081178579,0
-0.3721071188585611,0.9206966386196564,-0.3107002417057729,-0.6150649021274757,-0.18622520983169916,-0.11718332530522524,2.365470615779925,0.18744237912822503,-0.2872027182075282,1.6179704860567694,-0.4573666255116371,1
0.7401183780067748,-1.353968837616944,0.673445853501405,-1.7773398766488486,0.2622518372163192,-0.30122017066431167,0.4194014026757782,0.02679092444297415,4.480218390629739,1.5844093894306646,0.750282078912493,1
0.9233215031363959,-0.7034218392872328,-0.10320495857593406,-0.8705503836004933,-2.1385026858015324,-0.8825016528539206,-1.3299965956900661,0.19381323285535412,4.432022447715704,1.8399497573132124,1.4489886031325159,1
0.7857062601350023,-1.9778458361480882,-1.9243890500687635,1.457011776140214,-0.827188632390427,-0.8433866239585505,-0.5689869268091657,-1.9564806534764034,0.7816592029031719,0.09292866166278446,-1.0241208539546682,0
-0.0332431567454001,-0.09857576733695184,-3.883126024480369,2.3684631981484774,1.7334590437153912,0.8920070823562409,-2.368245599455446,-2.109471055669267,1.1865156459747124,2.4965877960791554,-1.8998169420961986,0
-0.18334674654691407,0.34304643051492545,-6.464016648132204,5.664021576803217,-0.18572574605270023,-0.41864143987809327,-2.9539220427240735,-3.353346044055856,-1.0066061580701866,0.9573880627457358,1.8786330784223637,0
1.6366669085011727,-0.18916576768737337,-5.040228338293588,3.8890871605488337,0.06353603416724754,0.21297457043515397,0.13379901005239947,-1.882361077566905,-1.4283905104134307,2.2542624088246503,0.3828912607227546,0
0.5385151446080504,-1.3842065290474501,2.3115352790842105,-1.4315820168695759,1.2131600102584592,-0.5185799321435081,0.3894752630134952,0.5236516235438691,-0.8173866711715007,-1.6052795842165515,-2.642008631140821,0
1.947741340535505,-1.4928722362930251,-2.600178535113955,1.8312371342781089,-0.978023117331789,-0.1952823467897257,-1.0027095992468165,-0.4929096345359872,1.7228925371329171,1.9914177108922535,1.2769650735358042,1
-0.6301738629600877,-1.7754918850895063,-3.6700982238364195,4.044857240849484,0.9611886736558547,2.5411150175386807,-2.2716759696588245,-1.242286076929822,-1.5961808869039544,0.06448681465511752,0.4177633620132221,1
0.5354480880462703,0.5217031924677529,-3.533874258775924,2.0151981068012494,1.3691094902929812,1.3742088980683425,0.1430309356695756,-2.5199564886562396,0.22397411199347972,1.6629110330335215,-0.6334529399693426,0
-1.9640610930530902,0.2600351552070328,-1.1385342486725236,1.7536541601576006,0.7378513099840478,-0.6983779003022607,-1.7617956412956115,-1.1396538075869938,-2.564764793440176,-1.3032367245784002,-2.126600384005464,0
-1.4089670938405252,0.2736673177261659,-0.6896920774609074,0.8883459005434889,0.932485128404321,1.1609759502948973,-0.9528806725474722,0.11088121906762427,-0.3326084798106247,0.02588107293644626,0.8803300686990752,0
1.4320500070484967,0.2127628653947624,-2.5031882224011093,0.7080395196799153,1.4162151307310693,-1.3829908370685293,0.337516360553048,-3.594409313995423,2.0289040105938607,0.7616872390801682,-1.1040121786886519,0
-1.5130214835882065,0.41221202627550957,0.1777342329969031,0.5453586637760339,0.0722032044694883,-0.11670815637160895,-1.2689484800488744,-0.31723084916554406,-1.655424744437055,-1.4043187425234702,-1.195573434574265,0
0.08285016879532167,0.9957678876805816,2.771512923345575,-2.6039516002713072,-1.344277892311675,-1.6255653200289386,2.0001077047416795,1.72513017136048,-0.33846576073938617,-0.017244236500080112,-0.7702033666730295,1
-0.3760446218140445,-0.19306861516070783,-1.0147005362214214,1.186711391695429,-0.9730098636516806,1.6681460115896374,0.793949878369745,-0.5421447206249437,-1.327526270462448,-0.45401665052282714,0.8640657062041901,1
-0.4436781332962263,0.7797943601906215,1.8567309786863784,-1.157422427635549,-0.9144046433919686,-0.18775372059156145,1.5803361723519649,-0.08903760473547684,-1.4591619563731382,-2.174564773928568,0.024789949786003573,1
0.8795074400478499,-0.36928679012236154,3.155735542598172,-2.091550269229606,0.7535440592971526,0.38059405282725595,0.5136934170951415,1.814817996876301,-0.698847499767493,-1.3081348952082885,-1.1792982367189766,0
-0.05764151478809902,-0.18603489228364078,3.5668154920581916,-3.4394192379145734,-0.8276171320522505,0.6152516609368018,1.4112090134656619,2.048508643862972,2.085906145473327,0.07731158848334052,0.18559374898013048,1
1.1707647592517687,0.25330289240143933,1.7527847851402747,-0.9724352077651361,0.21185428431909284,0.34646908912146074,1.0566041525486916,0.7279770242180141,-0.9634278954411117,-1.490525404963077,0.6525645936177168,1
-0.9873457400021269,-1.233480456400099,0.49918727934476387,-0.4004945408910393,-1.872683286448416,-0.17505921719903805,1.508866877452561,2.4783219723190744,0.11844996674388986,1.7992201056161992,1.2696175582272,1
0.19875657355939277,-1.580453552803146,-0.5682664119710772,1.4042599455329514,-1.9892335877892817,0.3303595871663031,-0.1526096390679884,0.1439541629051938,-1.1833022719485393,-0.930053845046561,1.0607085907825355,0
-1.2559958107784936,-1.3119488105756918,-2.325474027945026,3.2544976875327754,-0.04469531887290799,0.6036652816006919,-1.0811580916602173,-0.8826612577251846,-1.9307097100656074,-1.3468651046130136,2.2497567681765727,0
0.725428626686758,-1.0430997726097517,-1.3979198396688575,0.7095772735546303,-0.9239343717177129,-0.5523098833958363,-1.9660535079042705,-0.12753971724295432,3.1747436417352892,1.6790072020474005,1.6275751529793416,1
1.654127479626179,-0.38646936255295783,-4.878668913916,4.571205836715616,0.7082078846659129,0.8099747431593102,-1.6807283960105903,-1.5421499085823853,-1.5588842092727337,1.1386967070103882,1.7135637696854926,0
-0.6129642845122174,-0.23619293210063752,-2.467425336540445,1.2744859622371036,-0.33315114731785894,-1.1844040091095163,1.8642967940114823,-0.03600991659699826,-0.6796327479724561,2.895352495410833,-0.49486989165486084,1
-0.38260791842984543,1.1433794271141287,-2.062293501959523,0.6694386015226684,-0.2168500950232737,2.3245973557313504,-1.949901385692604,-1.6284128804058182,1.8754830852616016,1.7783021433213377,-1.2514950961225744,0
0.43592639013883056,-1.5607368792324399,0.6394114043215058,0.5965189429936221,-0.5948539695338587,0.35329769686806894,0.10202795755243954,0.5141418641322915,-1.9678894310698163,-1.6545775417270758,-0.3272525519884493,0
0.546127947321858,0.06432010803327326,1.598461173658578,-1.6818696253241887,-0.7615618785173859,0.8721589656095537,-1.97631547401911,0.4284878181835263,2.8763702858411753,-0.0042223461699604226,-0.2374957593611764,1
-0.15358020761724125,2.6464824164680305,-0.9588443259706017,1.928019165473743,0.634514148826646,-1.0766609971879366,-1.7900411303208388,-0.48313920070601113,-2.0326752131366383,-2.056565939364551,3.6136129503493066,1
0.4491274650898898,2.4357407332728016,-2.2476924502778175,-0.4844705279087107,-0.5923501294648874,0.9791362373144619,1.6112483099120298,-3.5727876905765434,2.5307640316260205,1.9186889794740385,-1.0866008565748693,0
-1.2610756011641593,-2.0011280389497914,-3.740313592138475,3.413825389582009,0.9824699789505652,-1.3033398999447166,-2.496670845053327,-1.3403926123085896,-0.18136630993871938,1.2952581440365811,-0.8952272659831358,0
-1.0101215018905643,-1.3164730460012228,3.2552941784576066,-2.443798520691256,-0.9928477667497654,-0.2629720312365109,0.6274763046871592,0.5244422350439728,-0.2187682476318703,-1.8541552356720452,-3.296672456910212,0
0.3837052658496077,0.9543355171027706,1.1708755140630418,-0.5478661540151802,-0.48436735842203443,-0.03112018318718659,1.3818910977294516,1.1248076928733417,-1.6233163790073226,-0.754279438460504,1.1335042461102205,1
-0.8203378543426347,-1.5377818196725608,-1.8766158648842182,1.0846851789964134,-2.3707369656852846,-0.5281543208085301,-0.4793328728671984,-1.0307586908695137,2.075731445408723,1.2458929991742411,0.8239330652170788,1
0.39139476420950653,-0.25488617331795926,-6.475390089150921,4.04924205134576,-1.9726166882024398,-0.1167438560829117,-2.767338141544435,-5.998882818343757,1.8393664529182459,1.6217283178112072,-2.5083817934505186,0
-1.6110837595811662,-1.7635993352584813,0.05293779697325027,-0.10307497635667486,-0.34968845425165823,0.5893573769682299,-0.3917710582174277,-1.7359343808634562,0.781574857484113,-1.1471572439377746,-2.219056096972656,0
0.7310691234511723,-1.5138510481117287,-4.0421090325810525,3.299101818283452,-1.9169323113832106,0.20274507821420237,-0.17443042126367503,-1.7225613406596563,-0.048387247384289234,1.3799766098682418,1.3128964027873802,0
0.9206480906385567,-0.5276544092080113,0.9222265988716356,-1.2405179107503719,0.2812101144799592,0.3876955289096653,-0.6913411719154419,0.03146520934512542,2.4581151736238693,0.26751174324219884,-0.14168769513304824,1
1.7061675509866674,-1.4713100471944618,-1.4223584515931655,-0.03157550157719474,1.3282699094686443,-0.9077908968225777,1.4038013804584077,-1.111484724033843,3.2883383547725336,1.8908446910412924,1.4183628875969085,1
-0.09077973897390704,-1.8535955269539566,1.100607015075422,-0.6679246063040856,0.723889830012558,0.4646483057236842,0.27272992014521247,0.06482673466891575,0.453045375986197,-0.8766393532097085,-0.928888812060101,0
0.7033142113227144,-0.8452534652421784,-1.1603984688254894,0.5682078493151981,0.4323796958854242,-0.18175120245912588,-0.174590212676502,-0.8672345362554181,1.6596191126977553,0.6770309229663666,0.9222860647830131,1
1.837378310912033,-1.3160367435180582,-2.630856711350919,2.5307503706571315,1.317754286663341,-2.470909708258072,-1.1485314506928943,-1.9416935758267564,-0.0032126008619797197,-0.37513351614788876,0.7990207139219105,0
-1.168221318238773,1.6721485637421742,-1.6902983398232707,0.9522688589165362,0.710528248799871,2.079226996636091,2.434099059741127,-0.42351962865821635,-2.6817053715101506,1.2819516207981028,-0.7456026181251036,1
0.8519553231409066,0.28170138918709586,-3.242590858234388,3.6917496395670604,-1.5046572696826575,0.683832596299401,-1.949776220228606,-1.7504476288105038,-2.4806604699915367,-0.951373225244174,0.9219871021447286,1
0.6473188694259812,-1.9022845427463582,2.5091079142998853,-2.5241876646124015,1.7662465569372237,-1.6203889278030945,1.7198882166318135,1.8018040894760554,1.97447613592668,0.7222542738582152,-0.46800678835631837,1
0.9954379242121709,1.2663164983093116,-2.6659399448869614,0.478355244563771,-0.25559888967941075,-0.2712655487376873,-0.15248005471982007,-3.722349634249107,2.4160401999895305,1.3177614316804265,-1.4624684193007726,0
1.142447179209727,-2.9234741597342264,0.32424776465144123,0.06301504447481696,-0.10093514608964815,1.2454517275837886,-0.06883034499192031,-0.09183565745214028,0.6700213986885457,-0.49296944834201417,-1.0078224049183728,0
0.2425171868396429,-1.495063737656528,-0.11987488104952013,-0.06353313881158273,0.7024164740743436,-0.29816464198578274,-1.4974614729183289,-0.1050227276298189,2.103674193557014,0.5179432145710609,-0.3692806571541212,1
-0.7007957455812802,1.2636464188750989,0.6240370440025063,-0.6742828550566196,-0.04873678568363497,-0.23760995023879294,-1.21903224905904,-0.0027662116812113835,0.9142430097087846,-0.24335988206334136,0.25726089452243206,1
-0.03161152137246676,-1.746698447775715,-1.7820856182839702,1.9303815702424882,0.05192654357860233,-0.36269129923633153,-1.0647854905497185,-2.215352403540132,-0.7940058410334101,-1.1407195948278128,-1.72542455006301,0
-0.20601739670949698,0.7657206612743008,-3.4149049860555403,1.601321498700514,0.34674480933898816,-0.78335134091211,0.951373250657265,-3.062972807105723,0.7326397964733623,1.4960893288241224,-0.2529078805589373,0
0.25884791990948974,0.985936314369863,0.19984388243738935,0.479580159434782,-0.05257155333780663,0.22361590008596796,-1.39842574923248,-0.16713848943798848,-1.8662388327540536,-1.2424980489620745,-1.294040877188001,0
-1.3171194615903246,-1.4130526447134453,-2.4068436121305563,2.969594693078304,0.9037483135099341,-0.03206029161883059,-0.9921187783297014,-1.2179503091051311,-1.7943168344793108,-0.8798745013701565,0.6199530589327629,0
0.22431882406425327,0.12983777096012505,5.384841967469045,-5.817322300677979,0.8426546907197051,0.6414523092561236,3.5494287498293238,1.2161510083447908,2.7701362848315485,-0.4942772104231944,-2.1545983781068534,1
-0.6078806892803358,-0.9496146300532802,-2.3771008942490046,1.7092622635702681,1.4706660035067813,1.164835127974259,0.6544334660115942,-1.5504971515470893,0.12040131053096836,0.674993532580904,0.565761775362575,1
1.4528842575004186,0.010411892183805116,-0.9477288756325284,0.7230104097111522,-0.09573730070982105,-1.420824145228976,-1.4135200621301642,-0.44573427488843936,1.0180456850256496,0.38597603852190593,0.7221760338175225,1
0.3511837213778626,-2.449603320479498,-0.17722188555816995,0.7538154570483319,0.2796541924191454,0.6912668446732554,0.044939818224676964,-0.8578891404252806,-0.06804464895457585,-1.418552300694973,-0.0748716272704385,0
-1.6205931650920098,-0.008051685419242727,-2.2328782767105597,2.050932153034004,-0.022463602683782797,0.09985079933261322,-1.777190778088484,-1.876591640783392,-0.2479085379601439,-0.3543653245729333,-0.11549252678309407,0
1.5045776351146802,-2.1030895273828536,4.743435937691654,-3.7348832981013453,-0.12492294555565969,-1.2885629260504912,0.8267841811421957,2.041889040519357,1.9437619926205119,-1.5496105199135781,-0.983634961427518,0
-1.5149603145683574,-2.2660231660901378,-1.7534147124621604,1.838751464117772,-0.23172337400522836,-1.8137314866943288,-2.3445834064091606,-0.5886870028857101,0.6328748402145146,0.4908809448483191,-0.9047596230554806,0
-2.0853451764989326,-0.08008901366176402,1.1015358823507029,0.17726768784540736,0.5145743230447068,-1.0398961106156368,0.2818242024937252,1.3924943491822415,-2.16718545539837,-1.3775485944830461,0.9989043379251267,1
2.2443851610631778,-0.0793435013411905,-2.704131007841137,2.1954835638294496,0.09875737711548292,-0.58877752841792,-0.5938039388930301,-1.1613265750746913,-0.09246263734104998,0.8497342014656032,1.210746837423226,1
0.3214961427344274,-1.58999172897333,-1.6408275447160356,2.044843407921375,0.5636951602680925,1.0338216807480283,-1.5095603942964682,-1.0695959288172507,-0.7709964145852242,-0.6604057622683952,-0.5394559533741325,1
-1.0091372196564907,0.41360064941056784,3.354216639494609,-2.6394927563511907,1.2775592574958172,0.8017844867894613,0.9973341322323259,0.7122426783872683,0.7706510238530453,-2.080970863990792,0.6831143257772142,1
1.031399793316742,0.4442576088556103,-4.343227262883252,4.338999432469557,-0.9807285131694508,0.7827661169281875,-2.2768391898886415,-1.700253391337853,-2.3942257492796113,0.318274547171951,0.7179693562594751,0
0.78387953736341,-0.7350722905012671,-3.0397719315896663,2.311726857457869,-1.7212405939467113,0.5562245725588091,-3.2475792735919384,-2.042377228439487,0.9960577236597368,1.0227971711628197,-1.774431801959236,0
1.0973351876159252,-0.8287813457757073,-2.450191655402579,2.2014845261011824,-1.4727412686432788,-0.8760608319546893,-0.5366671833789913,-1.3414948070615518,-0.42499163053778677,0.2818750768068903,0.47291711446875084,1
0.5723621835105588,2.5603992428638467,-0.6039077486892842,0.8734020699309701,0.002753413233271647,1.9732902322600763,0.8014578328458656,0.4664947081663305,-2.493546974796656,-0.22050086072653363,2.033691164255287,1
1.906503930743318,-1.8084824239377482,-3.08957669728661,2.603393733739702,-0.6376433969542342,0.3088868941184659,-1.0978107164263344,-1.008293892246498,0.852936743620619,1.3009625671296443,1.2662209481721585,1
2.0766562711734986,1.572284730102692,1.7615651070450575,-1.8189122161992766,-0.2225804940073067,0.7180298408584963,2.4089203688348224,0.3336022047755114,-0.9548200004909133,-0.5961613419065317,-0.4871306132207256,1
0.6737354520833153,-0.6581651077703247,-0.28615246083659035,-0.29713966614273757,0.10543722940563519,0.6392213169468108,0.12150712427098398,-1.166688584835668,1.4466347140966145,0.12470080769233693,-0.7176165296885393,0
-2.137163587295811,-0.466192686405033,0.5926349657960784,0.5171074215708114,-0.39278864062473545,-0.2640231515037105,-0.10645010233126662,1.471579504459503,-1.4887536861953161,-0.8010676378040035,1.5395727718115426,0
1.5187959801272972,-1.9591130739178721,-1.0285101746427532,0.9208102252287854,2.134838582273565,-0.5819748418526813,-0.2849844961128212,-1.4934466502275554,-0.6012470410930819,-0.29373279457822354,-3.120838799375141,0
0.5900585087124094,-0.4463476136773755,2.2484628772122592,-0.8589560323027622,0.47322778065132337,2.1764672375578917,-0.6824046147256262,-0.04146175194173285,-2.192522331050747,-2.907339679395502,-3.1056230366255093,0
1.5858686985030213,-1.7007937492980836,2.0712402487378823,-1.577493561535442,-0.4348167218434719,-1.7480005589178873,-3.035121022259383,2.216139797765794,2.114113564461404,0.9013548698819056,-2.5213619373751777,0
0.4883288119058299,1.5303945452963494,-3.9756890482079634,1.8751403301132183,-0.7833989592115864,-0.7161167429851351,-1.3624184791541238,-2.6566667329133287,1.310229282877526,2.741491679016819,-1.4260675563953433,0
-0.17210946110055036,-1.3286460853870412,-5.67425757532134,4.993573798503746,1.2133771588962325,-0.7122559461758557,-0.5452031848758037,-2.2016527640340007,-1.2375453361372755,1.4679727071638198,2.0689304933126005,0
-0.13289448508852095,-1.0161588394786438,-4.296679237213948,4.3702479121719735,-0.3038386555793214,1.2525111253503818,-2.974253219479859,-1.0162028122515805,-1.0602656878832577,0.9273643044874071,1.2722149318848213,1
-1.3410536000554651,-1.2138791055116662,1.635959297477347,-1.1131919377405521,-0.44703931224577237,0.8402459334853339,0.954351682620312,0.617377238833169,0.05432795141457325,-0.8903351414112525,-0.4097692612764152,1
0.11833407365055673,-2.1437515288565994,-3.97837037402504,2.885732516548209,0.27934972579190437,-0.6859873640669589,-1.4738081326069685,-0.5992085694385378,2.213869932156017,3.0414814256753075,1.8639644697427926,1
-0.13803030713871653,1.7018337128039929,0.7014830523689618,-1.7071639719853076,-0.9486315662685587,-1.3385063432087363,2.9975640420095466,-0.22397724512143502,0.005831199783836838,0.858413349346723,-0.6941733027348762,1
-1.0282747571567281,-1.4143571743041266,-2.727967918016505,3.2144981849503416,-0.5948258372079912,1.3706486075207354,-1.4177572240027105,-2.0585587658775735,-1.1998772933872024,-1.402351368164905,1.1410749937491513,0
-0.5944511589117769,-0.23862323648507622,0.769386020673984,-1.581612507477834,-1.165637518995779,0.4963468574979936,-0.16153444816501494,0.3377430450986014,3.2402069375936655,1.3181859464348444,0.3320825550175412,1
-0.8548396794827542,-2.0682072368354434,-0.8566309102167129,1.1883854591400664,0.13589231678649885,1.6672723271842815,-1.5977590479688166,-0.4544647504566097,0.3964651949472616,-0.2555440643317999,-0.5996295527552677,1
1.3182152819463246,-0.4385837831636464,-0.6782741889602784,1.5698140540641772,0.8652410752202293,-0.49457065517639714,-1.2695144570703287,-0.8920213975000415,-1.5866447278558846,-1.8864703435675054,0.25620290845883353,0
-1.0244565104015402,-1.2268648565477005,-1.0306332041524284,0.26633736122020724,-0.2703401871789142,1.6001441284158533,0.05234705451421062,-0.8001804892498052,2.190518608006692,1.0061483403211966,0.6834985556000819,1
0.4387503354578042,-1.424796456027158,-3.8519994146071284,2.7980794106663933,-0.7116797598934859,-0.773335966766084,-1.5905283530951038,-3.194970505438935,0.454882038388434,0.8310314311111395,-2.072534702810334,0
0.5012427569545194,0.6959678477292317,0.9222877177050633,-0.7684704848950812,0.1398312766512006,-1.1052021788964153,0.715570896985643,0.2452490525936849,0.04852517517174648,-0.6032681516353972,0.9590048000833072,1
-0.5055949128747589,-1.2939028550968896,-1.1689949601188319,1.644449458190762,0.22325358873363285,-0.5209276806332445,-0.6551372711574176,-0.8735053331819658,-1.276511837119,-0.8765258264026253,-0.5482555466751718,0
0.726767665528529,-2.3475946022117054,1.997555503576336,-1.8433596849756666,0.2903715540066228,1.268986766665097,0.8395944287324986,-0.19649567681341384,1.4280623608209166,-0.9183122332622949,-2.2009729021789886,0
-0.8481145948362266,-1.68310551485991,-1.489718884491038,1.2654301194557904,-0.30574377255449936,-0.8622662228662133,-0.507302682677218,-1.7461006678400732,0.7645333150754288,-0.40082472595580304,-0.12462570054317645,0
-0.4735929854036912,2.249894921477382,2.927793125624024,-3.0358748548764036,-1.5604138742950933,-0.18971092014313337,2.723559537344567,0.9143814059628335,-0.3596351545911413,-0.5617296264217896,-0.40716761964978776,1
-1.4537507969421926,-2.549431588464616,-5.7817375173067145,5.404871020951984,0.03540627788759521,0.4347766565583535,-1.9332508571048699,-1.6638139264622471,-0.8545770054399748,1.7511359912478948,1.5276111948245628,1
1.4882851603436287,-0.9111241154282047,-1.6130693012008412,1.2614564738388687,-0.7807242823542327,0.3740465573316008,-0.8773374863332737,-1.3263875179066116,-0.18668358523259032,0.3331620645705653,-1.8170933037469954,0
-0.1996401605712445,-0.9948181417316315,-0.8669289473524342,0.01159885485999142,-1.5629002289895193,0.5225849501133444,-0.058680610005949374,-0.3920480148738442,2.6025895711457565,1.4159083294296164,1.01381496557449,1
1.0917581713180844,0.7473054794789258,-3.389151135708716,2.7803540683461794,-1.6873525916055836,1.1148504022488106,-1.6389912346893158,-0.626485981282716,-0.07901734247413927,1.7145257802898966,1.946039777838961,1
1.1724418272071389,-0.8689404750637446,-5.109810042054734,3.989908114016669,-1.1474124916484303,1.8958722270665398,-2.300129964359281,-3.7280349982675487,1.7384613224939869,0.6172337347518857,2.2062454430182514,0
-0.8552011477680155,-0.043989773768397966,0.2892035618738622,-0.14746005378821858,0.3192324488795565,-0.5732053198345661,-0.8855066891319616,-0.1990068403092673,0.4032790375941727,-0.4457954874086725,-0.3398672550238693,1
-0.23502939981199872,0.9504161204896944,-1.3814019055080187,0.32928521102558567,1.2900210791089122,1.3228024906181268,0.551553693774294,-0.8063828485533833,1.2616821327484182,1.3284176638862415,1.3566664744637236,1
0.5508945588196354,-0.5129201661503662,-1.793414459935838,1.6087017107674295,0.5533030462647095,0.7127109707794678,-1.3474465299348979,-1.6773658408991678,-0.5610330575751169,-0.20824399293343476,-1.6104681386267803,1
-1.8039671548309704,-1.0580130714280842,-0.8079073102931417,1.5564690284818365,0.6637600621663743,-2.9020953244251246,-0.6870527487169069,-0.637455214626413,-1.6592327091758519,-1.3028211158261236,-0.26308114861214105,0
-0.7594157966715576,-1.385456151332178,-1.0574817565865158,1.2023877813554429,-0.12986989391392023,-0.4468198604071693,-0.8244167691404632,-1.520643644313365,-0.15271360228262543,-0.9267712201992818,-0.8578201510791853,1
2.375592390216877,-0.14420438505148847,4.371044695720129,-2.9086918491998754,-0.13193588164530098,1.5531053958296066,1.0237792248878197,2.987551153228485,-0.5716955349478179,-1.5648886210067046,0.1654036718079943,1
1.7432346088947313,-1.6869778084175264,2.7016742188334604,-1.8567430453639058,0.13633569131388046,-1.768550851933253,-3.4584226158058398,0.7646800934507902,2.9071095674227685,-1.3162496668405115,-1.5070700440956188,0
-0.285446879996717,-0.9781086744971716,0.014846815719339919,-0.4145972507633774,-1.743091024977791,-1.3407307633217824,0.0030427819234211118,-0.6757785806832673,1.9500045028665935,0.09766355148050299,0.304284859320601,1
0.21391219531417735,0.4263731258766499,-4.138590961913358,2.796078906870591,-0.31173027740469217,0.8311190216445105,-0.8567207766222984,-2.6633506806201996,-0.07316642365820958,1.5656853576655547,-0.5937177189485546,0
-0.029060078543284337,-0.8184909384535275,5.2147496811197716,-2.991992120484173,-1.4340491075385084,0.632138237682944,-0.09583659041198567,2.769986422026027,0.034608400123761984,-3.317584522762952,1.2675528033926766,1
-0.38851299809443157,0.7901058775701926,-1.5274981235611271,0.9026309928468531,0.6074368745128023,1.0334788610664953,0.9444114844087644,0.5141712499803353,-0.6178945673570585,1.9130412679443307,0.9937612959252966,1
0.19555244509968184,-3.187540878462978,2.96611741104408,-1.5799334409287178,0.23210597532022073,-0.6940676462848011,-1.8236437380073525,1.8973025648703967,1.4455420102270482,-1.2583057471528198,-1.3419643097801521,0
-0.02242471340866876,-2.465175266823512,0.3240750991131559,-0.4338612941545976,0.2687823361242653,-0.06680750985935047,-0.6876406121946962,-0.9849196515695888,1.8823048893013083,-0.4299514977251353,-1.8096433239943726,0
0.3533860340166022,-3.6120752515054146,2.3347087702623166,-0.7850583288517303,-0.039547729896583846,-0.6827681679067424,-1.8328834799399465,0.5284178063881779,1.2429656274913428,-2.5179886336688497,-0.730915000112,0
-0.3997120936546978,-1.8611992834315183,-0.3905130339266014,-0.026583066413457666,-1.591879931756075,-0.7098195872795163,-1.2916236215118069,-1.7753139884507014,2.1775872933794753,-0.3685189943573002,-1.779475925769665,0
2.097353015126489,-0.9646169260107517,-1.8864381572782147,1.3504433578624522,1.4399050162351335,-0.007914731969646939,-0.39808939929671905,-0.9889967962746228,1.2872519734300718,0.7605587238824757,1.4342428421549815,1
-1.7990272548729969,-1.760608818101445,-1.3893660623611068,1.4346330479067742,-1.1227056033634613,-0.6855937677668024,-0.8781361619307261,-0.2854174515509246,0.031147930441463467,0.49583580069087657,-0.36070227478667627,0
-1.115096308681557,-2.379989453405997,-1.1944104076433188,0.5215959123682475,-0.09808629543588832,-2.209526536907275,0.08160939979063775,-1.457964662215958,1.3465062575598894,0.642958400353892,-1.85878159913908,0
1.216997920466925,0.9924860091716772,0.5605138003404414,-0.5788804258277656,0.8971317599784185,-0.9395477147908089,0.6807212325099089,-0.6979807139437997,0.21058205098221294,-1.0602586537129457,1.0328795655383463,0
0.138829239189854,2.2869353053133814,-5.493101600158234,5.457308905396407,1.354982491958916,-0.6646680530690238,-3.0848374578711466,-1.1621230100132478,-2.9904939016414502,1.0230604254299562,3.090688397250262,0
-0.3063033894654295,0.24634587862957202,-6.236525725248102,5.6614080782426415,1.5846357717898518,-0.16114503408732309,-0.21898384502446655,-1.734145795652884,-3.2582120706950644,1.7730091553559142,2.265152376661847,1
-0.7799574077825029,-1.5326449318771749,0.49197681580516106,0.20020320163967184,0.4696225973062707,-2.629320490214129,-3.597160175216346,0.8454302367853379,1.1663574238367431,-0.08996583105168088,-1.321231996916225,0
0.41696614320581826,0.015923551932097935,4.2241186011493745,-2.8185375140543467,-0.25182959403407223,0.8067070302533867,0.37259792729812813,2.6099393246232436,0.37713346980908624,-1.8177787679051602,1.2433836112481527,1
0.017838520243023348,0.21307086499332084,4.657822514718327,-3.7012323071925044,-0.15921852970809375,1.6445834311341805,1.2129142167579654,3.084211176204348,1.4471775198758194,-0.9442980150027075,1.7207478712505373,1
-0.6591930661700139,-1.8129984134860022,-0.8513587238231679,0.4220412003042803,-0.31567320869950133,-1.6769344349708677,-0.7517833791134576,-2.6431472944353898,0.9932001357772147,-0.8922253111940617,-2.8827928879555964,0
1.9862898495086494,-0.24617722062587566,3.20037646465954,-2.250170349729262,0.3461660173236658,-2.4736096090989017,0.9252611370622008,2.2606711980441707,-0.6622126347588733,-0.7944722399857371,-0.9092384454250826,1
-0.4986821541707246,1.016352301824461,2.703501701777579,-1.2008224822901432,-0.14946896751985136,1.5068471188111854,-1.1777237022516027,2.2816448404605154,-0.12470203902252297,-1.767510040939045,2.840993111035547,1
2.841335004399386,0.21359230090818349,-6.867150096100821,6.345247261469792,-1.8596660147572215,0.3325010160142384,0.2175257015117089,-3.0041107200952633,-3.680105433882999,0.7109918793620469,2.9713457502302987,1
-0.7238340110585773,-1.5082825993555673,4.264832276033076,-4.2399002869996005,-0.42693006279323115,1.3577371692308822,0.36553985634876485,0.8164616511063503,3.5898540321732746,-0.7760337524035499,-2.266380028358994,0
0.7707321599196496,-1.2142443359541755,-0.22131611453420055,-0.3459244766591004,0.24169572836352124,-0.1449316543666135,-0.19844665862745492,-0.7320896641345838,1.5557198485921215,0.6012366228576057,-1.4720830651125896,0
-0.2529999327618729,-0.933010490307284,4.3304173340598595,-2.7941845758149877,-1.2408141576836844,0.5349956259039683,0.4036497021363239,0.7950529461509432,-0.553521777824705,-3.3683301926600873,-2.0404610751439973,0
-1.6747409554090087,-0.659540218060282,-1.9427125054952303,2.4307993834085804,1.0188170702525363,-1.1719148706627733,-1.3986579725541382,-1.13647800696214,-1.4159192320088638,-0.9104033096758177,0.4788374626994847,0
0.20028921823472212,-1.600115218933992,0.026253175396346758,0.3574328926349254,1.4493579189388377,2.577980046401121,1.8942582745370198,-0.0027996877170277656,-0.5720634237832989,-0.7235315955674604,1.348987988155298,0
0.5032428345104658,-0.5198630468387775,0.8956082882010198,-0.31603952427463566,-0.950367308321095,-0.1426469507010057,-0.30465375509075365,0.43970915318911175,-0.5240235923802342,-0.7986270977250525,-0.6731766522650715,0
0.5762622067569715,-1.7149964523045904,4.239302883635066,-3.557242683492604,-0.34959835913808524,-0.532496029963553,1.15352038271861,1.3717637423064748,1.3158710692552777,-1.3609616882933138,-2.311672676864153,0
1.046643514562103,2.4154433582435964,0.0017487906450170993,0.40720793092407376,0.21495106726554666,-0.023542047713726033,-0.39891041527161697,-0.4982746430864229,-1.3291718521778457,-1.464039695874685,1.711263386444878,1
-0.8358145118545512,1.045819661416038,1.882280100806049,-1.9783780052944964,-0.23902922028479273,-0.30182700354940023,0.7178359568872537,0.01607541834620063,1.3639524839927388,-0.8156014160131997,0.6978796410934637,1
0.49064488489002855,-1.730032061548898,-1.493286419001575,1.7451494185958296,1.3569770446125897,0.6219487654738654,-1.9332333776274118,0.11619560961700226,-0.1592837667896424,0.6539953784750232,-0.6437404974021415,0
0.14477753972583873,-2.3423838161845003,0.18606922857719482,-1.1149616567031582,0.6447906180262392,0.16675458332873036,3.063377217366014,0.7698370834561182,1.1253232862693048,2.2898822567677035,-1.4882307850441683,1
0.14710578544593314,-1.605008626365075,0.8039583714732643,0.22195128552708906,0.6238647646030343,-0.40936797920522505,-0.07892067876848863,1.2137849503366533,-0.5566931006948163,-0.8441551927991594,1.0716935149312448,1
-0.004201959233263152,-1.3603419023825498,3.901117349364855,-2.6703778257894726,0.5820939505218053,-0.6908891160473885,0.7814644007005124,0.9805978118952756,1.037432421103495,-2.7128874555100513,0.46558928013563317,1
0.7689966217501547,1.314934122176388,-3.3305359514842907,1.3888961094567644,-2.195448861656293,1.5836557813448482,-0.2987850645018151,-3.8905624387944355,1.6984889215340673,0.9637360214264794,-0.48216349716165363,0
-0.5158999233859436,-0.19767689459479076,1.8079336007821265,-1.1345896662428911,0.4756408081163655,1.6581455223996378,1.2822003820582786,0.8459645254878995,-0.936246067313837,-1.1350888656728868,-0.1718583849840588,1
0.8122892849240366,0.17757382455395732,-0.7218865219661438,0.8572892611789518,-1.0921678412906177,0.39162289331246924,-1.846668423135944,-0.4616100988899669,0.45555993334205985,-0.29418761205053334,0.6525854063791823,1
0.34963260105975846,0.7597329243786186,0.3401717896749743,-0.5699646727196945,1.2489589595899007,-0.34649972412234636,-0.9871189678890353,0.007461029282687437,1.260697834611829,0.20910954583916308,0.2725907497529073,1
-1.0186152193116647,-1.65029308492519,1.656516119192043,-1.1972146798355798,1.0732872476582125,1.3535860654938303,0.6364838142011602,0.7668343486255569,0.007825237121996897,-0.48534469492818755,-1.773536572176493,0
-0.08517174846480123,-0.49187921560515346,4.0352960406611045,-2.572639135694021,0.7107900130980518,0.8214200662924531,0.43396448021596556,3.191013193576251,0.1724838440325427,-1.2573405191651243,1.2102466337888984,1
-0.4357484053370644,-0.3325605383647112,-1.7028500549773413,0.4447674923296108,0.8617694293855932,-0.5899400672296742,1.6730470956320795,-1.316852823715369,1.3053164955392649,1.4379707935595196,0.7027084064542788,1
2.1117875469817275,0.5736499157832771,-3.1758578357830896,1.7164935941852084,-1.8808957990539392,0.47594804120354123,1.5641036599348808,-1.1605553303685407,-0.5467018017178402,2.5124693481597573,-0.07212772613693708,1
-0.7296847906273856,-0.20564687352510846,0.1844894417009604,0.11192723540970267,0.2831782348590201,0.3905363152088144,0.8055453138060964,0.9153199956169701,-1.3962657187313021,0.27465337697362857,-0.4215418369136952,1
0.22338550547587516,-0.5117469712394573,-0.9755679222384566,0.5922981639974613,0.8237079744924383,0.9167796656436662,1.2196239220314966,0.3806173831757309,-0.5567652824437199,1.3535297615275113,-0.020947273671076183,0
-0.939240690067808,1.2206824920995103,-4.677890554189091,4.7995444665443685,0.39623045574258403,1.8713289569886569,-2.890470105448581,-1.9580631089161846,-2.2665855620301416,-0.1506181828879054,2.341817596681091,0
-0.3280120232893852,0.5228328785346286,-4.527778607343478,4.498955547726076,-0.6261978932866759,0.05061139707704104,-2.113319924266185,-1.5958125678512256,-2.6623780638172807,0.5080705432627981,0.7789495126274188,1
1.1321881556653774,-1.0365365845258432,-3.3434023376827495,2.727405605412509,-0.051201924874857245,1.3734808502364344,0.16747851295593785,-0.7857983939222611,-0.8957930471746853,1.750373207710023,0.3073008087778748,0
-0.5683561619077035,1.3425024389222322,-1.704995577873329,0.9773664781635071,0.6543242849534533,-1.0571408441573336,-0.5601739776963306,-0.7006194048066434,0.4923781751237264,1.0745178455654618,1.2178043828806022,1
0.050337832316402556,-1.5581363949906688,-2.157882895807523,1.2745408709345936,0.8216338886575286,0.1626676975791318,-1.0737033360243504,-3.055956028851144,2.21841945535534,-0.183631129019584,-0.46418901376334376,1
0.7355150859539376,-0.7285252196353977,-2.8826147386428644,2.1390162996956352,0.09410571881095205,0.19553835139505146,-0.6360931114823716,-1.4910351044413568,0.14802722652424993,1.1864125453610854,-0.1734746615521714,0
0.4646558182912299,-0.33045369179789735,-0.0048389752760733444,-0.3442034921377072,0.7231996123829245,-0.7477847529184571,-0.83947925086632,-0.3916673662338016,1.9895489310151804,0.2590330699757779,0.48907849021523936,1
1.1262266838471777,-1.3745239724033012,0.9749566160528469,-1.023655243421213,0.31598039423921315,0.5857632790265709,-3.3913277315974044,-0.6966623823132094,3.1520101164635053,-0.42453926582806156,-2.3684500132303223,0
-0.6330732006632385,-1.2637451121743963,-2.1584249482667204,2.2984932206989415,-0.5633955461057272,-0.8160258308815287,-1.3868540212964056,-1.0135082563452786,-0.5122636466052846,-0.06282481320165356,0.224163445240244,1
-1.5768743718613718,-1.4840341692191819,4.762032393781886,-4.791388895350987,-0.3039834490356295,-0.8084566275410049,-2.402395550457756,1.9260521803444723,6.2403959234293405,0.21463575535200075,-1.4051312385648036,0
-0.9317556439993759,1.1307502160963576,2.067032918483249,-0.7000614327629128,-2.5828305132103346,-1.3762451478094286,-0.06716449978873051,0.5612206849999698,-1.7857526495090612,-2.769748941711152,0.9677650690403086,1
-1.225013344800933,-0.22116210935341918,-3.3639157152570673,3.2649344507419897,-2.3825765626599074,0.2712203702929295,-1.9774702571236897,-1.111834663688431,-0.8962803709041531,0.6116727028138949,1.0829832577250502,1
-0.8791724717655705,2.4632304863020766,-0.3303172568550724,0.819207985665058,-0.24082050286694207,-1.2806729865351933,-0.2734373438877742,0.9329681192201629,-1.9928504080444989,-0.21383756200774362,2.2897706758708507,1
0.5908079482062705,-1.9679713066212836,-3.4500474507377294,1.983263286805165,-2.3813778541498816,-1.2090482401662137,1.1419565664505877,-1.469586294359333,1.920177315346534,2.483845120758512,1.5708542548431152,1
0.12471212719296125,-0.5460359787461291,0.02569999741193934,-1.8353689668236373,0.642468506295137,-0.9052835671730518,1.2317454464511448,0.2519483966041358,4.99680266268735,3.0211758821411117,1.5548918055163825,1
-1.3104555092166394,-0.5651167863002268,-4.113878862686934,4.326905596724275,0.037561824977707874,0.3780596854190852,-1.741462646788945,-1.566105286632466,-2.617394804684107,0.0698183068194671,0.4704620520617784,0
0.05633248961496792,1.7376251482567475,-5.758184084628834,4.031355711552315,0.03814207169212134,-0.1871958435619116,-0.577738414439595,-1.5096505675129652,-1.4524954261348209,3.7039144313803325,0.34568863766626357,0
0.7960355457393921,-0.062012024090607354,-1.8223962636631172,0.9580493988512158,1.664242964726957,1.5001236589381848,0.18266113786007454,-0.907102040304048,1.1338657180140155,1.2449863177305467,1.1923194474340804,1
0.5196877989761054,2.345214486968123,-4.571405231471232,1.635002980434801,2.1187101534359423,-0.5256564206494057,2.9049930609319006,-2.981431872864727,0.32771200956776836,3.604173851104698,-0.058648673840859034,0
-0.6491410236718638,-1.9786841375451238,-6.247883532473378,4.638146991360103,0.24465027255718957,-0.6515103007041428,-2.1474763078176737,-4.982383141753087,1.6471378865310282,1.0249907544974033,0.05212185029464944,0
0.39139302301623663,-1.1851712955433795,0.7719965328122829,0.06721703503311234,-1.1597766778858847,-0.8162959256410343,-0.14724238504475406,1.4093516005945863,-0.2428974066802546,-0.40085030525316595,1.295435399542309,1
-0.18440342741243493,-1.070955102690535,-0.05216541203159038,-0.6654596603878327,-0.6664851275820707,0.42881853795482283,-1.802430591572066,0.5929647503615973,3.783866816019505,1.907706974270371,0.4764491769145475,1
0.405497763962132,0.6000569907238877,3.5585961124873218,-1.004025942535134,-1.8201559619515217,0.2689864522228647,-1.7782252255581226,2.4543319254620894,-1.658206325719625,-3.5683073380229624,2.323103057448959,1
-0.3473420256066048,1.3797357153273357,3.8075878104621936,-2.50274363017213,-0.12814165675337952,-0.7273396392238266,1.3010939997163307,1.9057065931208101,-1.3730069909509515,-2.255796644448945,0.6559050963442133,1
1.6464693532968988,0.21298222060785577,-0.11131442703431513,0.09512866416335243,-0.4257278221910605,0.314699437136237,1.3291146563418246,0.38094010104667125,-1.1307424152887147,0.31196773413044543,0.05298276775675925,1
0.02511560432915149,-1.564360439756812,4.455602273774267,-4.076815058944143,-0.3897408770529445,-0.8317196213157324,-1.67398221488714,0.27528819640307245,4.400136543829937,-1.8016467180281366,-2.1673187858599894,0
-1.472185285022145,-0.7180890574513099,-0.5957631246705516,0.23469200294660364,-1.2765160397772113,0.7898996327001945,-0.8403092832663659,-1.4432908645233926,0.9248311712440689,-0.2346027235115583,-1.4421561232971984,0
-1.6020795371987022,-2.752234556699194,-0.48994765209281343,0.1169753490520481,0.08745858762482768,-1.5479748971801526,-1.037545907403329,-0.2309994854445574,2.9275136125342636,0.9215401590750083,0.04209159112515193,1
0.04963548320083027,-0.09222866818402076,1.2920065111518908,0.35429216140809644,1.1889834120515959,2.030276689093477,0.1314875768002347,1.8114029880780307,-2.7398838656325317,-1.6958023210963233,1.3544809295027502,1
0.2372395009934736,-0.19767638293254775,-2.377438029943879,1.9141475113933208,-1.8099044141045357,0.4264210169055853,-2.6706611147498927,0.6658124588659871,-0.04374427352462096,2.6471800736762647,-1.2440800179579636,1
-0.06407947109348178,-2.0333551536830927,2.0664288381378126,-1.0015374442933573,1.0048297722145287,0.10504542763363652,0.8035102577560314,0.8168080934169903,-0.9667656035301956,-1.5900987651395357,-1.6079748681155963,0
0.361719056285399,0.0546946128024105,-3.7711986515453746,3.084768332466528,0.059340265468699166,-0.3780457208756725,0.7838368241492317,-1.043406445238136,-1.6121766015415389,1.57809059953196,1.4134094348279278,0
-0.24982122741444868,0.9307480105953339,5.93579181933542,-4.503887109484921,0.8306689466386304,-0.05921669360882155,0.07164338087983046,3.999558910277198,1.4581935381255768,-1.3928566678174703,1.4212106118147263,1
-0.08695024009404573,-0.7341125514767476,1.2894558334395647,-1.6982972711858852,0.7287794289222445,0.41197188008800845,-0.7291392184647187,0.19177104612231854,3.1237997457951767,0.4388569758616205,-0.25567387270978004,1
-1.0440505684379067,-1.2639660027898687,-3.1551655650289008,2.834198469283133,-0.11378082835194589,-0.8545761462922226,-2.6289289905316875,-0.442684668670582,0.912259393692922,1.6190964572473825,1.261291431415997,1
-0.2647362094853838,-1.5848811831200589,0.7692372374043956,-0.6085474389119523,-0.42772133696213555,0.5809240656296737,0.04251562049350577,-0.43386205113907245,0.1408634230080057,-0.6271961645048115,-2.4982925135651253,0
1.4181223032291523,-0.558078891480573,-1.5170390341291633,1.1348435215298265,0.4099710708875822,0.31270864743053,-0.3252123898262956,-0.6381390083167453,0.43524208908741896,0.706546144440316,0.5325762132925973,1
-2.018812981177649,-0.17262960113793335,-2.215404178176806,2.2146543581430653,-1.2958290960121814,0.5930154883135349,-1.7940197375859093,-2.098376235339601,-1.5189536681817684,-0.6809968198971017,-2.069483023462039,0
-0.8226572916923727,0.363417940338145,-1.0834090936808118,1.9340401253391963,-2.325309982346305,2.508911829073907,-1.4876981744570468,-0.25606380739542933,-2.644346458071822,-1.0857484594119076,-0.3019613644368514,0
1.2578463796684882,1.474433155989196,-0.0729690311155076,0.22082994677530454,-0.34997959551126095,-0.7730936733488486,0.779462010410357,0.8593994047614428,-1.4291662513128771,0.28007586054702727,1.2627436019851201,1
0.5524162327920503,-0.8493712659832313,-3.5216779502480104,3.433833705236076,-1.7634449526037808,-0.43777044558106876,-0.4397579552568769,-1.7277465352037833,-1.6521544069599752,0.07183952029309326,0.9478900152265519,1
0.4096692539267221,0.07424070779619252,-1.1267334794991264,2.908171246379651,-0.2929292505484006,-0.49710636928345775,-1.1251386477517824,0.7654653019870161,-4.483412202826946,-1.807702923452903,1.525771491718287,0
0.7014208539939729,-1.683821393975189,-5.081046616813799,4.1967251151213665,0.9617515144156049,0.41049147811203085,-1.279418123151205,-1.3212689686550778,0.508102700504143,2.416303178170601,2.27049094693493,1
-1.9679646056528635,0.8420908310161654,-1.9584799247844655,2.4879277222702685,-0.27111242536351754,-0.4011775004032072,-0.364139901312468,0.1381561112145966,-2.8789133669743014,-0.10455084655209623,1.5457728003641669,1
1.0682971629559088,-0.21662414931424168,-3.116037099709673,3.439325041785233,-0.28659943648781955,-0.1931175369790032,-2.803819200810996,0.9542842103120985,-2.018545174382794,1.8126103761471053,0.3212803389441665,0
0.305484982722702,-1.9877651129279514,-2.7034727286552593,2.4141919002242433,1.4180148323182125,-0.6842335599912167,-1.2006512002152379,-0.9742834565866629,0.5136892635929182,0.9354031967726992,0.49883990937417205,1
-0.28461450814757994,-0.6819743581695927,-2.3273353322084582,2.4671300663102134,1.2493856098896214,0.9171110946136608,-1.2461297659665342,-1.1899196639919651,-1.3496785129716478,-0.1724319690314826,-0.28910870444349757,0
1.4880601388847376,-0.9222812783182412,-3.141256835238101,3.3953393155554417,-0.9428569215397933,-0.5849448345705566,-2.778899703587265,-1.0114207589654283,-0.7466963783275533,0.16310691665615396,0.9027358494564153,1
-0.872996973196886,-2.522880695667975,-3.2331584917951477,3.2873219182142863,0.0841110456345442,-1.6807857684032883,-4.481016653255736,-1.7481573294371504,0.5546048773816808,0.34518518455657415,-1.885291872983445,0
0.4219033552024758,-0.4293777721726911,-4.945742420143357,4.341201041768066,1.859748929381494,-0.4044312823447122,0.6034309476463531,-1.0567043862570582,-2.492420948361846,1.9644530947734749,1.5952242046592395,0
-0.9067054465342513,1.0690593341790955,-3.4834780884528005,1.04936594358788,-2.160562474642972,-0.20122287152705504,1.3747341708021665,-3.1807594770980927,1.472558309715085,2.4392429139022997,-0.9977119091655915,0
-1.222744774662349,-0.13866433265968847,-2.014444644579925,1.6756791263078166,-0.47162045237446204,-0.7125303938051541,-1.5440971806584973,0.7733230834250746,-0.27508960985918507,2.224402470613816,-0.17404398475523208,0
-1.1652608302634184,0.9689879117247764,-2.5177371869169423,2.675989612606558,0.43933383996552094,-0.6952606993310707,-1.780502315462361,-0.27361814452035216,-1.9313441166470326,0.5063816646832022,0.7319426793656567,0
0.4695991178588231,-0.20164399831278224,1.1083421649275924,-1.642122577931058,-1.5450977690663394,-0.3804019767870087,-0.7651948787984796,0.6174246840136726,3.2408761377240767,0.9983729563352789,0.4745478444707515,1
-0.40364842630013054,0.8013927026598814,-1.2737593973916201,0.8383324253638179,0.6134974815968031,-0.17576223474140718,0.5670059202742959,-1.2284497823776699,-0.34934303683972395,-0.049814558781646756,0.8003765199697026,1
-0.9576144367576979,-2.620903363851963,0.6648706693902896,-0.5031353047845767,-0.30821499652955153,0.38450458163046947,-0.5362294913493755,-1.1295778262130072,1.7116443734426283,-1.1717222028510308,-1.4651944272970217,0
-0.029873802876590905,-0.40901130794382795,-3.7485622635024143,3.960091129722508,-1.210224604508337,-1.1605301177104799,-1.6914133882348046,-1.4170692931757214,-2.0937299030290673,-0.014888656274915979,1.1005281444877517,0
0.24344480559725165,-0.011119911978077268,-3.907999025707935,2.193844161619294,0.2663010307045953,-1.7267918275101029,-2.4149280988144284,-3.8975087962103396,1.810939648613194,1.2378588558369057,-2.3449244886939296,0
1.173984104438809,-1.5024930842655886,2.230096609262235,-1.269649546853658,1.5409113339138005,-0.23833540950594118,0.3807860283967597,0.6644116525959411,-0.5709793136559269,-1.644816721354332,-1.6601763708410116,0
0.4267790892560205,0.9692308020567397,-1.2345258443470777,-0.18378867797606657,-0.6314404061780127,-0.10597779027256744,2.211555897543211,-2.234815149433281,1.2319418246502256,0.5136967229778733,0.7077004649316195,1
0.9030572173224825,-1.765585723411498,-4.251579906452448,3.7253663010473366,1.7615725975856023,0.18484174637912767,-1.4154185982187941,-2.6996507777080243,0.5058186472229338,0.29993455367112154,1.6186915409009408,0
0.5448388737829897,-1.1279126748966333,-4.017171153670087,3.294753468916721,-1.2249848518128974,-0.526409014022177,-2.202585897206104,-1.6083322858784523,-0.15781273240261384,1.724887708038759,-1.0138849258747573,0
-0.30749339667819414,-2.948410526092606,0.36140732736639575,0.23077822995794908,-1.040158783529991,1.1650857980255984,-0.3088631584668141,-0.5197701570105413,0.6409889488732242,-1.2499176152991953,-0.5944167404091105,0
0.25615142718906586,-0.3687316440806053,-2.149390558115998,2.4511549434531803,0.607611865187094,-2.9094570246551004,-1.9019593721640584,-1.2963678612243381,-0.849903245568947,-0.6767126824880996,0.6775433185155125,1
1.1231112632211857,-1.2277990879808465,-0.07332287185403219,0.6562202216671538,-0.6827498706886554,0.07139233105356389,-0.7109876190530537,-0.92580355741702,-1.136557514680992,-1.4465822868393277,-1.920250438897508,0
-0.1129197536781605,0.6838446248192884,-3.641142254182877,1.8606495979021354,0.43396992447842914,1.3924241281019223,-0.9620420619125614,-1.4614438375127352,0.7426168379421975,3.2314384694828853,-1.5715906662486017,0
0.38570479525328905,1.5115463188773812,-3.4686829001291497,2.9673327895311674,-2.3246894704357275,1.655179107171354,-0.24755607845505767,-1.4416854446650968,-1.7917993750096468,0.6943563955673301,1.6763080634734977,1
-1.1488807769346585,-0.5057845599670328,-1.4465810751340813,0.27471710633948276,0.41391074824373136,-1.5949685927061652,-2.1530814195702117,-3.6103468840931257,2.844378566393721,-0.37314326879200665,-2.5160698643874806,0
2.237695656401652,-0.604032562685658,-0.7238197950942433,0.24881100025060254,0.14525341020640956,-1.7410128497172659,0.6867236777796331,-0.8334117853111438,0.8509033537897781,0.2931246411255046,0.48925668310400916,1
-0.3734498192697151,-2.6993848279157886,2.548693688900282,-1.5810889167306301,-0.13586022062019348,0.038900335418005784,0.9021823652343828,0.09364602671028144,-0.23561053814102628,-2.1517516461612187,-2.612047909558979,0
2.2441705280722313,1.237296107022182,-0.12482652457786642,0.9876130485217972,-2.0309148183916452,-1.2722760821675618,-0.7718758648251611,1.9824036898022448,-1.9774991490173512,0.2017636544923116,2.136070157227608,1
-0.7287520311814204,-1.6706135667655455,1.55950510763891,-1.261289412034609,1.2424078752463914,0.6281739491163055,0.43708768124859,0.33957369294950657,0.3047455956196401,-0.5124297210835459,-2.2953268792746293,0
0.09389579709493714,1.5165715661870782,-8.31405235949179,8.10141332700064,-0.7053407673241309,0.47728578934631916,-3.8882422582301004,-2.9883029430100807,-5.216707327153706,1.1602830308441492,0.585952282331268,0
1.1776832678097937,1.3296422080580177,4.535580609019654,-4.809771633315932,0.20388416387394098,-1.4529282636436278,1.8240943782953831,0.7228995436816301,3.1896513106167124,-1.0460495500007922,0.20848630983563188,1
-0.8512818985822648,-2.9299610232384703,-4.21773030715046,3.529016810902661,1.6304540162882208,1.3729683293218131,-1.364289413919677,-0.8409177049765802,0.9535404494554296,2.3984153680495925,1.008542801860922,1
1.5692208400774657,-0.2752931929497089,1.1282326740877333,-0.057914874620446054,-0.5917605087128017,0.5696874224469894,-0.13187004116293233,1.438573325572176,-0.82927524732716,-1.0257279244048099,1.7678587564930204,0
-1.0390908475963923,-1.872024696010262,1.1266593100270772,-0.6362902750261921,1.865893802704624,0.5474671904554556,0.7936728419205856,0.7344816445967071,0.3824716753678006,-0.4913095988107546,0.12758957822004457,0
-0.7798039876174506,0.892919927019047,0.4507126780904083,0.705591692606668,0.32827625207854255,0.32483540320753984,-0.7077101001624335,0.5383996993710705,-2.22123673268273,-1.7176091557339581,1.085647817562811,1
0.5541421402425482,-0.08360979730172746,-5.759840370254195,5.283793585850498,-0.26462446898873226,-0.784083992746864,-0.6429314358218812,-2.087342227882811,-2.5195242424857494,1.1535382385333004,2.192953851447778,1
0.19300121760988415,-1.4417838435377868,-0.7761580820211801,0.4496497059555426,1.2817684622481715,-0.21282066755511986,1.4941905641070556,-0.9707055441375215,0.1914978756322291,0.012419598472245608,0.03030296769422247,0
-0.38571494423786173,-1.132869127094712,-2.9959090829826223,1.9262575753450013,-2.31213396927493,0.689165813702561,-4.173592165984948,-4.05086870421801,2.701401884408455,-0.08533006479076133,-2.7889263114941807,0
1.727492802376079,-1.29130264531672,-0.23477986302718162,0.4395099776697102,1.7807394942595447,0.765366968066704,-0.5116759994177218,-1.0987146636853506,0.020304489175224427,-0.9893749023035501,-1.1430093902018128,0
-0.6427404990235871,-0.3297097008981988,0.370388895933419,0.3464578745630209,1.6167703582968485,2.790588519209844,-0.4345735632103059,0.43289730782248714,-1.8992916883706414,-0.7421372350232833,-1.5990041520195488,0
-0.5245510720101322,0.8227278177415336,0.5676476864439483,1.2908202105336988,-0.12215533545307333,1.0747102005551248,-2.912039782950317,1.2134029512082436,-1.266688912411926,-2.3742906506452943,3.7217595471702483,1
-1.233562727526591,-0.7933710105396014,2.405190988073889,-1.0551284141344452,0.23729891686609234,0.6486980276233032,0.5925240644574656,1.941226188640443,-2.084493742867812,-1.300648233444461,-1.3184038591512397,0
-1.6628260058299722,-0.27400666455856815,-4.542766955429339,4.556051018085535,0.9809511328822698,-0.3662765917822853,-2.2307655338227774,-2.139267081129317,-2.037702108706645,0.020654326887131425,0.9187447006737599,0
0.2962439706446461,-1.9173233188440644,2.2943307889814313,-1.2631681974531543,-0.19313480420416412,0.19797872946431444,1.0285666158552407,0.6804147674640486,-0.15711343923073484,-1.893522830573532,-0.23364801567599036,1
1.4449780627405908,-3.98825145679855,-1.6268823323980475,1.5447071088912476,-1.2016085178062403,0.9826064584092671,-3.836995651093866,-4.876069000853363,2.999234100972311,-2.746766820924412,-3.182140789172716,0
0.21681932070092388,-1.727203710538518,-1.5715828552491733,0.8735681401308879,-0.10225409397177461,-0.8744412289702473,-0.40268860259247086,-1.8846633791960548,1.3881818477944814,0.36586343478409034,-1.1656603910240766,0
-0.025758920237002533,2.4706998059546006,0.21128539543500025,-2.3828362398526877,0.15985970375133818,-0.21585183192866134,4.749817186480673,-1.260587222564389,0.38624188333139675,1.9717132795990542,-2.2218554472605714,1
-0.5866604341869508,1.201954387126862,0.029068967457175778,1.3975836016549144,1.235480243082154,0.5328452156795963,-1.291869925551231,1.0197156604932152,-3.1734591350404555,-1.5506462293451877,1.2470049088789554,0
0.7023264965390408,-2.5714149606971755,2.2161402767052336,-1.080194679065339,-0.9357228455153345,0.6155792416130617,0.17958203466868494,1.6229888205732148,0.5290844981505443,-1.105816231774566,0.31333187407903607,0
1.0841924610954838,-1.7005528082271733,-3.4203351448995876,2.2112712795523133,1.4483251716093357,-1.4366848345397902,-1.4494925109244496,-3.570487497279455,2.019614309061196,0.4835989670502403,-0.9228616619568659,0
-0.8278924765321023,-0.2857776281325676,-1.0678940263197023,0.8232758171117964,-0.04373399981508271,-0.9199001105746157,-0.4342987152800576,-1.0907408610529354,0.42290645456447234,-0.1194850091927473,0.32799971975589987,1
0.9538347724523549,-2.420750078766072,-0.14905660024181,-0.8535056703057858,1.1420170505022962,-1.10806084730163,-0.6445243287138465,0.08995330895233278,4.896057538098422,1.959396570477526,1.0708650534062674,1
0.11999317271725339,-1.1684203171586178,-3.0279400677374677,2.6219800231764814,0.2552023156758959,0.3044289219709706,-0.05659488992612616,-1.672175748856286,-0.422449703438013,0.44600702385482244,0.8940741451911931,1
2.945936291762304,-0.12587099402948543,1.2274248285955043,0.4329783232579861,0.01028829401504485,0.1864281439256328,-1.7487396026188884,1.7319897610147488,-0.9710591059572575,-1.7414691007956316,2.541281273780161,1
1.8463684783497882,-0.6893197853621069,-2.2584697222161667,2.3066324828801106,0.01686421203077462,-1.1259375778850276,-1.4672113538879392,-1.794861379391918,-0.1253059556479288,-0.6939962426882161,0.9941308730895291,0
1.5960244779811372,0.37830199936065495,-3.029466724325486,1.7669452440269258,-1.0161246048220365,1.0780068862904384,0.9797884855293083,-1.8482332569677757,0.12658233106387895,1.4931580717621642,0.7139668446173779,1
-0.7109386688975634,0.45625264765379,4.655095891482655,-3.3226795460925485,-0.458807734206902,1.034376766029296,0.6685588105141955,3.3974721277703956,0.5352805004797572,-1.2488146989312139,1.5755256198996523,1
0.45969310315314277,-0.5247101879162308,-3.0935806584127556,2.620092615476915,-0.024691994588714544,-0.28117895789275565,-0.8966352617065477,-0.9596415756943942,-0.15459094912841498,1.2009586298251556,1.1872993479148037,1
2.1423808722573785,-1.3342540940375518,3.8536963931955546,-1.3890952035284492,0.8738052075889576,0.6903440231530938,0.2909452762575242,3.2945191560571665,-1.9208293904936855,-2.6574636319510665,1.4426790464237302,1
0.2682355184956761,-2.010804069772766,-2.7045273480035816,2.0615467083482164,-0.49176863676839233,-1.5933913990691282,-0.3253373872790602,-0.6301937278212459,1.0500609937319938,1.732784101543793,0.9989777137196914,0
0.5145162543154159,-1.9653429285600585,-3.2093663893040105,2.451347985217165,-0.4572319446932233,-0.1268104571781379,1.272948886687857,-2.051663567163747,0.06520175665984973,0.7325996667066988,1.0133518410702083,0
1.1624281656389501,-0.7461204729329651,-4.153731851649703,4.543855710432593,-0.24519693830190065,-0.19911628777838558,-1.8951264548534008,-1.6734122017457078,-2.6550355481797183,-0.3125992350722977,0.9318641379307296,1
-1.4523522567948013,-1.305067963467987,-3.964435942568147,3.0035469573122637,0.42516007211998574,0.688200021110847,-0.49615244024326977,-1.42200140044892,0.80257391117467,1.9476380581450006,1.678970195595364,1
-0.8793651344884353,-0.6420629177159746,-4.689132035619413,3.9922503793981177,0.8454218065674023,2.3924325215179834,-2.304254085384675,-3.143259634907804,-0.40164699809717486,0.46086247082976717,-0.19771809172955934,0
-1.1022169452061112,-0.49778248610977965,-1.28771106139707,1.1754484318344216,-0.7514922893780536,0.45358477666647934,-1.5281641142826423,-2.4042668098745166,-0.04213783727499132,-1.1797240925496206,-1.7305189743189868,0
-1.7798641444129262,-1.5088866623556978,1.7722487007286503,-1.3968567128843214,1.0561509101395599,-0.04576145822013051,0.21382353046688207,-0.19080627965304786,1.2665257662360527,-1.3432389386684394,-0.7066318665497944,0
-0.7820280135791443,-0.11987262293225054,-4.066052072224855,3.9346950663159888,0.7153106786844818,-0.2706504260328997,-0.8178843227971995,-1.8580894932737753,-1.9514086895132323,0.15756415022554293,1.5560149371352718,1
-0.42145783790412733,-2.0395536972529493,4.423147270444718,-4.364890437197366,0.12577237210218878,-1.507687612371614,3.03397844469802,2.672322625417555,2.149517812794925,0.6217238648763148,-1.6413572300275268,1
-0.1741168672015997,0.30385142013016114,2.959576299890987,-3.371674381981563,0.4234355458046876,-1.010275981107956,2.075424529684975,1.0585244524281372,2.2791043978055816,0.23774440126101504,0.03482078585446835,1
-0.9382174353682747,0.7574540873292137,-3.8173706385325543,3.411345056414135,1.2386594743881898,0.05950891689175413,-2.9715546270572872,-3.4289938451504316,-1.5442324672690695,-0.5775568098982812,-1.9977030842970769,0
0.7046849987666352,-1.6747007577683097,3.4605327492770357,-2.94520377680638,-0.109455333508117,1.0578930272442293,0.7019705234838232,0.22452814723026426,0.3055722082134975,-1.5853752409957576,-4.677504385222419,0
0.6212070620102573,-0.14816819810834037,-4.742075778094642,4.807229517850701,0.12993829801494197,0.162095239506096,-2.2016807358538455,-2.248906056172375,-2.5968590264267952,-0.06896076563318132,0.6166578351248089,0
0.6290949618995555,-0.5499205151401699,-2.8499946342804097,1.720684641043109,0.5271908691142629,-1.7662585872009111,-2.625475909765697,-2.611252023222618,1.7320550948918474,1.0415774045051345,-1.9677017011088556,0
1.4046823957794048,1.8529762624353452,-3.6390466014988654,1.7177594490204542,-1.240398105880375,-1.307789337859523,-0.7426147225678411,-2.5216195500199583,1.0513471182898888,2.276922374083977,-0.40685861426667125,0
-1.7653189212275606,-1.5346179321008324,-1.0466955575202446,1.4939854806488273,-0.008606870486948161,-1.4656230299298674,-0.6174286226312016,-1.3150337693541367,-1.490505256978484,-1.1592009952238835,-1.8024805422453805,0
-0.016970026778976834,-2.1906830510613573,-4.5327949119139666,3.3156852742936547,0.026010560019820005,0.24070046916604054,0.42282819801055904,-1.632713055274358,0.9719629364813975,2.4221281285682705,1.8566330410546243,1
-0.9642306703646549,-0.4485362945013234,-1.6092314958255087,0.8479790314941772,-1.1948830982805223,-0.8985085116847245,-1.265394754223749,-0.25947291573016285,2.2924865638618077,1.6774873103670536,1.5052616924557156,1
-1.135790631635905,0.3027785234521416,-1.573223271996323,0.36910387813315454,0.4763969308427468,1.7949186417233836,2.925393458198319,-1.5923434305545312,0.1560266152590507,0.9035917282777022,0.7459154063066893,0
1.004361895739147,-1.2049655562784913,-0.6158075161636986,0.25233898443504443,1.2505644391890263,-0.5694569385627534,-1.3649761643723974,-0.6565108058558596,1.4396808429091585,0.5639126399326575,-1.3471278976111303,0
-2.1092217894500873,-1.345954588328961,-1.7814152914645975,2.4720903575626894,-0.2781805583482949,1.0609721012031599,-3.328620948158907,-0.45704286900480146,-0.691347290892379,-0.4287383247521783,-0.4484024813909404,1
-1.0165687810914616,1.4317369743384976,-4.570391188080178,3.4281468416911847,-1.7612709708228773,-1.485521454043287,1.4019492678429237,-0.48880651474236686,-2.335459183975912,2.952999993867574,1.925940999034369,0
0.625737372175877,-1.6377648319294331,-2.8046980553760954,2.684909375103543,-0.3669703276858853,-0.4626168592652613,-0.8243620705239718,-1.5232397859858395,-0.35526009720738827,0.1409550894587428,0.5470659890174492,1
1.4362521092791707,-0.5791974486505107,0.11217997095766562,-1.0696325470972619,0.9513660730343547,-0.45028133364756134,0.25937109734634634,0.12799025948187492,3.191692209199296,1.6021469789635128,0.8445191606801224,1
0.5128852534960244,2.1117493481874305,3.292895762128811,-2.395015342288549,-0.013305276565406773,-0.47612699366224864,1.2135696836239136,1.3123982265303393,-0.7963749922321203,-2.027016717839242,1.2513812620265734,1
0.8137065510253232,-1.0756443935032922,-0.06697451430535807,-0.9946886867877609,-0.25333495583265436,1.4303696082553903,0.054651266728530934,-0.19023227768467155,3.8297050324460082,1.6103103079317633,0.9225334093940631,1
0.8603408111135565,-1.3020111566031791,3.289946364431405,-1.810332628320527,-1.328229254738901,1.5883852483953838,0.9753116448087578,1.874740968934282,-2.5921543962688824,-1.731604493449154,-3.5829927103139214,0
-1.4722495115107193,-1.5322200244270872,-2.765342568388971,2.321290480421697,-0.12558171629526774,-1.4552410520388572,-3.843120348187954,-1.692257723770549,1.2011995681121825,0.8966447563821068,-2.050210006230974,0
-0.2176504356166831,0.3709182971979284,0.5132599120625916,0.01593346121071451,0.21815729304232023,-0.6572771519893292,0.7342800627848233,0.8977920692808796,-1.2304219927334772,-0.43313796353727774,1.0794918457060216,1
-0.9735512842029026,-0.3557448226754964,-5.557195453394801,4.420713545708652,-0.1359415478471857,2.1466900820227224,-0.07118102442954799,-1.6148868736512962,-1.6161148937719252,2.6871533968350603,0.7568234521818076,0
0.21917002757372903,1.578269863749828,-4.0368178645776815,2.008013336298032,-0.21006246692898453,0.6790314761701783,-0.7411576684238564,-2.6855780770120345,0.8070439064209658,2.550089718327478,-1.06664172595875,1
-0.09909948260160681,-0.8154456259041921,-1.6095834849611597,1.340741069321751,0.3621326381825544,1.0413863638112224,-2.6911996500504323,-0.245361734136343,0.8484625634605971,1.2295005962525647,-1.1466168956172174,0
-1.0912225141595517,-0.532836204909976,-2.688040634768299,1.6827481597080753,0.21230190430089813,0.15402768953283374,-1.5342600046507164,-2.8434139171273873,0.9929446030589819,0.47206708062291836,-1.7560734761813834,0
-0.607394282480134,0.1880675454884101,-0.24342062161938832,-0.01814084175091381,0.3295643008449778,0.0896956400368198,-0.2081656417117692,-0.4520958362627172,0.6080840597431917,0.10494464862178232,0.10485775059267588,1
0.06758293369465605,0.05167914397831397,-0.27183922119860454,-1.0607538755320987,-2.3595739579106723,0.7866856154959863,-3.449373683262152,-2.0611684672018433,4.022519469492427,0.9393854979489268,-3.737870086515737,0
-0.3469398456476621,-0.2963155346513524,1.4468561238305717,-1.4816848746318934,0.007836519115658887,0.658322445161702,1.6113532099371426,0.35295121868209783,0.20437182221049488,-0.23746566942843517,-0.7613026100070996,1
0.03878064262979985,-0.5112145275341006,-4.9527848064126365,4.505772646001131,-1.4864989492625977,-0.4302849578902436,-0.8638372777364006,-1.9116734479102564,-1.4826899923215386,0.9931623204429855,2.05826243259595,1
-1.4520649865145079,-0.6438750928803275,0.679742987838634,0.4041882760924352,-0.2910018802040726,0.9229941506812105,-0.9931875451107808,-0.5252642322485019,-1.6781881289381972,-2.2974504134157847,-1.3808898271327625,0
0.16151393248004864,0.548520972363973,-0.11700204425013584,-0.7085528902309605,1.7122558582856646,-0.5756457289295249,-0.7211655091564987,0.002503665497358365,2.7219025684805125,1.3046864570030499,1.090763216462848,1
0.3044099195824361,0.18237712055665845,-1.4488456335821414,0.12353620484476328,-0.01522209888135326,-0.9252859029836951,2.1894954518072582,-1.7631254069157383,0.813402662661863,1.0149874319542973,-0.015239289793543498,0
-0.9287896679255536,-1.142932718918877,-3.639481085570105,3.518988198125419,0.28505970653354845,-1.0419380060651353,-1.2787551159101749,-1.499415864084206,-1.005231363958503,0.4634152130956472,0.9336328855034306,1
-0.08585947653847753,-2.4226757860162342,4.530881836641503,-3.3622369674238897,2.1187562503456117,-1.171464575813249,1.2053651127002516,0.6808613247020483,0.8685370794966634,-2.8426581685437577,-2.3366734978045973,0
-0.5651271492093689,-0.967419218155681,-2.5435924781164414,2.1232074899398485,-0.25997664276345595,0.010049997386916192,-0.8903174541501668,-1.2055426086663639,0.5382235427818349,0.7073788515058775,1.1110539230053913,1
-0.12917199276907476,-0.025638101563828175,-1.3421862756029683,1.551385182662917,-0.713872410628723,0.3151938289458356,-1.820909641219053,-0.6313580195513645,-0.47211649824039603,-0.24979090049631703,0.1368617779348068,1
0.05814528392152834,-0.10407778307393878,-0.9921479411820529,1.2221914575809951,0.39644394092747426,1.0181209998955096,-1.8438751131868363,-0.33162773009969365,-0.09679127473172344,-0.1618792079303003,0.29439082437144226,1
0.41321193627479275,-0.4274228667362725,-4.484800401609586,3.959525404760696,-0.4877888205550808,0.48176522281624584,0.04851304684463553,-1.0857843896186545,-1.5044063338626787,1.589901436939854,2.3221627966560074,1
-1.361540631338648,0.2256002225775291,0.6596137056890945,0.020111779957961852,1.0291526340037978,-0.9230629385794814,-0.7718205379958485,1.6424143360401426,0.0130971860699729,-0.04838999705004354,2.2065719447327394,1
-1.6060860891600206,1.902305648998996,3.701408460756892,-2.374964679428713,-0.8493471436266072,-0.6968756152482409,1.0023543738724223,1.722747775547934,-1.4434250302313099,-2.472537366585626,1.0124091057024078,1
-0.912936975844605,1.813954992257898,-0.03484715330794664,-0.05801983671859035,-0.34809097979067327,0.2320601229306811,0.26862560879290054,0.3050188091106746,-0.5167269519759667,0.15367723951139267,1.2645053499112866,1
0.40180698881964033,-1.3758393950726457,0.17747228619021882,0.16953661707045684,1.4357177868365902,0.7698551070730575,-0.5034591700266079,-1.008901052052127,-0.15629820480365453,-1.2643957459723512,-1.6355983763585265,0
1.1857616490051004,1.1014670878431352,2.9785910254707892,-1.6909532590434762,1.455407218092733,1.4571316625996593,-0.6211824236019957,1.5597280328528844,-1.7269271220654034,-1.8687945617479995,-1.514316921349302,0
0.48330487767841956,-0.8866930518262433,2.2841873957972867,-2.169686722716502,-0.121170728121669,1.4377246189228927,2.3359065648828157,1.0503098799587463,0.3135241544538081,-0.17501278708174806,-0.9170172392667391,1
-0.2687035416861189,-0.795583649545457,3.195803397189637,-3.4590480390600318,2.202620186701266,0.4088695561259163,0.0024331962918018313,0.483372243745118,3.157067108767307,-0.20639695393517532,-2.2402877884448777,0
-0.3462163273881496,-1.2476969740457173,-5.5877427086495866,4.285721655227707,0.9245419894427436,-0.8608182756844583,-1.858262150841864,-3.3438181524825445,1.1327855165843879,1.5491677233364294,1.2761633395611105,0
0.633564182029542,0.14413876030989103,-2.96106846351774,3.418303387943084,0.9079339931946617,0.7024352608965067,-1.6687428787604026,-0.614261676888943,-2.0939819615443893,-0.13069274270254538,1.8532059084511985,0
0.5908004511249976,-1.4612494274775483,0.1271219163438004,-0.13969543292607314,0.07503605821565179,0.9368147719089995,-0.4422855971207101,-0.2558255427535854,1.030492212950404,-0.03996741394515435,-0.7466769331225402,0
0.9611384567174917,-0.16294130548847896,-3.1408872842999163,1.7236122326623091,-0.33720917787382076,1.9247701535180444,-0.042881253980592504,-3.246131032316523,0.9882236610340487,0.7569856688107225,-0.7514875551239122,0
0.058605123345434516,-2.7979759427600115,1.889629657328825,-0.8664680442360522,0.593782252643413,-0.8324184472869018,-3.541420476891675,1.1075452246181527,2.0002025664051883,-0.7987608625114082,-2.0962746062508484,0
-0.6398203546058322,-0.20765690573092832,-2.351159887995317,2.1315354472263914,-0.18039701813386652,0.352867601487544,-1.7076298282547406,-0.7557685942646594,0.11977450670754186,0.6999048647825914,0.9779478976898404,1
0.18131628484178042,-1.5720767869181054,0.567859243343407,-0.061503235001401105,-0.49176665933617414,-0.1052015891419704,0.3006183894495962,0.40426092577921047,-0.5596718865984279,-0.48913344845280915,-0.9787811368970527,0
0.8006345519644017,-0.6089846231018934,-0.16345056912219513,-0.5711576548628435,0.9115068354071715,-0.9932077749590976,-0.5180506408142589,-0.3770974152521575,1.8819617614593236,1.1266953003909213,-1.340451388135707,0
-0.03189787455434356,-1.2570642889355217,3.1256678442469363,-2.4678174859902886,1.2975841418110765,1.3912197567789117,0.6692508758167797,0.8621383132722102,0.17945479140882614,-1.293146379258778,-2.7725849158951146,0
0.3177785290126379,-2.955247691536469,2.965399480058247,-1.4149904770732158,-1.0047309226708878,-0.6072847010059236,-0.8562669390034089,1.4977586341658056,0.8522781971443266,-2.061610319230131,-0.2690347178617084,0
0.9422595664416479,1.1715168554971207,-2.7489701346760547,1.3099686294240398,1.1619064790893254,-2.207928222665355,-2.1150250525266854,-2.1124550306843863,1.545019607772018,1.7009091307919557,-1.163597125711899,0
-0.40563113423988933,0.6466077768290099,-4.1489543758598,4.415905270111404,0.8135241085484959,-0.3427220092836263,-2.5795485552485538,-1.6589186476567939,-2.1742908502777913,-0.27967274127017083,2.055999895709239,0
0.6308302324978934,3.9813444401794484,0.025741377875546208,-0.658957351418263,-1.1790581869483585,0.5129908899837538,1.9289867717147409,0.11192986010720563,-2.4143604322991634,0.6945866967108052,-0.7084538036423706,1
0.16037532324527745,-0.5147310051963795,2.5658037569999363,-1.6569455268963633,0.6662708152657907,-1.405998580546257,0.035957137323427646,0.5811185594434216,-1.095198848573513,-1.7409013748169113,-2.9323502891041056,0
-1.3275818970308713,0.5221014973234464,-2.7158554244693267,2.16912843127016,-1.530377073153821,0.11886431140400307,1.3063569348652262,-1.0633090499169149,-2.078027631906931,0.9023782581839583,0.35030547563634806,1
0.5422791093347634,-2.7797789678502234,-0.3994757140908215,1.5159511859012444,-1.3249443590802858,-0.07812504019448775,-0.11251510191356473,-0.911284144942197,-1.4188773964854262,-2.2103415795099295,-0.14679298961786325,0
-1.1222029304489032,0.49290438745225895,-6.275909274737741,4.416551395639339,-1.1935727908456686,0.24494442261406618,0.9107649909166882,-3.238733683557556,-1.4653167396915412,2.5826235037174383,0.381415429945396,0
0.5239152502932415,-2.138344179705018,-0.3734719500158477,0.5181021602998137,-1.0759209853806253,-1.4192501545759963,-0.4539002630339181,-0.45327621513158445,0.5358961562672604,-0.1958783498326342,-0.841428131831345,0
-0.479930988218553,0.40832455896272535,0.624750915129288,0.46214844181943354,-0.7409594979202598,0.2886554258838882,-0.24431784859500394,1.638877048708948,-1.7072237974668674,-0.7258047463900643,1.8814500984927551,1
0.7109142247707951,-1.3519968026007825,-0.04526904446695214,-0.17954789957792824,-1.0590991793584388,-0.7551646057614374,-2.006924607595569,-1.072232274231404,2.053601005607268,-0.1929854263814177,-1.7405862250436748,0
-0.020682524639282267,0.3662544231901332,0.7627680539437637,-0.33064438764774645,1.4033781471453681,0.2144027391486338,1.2995813105956269,1.0484635081709013,-1.5096481004649167,-0.21326532592566483,0.3154419641777743,1
-0.5830411486641273,1.6099455145335169,-0.3642515835391675,-0.6810180711781769,-1.5348003859178059,-0.9979361804559651,2.52812254797087,-0.24523706412181,-0.5255059319378849,1.3772742590789184,-0.570903377951751,1
1.0036329872177894,-0.46718600602427063,0.5459796153139787,0.48102628546666487,-1.3472471283860277,0.5342716679388606,-0.5559029955757512,-0.03627711463038841,-2.050067307330564,-1.7661235820949235,-1.1549584517904607,0
-0.16483776954035212,2.170480854648719,2.9520639172021674,-3.006744184867669,-1.1322586456150898,0.843497870333852,1.749816364863765,1.2437876820756324,0.36614917269938463,-0.3271977047991052,0.029993595989250332,1
-0.1570826309023807,-0.46841914725499945,3.950712348256349,-2.3699526670064355,1.7328252563274498,0.06334992095482533,0.8687865285649099,3.549062428094386,-0.7995573153087963,-1.084939669257287,0.8036150844553808,1
-0.20958597530642067,-1.3440562109029344,-1.2093480550800149,1.4895176366363971,-1.5699545318756993,-0.20737978884154878,-0.8147087143930916,-1.3509368805678474,-0.8181771674967392,-0.9189316729351981,-1.0441968132067179,0
-0.12040130097673966,-0.6866962992630431,-2.548690721670675,2.137418367841249,0.5260263336560572,0.4087263849072235,-1.4360970711784447,-0.8628299186859633,0.6256451050072598,1.0147905767133356,1.1103685161945922,1
1.0332270730746917,-0.5777984106567182,-0.937460109845384,1.2546524023613341,-0.674711429769682,1.3011814009062932,-1.1080521905112266,-1.0323410231799135,-1.3447088251966308,-0.796022871120166,-1.7646688997111686,0
-0.10149399668181414,-0.16390323110052019,-4.090961629975443,2.8659588986350917,-0.3607029260440554,0.7832691895616477,-0.12549450573866194,-3.217951668651544,0.020016392553619866,0.7981599523804613,0.12356366482195602,0
-0.44496767398546594,-2.19323676897673,1.6354257641428216,-1.0818657246775474,-1.2714240589117287,0.6878457501106733,-3.140817738267714,0.218562582710492,2.3654476477471293,-0.7888400990014668,-2.410390329179191,0
0.26477442778803745,0.5701057056426893,-3.0298158552961216,1.7580511260225333,-0.7438141070160729,-0.02607337659683619,-0.20838005895008305,-2.3268931349339317,0.5730798857351247,1.1871174477208544,0.023398586923375153,0
0.43022738516701164,-1.8721154464015293,-4.936018511689354,4.461429922160979,0.16199477831270165,0.4760594395685652,-1.9427839619739184,-3.5188502095122534,-0.11806792709212965,-0.13589803122404365,0.8394685809350526,0
-0.6205729542021828,-0.8470189146040822,-5.2069602896610165,5.0006435993107035,-0.9681106051247801,-1.8689348007935662,-1.847322893606537,-2.5079355440962336,-1.4309457841826034,0.26383207098892925,1.9678977860070337,0
-0.14584586310986097,1.2901033701697715,-1.8406426023997453,1.4941827434673374,0.7344417887948841,-1.472588097089883,-0.023963785052392272,-0.5514863820183351,-0.6461423023862811,0.5572168109156028,1.9122946885946053,1
0.3568040981019501,0.06853651448943521,-1.737757036705005,0.3132420446246038,1.0914483797604,1.077504960002793,2.5663524616426514,-1.9614629307215348,0.33327942879373373,1.1564995515834435,-0.6421029512652943,1
0.4749333199712167,-0.806814309834439,-1.166813147877868,0.6180739870851973,-0.3025066587705824,-0.7588998988819045,-0.8778231184878676,-0.4058405233663009,2.0079425800016235,1.0485495056221195,1.1703763205552478,1
-0.31225836309292143,-0.20496573132384066,-1.0320272320867772,0.43767175155184396,0.9608439976443168,-0.5346677423861279,-1.75223546012651,-0.026962359725156593,2.348043929680448,1.4178331192111733,1.0839534527785561,1
1.1623138694387858,-0.27731829679817244,4.343195452551459,-4.636385482359713,-1.1287581672769003,-0.4219744209220824,-0.6942197019368579,0.46740132790521005,4.453325483301679,-0.6434348347274788,-2.3929475826852507,0
-0.15422937819860014,1.1841495531480624,-3.112759149225462,1.3035272708509515,0.5943983582018519,-0.9442710517955085,-0.03375421074127838,-3.186357384697887,1.1600144069118083,1.3206812414089493,-0.8214268994184168,0
0.27689401124895024,-0.24383625217525318,-1.0496388602460787,0.13882191354992537,0.4458867498338463,-1.0460534310749594,0.6928561910619391,-0.5129453493777986,1.0802639668020468,1.4482242992433538,-0.09446487172922191,0
-0.11860635095989801,0.4969252751152593,-0.7253902968086134,0.8746597381627027,0.01817005375266909,0.8708047768525533,-1.8818969419480935,-0.45700706107365985,0.17568463761628006,-0.32754069064403146,0.5192788912592362,1
0.8344128410734394,-2.186453291877533,-0.2530438708380028,0.5677270216793798,0.42889852481053764,0.881047743569149,-0.13088422732733584,-1.0588454407289922,0.07943722486416971,-1.0786018317362118,-0.9925589676299994,0
-0.017673740637407512,-2.341550364427003,-2.3529972033820235,1.3727776951713553,-2.0931537864588443,-0.8261304303611575,-0.5112749745720577,-0.5618167712103063,2.6828991477273343,2.226978674110925,1.1763581621432773,1
-0.11085024291739283,0.7051169599176244,2.3968849418022615,-3.107201665505499,-1.8291549829625768,0.22248282346416703,3.4418197155940033,-0.03451113586554089,0.5056282404803458,0.02106993165425941,-2.109185116411502,1
1.082382327504679,-1.4269545534140113,-2.27376997739784,1.574488637237619,0.07012503224115378,0.750538879752346,-0.5146310562315337,-2.884110946772858,0.8873530895221112,-0.28554270580281393,-0.9632112990038328,0
0.7772985263921353,1.5372523213757632,1.379369401857624,0.3819014592392079,-0.3231537152640802,1.676511034964892,-0.9271037867163362,2.187814535230123,-4.188383061153573,-1.5196330507334128,-0.3635758552286603,0
-0.08587098434900207,-0.5035804348570532,3.1267077930322884,-3.14822091534849,-0.5976946170173463,0.49587726480208527,0.9542514122751049,2.5273740461644056,1.8031808229401856,1.1035098332106148,-1.0745918946167572,0
-0.09622367719392191,-0.5832071469275852,-0.6890512753951908,-0.32129820633736866,0.3968661459160271,0.6601735665502015,-0.7146612471856402,-2.1105941184664374,2.274562110897551,0.2760144304861899,-1.8962655130244148,0
-2.338946561959887,-1.8315745593578507,1.2696391110062264,-0.7610072685482255,-0.5024779821556069,1.036442712339733,-0.23090866855033143,-1.182009438931262,0.46268441515007197,-2.0863689500788487,-2.0132700246683957,0
-1.6174445681450644,-0.3067690355788331,-3.7590219844226684,3.817147171994262,0.3943855201210769,-0.9514697040114172,-2.0384102258016163,-1.4063955300590987,-1.291450341976611,0.22097744642827055,1.5979522896752036,1
0.5303698467970844,-0.020948363731312813,0.9702684420033517,-1.1664550935926983,-0.7246528849910531,0.39337836626401884,-1.1155491878818078,0.13877548011606056,2.169437449624846,0.1191793430385173,-0.0705858658301377,1
-0.6685015324777598,-0.022658018853064066,0.9753358210299183,0.4706856176182822,-1.7156541441977464,0.2875626726605136,-0.4172834295997199,1.3927635112903227,-2.5695749531056715,-1.5149897718200038,0.46577728481965397,0
0.620608162230145,-1.6355944201680854,-1.6546927903359154,1.3121943048686504,1.371491211841684,-0.4370910743852103,2.220792497531221,-0.5056887272778742,-0.8798442616073554,0.7640198933466766,0.48062591217241657,0
-0.9939941156937553,1.1072445890832765,-3.956241365572598,2.452827411324216,-0.4218926076797464,1.57801070523199,-1.7175796199847928,-1.8297320999541753,0.3550629272930845,2.52725963229643,-0.8976066508797418,0
2.9883451959117897,0.30022040185442833,-1.8292334099561667,2.158408127913301,0.6682162671332976,-0.8970580337443166,-2.150805697232043,-2.1314038818342276,-1.7829667738004966,-1.476582736382901,-1.5499005217269022,0
0.8099721621097229,1.9048167230013475,-1.9832703758474604,1.7255005608463923,-0.7950521857014297,0.8906005445088079,1.012207464586724,0.45776952250299907,-2.4531669185798846,1.294882157213565,1.5903186731119485,1
-1.2986270712468821,-1.1766411835208648,-0.22375679495497725,-0.5349701694425395,-0.874382461756959,1.543911070810671,0.47730480526951036,-0.6647037913505434,2.347548465707165,0.8009842826443806,0.08832783062891902,1
0.2434719930604456,-1.38156251165685,-2.948752228936926,2.4889593477351335,-0.05120193932890378,0.4504621163866821,-1.2911477646296248,-2.4462457596334,0.10669736590619505,0.027047170023320466,-0.7081848077594289,0
-1.2176200062756817,-1.1172669991589301,0.751046271467274,-0.4577445654015653,-1.428185686977582,-0.6896992318543986,-2.120352668487385,0.20860911498787105,1.6976661178534753,-0.3116702320556981,-0.66395568553488,1
-0.44223837810442174,-0.41625442766792525,-2.1063569116025813,1.4029840779594134,2.469908560078197,1.2974099103005317,0.6284404104847978,-1.434320538695888,0.40437440898651705,0.6352692926571234,1.0765887947921018,1
-0.02835064824535837,-0.2858146582178399,-0.10258680137567401,-0.11316169677110373,0.34299886069718666,-0.3517156893166783,0.09458352036515272,-0.9970553518020369,0.7214842649181046,-0.4810522164233513,-0.12094958285030488,1
-2.0412028504886033,-1.1418265056929031,0.25667422645403354,-0.43968596980247193,1.3728270021648308,0.3790153878839492,-2.09820074315039,-0.30665171365535815,2.09911129660534,0.2818258695997603,-1.5784845472321267,0
-0.5686732431090556,-0.6708441449177021,-2.6997255499699384,1.5053729918467649,0.3088647723924048,-1.6615586384003194,1.2734367578234742,-1.182679004496896,0.8777077383976338,1.8803401553832013,1.2915040431929843,1
-0.39099028151576,-2.1696327009405025,-0.5578395451137546,0.5976848735798562,1.3857084800959014,0.4982365750535529,0.9374860000393028,-0.3605990155264765,0.024928453987335453,-0.0008755248700196283,-0.20130055704693406,0
-0.9245914333521272,-1.2342500394695555,-1.7504856919258505,1.21087678626337,0.7397608680798057,-0.018439605714785635,-0.4234189872842148,-0.759185043435711,1.1707872106678372,1.0114614822950663,0.6388031199008712,1
-0.848709102185585,-1.2232642479761409,-0.7785200882826863,0.08014946461236484,-0.7755823849832003,1.1656023425619655,0.5895478520640571,-1.3205620840623586,1.3930585001755715,0.390248048774523,-0.5792576781525091,0
-0.27329370790038093,1.6218975449944038,0.5966663449680264,0.5102202677739027,-2.0973822275053653,0.6416594782212984,-1.2326117921716617,1.1724176943433549,-3.0935633131748723,-1.0029966579024325,-0.7497730979394628,0
-0.7117187205815053,-0.8691220156498755,1.8394850943265864,-1.003494636388294,0.6582689784128813,0.5415590703909697,-0.13490710947491658,-0.053573500076033564,-0.9603978166686837,-1.8868133875926023,-2.5130245590018374,0
-0.04525297761092405,1.6819832445435015,-0.31597797747256823,-0.19590330066075817,0.3653733971872404,-0.12669091281402634,0.8413483486404747,-0.2295092334923483,0.2322520604301288,0.42583254921166924,1.5087364235308427,1
0.5861821748467544,-1.388112839546491,-0.6713010981346429,-0.1361384243948723,1.0460266075969125,1.140927047931626,-2.3436510639280863,-2.319631085734921,3.02418238610123,-0.017650459392508533,-2.6019740177980624,0
-0.003887653170911023,-2.0266682356867127,1.7514289662447815,-0.8433888340203507,-0.9133979385305571,0.0812381345868953,0.4887705225359864,0.5889991975745348,-0.7626713309728769,-1.3664638558781936,-1.891973218600492,0
0.7391400411432907,-0.7465649272311922,-1.3700006208569604,0.36272326309024305,-1.2556125341782334,1.2218770789831948,-0.6666447511152623,-1.7894360304288055,1.4801227557256638,0.877879184838045,-2.1094435976725805,0
0.19125238320135166,-0.011875044829701364,3.3709437426230138,-1.9043636460374054,0.22725579329360832,-0.2003542665360406,0.5657015847864001,1.628844309725166,-1.109303153772681,-2.36846592590143,0.10546598057100753,1
0.0067432073875786066,2.9444305884951874,-1.0489906782129186,0.9169578744241799,0.30085723043371015,0.7077314393535071,0.6474936950630256,-0.6936908626050233,-2.24804984750565,-0.38194668314907093,1.0992256919749837,1
0.44547083558348943,-2.7444378429704477,0.3345782461045487,0.6567050943494512,-0.27747426871961034,-0.5623938090885846,-0.3774432152105807,1.0457425168244168,-0.38860033211420686,-0.5556220188837802,0.3009873322529175,0
-1.2344861393318887,0.0022323616014919834,-0.4476534674366639,-0.2871057663167456,0.8491489894641439,-0.7129510656128297,-1.5880341794401334,-0.6057658044425664,1.8640692046985707,1.0670807429978701,-1.5670164233411854,0
-1.3881942727504688,0.3034696758056335,1.8091475268932018,-0.653027838196721,0.5545725120648893,-0.08387023247324511,0.07661577803599307,1.7148333408273446,-0.8261411509119903,-1.2822056644112398,1.9606779864491313,1
-0.1121355350272699,-0.30585479863288656,-1.41074130766518,1.409616162370115,0.6738422441202652,-0.06595764521584985,-0.8197745064775954,-1.266538562075449,-0.12648832859960812,-0.5291542550151995,0.5815887355346365,1
1.0681699389787709,-1.5381100451222165,4.456858251607965,-3.4689575384192253,-0.42327044877364556,-0.4039748474073027,1.9271260948695674,1.9512705106203467,1.1185459214252853,-1.6771669046593383,-0.055653094670872205,1
-0.4109661179452694,0.07498205226515131,-3.962610736477108,2.79060089637338,0.5935609455119624,0.615917731862558,0.13445978904142863,-1.935568398342997,-0.5537329097259012,1.782645101226263,0.16751677943304122,0
0.4465938181224569,-1.6414067226862508,4.262540403619966,-2.741149205668883,-1.1424190314571119,-1.1028944755459338,1.1013986665835447,1.7902204323126905,-0.5324399486093766,-2.4355486614952975,-1.470937787011712,0
1.0544386905107384,-1.710266612726063,-4.49332049994635,3.5128137028833413,1.7644481388732336,0.7437210231047875,0.24819173403029327,-1.8193134391832406,-0.048938607108656274,1.8657241025138427,1.2510791371793584,1
-0.8380025714918379,-0.2639060459756555,-2.9353211764085847,2.237466454188447,0.569126019126696,1.3252529985042003,-1.480403789183484,-0.5228126968957627,1.0380705985659895,1.8592546497627698,1.8170018153451244,1
0.7445658489126981,-2.6020662217179304,-5.256113360122086,4.739435288739028,0.3647245900861266,-0.10667481957772869,-0.43154807634611125,-1.9835808887681323,-0.8465366014233231,1.3778523257347044,1.5463767451461796,1
1.0158251825624476,-1.375457446957893,0.9817936611950826,-1.1764422336856137,-1.5196214268849186,-1.9487087228380915,-0.3501840184766477,-1.1087623403182256,1.7603032939231873,-0.7785562290925699,-2.083097566148731,0
1.6823585407857462,-1.1374948142905263,1.4618055624325466,-1.6047339494521216,0.10105628671953606,-0.7399963768700633,-1.003002444568256,-0.01842184509417888,2.987242314034841,-0.19011652318688466,-0.4299144858614794,1
-1.3613253430685945,0.09866311445465514,-1.9837551673661336,2.63906395981866,1.0431146076446396,-0.05959744801704973,-1.5794779691106964,-0.693534407991157,-2.8313693079629187,-0.739270608307907,-0.5230074448401002,0
1.3449490533627932,-2.2832596643303895,-2.4026966775569996,2.6998362124143944,0.6041784473770204,-1.074304406157217,-0.8363155956482837,-2.00293495377925,-0.5678907629312323,-1.0796446552264785,0.4864795285103436,0
0.6413430993789548,1.3911190542520544,-0.7454555983630966,1.1486212412527874,-0.9155737902395773,-0.01916983984553216,0.18399479524054874,0.059806864071706434,-2.265175191854789,-0.5207120977215786,1.0481168333406807,1
-0.4245175703587453,-1.9220770434563659,-1.1001042506492338,0.4009229842936601,0.6106277932520219,-0.5449972366684598,-0.46566343055499493,-0.42617400302336,2.5532982233276007,1.3809016751586545,0.505999544205048,1
0.42905497701584516,-0.9379529597825621,-3.509224229835883,2.662909023835363,0.5455490316368389,-1.0392908198456485,-1.4025039094817204,-0.5862904352782804,1.1803589910211778,2.349613439428861,1.7237799452539493,1
-0.604931336527778,0.028703213095463198,-0.5286335720865614,1.0180443539689459,-0.7709652133271553,0.4671415521918955,-0.750278827253906,0.11046640022098775,-0.26380850253973265,-0.6157132756039922,2.185659468620696,1
-0.7661252421467399,0.8509442189767722,4.247742981314846,-4.375071659545235,1.5581601022297058,-1.0218057794104674,-0.7932023545271599,0.935793092159583,4.152709697427582,-0.7058996834738329,-0.48016007476768086,1
-0.45949737358087295,-0.5288871847791814,0.5746738818694346,-0.699033495914031,1.672126049372159,1.6381761996399862,-0.049119096783909244,-0.6032357731712403,1.3503338518162429,-0.5283293288550384,-0.06578156652674405,0
0.29162943463324703,1.8066125979436403,-0.3870964475098986,-0.15068462194208776,-0.2975635327678645,-0.6190856925665204,1.304204101429284,0.06781307371363854,-0.6781257760882651,0.8049988661338678,0.580245098868018,1
0.6214532452332241,1.8057965067810762,-3.7335054240172285,2.4002797157021654,-0.08807354254833705,0.43762835147499335,1.8571781616378076,-1.8708094011630647,-2.0898015907999583,1.7359502610471476,0.22192021789117033,1
-0.8832235602473809,-1.6523032185409565,0.06574118926730993,2.0822044500290056,-1.2198672050479524,-0.03507412698556249,-1.6891860485179075,2.0153891286942383,-2.1240863458477772,-1.7312004102506122,3.4345420452594375,1
1.4021065849481187,-0.005598474928757646,5.518845082552301,-2.7403024922241985,-0.16597708401810948,-0.9674107553723045,-1.217692563757505,2.8693063594049146,-0.41668943053189295,-4.347156806702037,2.220487023830163,1
0.9415980566070151,-2.2418957987547357,6.07379209088034,-3.803233284474469,0.5568651500998687,1.1591034721790134,0.12768558838372168,3.208397412393162,1.436300672817201,-3.243323141087556,1.3313057952464127,1
-0.6279893408665559,-1.3700925671599893,6.994817640398791,-4.597355224649863,0.9471546879743409,0.5306396625133846,1.5719221351947656,2.8004423893017556,-2.1641119994783473,-3.9139391958636,-4.26242209745278,0
0.7973647314481312,-1.281614477425226,-1.1827558510918066,1.7925802679474332,0.7903856130704253,-0.37767398565605587,-0.5956880443061808,-0.5404090629963014,-1.0361784499053746,-0.9125491878601345,0.8995087277171838,0
0.15785488851809315,-1.253762576372974,5.290992417010389,-4.39641961738276,1.7390399821260984,0.0017363674942062006,1.6181118004946367,2.6676482184069905,1.9505648532267263,-1.207290587296405,-0.3107141031518603,1
-2.7659536548844996,-0.6170396920902264,-2.21153264171391,1.6374656279329365,1.7007770109514817,-0.19836322021850578,-0.20694899137149703,-1.1049440924779645,0.4324064229343169,0.8612642103136174,0.8052856424899167,1
-1.8646608019754172,-0.6983495221569923,-5.240005221659839,4.6564512483820435,1.9266232254201068,-0.6001567589941674,0.46477215975712927,-2.5033246368645483,-2.1063276201689387,0.740904198451775,1.9508590247831021,1
-0.7227452193397379,1.4761982707829826,-5.5778453807561625,2.684990779325119,-1.2202908126491896,2.117637275472422,2.697458090982394,-4.239096375677709,0.10524921692878708,2.9087253205596246,-0.12645163668731296,0
0.5387626854366361,0.924629508397006,-2.053948201182106,2.5953151816434015,0.23947527949570122,1.4715841150929092,-1.8613909975844327,-0.6440481900231985,-2.6097282049383184,-0.5918012823303429,0.13010406617062698,0
1.1869003698779332,-3.2275038060863626,6.288345011063207,-4.857944624568979,0.6898486773980077,1.7899203965656958,-1.6188707410564374,1.3550971229191628,3.922397705758776,-3.0997170787830113,-2.8197115650699747,0
-1.8035769848530294,0.41334003990870327,1.7209140089136115,-0.48720405132416256,-0.7766196332942114,0.07859778488775618,-0.41187296280740354,1.383193606163912,-1.5526059596916157,-1.5267012814944811,0.4358477362969335,0
0.33536151278996007,2.3938413114852963,-2.498188236744482,1.3692531833811825,-0.4762447318191391,1.8501309044302054,1.2290102276318764,-1.3496312906603947,-1.068694918893507,1.282351438677458,0.9698886547060561,1
-0.7971124943651495,-0.7443552046148117,-1.0952767849501304,0.4240805217728494,0.015292163480775561,0.7768629607176306,-1.9735383101709916,-1.9059427343076891,2.0491154333147885,0.14176789915003551,-1.5359116779060913,0
0.7275669044132783,-1.6628001375921637,-3.8310212052689594,3.846871697115642,0.8716535743656527,0.3500006653953949,-2.066784554129889,-1.1165803853613137,-0.8043221498714301,0.7685651926529089,0.9117809145875158,1
-1.174393987854296,-2.4144357855607206,-2.919680985244718,2.907936634795489,0.5739582147279015,2.5100582023747027,-1.8017199317075052,-1.4231346281572737,0.4610830850117096,0.21824280458557688,0.7725284556738213,1
0.27843256476935446,1.091424361843297,0.5779311843715059,-0.4915346926283706,-0.3470213995858616,0.4235455094442676,1.1801746133194355,0.3092194960635709,-1.093143778769384,-0.28830224375332947,0.13599981845900133,1
0.9673366941876532,0.4542285773720383,-1.6623273706411412,1.2267623920639998,-2.3783948023765373,-0.9171419735356917,0.9325514525326877,0.37718572236523135,-0.8879931472017208,1.5477037037977206,1.228205103857983,1
-1.455355414887027,0.9111048852707093,-6.5416019121267635,4.0521144309715975,-1.3736063751782146,0.6665167896006636,2.5772554450956924,-3.458642825168873,-1.6627018619163674,3.424644339104961,-0.15225623856880588,1
0.7889883665427806,-0.46680793243311025,-0.22016137520648765,0.5646967189637309,-1.9272070396476517,0.5203240788265958,1.3950039094599942,0.32464425498050553,-1.5048149045750092,-0.2732086550609748,0.638356688303978,1
0.23314784336991806,-0.25827811289895075,-0.23072027562184616,1.0001938933418548,-0.8572605757577055,0.8290439478632501,-0.917672484010747,-0.08842760818539042,-1.3545600991973872,-1.1776068386645808,0.2075155880697488,0
0.2966320480494399,-3.1079944720378068,-0.17002971071355227,0.2139577308316968,-0.18644810179644453,0.36001111268546815,-2.1618053024033195,0.23471651330342658,2.763724729884996,0.6767983459995625,-0.47741033920793097,1
-0.9765651957244865,1.5624312843585721,1.4047116317393047,-0.646409288688346,-1.1296142476499675,1.9622189353884858,0.15582150465005185,0.7806841513843356,-0.9818222683388952,-1.4079036068946036,1.6403541997320013,1
1.5713673704877846,-1.8824357158468072,-0.1680991870223437,0.5835412595097966,0.062241164348285596,0.851592408324605,-3.813452771499687,1.5206874418637228,1.0887059606635598,1.3585033587177149,-2.0365170872565814,0
-0.5055615583120566,0.9560238345657438,3.1281855509472085,-2.451735446172231,1.145139265597847,0.3862413875050073,1.9214855484749775,1.2995914320590176,-0.5677507790481411,-1.4733941966377109,0.3895194177100529,1
0.2800558823536987,0.7455782745395378,-4.961874342897928,3.1354852251285,-0.06095951581658655,-2.4407792871768836,-1.373689897214582,-3.5260699232616455,0.3274999453202924,1.9796775212983349,-1.3250446647368932,0
-0.22235034458095143,0.04520606117489745,0.8941013596705967,-1.0242543005594817,-0.05209294866750536,-0.01946235886846469,1.9029962231298994,0.406970003711682,-0.4033138922901441,0.1302941428495199,-0.5400157399322498,1
-2.328305188135732,1.7718229618661059,-4.028280844765709,2.301745654018859,-1.0724464281592918,1.2816171785883812,-1.754749867266192,-1.0408653649289685,0.30861910098722756,3.5822494888460747,-0.9161802717297617,0
-0.783469813242576,-0.16454554212675387,-0.604664790736363,1.5640322322152498,0.39495287870191287,-0.5539072449240189,-1.3538572136564309,-0.8176468457666092,-2.0283390599421542,-1.945528073530775,-0.1656518865201091,0
0.0062963206939584135,0.6528805637764796,-2.854467798285127,1.5768211292728183,-0.07349856184179449,0.3877268669812671,0.2928191539413232,-1.544896314358768,0.26961207049271674,1.7874086874138206,0.12473507724020971,0
2.178071544962844,1.2318361309429509,0.8116092166789044,-1.4130999031052016,0.15451739101766118,0.12514272494390496,2.287193601375954,-0.5572305957744907,0.11795378059757611,-0.10191416397357589,-0.23151539697683599,1
0.8978285321451368,-2.550982201003924,-0.8818786104163083,0.5130641499815617,-0.4009876082440612,0.4253059179958408,-0.38553060017339436,-1.9964293043087544,1.7645495834098965,-0.4918287073083629,-1.10925417859567,0
-0.41782313681065497,-0.13907241436026196,-2.9833871765267124,2.8516985417810075,0.6062091062870596,-0.31742924695131275,-0.34023302014140344,-1.5792663795839987,-1.5823623574594967,-0.010133941053709461,0.8455516853853371,1
1.255106825042175,1.7657100630738092,-1.932684657830177,0.4114230355139194,0.3897150591177255,1.2277384246467082,1.672769530321034,-1.2261976288124987,0.09894018689186879,1.9117463227754994,-0.013807153094644087,1
0.12950567780249164,-0.9969689857899797,-0.36958309116019417,0.426937964600954,0.10085091226202723,0.8658720472263952,-2.3013131914556046,-1.588208588138252,1.4009806066456554,-1.05687935166642,-1.0881604839430397,0
0.2321534713079609,-1.6987329190358524,-4.70594700819499,3.6808948763888285,-0.3514971370706883,-0.7856415243712229,0.15286377777186522,-4.008790546180688,-0.37220801311283247,0.16329614078813204,-0.23243188059847997,0
-0.3547495035039387,-0.037524977478748944,-2.2435065844625344,2.1321358884860233,0.09370070997621267,0.39270950093635965,-0.20806596075441197,-0.8093144544844666,-1.1566535347847526,0.32210914073174024,0.9422255129069081,1
-0.8148154518840719,-1.1003627339175583,1.570093403722506,-0.9686736595695051,0.5740651917071128,0.19874625774872187,-0.2834018607284863,-0.18544432404308542,0.048560297263956054,-1.5463255315407531,-1.713399264630651,0
0.5486533981776035,-0.9812294663523946,-1.7262100748999811,0.9109964551086498,0.7049199812738145,0.9644645932238072,-1.1583542024370646,-0.40918451109286363,2.320020420137963,1.7684346163611915,0.9356673734887707,1
-1.4092188187213486,-2.096360747952258,1.1213641151475364,-0.4284826936153203,-0.2228284006293944,-0.17092000581209338,-0.018693812337117532,-0.6660823831357875,0.20810291711151652,-1.9216669698571476,-1.089323204992903,0
0.6255108329592688,1.3217973587371967,-6.282677961822411,5.789250173893151,-0.4139573993497475,-0.8594180959419495,-3.6115220523302227,-3.1086361336111388,-2.069568608264877,0.5912762510510781,1.4246582933983876,0
-0.1827244094053887,0.7211105772043016,-1.7788681157155943,0.45730479239521377,0.5104326216328138,1.5579114587449365,-0.28172656137565366,-2.1311541525998465,1.482612210452447,0.9788142933074222,-0.7552372256977162,0
2.856695842417006,0.416847145028352,4.1006841355127674,-3.4467314041206056,-0.9898580331086675,0.3519830078279141,1.0870292551204659,1.3048056698424726,1.01953412861373,-1.6816958007848952,-0.26507319683217423,1
-1.2935610937024398,-2.2642476630097033,-2.350977700874452,1.8101838687843606,0.9586497707710768,1.1919518208103506,-0.730453153299662,-2.4420088265344635,1.5583873834174946,-0.11856457870782122,0.2370022762153059,0
-0.5445917103052388,-1.0452886628486202,-0.2481572730382316,0.4175635144705018,0.6124353892270668,0.5987334453121204,-1.7280924975865726,0.2017602510057399,0.6949615143743771,0.27521718880034507,-0.7123032281054971,1
0.07117346807636661,-3.0182170313104555,0.960727587774067,-0.19421725653148025,1.1647884385084708,0.6042227185824067,-3.0479292872535284,-0.04721710729822726,1.8592348963385035,-1.0635302839768717,-1.958620553781576,0
1.1752626587190735,-1.052376323215436,3.1918405543181128,-2.437354691682928,0.3906941556644381,-1.0384634356129723,0.008587847396967385,-0.14748193063465997,0.26914243709690333,-2.3340969743053543,-3.264998126749841,0
-0.26088103223290676,-0.21029054726468244,-3.5831316466990955,4.046135108167884,1.0375506808354276,-0.8837761230028527,-1.7016162725222996,-1.1220288658384059,-2.655681300635707,-0.26221865709853875,1.3134207487358125,0
1.0327114684691543,-1.8553207991166345,-3.2086801957160054,3.319818769303584,-0.7205219804898235,-0.474140008368771,-1.455634112688784,-1.027628115232096,-0.9475085771000149,0.44850255235764863,0.4835299786131632,1
-1.7777271625172268,-3.1375025015013067,-0.3041032507535176,-0.13705117093591487,0.5713444530006593,1.6287600321456057,-0.201104955329095,-2.6946937382586915,2.6519903648249565,-1.1637639987121946,-1.6387728770372512,0
-0.7887643995935388,-0.7051252979225245,-1.4707972130382065,0.7463910171318371,1.2431678622242186,-0.10451734746311772,0.35030179037339715,-1.128185602279761,1.3559445119574538,0.7328772526212481,1.0025536271556628,1
1.112985120206651,-0.6518523159655838,3.197809956007178,-1.9715928177760447,-0.31471319994194213,1.8105929842596378,0.2281949200366422,1.0185166088744044,-0.8304620029435493,-2.224640593396279,-1.7383115590190326,0
-0.15070303511592092,0.14152044636768357,-1.2378470935622734,1.492561450468867,-0.13486052857627626,1.4439115566257845,0.6605096077144893,0.33417329699904375,-2.2257363992298638,0.3053597728022108,0.5454349791833651,1
0.32615591432157537,2.000454366911511,1.7665768344104784,-1.2253493703614837,-0.015685086537654352,-0.3147125931247,0.6433377826655892,1.262016369847497,-0.9631176569713891,-0.8010120725728037,1.1999798980295464,1
-0.49642061559561096,1.2855369496851408,4.131823449165756,-4.149025961198281,2.7442473154492943,-0.35991082346906395,1.819112581853837,1.4159813576386284,1.6835543082929456,-0.6094680706949711,-0.4264755319704756,1
0.412628928940195,-1.7840419421877818,-1.3627435663741831,0.9244581766374806,2.4231312507096865,0.34424942039559725,-1.1563731079909187,-1.069846552888198,1.1650641358356735,0.6674423360782163,-1.3994610417377094,0
-0.4434528425105832,-1.311649194772318,-2.2052643275158283,1.5295818991217232,-1.2446685461216713,-1.4958950051877618,-0.35036432666877093,-0.7520633618594454,1.3001177607697922,1.394584451572007,1.103299764407562,1
-1.266563869266434,0.04189070286543761,-1.2372034761677513,0.0821790179367144,-0.027097240069856428,-0.756193562824008,-0.6625083456990106,0.015464417048212775,2.7298055026212418,2.367046811059069,1.08936897555499,1
0.03829810724629932,-2.115268319541565,-4.417513327717914,4.804551770010312,0.790583176898824,-0.5778324218937015,-2.694669772730511,-1.676114035357052,-1.4880112003863093,-0.03142552478854932,1.0402951097237363,1
-0.24235627503285417,3.1698976835909107,-1.6349043828803096,0.21523078539958881,-1.5091472786296105,-0.16191216926871135,2.0721723456946908,-1.1130033566947073,-0.9296840565623727,1.5540775114170786,0.16264229143666686,1
-0.551145492708747,0.1397886257355131,2.10777138724482,-1.4850372686540432,-1.887907355455839,0.5918364609253762,1.2499376667889035,1.5126271587486393,-1.138177053643478,-0.548742584983116,-0.7929732735600841,1
-0.03700805015934728,-0.5711483379544591,3.7330744793583843,-1.9432808871823481,0.40019423040348584,-0.7001146826103475,0.9861722413836911,3.1507394546324647,-3.120650228338093,-1.4247951369947112,-2.459184689183437,0
-1.0447155797038616,0.8941620793151566,-2.713138629030245,0.7697063985421373,-0.6646276642303118,-1.9677528839446916,3.0511029669543,-1.7905897393542436,0.1601828295482216,2.4094118938840134,-0.018824670799937326,1
0.02627641740513078,2.362869045613829,2.2205787702303144,-1.7189004408139572,-0.04251514142722731,-1.3324838421798022,1.7687383066323312,1.2340705537881407,-1.9419117267659813,-0.9597953098495579,0.04242783347420198,1
0.37067501926136043,-0.8829254960652428,2.9564287111031464,-2.459389096776656,-1.0328260237146454,-0.8976816308663866,0.6767270241303194,1.2518718484439797,0.6076154109737946,-0.7222946265211068,-1.7823359893490953,0
0.557827073292224,-1.0743458207315846,1.5727851800122754,-1.291093850786758,0.8343234888241232,-0.40192534589122464,1.3492723257545916,1.5087655626767726,0.6029641508271593,0.2177846154539027,0.6228183121080456,1
-0.46560063620661335,-1.3080277262017705,-4.152994688713991,3.15200119621718,-0.9568966917790263,-0.008615795583289601,-1.5673372404681762,-2.8504112129873302,0.8183255267376031,1.0111769608986017,-0.14203560800568316,0
0.5829223785343493,-0.9085420881352387,1.3130885574252373,-2.4012508244666813,0.20258649436438195,0.1722754713231506,0.18660257255931156,0.6685624418290979,4.509942078655705,1.9012266216016118,0.11585228672159242,1
-0.8516541105464133,0.41813912136994524,0.6575499649392463,-1.0191680030826287,-0.2446504715665974,0.9616316246373463,0.844814621572711,-0.6066330027863885,0.9608650712898996,-0.33537900903621765,0.09234618081543389,1
1.5643177250887819,-2.7331436904605564,-2.559266660219357,2.7569730973996553,0.7332022589329416,-0.047319548747374575,-2.4868551411153064,-0.5956420908588016,0.475435694909866,0.5965885669697004,0.22071313056398656,1
-0.23058481671054673,-1.354551737311513,-0.3800077968443229,-0.17597546546157017,-1.4209191186339456,0.9758197728966236,-2.6531953834001065,-2.69440000717036,3.0520253955085046,-0.8971367595899247,-2.33895151431771,0
0.3226759945260044,-0.2944762876660487,-4.776025496040043,4.415804733349214,0.8612667070067589,1.020271539737628,-0.8908320924913139,-1.773116630001092,-1.790049692963242,0.9039523317703901,1.8304407397893931,1
0.675333335867372,-1.4372666207621287,0.3350136262411595,0.08698635112568734,-0.20266868975775923,1.8812942511483361,-0.49517215831733036,-1.008206151522828,0.19689974884507577,-1.5070030258691731,-0.9145715557783194,0
-0.35460314549648625,1.3600660779021059,1.702947328850637,-0.7697589921685162,-0.38407789251053803,-0.8690022718496048,0.9777477751635055,1.7278214272594583,-2.432220659648464,-0.8767728456758475,0.2835510457730853,1
-0.2451352747571886,-0.10934563754207915,-2.9386930196901084,2.3726805642818354,-0.9673118531107275,-0.5945825542203119,-1.971138710356778,-2.6157461261235353,0.08884711776350873,-0.03156408082995277,-0.7260319617757609,0
0.5973533550281704,-1.3232377949024636,1.388845300857552,-0.67423412666437,0.12442001917459673,0.3276567769167974,0.029918960246444914,0.07432080706747757,-0.8759425520243251,-1.3643213373276626,-2.361779756340337,0
0.369979795279174,-0.9099717740033012,-1.002621331696203,0.564710933306469,-0.6146209136217945,-0.42783650045940913,-0.8437935284361683,-1.5577621146058749,0.5758178689471138,0.022791579127232398,-2.0168029012072544,0
-1.6128865848854943,0.004236601884259117,0.22204849119640088,-0.7453546654784408,0.37601750832466874,-0.25099366261342787,-0.745713134116601,0.21132817601312737,2.410367562810513,0.9388802759941615,0.7531070879238956,1
-0.3685947483875107,-1.9538288098952623,-0.6846656456270315,1.0232644958407808,-1.2857741506114504,-1.6958110056559241,1.9346175959088432,0.4762227130243655,-1.8409625252207011,0.24136980698466215,-0.18725208404009985,1
-1.8756356500599702,-1.7656191634344551,3.780247771611838,-2.7829168138394587,0.19970983987583157,-0.2531877655459489,0.8226018954037875,0.898801144814195,-0.0008005148803967854,-2.0256341988298767,-3.077847061128592,0
0.6406212375107471,0.09129731422135534,-6.604059693870369,4.905190512926732,-1.0895881932266318,-1.3186823688395544,-2.079729806356239,-3.021390148670294,-0.7898021647669307,3.0060682535391514,-1.1297050202037964,0
-0.35109985758939916,-0.9551033106644414,-1.6209388914328615,1.83523572030827,-1.359665115258329,1.2574928785932609,-0.9099545207859882,-0.8462211837350982,-1.3908670794332214,-0.20131841052509825,-1.1476914236916063,0
1.4038397297965264,0.8620267632695804,-1.5475930139112883,0.02203168345658509,0.11318051060288212,-0.3294980491852864,0.2682856502155069,-1.5755429253682411,1.604774095470252,1.6863586424151245,-0.9091059120628365,0
0.9272239335372627,-0.9602911517986319,-0.7461642933805409,-0.023876598976023265,-0.2895098488574042,0.347232522078796,0.19946892084154366,-0.4513519959903174,2.158681860215111,1.1797115551845425,0.6872609047251721,1
0.7669575325296888,-0.8795316652497058,2.4045854284387556,-1.8486892662055319,0.2477672652342196,-1.2832850353894263,-0.05937640430480218,0.04006143325827216,-0.24144846204711967,-1.497800303499652,-3.547574138722469,0
-0.6733190908540615,-2.16111281487401,-3.9806952243551064,3.960182501912299,-0.11622523040424004,-2.0121808873588156,-0.5554541915063322,-2.0351941679212766,-1.2195840474140784,-0.01747635441051465,1.193380783035251,1
0.27983494910880935,-1.0670652760925603,-1.7359421817797278,0.3233761223277255,-0.7929249544425843,-0.19358107648993816,-0.519654115258706,0.09558423520100578,3.898519529070362,3.0924976704150513,1.9436493965626587,1
0.33693840115270024,0.5535031168222713,-0.9116793329426613,0.78805899991251,-1.6151731844263546,0.8178307652187615,1.9780586925534935,0.5394854986513986,-2.5802505326377396,0.9372853556855185,-0.46506041453838876,1
0.6629349143394376,-0.6964739719805597,0.4804825280091083,0.9733270731375357,0.5829088190178343,0.4817320475846337,-0.4272236631317041,0.8904757955424214,-2.5128333935256912,-1.7226498343275352,0.5613694601441481,0
-0.5605326992282555,0.2899745723547624,-5.577552647071358,5.870396605293843,1.0586933795394764,2.0866905988764297,-2.800721489796546,-2.17402258833999,-3.479623750062993,-0.0996397271279108,1.4945791447514394,0
-0.25515991780723035,-1.333506356932724,-1.2912318166444472,2.1068713344392602,1.7583771833039437,0.5529185187048635,-0.5004093621328956,-0.161895700840056,-1.7143230390622983,-0.8734291415969507,1.0562377701545818,0
-0.6173581910263864,1.8785273073442987,3.0288701585753066,-2.5782619324117952,1.4293645842984184,-1.0477153699809099,1.2286742450262538,1.1684254759183088,-0.31429269525710724,-1.1980679436553112,0.07705864676821228,1
0.3045699619876284,0.2250146015291199,1.573780786680501,-1.1156104809461334,1.280998397676935,-0.5842457802591562,-0.9043593753894391,3.3008920207277557,0.18217250744598246,1.6270940767638824,0.06512716530995044,0
-0.18953710435198393,-0.019662381701117226,2.0991683921030733,-1.7800577512356275,0.6961706948616515,0.0006466519237388921,-1.0070095990267587,0.11323957978052768,1.5673990386468666,-1.172343236988278,-0.7110693010856743,1
-0.9536944836886986,-1.037329056257389,-1.7423085855706884,1.222690412597844,0.6946503307130073,-1.22027300490793,-0.13228575689431954,-0.834108988623503,0.6169557907466794,0.9060193483978197,0.2127862780079769,1
0.81904146762535,-2.121418504716919,-3.571746892778059,2.884196646672134,0.30384960523553317,-0.1354209860185148,0.7842125076891324,-2.099865825492212,-0.03012680217297614,0.7664495787310548,1.0593845670114872,1
0.3787465162073856,-1.1599660061323445,-1.5579056044569162,1.4277580550777345,0.10927165146991566,-0.13119260088759757,-0.7105409725533632,-1.2877520241971643,-0.5496977614647882,-0.02519296240923652,-1.5647631184010042,0
0.03168230017873846,0.47164417003541853,1.0017772543321557,0.5856627999961919,-0.17790289977685494,-0.4738284548828448,-0.21475659597966712,0.8742336542284331,-2.745179657890194,-2.3705053955797695,1.4619892475129865,1
-1.0141585352592235,-0.8587305933360634,-3.510920696140895,3.2457086345444126,0.7159440934610993,-1.3494256805194529,-2.085740613160712,-2.9809971183997686,-0.1895235982046094,-0.6178203097440437,0.2141324059430032,0
0.5242347338934267,-0.9278179124566859,-3.392044828503761,2.6300798145315847,-1.1327870939312792,0.8351300283879672,-1.8071761420565282,-2.957577724434551,1.0097085457704569,0.16665882299778711,0.07174753522315425,0
-0.08848336874960142,-0.9347349762056412,-5.692110648497555,4.605543950976488,-0.9819474163174559,-0.9561128588136627,-2.0423694880444714,-3.440802730150737,-0.46296789929646276,1.281333247093752,-0.4862645959599823,0
1.0998519812217158,-0.48373891083458553,4.096089737586483,-1.9827274229654102,-0.6686711765849673,-0.4243222180567616,0.19386723136367912,1.9056697563526055,-1.115910740996757,-3.490062758011744,1.067535777240698,1
1.1236880562834426,-0.7414075492082273,-0.5032378322150299,0.8058743795139217,0.6032832930510703,0.7081446512753516,-0.8074909054947772,-0.7694224430036426,-0.7545289008710053,-0.7633667265775091,-1.2221891538167322,0
-1.486071098934094,0.5964048737671368,0.8362334573759358,-1.81947261448051,1.579045023357148,-1.296822648987912,1.1740344275741097,0.6756907653550397,1.7900680501762958,1.7991188102923217,-0.6687489403141936,0
-0.8152275537661329,-2.991563638732109,0.4961016175745812,0.20806177706049916,1.1107861788493072,-1.4786337280468753,-3.0016236023498912,-0.2683894602158977,1.5077462359658966,-0.9658743517321589,-2.0556161853294026,0
1.86621984759047,0.9754286927741711,-5.800620230479276,4.992554246196023,0.7052348583049707,0.32475865913870594,-3.1440004114479008,-3.146971906113613,-1.2512378841066285,0.9383479085496613,0.625794195396459,0
0.6667914039216575,-0.36714284068699743,-1.129568798675263,1.590454247201394,1.4603234239114222,-0.5552981309325059,-1.3468503424207177,-0.9843910205367549,-1.3959680918408268,-0.9945871937634382,-0.7651407645853244,0
-0.14107401331726274,2.5440881840631304,-3.451373191935828,1.2686017605148805,0.11665616563660632,-0.5610341816533368,2.555393194453682,-1.828970872449321,-0.13781786596680867,2.8702938066696575,0.971283328556751,0
-0.48119545831880634,0.9253165597768469,-1.9131016567621142,0.8712089562495243,0.3859548780808706,0.7126293247873482,-1.1762411019975427,-0.060089518250795004,0.4399668330887795,2.5348771469697295,-1.179200997295301,0
-1.041810390196966,0.4046452555205391,-2.3215200583066102,0.9478588684963157,-0.7706078800752032,-0.5464056477296543,1.1926806792905382,-2.021764844013817,0.5244172489303774,1.2852441285912797,-0.2508009745189048,0
0.15650645435304542,-1.1419086312942657,-0.5457121763752402,0.4036881355955191,0.4515387206325059,-0.16457403738076287,-1.4051693103531142,-0.4208737076750893,1.770031007897868,0.23354269858152688,0.45896656589497853,1
0.9188651827200377,0.5760805684678518,0.1400444046201872,0.5580068392157231,-0.7366100258059497,-0.18876548358748843,0.7782145495655961,0.4729498730432386,-2.0420810170953567,-0.9731097327542251,1.2189000847124407,1
0.7041337597515281,-1.166323701212378,3.428229416914774,-2.7943484788492934,-0.45137520911087964,-1.5961355198803933,0.6695302778686962,0.840221720239003,0.03965498608140128,-1.3331351084126906,-3.683805682165543,0
0.11929661254223618,0.09624738258670418,-1.0475686877684982,0.7197399756873293,-0.889084446915613,0.2945863442668454,0.3039218357878273,-1.470640972217936,0.24334743387625846,-0.45711765849353814,0.7806882569320859,1
1.4804368090924043,-0.21090428423777552,-2.2359411430807143,2.1982739730700063,-0.2437451705749661,-0.6513919164167963,-1.512747113397401,-1.3654664306851902,-1.1622974099633465,-0.05863770269300406,-0.8735707883538336,0
1.326731977781346,-0.49626673410757155,-1.079380989528338,1.5921816057212017,-1.0539965483322964,-0.3382237144474142,-0.8333810689247952,-0.3504196225356445,-2.5530989085242517,-0.4304508994712526,-2.129295661793731,0
-0.18204574192361128,-0.6196091227936009,-2.936359309890371,1.556870736575576,-0.3556194504914486,1.0670765876803998,-0.4876640557785993,-2.463627111978367,1.2403430159100346,1.4362501841896544,-1.2830334117099191,0
2.188117166104702,-0.05698388926534104,-0.44225520997155054,0.22821839925142387,-1.7226519272772747,-0.11052449575944757,-1.7563149091362722,0.40744328489840265,1.058812609694475,1.0492571161284887,-0.33605070276274723,0
-1.191507964071766,-1.0355017404258722,-0.7903055964441905,0.8496449980484985,-1.6540254369368692,2.0568447683247473,-1.2946957179798535,0.1550403219493981,0.10248967625572436,0.6203559972822155,-0.8220299729229102,0
-0.06285944587448129,-0.3621452747982148,-0.6558943391996968,1.4573156391897069,-0.9809415461032608,0.47045686557724203,-0.1637518680088733,0.10189605445602412,-1.5297318161299098,-1.0513357526472193,1.8287863940173226,1
-0.3204156569102633,-1.7437606822134453,-4.271248008142133,4.593430818366627,0.12403424960577793,-0.6190557572000268,-0.8939760972769594,-2.1908600149510944,-2.5900310684858043,-0.5846148620127234,0.8236918207291873,1
-1.6547073234265373,-1.0637341849008293,-2.502464454087612,1.6393593484771332,-1.4158772020895205,1.1086957803043687,-1.075299924301346,-2.243594643420678,1.2957727835666673,0.6296928057816045,-0.5704620454577589,0
-2.349947413176515,1.7999315536827116,4.238261745623448,-3.322433478780623,0.06906000804370854,0.4602256221691614,1.5880832285469353,2.319243468483891,-0.6805237659237148,-1.443714340373036,0.2119767625964164,1
0.970703105480084,-2.013463535210427,1.040686014984164,-0.566077027320834,1.0973133419632806,1.3035737484054095,0.8306088593838841,0.7717114545605777,0.2158071941498052,-0.35547978814693554,-0.2264692371897964,0
-1.555292755375783,0.7454359816339029,-0.658728147356618,-0.7324717296917401,1.1779886402774955,1.2713182278554773,-0.28162225175736744,-2.424298880441351,2.6397178378220634,0.3872910332111754,-1.1414622029891874,0
0.06721546571983561,1.7786169532071456,1.8884855578890862,-0.8847530081800772,-0.03839384274859429,1.062535514274444,-0.054617416294307386,1.169195591351226,-1.0044524976965596,-1.699605902527345,2.059492179766118,1
0.17259522533352947,-1.0730741901011334,-3.6074084115465053,3.333794141948427,0.3268507374192061,1.163564225811531,-0.28871413466046836,-1.943015584846774,-1.1346086606350785,0.2208300212050186,1.0194716709524634,1
1.5260859279887022,-0.41585324028752313,-4.945244757618002,5.082504951258825,-0.1770870837430433,0.4403293900612662,-0.7867068375530547,-2.143462223720377,-3.4466759156792213,-0.12575941798418466,1.287247959014898,1
1.0505214084965215,-0.6685829045686347,-4.319808962311932,3.2523631550133465,-1.0908274827792144,-0.3116351563669095,-3.0352784633284013,-2.651220578934167,0.6955925085713908,1.5146601430929945,-1.476124023076685,0
-0.28067855201813036,-0.22207351413793008,-3.1772959068966844,1.788529982220893,0.5438229054783537,-0.7309612470635843,0.005123517586172466,-1.9806930874039343,0.5120847412386376,1.8972787400818387,-0.9640831232018789,0
-0.6634833090890263,1.1757334837060016,2.1943376875548344,-1.7564759550250046,2.418399570475878,-1.371540633019803,-1.907870576974251,0.3359074626237344,1.1820510075643167,-1.2604296059454192,-0.6813484848850522,1
-0.11504037849691538,-2.5602647713818,-4.540605162426684,3.8979015468530056,-0.3061006017123817,0.7891705895631541,-1.3477429429909826,-1.1824297133590287,0.48551756964596426,2.0884073409576027,1.2936924525614275,1
-0.5349111206274979,0.8826107941743669,2.22606428100827,-1.2266672179905425,0.6841422479247198,0.23418314769681275,-0.048299900457601574,1.5215603842883496,-0.5621434047042924,-1.3670283600529882,1.2981349692325965,1
-0.050900013997813826,-1.1399766290949835,-1.0322756217198303,1.2347783799002334,0.5744741992138446,-0.3407681182068489,-0.1529794101184142,1.0527503657410642,-0.9062563960187175,1.1615007189799096,0.15051844357555588,0
0.23283878335094146,-0.24578582180863562,-2.2809496597299352,2.61797332470332,0.8010411388188698,-0.3916719175539367,-1.4925169134062455,-1.0125889170426214,-2.052269938096285,-0.3625791875139378,-0.47341754172404776,0
0.14241886351703398,0.1658883237791935,-1.384439081253011,2.615426652702079,-0.14351213594099907,-0.5336739483281546,-1.1578109897834294,0.4259057240641497,-2.954887358266679,-1.1675751116313369,2.1530366750116627,0
0.19254503085416907,-0.1323653108801207,-1.156882360510771,0.8420741696176892,2.3577834458864215,0.18167329521245004,0.6337739450257387,0.8546687898124865,-0.4311906470439917,1.6785754950087077,0.8435643254170608,0
2.043156813371443,-0.22374963740620812,-3.319248887948994,2.967847518843928,1.2258278426667908,0.49360003837600197,-0.14090711822056723,-1.8101715501242848,-1.1901075176918778,0.24369754412230948,1.2190781835765339,1
1.3533220177843344,0.10875431424404325,7.764170640149649,-4.348724856797089,0.6986573673055951,1.540849129339709,-1.0587392307284866,5.487280155853884,-0.7778146754847072,-3.928281664620622,1.7700887367981228,1
-0.07507903853733555,-1.8706499607545106,0.5361928418340427,0.2701019130378444,1.5886227858517106,-0.5073221500493055,-0.32130096572214106,2.153875086013512,-0.4945868883696838,0.5840468044907998,0.3279686068472023,0
-1.3574841896934355,-0.2546122926090004,0.6854075151727359,-1.8803889818047497,-0.3261876972044621,-1.3008758676366245,0.03228428760346669,-0.7160621045990894,3.128053468234662,1.1978308271996878,-1.9346730386630386,0
0.9939128897696542,-0.8769165283021283,0.6486160746726655,0.23974721526048146,0.7357062834272674,-1.2902690695679242,-0.7124796966303906,-0.6298218448398842,-1.7461581581957475,-1.9679330228521135,-2.438803905579393,0
-0.3294504203049478,0.0973601480983336,0.6720619387878337,-1.1722186153643674,0.6079987551425927,-0.7511762003624851,1.4759241258851175,-0.5353312454841062,1.0393450348003168,-0.049431455841158045,-0.034423112064856154,1
0.44923229186517366,0.0264767861616535,-1.0156440551097539,1.1339345923428097,0.4629373309384112,1.1750869544883469,0.24446825441718834,0.7412962991429051,-0.9513962185920737,0.7702084929777935,1.418478736228565,1
-0.05431750381339934,-1.9397193889525344,1.996161306309413,-1.7861278047946754,1.9843364657070404,0.5815155198008399,-0.13900401634293735,0.2525457584376338,1.8341644677149058,-0.6186140288959341,-1.6971128722983508,0
-1.1087196803251855,-1.6178857957862833,-1.0493265702338663,0.1829047442873841,0.9111887508212916,-1.1463145043081686,-0.09282043383482996,-0.392185844233554,2.822937490775396,1.5753308493625973,0.9515188089842801,1
-1.5075477592576771,-1.9020687012736093,0.29399336472015314,0.9142121946896472,1.0753540720973498,2.5245029362318507,0.19259459225102393,0.4323972308747792,-1.8148475955868943,-1.556524973368392,0.1939716685512748,0
0.7027873582658257,-2.5159982651581956,-1.7579812791834533,2.148614852879254,0.1976969088017289,1.4385947454086774,-0.505730161762673,0.8944187653636757,-1.1549422184424096,1.1867513040157638,-0.1330501415782438,0
-0.059770326708989255,0.2828240461990683,-2.55125674565722,1.5251570951366276,-1.4035665739911913,0.3640359275180754,0.6813252099595808,-0.5811779116120637,-0.5729480628376129,2.1793881440985645,-0.39439733030020024,0
1.3958555238915196,1.5313363670841948,-1.478359037942194,0.3505269023901515,1.2824249463753208,-0.1574103621942725,1.869406114245692,1.0598241455243713,-0.6142794031704721,3.1144049501840474,0.6330342321480535,0
0.21434426641574628,-1.791528338685978,3.6665915665924986,-2.738443306177663,1.4756608140795962,1.1662452223024076,1.0855674220864315,1.0274071108390557,-0.583397972423178,-1.684531690261963,-4.010944386730265,1
-0.29202385435563005,-1.7413117798021425,1.9771083677702428,-1.8365087302409195,1.395442756981814,-1.257843698552654,-2.6234317118826347,-0.8857902758488262,3.43049625327862,-1.3414933818525048,-2.34407711162164,0
-1.5047644538486,1.0559291230830963,-1.4966423750807727,2.00157145037072,0.002958368917334099,1.155876216795889,-1.6959967458719976,-0.3420206679610543,-1.9337264543135413,-0.5590134342696604,0.6832965636219408,0
-0.06499001512247343,-1.5693221068576504,0.5630268520732495,-0.9336292494747321,0.2999322030355731,1.001044634568412,-0.03712134342191786,-0.9039877753261137,1.9175259354058714,-0.1723610230104926,-1.5866952442092255,0
-0.02354254647977464,0.2794321770807866,-5.942291211289108,4.923470142577358,-0.4688994114333664,-0.37392938208087706,-3.070992337168029,-3.7612971465412164,0.09690772757916843,0.7709982496662424,1.4934974327033965,0
0.3633062549344352,-3.1746401795444994,7.740606982286654,-5.723040936600486,-2.2754849273393662,0.27899977642232976,2.738417047504295,2.805094257363721,0.364651102833053,-3.582015803330264,-3.352521306832114,0
-0.8116290778793687,2.341052866955345,0.5093043561944104,-0.7612177463412895,1.5248213643208093,1.3188034572281684,2.1906531060492545,0.5641006066828649,-2.0690196019648868,0.39658715832121105,-0.4727399961121268,1
0.01837408298291234,-1.1496483543530973,-2.1473362781728706,2.071066172396128,-0.5021374763581535,0.7230252317980574,-1.3104940040747335,-2.0762118913464165,-0.29586190108086763,-0.6193128421407004,-0.7009404310048635,0
1.335272721593182,-0.010948082401296078,1.2572964448731632,0.08912204522576156,-0.8099258026816339,-0.5509036646658556,0.5892057520937126,1.7160069894938172,-2.7810781694952205,-1.2378138391329851,0.4363273408326488,1
-2.027690295140987,-0.949365363937281,0.5681584197218624,-0.15155679657110974,2.611352118424046,0.34295856219857723,-0.3744626372256312,-0.32119747775662993,0.36832107069324516,-1.0978225836892623,-0.018747520724354816,0
1.648669543607866,0.9166755864541112,-3.750751243758132,3.176007809627206,1.6841207589895029,-1.260529150008245,-1.827159076858832,-1.05378202534497,-1.0755549529514785,1.5266048927393705,0.6315870249883766,0
0.9571725881562604,1.1933709110064772,-1.9898747939331014,1.088734999569364,-0.51937822330274,-0.11585181086775141,0.9453989350673763,-0.9811085338100516,-0.2113620705997622,1.1458787966140487,1.1627246622491536,1
-0.519994462522817,-0.23576324292162854,-3.109013111177017,3.099057619937202,0.709369123429289,-0.3293840641641353,0.19790266000238532,-2.078582675440459,-2.177749697241893,-0.6425668836748974,0.9264593992545692,1
-1.6361294992108883,-2.4433274247294365,-0.9365404765308792,1.1931780284697215,1.3764067937896323,-0.4984639932999448,-0.14164843342967026,-1.2488643177412397,-0.25285655103627935,-0.8455977776523581,-1.0005726908459647,0
2.0867992751736906,-0.4941649741320973,-1.3461329835816789,0.6315655569974377,-0.2563516566449765,0.6609169347749252,-0.43956955662686836,-1.3391953707181998,0.986467803899787,0.6536336233992666,-0.8132604896240667,0
-1.68562853204493,-2.073694238693061,-4.580658069742835,3.6264228120545985,0.5134620729608553,1.8372638995994666,-0.01054788546933505,-1.7673134768864809,0.45458210457761367,1.9104806609841853,1.805939292471488,1
-0.439423961871069,-1.5032774251796899,1.411204823783743,-0.7552540888392085,-1.5882323503603926,0.7848311985706232,0.17398206104443992,-0.024678255852082942,-0.337073353752536,-1.4147927337310602,-1.7050304181964102,0
-1.066951549008984,1.9291839966170883,-0.676272429506513,-0.3798440691605125,0.5922901380663959,1.70447141627374,2.5785841030077097,-0.20060878736947574,-1.126441038114848,1.5463740909077568,-0.7279907479721823,1
0.4411301328540043,2.118828741320902,4.866012614099179,-3.457100676460108,0.6809738271756977,0.6374263820303955,0.7346403828494908,2.5781586641093375,-1.0149743139002314,-2.254589626497536,0.23433799714934633,1
-1.0455341857238996,3.6226174198354224,-1.2516665586675635,0.05508684083450132,-0.23277689765632836,-0.06335671789546667,1.8257013457235958,-2.160423160609904,-1.2617721322060675,0.08883343846475222,-0.31167397046114753,1
0.6695745991612218,1.3414644572752747,0.6115809785450853,0.5233216747541141,-0.6089840269014266,0.16823043004752974,-0.4187278038723927,0.5847431853261387,-2.2689902639704647,-1.8027218123897688,1.50936841529143,1
-0.25144368445354004,0.7117019540009082,-3.6117108488940697,2.5985610137538986,-1.2333180581074927,-0.48799114761464785,1.2109036038513592,-1.3721257033089571,-1.8501593655838924,1.7644278804968951,0.14036463300694968,1
-0.4826635901757182,-2.1334868031507845,4.311147308595279,-3.553820716295154,0.46112414769208177,-0.8567410714356047,1.0556924519440376,0.4541649351349655,1.4562681796083623,-2.2627603178601303,-2.8089240595413116,0
0.14710205003211893,-0.19046916095271504,-0.17202605295733364,-0.3075190585014874,0.17348718377138705,-0.805556922975755,-0.38465969870732536,-0.0627763216588203,1.107767879210825,0.900179170514121,-0.7158833415148009,0
0.7409964620098304,-2.4229563317680167,0.8337215171465905,-0.32904571403054017,-1.524515519964804,0.11460836001595046,0.6275928364103172,-0.03594439728099208,-0.7496171157184803,-0.7965212986893913,-2.7020942862307398,0
-0.4666695098036272,0.5699510777453507,-2.8149640230235407,1.4580659245102006,0.11807583040656283,-1.0340178826909256,2.223915915078943,-1.8113650550722447,0.23643684103750784,1.395977339151238,1.9092238868761167,1
0.23245334955937813,-1.4718686160567502,-3.359824391590766,2.1573560986172153,0.22569675103133185,-1.1619638848393024,0.8438120322841574,-1.4023988049217486,1.2341279258898545,2.0418763659569334,1.6424731094660885,1
-0.03620973689089709,-0.9131636627354747,-3.1424191955246337,2.574226092836497,1.044337950101526,-1.0616041323406544,0.05885691108513624,-1.386420715316881,-0.23602121863607817,0.9598912701438004,1.2348330780153258,1
-0.6912236842583858,-1.44272563356742,-1.8778058554937505,1.2547275985656683,0.732916320568827,0.5709373612091152,-0.7351955591347372,-1.8309130412718075,1.2202719271142002,0.3646747129088135,-0.5622346274914629,0
1.5028640521567573,-0.04856654810550609,-4.645458191359782,3.9148878493620884,1.1097852876460563,-0.5081047471789325,-0.6248013949155149,-1.184947357157869,-1.6991264425727566,2.0435970675712625,0.7107042450545553,0
-0.18294277826134067,-1.7291753337902813,-2.4003980307075636,2.333037819594395,-1.5704804620527049,1.9434555162258673,0.18091755860293735,-0.7815361005270328,-0.9482112083428254,0.5228015676619544,0.34974956928282963,0
-0.7750778933443184,-3.3575072074565817,-4.696280017697297,4.608459000220912,0.29127319967825865,-0.02605877154102798,-1.10616553036972,-1.6084906560890655,-1.1095266147806284,0.9855320348379422,0.47405175660880333,1
0.6368846391756838,-0.5599690355275599,-3.6009385981201847,3.7947992860673763,0.481739692865974,0.22314109608782248,-1.2069860045956653,-1.7677553060667877,-2.2889614032729826,-0.3440925677753335,0.6288030026274645,1
-1.620681542260766,-1.5605642054606328,-3.005405882630149,2.6452108510010057,1.3919230449095554,-1.2663591409201438,-0.8950948262874018,-1.6541336206826642,-0.172907404119784,0.5413611322067664,0.002585168790904757,0
-0.544736084514214,-3.1434707791133594,-0.03365082704457905,-0.44343590564239926,-0.582598944246403,1.964736122312586,0.35516255662017415,-1.9626597247742132,2.198431436443033,-0.5360362125654969,-2.2445508633406903,0
0.03882720893934154,1.4058594811865575,-3.556824727834259,1.8462967109074209,-0.2654137269573174,0.29052833959974367,-0.7480013940697432,-2.4265607631769646,0.745720998550035,2.0422380252759766,-0.5987240330254355,0
-0.43310188067547983,1.7849006504166178,1.7103452881527712,-0.9707355777227692,-0.005994224699224352,-0.21100684060678476,0.9844699438797695,1.8203788740700617,-1.8310306979066304,-0.5811578393615905,1.0314222768172872,1
0.9492439261657479,0.1490853437953651,-0.30452121133133886,0.9053121489037543,-0.2506722385793593,-0.4362293156367268,0.6406962062846404,-0.019475691983381282,-1.7390827772240463,-1.0344307729876925,1.2960449146520574,1
1.1273583250756158,-0.004442069611312882,6.176344527853848,-4.512384955084247,-1.1019339984006389,-1.14470231758071,0.5138502010784125,3.095848226884197,1.3123334060384468,-2.5943688122337814,0.9174835745288046,1
-0.0939520955642227,0.9792012188806116,0.9920435617006073,-1.69586595442829,0.6237177626295669,0.730382739567037,0.7451821332606225,1.9454330072567012,1.0712618429362968,2.412083489965458,-0.5250577712003243,0
-0.3152721384190013,-3.4709340255160486,3.588701185162606,-1.9268868232910576,-0.8252075662624259,-0.11253591220939105,-2.7681713368043868,2.7630786134460985,1.8403205072804132,-1.0748160787706127,-1.5944335831563428,0
2.189923388592999,-1.0821747758667253,-4.354885097338852,2.926083158467724,-0.1550192306651681,1.9305764044938156,-1.9482393405871252,-3.9656972286608125,1.4559794196469313,0.8870800815599729,-1.3927919905115336,0
-0.09599442087619593,1.4685045977853948,-1.6569898700254022,1.1399707943470865,1.8522539662322053,-0.3861042591270019,0.06028190635135133,0.10289900336484648,-0.3213790378142909,1.3334047925416928,1.9061918415044217,1
-1.6166241550370202,0.49275875269049424,1.804130291875871,-0.6774944540976754,-1.2231116597032339,-0.36912879082937,0.7479646369855442,1.0129291712628345,-1.7454812384804832,-1.833949265992298,0.8004121676384037,1
-0.59278765196053,-0.2870567713639518,-4.758648656771427,3.4710207763852226,-0.9030115477337892,1.7004322412111457,0.5321030557430471,-3.1972915129655757,-0.5985832947303991,1.1270839302544748,0.6239692230311398,0
-0.5623879276715268,-1.5236529305425828,2.356016062121697,-1.526343213515807,0.47638059271405064,-0.7611989387425518,0.17605284593416004,-0.3019569309854593,-0.4103379693596821,-2.238674745426038,-2.9782523451531047,0
-0.8586643644694673,-0.627202969009899,3.2483738609856223,-1.2886166040408757,-0.6068208779407478,-1.421169685419341,0.18811038854754858,1.870234295150247,-1.6020698827002833,-2.8799806964683787,0.790780703050045,1
-0.5219290708016194,-0.6641465171766352,0.37448284197706755,0.9536817469166551,-1.0174508357138228,0.4200371115218597,-0.6984129813915846,0.38339994645710207,-2.376312795740015,-1.8618146593886868,-0.14217876059314116,0
-0.04426343189907114,0.22633698043815453,2.636387671487329,-0.5043557861550287,1.3584097128567716,1.0160224049745579,-1.3051181867442623,1.5365660583467857,-1.4147531446143824,-3.314486901240178,2.2322456139832454,1
0.7985403203563651,-1.4693148708400185,-1.1345694166261253,1.3127737105702761,1.5816654263954508,-1.4585682302819452,-1.6761368331838078,0.6799148217134836,0.0567269591198547,1.0783786712368557,-0.419308054803073,0
0.7973895963647567,0.5017968143912683,0.19670449193214842,-0.7568086894921467,-0.8659645878731652,-1.0319899396577892,-0.7257391868569303,-0.16109027465383619,2.2673703677385664,0.6187843711800848,0.8077102540405281,1
1.0992892237714293,-0.4006582926045141,-3.362328705194242,2.1308528677820697,0.08818561749526377,-0.021746406010286587,-0.324738119345252,-2.4743192388441253,0.5656027255994021,1.2690406745245904,-0.5240819870734368,0
-0.24250778077936094,2.0236550177442023,-3.0914052489545587,1.3796458965503933,-1.0890615694466523,1.9791219055949707,1.828644943941702,-1.834713293990274,-0.25233963441378027,2.045967604472694,0.8805764596427944,1
0.9125843893451985,-2.106937766706692,-1.2622171807917884,0.8235163724680369,1.613330977523004,-1.1397643283631669,-0.11437454701180527,-0.8735739477313148,1.569158744691339,0.6301595586291981,0.27285022575907636,1
0.468026505421726,-0.16019982164896285,-2.413466517351164,1.6024186993234257,-1.933070870273247,-0.9419569462650673,0.7582010184669388,-1.4995178961181654,0.29052569468140255,0.8248727342282436,1.360876673803395,1
1.3298978735209082,-0.4497326534220569,-6.806002019290668,6.296985554086927,-0.8485441817231576,-0.5023771914591207,-2.772674290909951,-3.5938470970138425,-1.4943763482436818,0.43502880051432635,2.275286709841164,0
-0.5117334810358445,0.040967317815409854,-3.3128612961680126,3.7208714644811454,-0.13626418412018027,-0.12555727859516594,-1.6336311892816018,-0.7793169335109363,-2.854694359543341,0.0561021816655608,0.6256931036107396,0
0.16482075245163552,-2.1386668008294007,1.5720545356313433,-0.06799724608478622,2.5073160086088917,1.8517357377286767,2.143307846584177,5.179439725359439,-2.5478417705579908,1.4954128355390215,1.9865230037058306,0
-0.7477732372510704,-1.177385257053888,-0.4820661880415289,0.4432029231007808,-0.01487708289276372,0.00011240687339835462,-1.1411301616939353,-0.5694148560702967,0.8780280590747337,-0.016021260893461675,-0.6742058266930863,0
-0.9969371833913265,-3.088752502921995,-4.643139425452802,5.050076392145016,1.1960323799279708,0.5747135506058784,-1.057644539320245,-1.8666900037764431,-2.2699532469709105,-0.14554179855414773,0.9194679868210642,0
-0.8663518152466655,-1.750372865343003,-4.866197163205766,3.8821913662162872,-0.4392151566737818,-1.6121908610089088,-1.977696298868383,-3.6652865100830256,0.35415455960129183,0.6767330082747137,-0.9813104277744147,0
0.06934972531750598,-2.7369438504911967,-3.88203193270378,3.310693038204469,0.8652838416145708,0.1227924243780669,-0.27917711369472153,-3.067555333001998,-0.34571093819259047,0.11359618329438237,-0.9140057494403458,0
0.6774925166842755,0.17750628174476635,-1.9697923877954897,1.3788360678101736,1.5776042641077528,-1.0459490025852662,-1.6925009296457172,-0.8400855698028066,0.3681725505357512,1.1799835989670286,-0.7773068225327344,0
0.6568870058019168,-2.3043891420810203,-1.158521664656217,1.9758704984859488,1.595975789290482,0.9956336709853993,-2.0165593821107453,0.43457334195908537,-0.44429811728918667,-0.1483091889327448,0.39135683664506327,0
1.0328645929800024,-1.5574703076081593,0.5224212568393878,-0.6834418901319556,-0.5261526509612151,-0.19898835839823406,-1.845847574420179,0.5779219826778055,2.849436687124898,0.8560203750722203,-0.29868892251889356,1
0.7988259577049072,0.29165614746280955,-0.7354997155191811,0.462216096037761,-0.894841980117858,1.0178807134227108,1.2755821001512526,-0.3483986544634028,-0.33431287371800134,0.22384854757374706,1.278526453327458,1
1.1412491614882068,-0.6699978103056574,-0.557847058188242,0.0683416726792251,0.4911280173431874,-0.3089077867586242,-0.4625235982366927,-0.48365829947489486,1.1707889056948413,0.7459126521197107,-0.7364391259588623,0
0.9655532786309758,0.8164383085605195,1.0696054301775717,-0.5160407359276242,1.2383775927820315,0.1928461022013503,0.4608014585224383,0.4787875488274119,-0.6220979862564705,-1.1311814129235733,1.3212135736355688,1
-0.8349620335603445,0.5659858639181377,0.45369378391389165,-1.3723246710044992,0.18082765809073967,-1.1382617143392524,-0.4360581994960935,0.0997790778443397,3.0065748826423375,1.3389720694300826,0.46749300387041937,1
-0.5074696815450167,0.3483269298310423,-0.9487264422601773,0.697017882159431,-0.8776457255703153,-0.8772668484932512,-1.6092337831006072,-0.4445352429384139,1.147472382648794,0.38948160082047295,0.9998175071581253,1
-0.8871151453029679,1.8227181024740124,2.3992462499835345,-1.9950837343802053,-0.963382740516544,0.9540793116072241,1.285845991043384,1.2306395653577107,-0.9819945492955954,-0.7769073731494952,-0.20823671974012536,1
-0.012605952318749905,1.1039591484907354,1.8177219783263099,-2.0320845440967363,0.40461948212976556,-1.346143341724175,2.454640094934515,-0.7505287073931326,-0.43416067883593684,-1.237336736738416,-1.348251763909792,1
-0.037230549355748176,-1.526194764577736,-2.104095948569717,2.2801956545601114,-0.805647553050313,-0.06910515295108424,-0.7738112465740898,-1.6417168335681347,-0.6982317535478,-0.7247136985686762,0.15699900213390838,1
1.261242197107675,-1.2995530333205865,-2.2311174645773053,2.1575391509566373,-0.39994301863357423,-0.879912781531721,-1.4217519374400152,-0.9882892426901714,0.08746405926239231,0.3328792662369702,0.3739986982249955,1
2.5091606140908778,-1.4938591431295205,0.380252262581589,-0.006299035799050011,0.8044269539226412,2.2520357473618433,0.2993248822471114,0.6250384814224922,0.4009556318949923,-0.14990922713236432,0.8190526301605405,1
-0.9032622264672987,-0.8806566270009601,-2.6541902822612213,2.286359479484523,-3.1208845978365,0.9843531866735984,-1.1017505881481031,-1.2412439697677744,0.27319339844576884,0.6589505345123049,0.8886014649436749,1
-0.34438987667082355,-2.239545727742816,-2.205187392068696,1.5860101125545416,-0.7735768677722142,-2.1920849749210825,-0.30779828491681976,-0.9556719338126078,1.4720997235459645,1.244415092816523,0.5726321913007704,1
0.8095421716422592,-2.325592531365536,2.9224658989765544,-2.2942034309562978,1.974397306077458,0.8999211927679179,-0.7438334444523972,1.1627704659838083,2.1436851537862176,-0.7923365890711864,-1.6408066573145428,0
0.49302081557616945,0.5403025647508339,-1.3135381800707935,1.1489711108134766,-0.7946499601330365,-0.520964729394265,-0.15768377130988287,-1.282780251278772,-0.40837424381272713,-0.46203803053813375,0.8768847893387888,1
0.11643752377883106,0.7131351090116018,3.6137304433020345,-1.318366115709212,-0.7563991738936813,1.0639837719710692,-0.691431986464689,1.5574243479994567,-3.2178211953897398,-3.780354127661413,-1.072193057930967,0
-1.0341642132813895,0.020652829755688162,-2.3980371225892676,2.6094195550568484,0.8203660635597481,-0.3600058790573909,-1.9349104253079787,-1.886177183850073,-0.6353195127856899,-1.0494033381277446,1.3231940645449531,0
-0.5733556033979699,0.3262813768355781,-0.7051118015059141,2.1601648007577086,1.195317557561298,0.22984800707321443,-1.4203638817705384,0.15831748774517285,-3.9643221078624133,-1.853865111399091,-0.3256392312809335,0
0.7941544434955601,0.1884270343507214,-5.945899673960487,4.715800319767591,-0.9342935072690686,-1.7117273001550932,2.114685185026153,-1.9824845058241942,-2.850249144442439,2.378380511678646,1.9840963607901696,0
0.12373310483341414,-1.6941551892257376,-1.0708383912732125,1.279164857848894,0.2770976992244916,0.4884257093851981,0.648534782071726,0.3131561016555051,-0.914632950380301,0.4827153509431756,0.3118721024397073,0
-0.6010741477224367,-1.1750182845915456,-1.8098000176111433,0.5801287303378657,-0.3259198399451453,-0.3893002444865011,-0.8341766448541897,-1.703856308953733,1.9987427513180456,1.5498517113576669,-2.0648286324683154,0
0.3222954771888234,-0.052242592255786535,5.3433146419469555,-5.880383791248591,0.48096650534478025,0.27433075583284966,0.2579004503867637,1.048252808661329,5.845985581148486,-0.3222795706871844,-1.1037717983462503,1
-0.20047480795988779,1.768707361016111,-0.2177587461866494,-0.5957944698772552,1.176978776826948,0.8440354483208297,1.6796168516565597,0.1473864897695335,-0.1063317355193808,1.2501963605047262,0.4260016009479344,1
1.9944227907825391,-0.29260031959555755,5.028858888689961,-3.031548541100116,1.1118949754732628,1.1183517794921343,0.30670528764508037,2.4373330753314573,0.06961986886964855,-3.2733380991254046,1.5716464596696393,1
-1.008900953384391,2.005980677117029,-2.5859742114208033,1.0090368346134782,-1.4652892036610987,-1.0847877358618674,0.7852960771807025,-0.49391217123611475,-0.01077898400774635,2.95698867904187,0.21299005340269161,0
2.1844350999613624,-1.2391747919432823,-1.6621472973252478,1.08913665720895,-1.735814445629114,1.4064088799293493,0.23135793096410495,-0.764529328739485,0.8680586915511542,0.9919290385392417,0.5382058554430611,1
0.9316590945976516,-0.3186892065560729,-2.084510255813677,2.8727549017243548,0.1962813287693177,-0.15387234561383956,-1.145697202903596,-0.31222607235859634,-2.794517308051146,-0.6552435255925314,0.6707204969418814,0
1.4768516208704456,0.5519234313279353,-5.658562678218232,4.294865505883068,0.3181190726978138,0.05601066948652931,1.1558668461573902,-2.5168358247648603,-1.9462722926203722,2.059323503024862,1.4738582428590397,0
-0.3077105730290548,-1.1085588995702227,-5.792306235059363,5.255117831795486,1.4509314801961488,1.2394764501050326,-1.635286869783548,-1.451141045908268,-1.306575868646432,2.014512549222342,2.060229666094078,1
0.11928396598708113,1.2968762215965062,-1.7347462273572491,2.4387553272485034,0.8734753449338712,0.6297914207655378,-0.6366579378024682,-0.1299087237624299,-2.9612216094730455,-0.7847016329960098,1.9330151787306733,1
1.3047491581235786,-2.058596823997701,0.4134492572573387,-0.7407345221460445,-0.4828436107251803,1.179722914491261,-0.17071914064806848,-0.998984233034583,1.9173630299005011,-0.18898672816232154,-1.8789590297503098,0
0.29986164573812313,-2.5215616005417414,-1.8814521905737915,1.2800006604951712,0.23400191782718144,1.023209336845411,-0.7860466872189946,-2.98524851981999,0.7394844397444218,-0.3899074840182665,-3.286001794853191,0
-0.688044598427474,-1.2452003671041747,-1.1133356608265281,1.1761245042657995,-1.7162856283556107,-2.574429050250118,-1.2373303010382313,-0.44756902965841383,0.35350015942548246,0.15608027811372005,-0.08557038483742041,1
-0.6561186392875411,1.22948965155992,-1.2284251978276284,-0.8719106912556583,0.011828912377591887,-0.21552084196042018,3.7398772796565263,-0.5633039330106975,0.7380210545286674,3.1544755949152234,-0.8254402538664298,1
0.49277044712037077,-0.13297208166048458,1.3322631027950482,-0.36806684556210034,-0.031090430113941463,1.4930893393902087,-0.16297068777417612,1.0407646683876048,-1.8051662672244988,-1.0650092389383057,-1.1894125502105914,0
-0.35070189167362514,-2.5164762029704537,1.6657086121457851,-1.1644311865845223,0.6334632762010473,0.2882962048244745,-0.7650148968524737,0.7786681530896791,1.6353219279858289,-0.4241549886736431,-1.2254130173680378,0
1.4043817625544965,-1.5204909116733059,-1.2073687802124633,1.0000645737831326,0.27134722078838286,1.727353964381229,1.465442526957769,-0.7367644536956716,-0.4007537353248616,0.1977829084827385,0.29593426263247413,0
-0.7620842253074351,-1.3982010443415893,1.634621491090786,-1.591991058020863,-1.3525077547624116,-1.6249740123883432,-1.624217503649342,0.601027490862178,2.3023843643868194,0.1970002048512145,-2.0641905189581746,0
-0.4077373069155224,-0.911800906937946,0.22981840890250363,-0.7434251639139063,-1.154916747634274,0.9980209685557242,-0.25161432704133047,0.41783658135576895,1.6383327613377552,1.3196686897604137,-1.1482579112991171,0
-0.5096029641324555,-1.5582467314276407,-3.843826525582719,3.1443987144159022,0.8434889342338986,-1.3600025056521692,-1.0067557332836554,-2.684299769202001,0.09345069149121221,0.5272253928445021,-0.13281508783711427,0
-1.0038209044545972,-1.0772630162153303,-4.244686923754294,3.487086470364359,-0.6611617327629309,0.6276668989303419,0.27288269093099005,-1.82038133953849,-0.6556662943081228,1.3141627670100968,1.5144858626562125,1
-1.5050847662157658,-0.8716941040398394,0.21083529243212476,-0.30497308410161106,-0.16154043225427545,-1.3656343270483764,-1.108766731106339,0.06362924891066868,1.5610998232077282,0.2992178601926455,-0.30100113795746286,1
-1.3686765208620373,-1.5580418422693136,1.673745118363761,-0.3491081653597441,2.1060639899868794,-0.29368445229892676,-0.28306824339289693,-0.4124534177589597,-1.2653481203396446,-2.9601246490461914,-1.425550072516244,0
2.0292317119205707,-0.898722038553064,4.468492291000586,-3.591639782209439,-1.1410189402628719,-0.22035421227311056,0.7750488524295707,0.9879044574550084,0.33572739154893116,-2.0881714421302036,-3.374812022272331,0
1.3859666578676415,-0.7524039981805777,-0.5059752693773928,0.3386668718643366,-0.7636197345024269,0.3524053552850984,-1.5357273432689502,0.271631084924588,1.389575370113665,0.8920311377332373,0.07961928330460999,1
-0.6197823015084614,-2.8927361607536355,-0.5751559806592194,1.132802944155703,-0.035409257199391656,2.268760018217321,-2.5654958026103283,-1.4849641261761508,1.1596480140627499,-1.4948330142769717,-1.179057184864656,0
-1.081770364591427,0.024148852983685742,0.35754462954786753,-0.41803676127867495,1.697661180139574,-0.4901106039485715,1.425982655757172,0.055793467627694104,-0.5219376727019467,-0.08009250601674989,-0.13989803602011341,1
-2.34282389781544,1.0498223376138784,1.2669802364693241,0.29940838984258905,-0.4936340566640584,1.366698073062082,-0.7106296884287474,1.9973288290572688,-3.6438958658632297,-1.2877284285808142,-0.4599237900151964,0
1.7101174148069032,-1.0430604280715206,-1.6382543418357525,1.2361537463846701,0.016469869354097624,0.16287980534149057,-1.5408567458072189,-0.3040306619257561,1.3594251551894927,1.2214463969727438,0.4576484100178901,1
1.069041379249067,0.8405705135111918,-4.566201146721049,4.683303819704578,0.7627434443627783,-1.528423357872918,-2.6254314624863047,-1.7515717884087618,-2.426907156905063,0.06654938032416868,1.7412123641353323,0
1.1496292018974295,-2.5258283754008817,-1.3147180476222375,1.5499080001710117,0.7987432967496501,-0.5254134037157391,-0.7544109139484626,-0.08767615988508182,-0.23942451218109628,0.42996728310678994,-0.754007249358766,0
0.2284265143386762,-1.152439873400431,-3.128038764399925,3.3491837211174813,0.5412037785812007,-0.7767202678176054,-1.6078053193365118,-2.043784290915996,-1.443672133473283,-0.7169770546676257,0.14136154245575272,0
-1.3680632621041504,-1.1051994943685313,0.8347887187881096,-1.551383017959495,-0.2319323245015626,-2.2091446703636906,-0.4826920978357337,-1.5435336695386372,2.8894500096142375,-0.259554513503091,-2.2825137873513333,0
-0.991480835279484,0.05668032234375875,-3.418002319547381,2.4160058443548738,2.1603033713890762,-1.1271229013812352,-2.014669920727508,-2.9559926762877593,1.00536849640725,0.5160592181357202,-0.20469421800122223,0
-0.18964014164778623,-0.14083596408395072,-2.498081813814225,0.9889933909684713,-0.31317897750990215,-1.512421870828219,-3.5190626459137215,-3.659765542602625,3.1071802228004426,0.6672784263988961,-3.0252876018589125,0
2.0632431927679042,-0.5306153301447204,3.4269715639681113,-3.9920342872428973,0.03267715646410952,0.30758841665077385,-1.8839683551861477,-0.7894908720764562,5.166083243065152,-0.8139835594730809,-2.9617276911798847,0
1.3531459761363587,-1.454958887634328,-4.809551155502015,4.311002286543872,0.9979274403861015,0.06389798951522249,-1.386077869089934,-1.240966613057027,-0.5582295184517803,1.7712488669831559,1.781458456241587,1
-0.41323835160851097,-3.244657862257176,-0.391672402413247,0.8326374358989884,-1.4174400655995323,-1.3782596409460095,-2.4853357164999332,-1.55415885253889,1.4995818342411256,-1.3617614193152143,-1.8334827248317194,0
0.08800921338397695,-0.7312896592271071,2.358834879647629,-1.9794984193873457,-0.268127601075838,1.8170556841937642,-0.6997438192815685,-1.174243703833473,0.9298523629999138,-2.297006924160479,-3.204867175059573,0
1.8315666197617275,1.399014562007611,-7.31939999272916,5.449510724454461,-2.143803455801276,1.4708519687051955,0.6373077639147899,-1.1816498173621661,-2.8004306244621198,4.760091107959381,1.358218121799773,0
-1.5459184762741853,-0.3630136848731982,0.11456711545243636,-0.11897354326921089,0.0945340067921737,1.0173228491280504,1.6463551729379888,1.1323865218216385,-1.0535281299946004,0.9331607967821944,-0.15880472949178603,1
0.577435916904999,0.974583971811662,-2.9523746104708914,1.9617094249294478,-0.5185046277542529,-0.19891783022877743,2.247607203493666,-0.7815448262962914,-2.1574836036245006,1.8897180444136008,0.26170375869036444,1
-0.6451582170809279,-0.36314402979692223,0.4489685379051786,-0.1451575997999968,-1.4654466868386578,-0.8615613953927895,-1.3866339494105646,3.3005478500318937,0.036829084873321594,2.4514432537569637,-0.13953710124352137,0
-0.2621119002365711,-2.1322775667048957,-0.6123990629918856,-0.09530290623021757,-0.34356759816806737,-0.6451314005656815,0.09301425027301324,-2.0789221066144563,1.9987671099061914,-0.13358969456020509,-1.84172050043823,0
-0.8452938866922066,0.918426934451161,6.25304453721694,-5.008159525338707,-0.8841118418436985,-0.046367947131124645,1.5064849819510426,1.8910707856289712,0.754423897830893,-3.0591087476935552,-0.604922623816138,1
-0.5078086226684202,-0.650199422001277,0.7661665687977403,-0.045647777371784236,-0.7062107186713865,-0.6080866386380016,-0.5821377857758308,-0.8214858332767356,-0.7542379763257002,-2.049924762616387,-1.1923490924406532,0
-0.20274104561371148,-1.187106274034607,0.290179263211937,-0.4791498418026506,-0.27729541172426503,0.7243112902028759,-0.3456599587858158,-0.947074938283687,1.667248171156097,-0.49709817304889786,-0.5446421353107971,0
-9.53062414292707e-05,-0.5255232533019168,2.008364136673107,-0.6515546558707079,-0.028929646425124158,-0.44063726980478923,-0.27272472427064354,0.6762827626364558,-2.287607309902776,-2.1907174660018196,-2.2395529011014643,1
1.4072007396683641,-1.710669419353886,-5.115652837242968,3.9723054419202684,1.4142966038926392,-0.1134564899478892,-3.5349851296840695,-2.798568894833409,0.5734418446851495,2.0530018781129873,-2.5278003470131356,0
0.9730850943669106,-1.8661299472930237,-4.4135650292476685,2.3391947611544937,0.052132462777168216,-1.9262804910102522,3.84427838750206,-0.35361778396127863,-0.9267916710598009,4.9481523323795304,-1.2176998101458458,1
-1.4161314349499738,-0.9933159912099259,-0.6825543031126313,0.10260800402757667,1.411430826527821,-0.1179443700413232,0.39779558917112534,-0.6950926576039991,1.5243692597821654,0.6347330658517132,0.4031641609423336,1
0.42661010904047897,-1.8337924575639022,0.5043909428582193,-0.5560150217585832,0.7919041730052914,0.07046451410603835,-0.13091542077142138,-1.3589522222803652,0.1679583251195813,-0.8566166265323824,-3.9484595914858467,0
-0.06031051526476054,2.2398163585973827,0.7518733324618353,0.2870356773509226,-0.3881338748089228,1.1120833177784233,-0.06662021895718129,1.2053167601175738,-2.8308627273784985,-1.2385958958837517,1.429696107702103,1
0.30147275175817234,0.05604677131063318,-4.277629133588723,3.5459502672646908,-0.22316385818547546,1.7342624061516863,-0.4511663474973749,-1.6173261526838951,-0.6979059712770175,1.3576007345040444,2.1532437878684965,1
-0.6837659131442679,-1.3895102554990335,-2.19491923757795,2.6664534199855,0.7595365027205451,-1.4683731666699051,-1.014128695655556,-1.4119168820257195,-2.1478955592513955,-0.8557961618517772,-1.0750608291063575,0
1.1772237742253568,0.8825865362516233,3.793040850206889,-2.326239395852786,0.05159152479625327,-0.259152562750206,-0.6668953878436856,1.1450215032361037,1.0726250321591788,-3.223684869314761,2.90315231599525,1
-0.5458116442857477,0.5638226566308391,1.925047016206332,-1.8275942589002212,0.04373012579885834,-0.3526912264439245,1.5357625913526771,0.5490573796893321,0.5319255191822359,-0.66929996875134,0.67019720586453,1
-1.6355674429269187,-1.6116204494304487,2.328386754810967,-2.132086165866269,-0.00310013051255606,-1.264153020434242,-0.7531099772458449,0.38010165828151177,2.407111146339237,-0.6153528373488708,-1.6432102605278993,0
-0.8180515201210615,-1.2471329830995357,-3.9824085040841424,3.499970820520051,0.9954278643140155,0.3784824390536898,-2.2220603980097997,-0.7991749698563585,0.38534169737231383,1.8634542845806048,1.430397204335506,1
0.6752149699847282,2.4857920558565585,-2.1199413549159263,0.6366123369466058,-0.044577464003391944,1.9631781491758176,0.5161257754570621,-0.5730021965164351,0.17787487144466974,2.4983280976644804,0.3471169670170604,0
-1.6085306957645047,-0.5361501216017419,-1.295696028237897,1.9354759301029487,-0.31990934007122185,0.9511569106993739,-0.8348953241103768,0.0061778778738268425,-1.8991366516764083,-0.42799021335053383,0.3816314902636908,0
1.0915348651665029,-1.408750801257884,1.2719052672413407,-0.6274950479947806,0.22045609353546342,0.18281219448545996,0.10061004553279529,-0.01866865599457268,-0.3318584489109059,-1.3572706194195603,-1.4534403958846398,0
0.9165885360269885,-0.9557465618288541,0.8611410559959453,-0.756284783957038,-0.18422278476734336,-0.5186867278853009,1.1052902146330754,0.02204334955849674,0.392052158579814,-0.4842330251578259,-0.0970224340076764,1
0.9190146406500599,-2.298512627819944,-0.7071535424006365,0.547874369857982,-3.4129533438638653,-0.6420541096078499,-2.551819254191673,-2.530214821456705,2.2327347131221247,-1.1893321063897604,-2.205946634356336,0
-0.41277648797869476,-2.1829599159871758,0.8731226759786995,-1.2183485613721143,1.6915539469577816,1.9238006798579839,0.46064505079441154,-0.9870702382874524,1.5216198695647394,-0.27582676623200053,-3.002296868567022,0
-1.298647873842061,-1.1786172018503662,2.4849564330390477,-1.0370774474200035,-0.9511997834658797,0.32271149063991733,0.366812001956897,1.473242492961713,-1.1248340808945239,-1.978648920893195,-0.009517433651655915,0
-0.118572957151557,-1.8860591032778875,-0.3994815281594457,-0.0973269183793603,-0.5995489353171758,-0.2820054164199242,-1.3726931479483413,-3.240201482368139,2.8293973674098556,-1.5731390119061202,-1.6223381410848532,0
-0.7362761778141275,-2.1943685141254967,-3.3489619691387222,2.8864735641462937,0.5967926721599573,0.46536689290491606,0.23054367094791872,-2.2265441083308275,-0.5078284094180625,0.32331351966443767,-0.04387551438656323,0
0.42745751258855397,-0.07641806980242916,-3.6034344153981874,3.179225975473852,0.29823461063364554,-0.8607979049670367,-1.8595115357133554,-0.754366568279139,-0.3794098067955758,1.5232475182031697,1.3808728307856974,1
0.005912288752683204,-1.8679221100970844,1.2611715087081932,-1.9193233969607135,1.851376665306889,0.9087092863030567,-0.43661655288394435,0.4053509227397232,4.181106656260671,1.1434344980168292,-0.3035555131095191,1
0.1699052073321452,-1.5933535300947854,5.2541166723811905,-3.413413423325452,-0.4677867813030949,1.568339865356434,1.0841186485367922,1.6538780833895939,-1.442638014748832,-3.3196924500746814,-3.6369258607316057,0
-1.1036132471819422,-0.26142436688033666,0.43429108851242715,-0.9474501978833828,-0.4903961469112642,1.1350170337181114,1.7142165854764968,-0.20323803664181717,0.908044980663214,0.37856824388385274,0.1245121147949051,0
0.17602888974214304,-1.3341751433689537,-0.0903520684465798,0.2852368042589814,1.2591141497576155,0.17563129187788776,-1.938367770713312,2.1727232124904656,0.4752769527192623,2.03723105256793,-1.1464723781493196,0
-1.1774483739057886,-1.4539417030839854,0.4264328329383483,-0.4563958444331364,-0.36402110184586794,-0.27384201013624015,-2.861806529675208,-0.04828159788623887,2.1514588390046754,0.33270441814036594,-2.3006952899761566,0
-1.11833962018858,0.3286997874370812,5.043922745861029,-4.587117214661616,0.7193145315390619,-0.05869517378084694,3.12739789131781,2.0174115348536725,0.6152518177612707,-1.1551072766785169,-1.1112785468868287,1
-0.4833149604203136,0.2437914327999735,1.574926801271759,-0.7191290488560346,-1.071669245658771,-0.10581163433848281,-0.47225386029756944,0.9248922270584083,-0.7350828667157472,-1.2014480564628596,-0.09198914915905643,0
-0.4893736164100739,-1.1627708195230815,-0.8095404180882723,0.9935313752753852,-0.5547981912591186,-0.1307483074937007,-1.0502424637379737,-1.743271254531349,-0.2522502865955607,-1.2526155339605025,-1.4690623625893346,0
-0.556107213812877,0.01625613383188773,5.687887811067591,-4.031830450313056,-2.2819143309512895,-0.348209435498726,0.8164020775122824,2.6222606355389857,-1.5587949533544991,-2.447245211169608,-3.676324355419654,1
0.46846688432928185,3.1625298269502355,2.0990566582739967,-2.3667590976812294,-1.4884553737345279,-1.4819038381213243,0.7706302724563346,1.1523214910416686,0.37522439353307213,0.2223900422514784,0.5314700483550244,1
0.8664319152103502,-0.27227147547955866,-2.8107568704281634,1.6927980280464856,-0.3019660474619323,0.12321708673589638,-0.8999606340843119,-3.0093633393837855,1.1031073276553098,0.4119665600874751,-0.786755275704548,0
2.331836573272375,1.152389381597936,0.5426463295741064,-0.785007757277024,0.14574857577811387,0.6947485142952419,1.8409475893117722,0.8868091863887237,-0.6803225930354357,0.711725088126268,0.5045599125677487,1
0.8947936628528746,0.18250356682693858,-7.815383223143492,6.270840200702639,0.15461314687843972,0.14155437998078713,-0.5213852821945087,-2.687055526576723,-2.645216169799821,3.3054796149132555,0.7075019215202425,0
-0.16309101743788626,-4.225755523648425,1.475337308244337,-0.4965804983985931,-0.7720763251900687,-0.395270544057997,-1.3292040314602531,-0.09975907577196086,1.6042786757858818,-1.6974253162740955,-1.6231531477151067,0
-0.5085474363879915,-1.3004538077082373,0.7813589571248715,-0.5301995491663194,0.2698982512695493,1.090534716365002,-2.548236485471012,0.11310447035246562,1.8193639636439896,-0.22612357824665685,-1.5343468996214464,0
-0.12735775355840012,0.1264267795929771,-2.580640070615,2.176094677596304,0.3495437045053568,-0.21178865397194613,-2.1986847761813717,-2.8311933515082854,-0.721104632154986,-0.515944704898835,-2.3258674242252617,0
-0.4451314498337712,0.6737481809750909,4.58657769755471,-4.587214320953324,0.1848681998277693,0.04713066648846438,-1.1280031014222653,1.1370643837751588,4.430455191663793,-0.8310128627327742,-0.5172446571586227,1
-0.6807163609743807,0.13945398655412455,-0.294990940880712,0.74370495833076,0.8066279117529875,-1.8210051490502615,-0.6778803642035633,-0.8887165310072104,-1.0977181935542164,-1.3596606325547598,-0.35656078622711185,1
0.012568985151091559,-1.7744919144241733,-2.4767732531097475,1.9871718804838094,-0.40279712114083516,-0.016689374128614286,1.3157443803976705,-2.076112446400217,-0.2918228609901379,-0.013715310906205258,0.5135197181656663,0
0.1648833184531581,2.1265561404091256,-0.6765213694053156,0.8110417134702905,-0.289789367466083,-0.7512986611583293,1.036089216028923,0.16192054462535233,-2.8619602397757937,-0.0838053191379231,0.381674925794037,1
-0.3042079815221991,0.10488435407539654,1.6631830887447294,-0.6298363712412995,1.1800947813839735,0.49056752037969514,-0.5092661060336252,0.6408618686272132,-1.8481279641249104,-1.620659507189138,-1.9114111171906356,0
1.3721822341397292,3.5453279903583335,-1.813453666658809,0.9801001842882602,0.7409711604051908,-1.3579898247809976,2.0317668526150734,-2.107578659855026,-2.7944256943642314,-0.24081825561217707,-0.15451834788643704,1
-0.5355175271941346,2.1108448602211105,-3.7968297371785757,2.6679217372177626,1.4011750842414759,-1.5806150881410768,-0.0419011231263664,-2.046945488942278,-0.9980695233928781,1.2615540333216366,1.3962750833968598,1
0.6200330122497687,0.4343619462490327,-6.216580573967129,4.9812594859142,-0.020218346582814985,-0.9135668869015768,1.5177787375967224,-2.5992443011755184,-2.443921954794492,1.9048882765313804,2.5697919725608656,1
1.1628150378102469,-1.5954499569618923,-3.8597925680794143,3.3023566292760007,0.005481712773052433,0.7608699417653473,-1.104462687855058,-1.1332188612889627,0.39911328565353044,1.5679137749203482,1.730906953941927,1
-1.6130709098130687,0.5878076749843435,4.979066003060953,-4.011122226991563,-0.20711166977943693,-0.4344897573830812,1.2877282025753287,2.3661415934833556,0.7359410978617393,-1.6444015120704722,-0.03236223800049054,0
0.5616501068345533,-0.274788722866532,1.2999793963330575,-0.9538670292472219,0.8846990121161763,0.1966381813142568,2.2386668044790277,1.9507825925038134,-1.5257118912134118,0.5849242763552054,-0.41456910795065616,1
0.7075684010904574,0.4550210752547132,3.971935199464574,-3.3725903307364633,-1.5074075345752833,1.9451108801038395,1.0948895143057915,1.7857351632070357,1.2639646740376291,-1.164953700231,0.4566335456848557,1
-1.6218527970014116,-0.17637073134344405,-0.4335350164946027,-0.21874682034217488,0.3571887414686484,0.025830314635045752,-2.6790761866132513,-0.24924215371336467,2.21905718434221,1.3691976737704468,-1.9675166422624017,0
2.197393098948427,2.0415077981645946,0.691987409681646,0.08332628026578341,1.6284024223217086,-0.1789507401110264,-0.15202830763316633,0.9579447240311584,-1.4872229445192633,-1.064893274683262,2.4037163244615565,1
-1.0921225859058372,1.7829071771560774,-1.1855850467521656,1.782275933688861,-0.7717420808895292,1.529777964219022,-1.815809322230016,0.39235774094095444,-2.7574826945841693,-0.16817073505840507,-0.0698021843827008,0
1.7772572794755896,-1.083507433977447,0.42185201048454996,-0.8576764622206753,0.34641911763164546,0.857980101884785,-2.122468749365166,1.1512534813699558,3.3963097248343956,1.8162165980206841,0.017464652735697528,1
0.1249709160744799,-0.8082277316240871,0.09314632401435781,1.436010089047302,-1.9200679067614954,-0.4832901872250297,-0.4819765441523805,0.5105530492402892,-3.503100252800696,-1.917408425363757,-0.6219671804727119,0
-1.8609411015845148,-1.1371410091716954,1.2501398763645863,-0.4470072993837379,-0.5496375119756873,-0.8669284921828853,-0.058220662459697814,-0.014249842145907854,-1.3931855101020416,-1.5250841196714389,-2.581703581656563,0
0.15556649817851265,2.491470222101729,0.19047798349044354,-0.15100606489868562,0.4628239726563902,-0.5843871887491922,0.12389036424396505,-0.24962061954425763,-0.7561120464453905,-0.7296357585061468,1.4357811328587915,1
-2.2789635728500284,-1.3685022812889722,-0.8302775395569052,0.9001959176435441,0.5631310271128231,-0.6417936040595823,-0.2120293072423448,-0.4992914044710314,-0.6129174501481296,0.03282785013422962,-1.3710735093968451,0
0.14871602425992625,1.454169779478289,-6.7578752272706835,4.749277707960285,-0.1590316174507529,-0.6189911728186542,1.8515257295070262,-1.9803244113909686,-2.45542380622419,3.9288540965709347,1.538217335736338,0
0.7958978008979595,0.08386305377519099,-1.7865951173310826,2.2351678654019946,1.2735459242464786,0.9893733262045288,-1.2774562007957246,-0.41366728306833167,-1.6357548513284126,-0.36458552283298906,0.8957536718965926,0
0.05734826664450583,-0.6340784759185127,-2.384389633611142,2.5726001965113077,-0.6693759655276036,-0.04208788485545278,0.2235326511032001,0.6616101716069037,-1.9241103436311124,1.1943122547121487,1.7083705209924327,1
-0.28544233321271506,0.027013025584248118,-1.254868361941082,1.2626391614305064,1.8891604385001979,1.5827436809853122,-1.2617150616268817,-0.962061280774436,-0.441590983474033,-0.25619004863452766,-0.3656659587128711,0
-0.5682684303513645,-2.017437376323736,2.3751057069343973,-1.5707620937065896,0.6762876588015471,1.406961201281365,0.7164129412627946,0.21154998565951488,0.13100709775599395,-1.8290167657738687,-1.7401223743465142,0
-0.5233174790191828,-1.2561554552795091,6.669847045385653,-4.65550884383139,-1.0100961726644104,-0.13451318070965182,1.5019222540470654,2.9912780662656777,-1.1161496754227613,-3.056912048040128,-3.3872952644382,0
-0.04183682869559657,0.35975929269163065,-1.4869961041432613,1.1448243461040544,1.3842566095609092,0.05493098681213953,0.256011192861863,-0.4365254924321924,-0.18562023310889142,0.616440624156255,1.4214800798680294,1
0.30297935745374494,0.2305802193580735,0.20912752679460064,-1.0849273838070868,1.1579124600702433,-0.34309290312174867,-0.48725377268459963,0.09551916845357944,3.1527582553317233,1.3579251118455629,0.994015596481294,1
1.0658807607377065,-0.3678884414189408,-4.14970667420787,3.6669582273852583,0.8190192855518338,-0.7071921681935007,-1.9374449362345123,-2.2921051226657183,-0.5906523021512318,0.5414547168908894,0.6417919128670801,0
1.0589404811728165,0.056082559877921545,-3.1066931521014998,3.0422416729335504,1.4684438434558864,-2.4533683835951927,-1.3931516046857952,0.5830103450663473,-1.708200966450829,1.9391278561037872,0.9429953967926838,0
-0.17804679478729807,-2.3358223237441127,-0.17696521538206525,0.17813415089373744,-1.158248421686133,-0.3062808566700898,0.3963595450137669,-0.45847657693070637,1.1839341924571658,-0.16940007366397336,0.19372690262242676,0
-0.07612806976222165,1.5339616138938355,-1.4409582293101442,2.357985511470336,-1.0923846916656932,0.2762538205613043,-1.2113639654561135,-0.22066499563071584,-2.3567533290607514,-1.4266868064362297,3.1648986663857768,1
0.9813888105507507,-0.659050264329638,-6.001260465786403,5.6891620891666,0.10818932878443605,0.9056990927386814,-2.5902442126447376,-3.416210668510929,-1.9526145987174681,0.06633476419198414,0.8291849200115762,0
-2.140706136837334,0.6071951691869932,-2.496841974210242,2.8501175755214887,0.5237119174068396,0.6269804512253576,-2.1611136339851615,-1.6388489147064105,-1.9400957237388603,-0.9596231040847306,0.17325320271110378,0
-0.5921137509511343,-0.7714027676938431,1.0433303046539797,-1.4723295133947634,-0.417196851066252,-0.2682048944636641,2.3451881541748962,0.6233510140016578,0.6391292010482417,0.8099780606394533,-0.6437939605000229,1
0.47576412907993804,-2.112361376442587,-2.2019708571789876,1.9778330687775794,0.07087805966112593,0.7952702836595732,-4.469805767455415,-1.5675189228535953,1.8235726140819082,0.526777081891876,-2.273430767864717,0
0.2584971716160216,0.36844989566315056,-3.233245202010763,2.7443197193317515,0.05376042331606368,0.14848914057686668,-0.10834775667739871,-1.5473793279849006,-0.9686516445341815,0.5786965377368078,1.652428951744076,1
-1.3911228051406777,-0.5116492405310409,1.253299973207802,0.7699764857042124,0.3215124147101921,0.7738731198037001,-1.4594137052968692,2.1556824097406375,-2.0343582435344016,-1.9259263652313157,2.3432189925643403,1
-1.418010028590353,-1.0502967580917617,-2.9406679376842337,3.3248153425680256,1.4140037197781612,1.510915691382181,-1.649546178232495,-1.8056392272433277,-1.6280840492114321,-0.8750901172658407,0.419463390735352,0
0.19858646411289554,3.0833661877853284,-2.540104412983128,2.180165082294882,0.587574197429468,-1.5993999713559404,-0.9992129160664596,-2.689069091569352,-1.1359259926599063,-1.2095660508897383,2.2861071503253223,1
0.09747794949734291,0.007533339939714501,-2.032970985793829,1.3263587639292251,-0.34032302832476435,-1.685963723484201,0.8172571011141628,-1.201246596258969,0.013109978864688787,0.777415390113112,0.996786798748706,1
-0.13599553450040475,-0.8948981199678803,1.8777106371200345,-1.7199430563728688,0.6457057255785825,-0.30152826786344417,0.41372218224204693,0.657142538983468,0.5739282972535253,-0.2158660655099962,-2.0732335625267715,0
1.87703554958019,-0.7860805680789537,-0.07394165887528821,0.9662636710609802,-0.3768206159411892,0.5769936476867655,-0.5032792877107486,0.3015780849009597,-1.543688121126083,-1.0671623860155863,0.21920920258716836,0
-0.43142398627770573,-0.2984519800245907,-2.055107143183634,1.4329678045161762,1.8754187369381388,0.3111201278706422,-1.003023346925874,-1.1269938984178047,0.436256335168272,0.9771263128880061,-0.42525205710750263,0
0.5608651469042145,0.5916181577909756,-1.471496736190174,1.334763223388208,0.7043600452927847,-0.21328169797275798,-1.5526291616711936,-0.9183902848915358,0.24685195462150367,-0.03904145199241549,1.0219759607169372,1
-0.2581595039747115,-0.6818175673921483,-1.9346161166065157,2.111535726161059,-0.8394223818792326,-0.19090819958457364,-2.079047707058705,-0.7741599906280993,-0.16245799172204534,-0.0380398633923984,0.5692596295872707,1
-0.30191114540868824,-0.8784040642911863,-2.5686678601772535,2.207365143789206,-1.4757978227385657,0.06210973535747487,-1.595584560409227,-2.773420617351342,-0.004878333096739573,-0.5856309406305605,-1.1001118905669238,0
0.09981562502322591,-3.7063499487617433,-0.6103001791166612,1.4352982476444403,-0.10178830070178342,-0.49661593570054646,-1.9649526276504836,-0.8282818362248884,0.4372954134712891,-1.2894719061438413,-1.0880692029000971,0
0.15224156129270702,-1.6604026572916017,-0.19713774815465643,-1.0573725236024456,1.288204965023918,0.6445345910671885,3.083119887178552,0.5976419639627433,1.4991355371482975,2.710794961467256,-0.8807763549484571,1
1.4966283354451597,-0.5582553771292924,-0.991314281611265,0.5588786365650755,-0.42211850807204293,-0.3679296481837382,-1.0599052575850254,-0.7003308288824439,1.9227306214472282,0.5031068482881262,1.1980506718784598,1
1.1677692186145747,1.0982820780985514,-3.4797086699741326,2.0381866158210293,1.4527454100958752,-0.45182187135609714,0.4180878368123584,-1.7714735381015922,0.45885356362123497,1.9453164443383593,1.5217109562781899,1
-2.7555450083358415,-2.7550358784069973,-4.387140623592711,3.2210585202158515,-0.9556170324353128,0.13223995079351578,-0.7159223547982814,-0.7914110748936722,1.7525875639037691,3.1931500339212864,1.5456043389427567,1
-0.3872761078591657,1.4213360742836814,-1.4911380250544288,0.9271492564717032,-1.8691675233489298,-0.6057271734665851,1.807623709014261,-1.5514314277765713,-1.4972317620688256,-0.1558475511871894,0.5323988184030257,1
-1.4531694543208542,0.25077255339500426,-0.31092697319869617,-0.006039883348018874,1.3809097633810938,-1.4513412497686229,-2.0010648666004194,0.569546661770667,0.9086150253858295,1.3786082174473788,-1.3184270052754519,0
-0.2916511664176062,-1.3108026550137941,3.7320665032631095,-2.212402313587538,-0.8343369329964473,0.5005158160360267,1.032072934723224,1.8772610943531352,-1.0387501465107738,-2.1906172101574612,-1.0783649501522599,0
-0.41198576718788665,0.5150397012072383,-2.688661400404925,3.444739624583014,0.767432242349642,0.4511274361913903,-2.01166701216398,-0.6713719293067522,-3.0819511165815587,-0.7161567207918479,0.8681980023861109,0
1.4634491649984334,2.025724257001846,-0.6945720079056225,-1.0411360642989125,0.19173141373761105,0.9601241785120173,0.030246873351546966,-0.6477143182364494,2.272324386900636,2.4219700836997786,-0.8787503850310034,0
0.11817251473941867,-0.9280945625961998,-0.7659046760557575,0.017220763275762403,-0.136502547881778,0.3973913981935796,-1.1310635260605517,-0.08956644584748763,2.8236546083830163,1.5700814016975921,0.6009546863040925,1
0.13114590705109325,-0.7991040056737809,-4.60149557657387,3.8963557103770894,0.9687465489135163,-0.26840894372725255,-1.2738696328108936,-1.319297827721282,-1.3290923230373737,2.0593753006669164,-0.3428358088748156,0
-0.5843321405672256,-1.8850513932268547,-3.518840930460907,2.049211177721243,0.24387523009090464,-0.9267626151821242,1.8903758312506531,-0.7945629799382787,0.4496261178752079,3.197432969921164,0.11950307466070564,1
-0.1549044242147172,-0.8128574731323807,0.4532266065863099,-0.6318404386763786,0.25752645194821217,0.07433409964319068,0.37922434952589823,-0.7689512626303268,1.145047343863089,-0.5149587919268628,-0.36960196059179884,1
0.02876927629866519,0.629794176248772,-1.9037681718515302,2.637677320481476,-1.7351684376530503,0.3815957199030959,-1.8931464104958624,-0.8190817607441768,-2.173814118423744,-1.191079038892243,1.2340311085529894,0
-0.907794603390196,0.759579350886938,-4.369025144830579,2.612472382596049,0.6025782447086615,1.1046564063317608,1.7206472474919796,-1.2507470742512745,-0.9634033571225962,3.3547561609804086,0.3299355458808513,0
-1.08495077446142,-1.1990617348811552,-1.550069700146115,2.0771618981290025,0.46360194519517534,-0.408791840935478,-2.3627200512736537,0.9526195835879165,-0.7343881514966337,0.897008213727158,0.19394461740433844,0
0.011323337462188235,-1.7424166809141695,-2.434127141890883,0.7910243121095357,-0.6234667759777068,-1.4572262066217878,1.1928998083195814,-0.8004038450270834,3.094501818960171,2.9306927315145526,1.5873511563644018,1
0.44471961582391784,-1.3733519961120173,-2.2798589514153673,2.158489271801317,-1.0793324611896817,-0.6683856669388796,-1.3939187655809957,-0.9858731302088034,0.3384095053723164,0.4139241047212594,0.6720172246139363,1
0.6677784819273912,1.3994939744229575,1.8256354189433457,-0.9642349748375028,0.08557602140607365,1.2376822951843043,0.004709021514412992,1.2016977047178228,-0.5413133951879905,-1.3741776195414195,1.994286905499638,1
1.0774847590839107,-2.8922393406915443,-4.007616375905058,3.332956036720055,0.8839241046581966,-1.0015803973036908,-1.8667192108829471,-0.6391102224293129,1.5602147822716805,2.471527186497098,1.3425489523686909,1
-0.34360720707767023,-0.9891486637132577,-1.9931917305351377,1.5191166053423326,1.9021046997687245,1.2180768763883507,-1.269166909939309,-2.4463021597832615,0.5832953139385035,-0.34335303536098366,-1.234133927660122,0
-0.10884917157138779,0.7866698859715366,-2.363536013081909,0.8036716778723608,-1.364364299182577,0.41228988139839895,1.5578004112100547,-1.0748465454720466,0.5374141418803176,2.370204855175553,0.23441336991616013,1
1.9159872496060708,-0.6955179689188618,4.473478430419009,-3.1288611849774597,0.044687049987523805,0.2664072359623235,0.5682313141863986,1.9678453504860578,1.1197899019032327,-2.3350196901987634,1.0273224617247727,1
1.530545322498476,3.339686880194014,-0.6368895666707277,0.1942804065826521,0.15286225918689447,1.377315290765527,0.9576104165015745,-0.17893131704737508,-1.5613360409162569,0.36279932898188094,1.1345524394805417,1
0.4633109285976013,1.098108838932973,2.649921589363991,-1.0019822643987772,0.06270247126381864,-0.6576002620429686,0.3665515986976627,1.9574716456006376,-2.660647696687229,-2.198671637779391,0.632602290517428,1
1.6044364616292677,-2.719271212786463,-4.505026391255762,4.469118876918192,1.2338903353971185,0.6673256016280422,-1.44402099095193,-1.2850701436070553,-1.2926686557480205,1.0774914021242639,0.46814511089846955,1
-0.285186505014357,-0.46572034609233076,-3.5182191392347373,2.848615947463504,-0.3179440142604589,-0.3833743168566443,-0.29523767120295996,-1.5857938369519016,-0.182443891201296,1.0547776265372146,1.5642996306751054,1
-0.32377104684141267,-1.2823143828878965,-0.3791643535761009,-0.4173724907118394,2.6976693429101286,1.8761570479107328,0.47939559734302506,-0.5881268375102341,2.4629416452029873,0.9863473386865256,0.33861344265268006,1
-0.7190639246721716,0.37101119941335203,-2.542508883005272,2.0521514919038526,-0.22872938896092568,0.3317960768163687,0.5232156443436589,-1.9331077026607717,-0.9080769340034291,-0.04931377662740288,1.0573556930070955,1
-0.38596801509836615,-3.342978962572537,-3.053386521218728,3.8137877739209043,-0.10370765523429389,-0.5005994692888438,-3.672541604787651,-1.3813935939996105,-0.7219759611497218,-0.6082166044394683,-0.8913152060571575,0
-1.0683639925852086,-0.061776170596208324,-4.8115978645493955,3.831429971013822,-0.37112082652340866,0.513192850715443,0.28113130959724275,-2.0451563124962924,-0.9019833784756028,1.5621613862633041,2.1603700839589894,1
0.8982325446117052,-1.4674312159447713,-4.555208894895504,4.35834002475863,-0.3577924827144482,-2.08252612046398,-1.208391922272035,-2.0331938497732196,-1.4097011191989057,0.50305161189118,1.031676777968024,1
2.4296583493262056,0.6198824611098045,-2.2596280905861486,1.5283975156801506,-1.1037057615443808,1.0130480087384122,1.3191688070069758,-0.9269437267309415,-0.8504429517541441,1.0630909058505758,1.1245056351599199,1
0.46109871729925345,0.3736596767869592,0.810744385073531,-0.762335553088036,0.33264136049760135,0.8436653085483548,1.688744231147208,-0.208752890774917,-0.3925975429699292,-0.7862156038310141,0.44807053188090534,1
0.6504019446041122,-0.8954640058086003,-0.3947743407342244,0.9158057705987799,-0.34752443713715336,2.2206101189980307,-0.913844945784393,-0.942621326918099,-1.0129501929352938,-1.3028384734375777,-1.2170808195761205,0
0.44544146776779797,-0.3621834783371634,-1.395302750732521,1.3429517928488983,-0.06863409756049373,0.6374539248301241,-1.6533515921892061,-0.6411785891062871,0.6484680851602237,0.14630357086597534,0.9247573092922872,1
0.5510425810016292,0.20066147338883256,-3.268258201421679,2.449963077709556,-1.121092355747766,0.7933002442485232,-1.2146166280920405,-0.5327905532295008,0.5249565992533538,2.1324767887979563,1.7452417982543438,1
0.2033132341688168,-0.21271557335766655,-2.862507624156687,2.425524158802036,-0.5045442417746078,-0.6912138446316655,-2.207103957268438,-2.1231023700627167,0.07508091560320973,0.17658788985794416,-0.4642487810777323,0
0.7488212536754756,-1.694769850324699,1.1077859187016548,-0.9489166829735572,-0.20686331424075083,-0.08852215765869766,0.042513582534694394,-0.8502171976941733,0.4753897275123644,-1.107218112998936,-2.826370722553139,0
-1.9740819284694944,-1.2577198927342539,-4.0278691730747855,2.626403630724658,1.5325066606470312,-0.8342848231829385,-1.5498836150901476,-3.2741167340184836,1.7946147636235514,1.2624590148447832,-0.6257913977138941,0
0.7534595028886784,-1.0059812839707583,-2.3094319731583552,2.28092336342424,-0.33888912312082026,1.0282515892263888,-0.47462207620271835,0.749419508625687,-1.3069909127834147,1.7915224628951631,0.313330649641514,0
-0.7126263402569198,0.4718733918094107,-2.908698861178568,3.0058198889149415,-1.1462266517219961,-0.9111963196021696,-1.6623276847918076,-0.8275662875367162,-1.1340783012275857,0.1899369742460727,2.1095356720182776,0
-0.13990702144288727,-1.6715621378270265,1.969401733352201,-2.2142355622716843,1.166389995199923,-0.011555478413806696,-1.911232336267338,-1.3050556384902783,3.7791726628324325,-1.1034038059087585,-2.79499329716585,0
0.7163638820517795,-1.2254453587539869,-1.2669271496498085,1.5213931059459809,0.8284652988113536,0.006179729391836539,-0.7941306694963755,-0.7773772306381851,-0.5102312682100734,-0.4273419784964898,-0.031780726913044344,1
-0.06664492617778743,-1.726098893132803,1.7193632880786194,-0.0752758275351878,0.1530604949621031,1.5959315183867353,-1.4129672182076083,1.0659161288776442,0.2829375486726178,-2.369154078366237,2.1788665292213585,1
-1.4778126246111154,2.060030457162428,-0.5546596129736078,-0.8200570441104056,-0.454435537630085,1.5259635515511998,2.5001843897801193,-0.9416603973298057,0.0709213907113394,1.315254676768083,-0.49243285579189333,1
1.1834468707591212,1.6716161770100129,3.1891595449152956,-3.2064808813863985,0.02532273221093209,-0.32010433438528957,1.4985759332445565,0.6258349699688144,1.2653994701106355,-1.0141161132422378,0.34797867306294983,1
-0.5179912235829668,0.7275025172567824,4.064278362837362,-2.0878440333703185,0.9450049873833068,0.2283526682118536,0.244837053166456,2.3224426664957534,-1.8295950125786855,-2.9599555210127972,0.7154346649941075,1
0.10026407946526514,1.4315237615367185,4.308470586883862,-3.7741860703119774,-1.5280470823755188,-0.4060983759920906,1.263659772092687,1.683624590697974,1.1863329343880613,-1.4109814597784145,0.6674650869484033,1
-0.39799725474913306,-1.574751675937741,0.04349701024116231,-0.009456387647001045,0.7064457861218829,1.0159107512367247,0.527037115915459,0.8345797921188332,0.28964495617300523,0.8168706027057872,-0.21979062125596638,0
0.3971825953867011,-1.6429347790458173,-5.374216382998439,4.113923708101074,2.119068202811001,-0.009935165615623154,-1.8358498085275787,-4.078926163671539,0.1890618379397171,0.9964444113896327,-1.5929961871695437,1
1.7807680362355813,1.2905850987347247,2.270225438209423,-1.733445258842106,0.8047260073843897,0.5212150591381838,0.9593969969643328,0.6440645174354946,-0.23281567486603338,-1.497106697007739,0.916100397294531,1
2.306606243931219,-2.6104280540394305,2.466480477617028,-0.6386388964018239,0.7800334924423061,-1.1641073873170678,0.11908771701158838,4.256030557014581,-1.3592749445271093,0.03616154825342277,0.621412709815325,0
-0.3169552412252123,3.6546838250617313,4.933169775648218,-2.948784164745143,-0.4156237594138312,1.3879084779389044,-0.9354792423553677,1.678952486796407,-1.1441220914939825,-4.239314550209683,2.1591899367990717,1
1.1778952082409104,-1.0505396527621298,1.9029184794099747,-1.9073732552853997,-0.20108918370503262,0.3345126719843774,-0.387890740781571,-0.5388841141301521,2.446809974261801,-1.0764091601377628,-0.9703502425900764,1
1.2589167404544581,-1.4238942855328993,-1.0956523007471153,0.628534016509005,0.5845259046404786,-1.4790357973848816,-0.941120773820413,-0.6314567691858968,2.109262889177179,0.7786963342139711,0.7201032997151775,1
0.5704493257359691,-0.001690635747835234,0.14211237323945236,-0.9631534950629261,-0.8873897930353002,1.0802473516864604,0.0021994192656632494,0.1276889657759429,2.3186755432359023,1.3893124273888873,0.11786091980282798,1
0.6416700670364922,1.1317493003338637,1.0379521055105492,-0.4124771714577984,-0.012077351349228497,0.8101939312651708,-0.09613922603630654,0.9501553174760292,-0.9498882930268304,-0.7700889589117732,0.9514545347510697,1
0.11193217409999343,-0.7641045454398768,-1.8471679845108817,1.6592306052162706,0.8537805408590914,1.4010854920699913,-0.7561282574188689,-0.9998536217884442,-0.8835913074541225,0.40542146790969147,-1.4088466112869857,0
-0.07729817453672322,-0.35915380150470216,-3.444212192084738,1.6948326424324072,1.545761288909821,0.8639993277881972,-3.3948095057446475,-4.072977299565595,2.927713817834263,1.0919015377384047,-3.021213403927857,0
-0.13667736135565697,2.091706094932917,0.8524407612240842,-0.4011781726883344,-0.40518752192648066,0.47730361823389084,0.8717324123815491,0.031330078305903064,-1.795495061218011,-1.3806835377733904,0.7947796167611463,0
2.2146268990732354,1.6646972297521803,1.4562504895783135,-1.2679301491231771,1.749833673445505,-1.9781703282054377,1.0157176590871655,0.6691264466566846,-0.2831671078243385,-0.6235343374831221,1.1698841056860867,1
-0.5057473123226698,-2.7550125855160905,1.4304321028688267,-1.0061813190255842,1.2428432713747781,1.3612170047737562,-0.23113311346328036,-0.6773212622519934,1.7942097714514447,-1.552169544609814,-1.0331322262550784,0
-0.747317472900166,2.055818539534755,1.027259644597774,-0.6887651796491974,0.215700802447323,-0.21987370019789443,1.8914154525218376,0.4906214638772571,-3.0069934569993375,-0.756445836498277,-1.0795517209361667,1
0.5737697929880273,-1.6876959429682563,6.658614893719674,-4.994898070625899,-1.0570340456149114,-0.8559076056667193,1.0262513236119397,2.612267000717793,1.943583151715042,-3.003661844562176,-0.38285810141556187,1
0.22682077505111564,-0.6918935834871818,-3.074240227656694,2.5025796439188577,1.2103542965057947,-1.4648980911698297,-0.039726795234921175,-0.4649902387314715,-0.9607955824816827,1.8511573187434602,0.15261037097780072,0
-0.5949909269740982,-1.0123641670115278,-1.73697170863256,1.4546218002271236,-0.18293440975688036,1.3498588784626886,-2.224956959905734,-0.2710270537070303,0.593430842161519,1.2673141941586428,-1.1086322572128382,0
-0.7300761419216933,-1.4799091766764785,3.995564420437223,-3.2327928989981274,-0.18790949407995367,0.45844704345840526,1.0775670762573097,1.0880646729216128,-0.14113938672975868,-1.50485261787489,-4.252710774408451,0
-0.6874294426183547,-0.762275148960454,1.1064090586579116,-1.148111079433625,0.9201960396740987,0.8853051686916404,-0.4706235388342282,0.582482492825958,1.6480649521259643,0.2735112612441578,-0.45337825497417583,0
2.036736301310165,0.7088264872379908,-4.454533337032319,2.903840541030146,-0.15222439580577132,-0.3351957535368902,0.17451627361389155,-2.0024257756146984,-0.4462439191185801,2.483244174705453,0.1924421834935548,0
0.0749060529645421,1.0863672296340332,3.741856682618985,-1.3745902659332463,-0.4320689057482819,-3.2541554168209794,-0.2565258430771298,2.957021182770026,-2.6398027767014334,-2.9810008965624064,1.8293414892116535,1
1.3472881532069163,-1.0527143842395383,2.468351972689603,-1.6360455605694928,0.015982645423433597,0.6356235616068363,0.14609790418766022,0.5011933956325123,0.14842206879570563,-1.7493658210739165,-1.192186441589358,0
0.1287169916511895,1.2212767453762352,2.424174278693533,-2.2030270338307063,0.12847946713669395,-0.04459098160132103,1.8707175757599166,1.0798957528702848,-0.310958197679113,-0.6318825612794269,0.10015471851041302,1
-0.22283788735604265,1.3630157594616654,2.574818196949325,-1.656855448846378,-0.02742421509217226,-0.7568864915844699,-0.3321441322732901,2.4858101681726916,0.13646306132133834,-0.6032833765804808,2.1916359942829162,1
-0.8720118559072708,0.2990165249266654,-0.4612094782419239,0.9688773406754762,-0.2109481952531404,-0.2864868177128783,-1.4527457883350632,-0.8808319811139304,-0.8211992904408334,-1.3762839164551255,0.014280020245393654,0
0.8194638955160177,-1.9599280376499144,-2.398080967733647,2.1864754543272613,1.000189949762087,0.5126224045836836,-1.251843383954116,-3.0714441539706794,-0.1477234136150014,-1.023838825228136,-1.946262702100911,0
-1.046973009524078,-1.7184463174163684,-6.4423942333462065,5.444212793116333,0.18886651408889887,0.7200104001323285,0.664364970736907,-2.5815410112025745,-2.3530322195298243,2.038747448225819,0.6732764116164938,0
-1.0010308702243973,-2.129300493357425,-0.9545165821679847,0.8550708525912346,-0.6269266404450607,0.1472763796375751,-0.8892309754634308,-2.6622286317348323,0.9991780385677758,-1.4815430880147529,-1.513983028466109,0
0.4464188145153188,-3.275044127154117,8.997636274646288,-7.649143851223048,-1.8067386633089857,0.01004773793360819,2.7850608365685847,1.7371545632772907,2.0924475627901806,-3.7237109002652566,-6.427249269894988,0
-0.7481590893039755,-1.0854685128683468,-1.0794834392605288,1.7866908823617405,1.4919428838589108,1.0406053837122948,-0.7962615478786587,-0.5824243349817104,-2.370342088359531,-0.9579346351510257,-1.516879060868691,0
0.28374720934333747,-1.3156899401379774,-4.168366932827219,3.464691278612565,-0.45612622101724637,-0.7641338228568948,-1.578645093562307,-3.0434556150402843,0.3838918123899675,0.3063641930778067,0.47044090675313543,0
0.29162731520537866,-1.449262240999067,-2.032814908747065,1.656210620327961,-0.17788505866374602,-0.5894667283497779,-1.7378989200616228,-2.2054095254746002,0.9929697935461627,-0.22183256276970753,-0.9086308490659246,0
1.2066182893798179,-0.6498305484445603,-0.3218161615823922,-0.11886576650789571,-0.09975241774962833,0.6651150691848552,-0.3538653486175528,-0.6948848967296445,1.983740119717237,0.24231466935863322,0.7572563141191363,1
1.921001598631248,-1.6561102294187044,-1.0946093651208773,0.8795191085798115,0.45984307501741944,0.5601592629653298,-0.6474980268310421,-0.4942095080896607,1.2211975803224526,0.5193532812331485,0.4175134353729776,0
0.9929062470367767,0.22739070091661184,5.278309789454539,-4.321375558799504,0.34105196352069816,0.6869720929548414,1.048030435771912,2.272457777857567,1.8111573462031563,-1.8463058559513,0.6655912005389468,1
0.20004554187721807,-1.5116461244837482,-3.887195591770486,3.3929138022756224,0.8002486575398454,-0.6956912546937232,-3.3291841346721887,-1.9190585384109757,0.20937489077288562,1.15646731623425,-1.4381738067641079,0
-0.21517924340797098,-0.3469406876830716,-2.767718214709829,2.186197101389748,1.3277353615534946,0.15942028079095422,0.4664434575401275,-1.5681789124944308,-0.2509647927437173,0.5557498764929778,1.5437652230114325,1
-0.34763972278252614,-1.1449801897337082,-1.2645964882336318,1.8741132672086653,2.730317373443253,-0.17386300316532274,0.5425283778301848,1.819201995388829,-2.0424385467059567,1.1180466381992207,1.7073347721256795,1
0.29145799616486245,-0.9507435623588769,-1.4536360840170905,1.2704979532013774,1.0480631700297682,0.18346685957926295,-0.8278334606616453,-1.327444937214063,0.4222718720076142,-0.1590770523190287,-0.015721274809011976,0
-1.3398861064537746,-0.3606436048202166,-2.6030922834097443,1.7090151570617638,-0.6615980977764985,-1.2415802374077398,1.9166155081590635,-0.9006027322891355,-1.021968595763756,1.626238620723423,0.21167509852326727,1
2.5375899315685553,-1.044046964637334,-6.896097945858927,5.491870639824368,-1.1964127793202706,-0.6716514327055911,-2.649723740856259,-4.499479345527286,1.1187686876007843,1.1775346675573548,2.0594298298904006,0
0.7208853113306491,2.105357126548479,-2.6616116712919773,2.952589090849877,-0.4100834241908584,1.934661599801364,-0.3138700419244347,-1.1828268659332224,-2.8603958099507834,-0.8486221725129015,2.815700164934378,1
0.7916093615383705,0.7602515516985775,-1.619139111650531,2.903893535235531,-0.4874128388830264,0.7870735193455752,-1.5172627718630232,0.7701185759241251,-3.5325622768144864,-0.876147615510212,2.146986014149772,0
-0.15811798107840097,-1.054175310202166,-2.744797871531444,2.1502779899569493,-0.4179310038818881,-1.51524770487739,0.02218782064338587,-1.4506140381728536,0.5246267668399687,0.7653251258916443,1.5752237132850326,1
-1.7798903449770629,-1.3529146227096907,-4.240401689647858,4.120669584338214,1.204707054497289,0.8012689422039916,-0.25913778456730596,-1.9549438348290005,-2.1379717148202575,0.2676309898240887,0.7739138874041948,1
-0.776238716920552,-0.7006270862752011,-3.4167246947277006,3.350301795642199,-0.42291713863380354,-0.961160075940846,-1.7385226117174175,-1.9810918412734149,-0.7190559786379328,-0.18058252018307974,1.0777262471962636,0
-0.022229273759801913,-1.322863174984634,5.374719145986258,-3.410659145367068,-0.7848583830549142,0.5073171968873117,1.3449148967915048,2.238398995004161,-0.3772946257481947,-3.3694675887191403,-0.17094441704922247,1
-0.8919362177720686,-1.693560529576808,-2.6408073971295667,2.258363014394734,-0.9062410813004025,0.022348222674929377,-0.10581068625330725,-1.486838650807722,0.28852757898449055,0.4546897512998703,1.0317307481101012,1
-0.032872141450709456,-0.6626414552900003,-0.734252231089463,0.8309253712802501,-1.7904713029277772,0.41530066686919015,-1.2610112962732474,-0.6629222903519248,0.2926592540066423,-0.2972396725008084,-0.1956136082934502,1
-0.989114061870168,0.39397753955516834,-1.2572481562376259,-0.30143214146902764,0.28719780917541016,-0.13227527483442358,-0.9173558723270291,-1.6783788941965885,2.4846987726084357,1.7417106305936891,-2.0913661799084844,0
-1.3398996669549288,-1.0605694041325036,0.5776165338128401,-0.6523258148973425,-0.07162917737182067,0.44375288165867416,-2.1272359245125845,0.7279967655040924,2.639690039935056,0.7814709353006264,-0.0760764548466778,1
0.17765568424582948,-0.5370523562437892,-1.998708389184216,1.5878194450600236,1.2818135508365966,-0.5976678760429918,-1.7382920811312146,-0.6613747498532772,1.1755277085558986,0.9835117769261127,0.9789320988517587,1
0.5217779216296685,1.0909243548970733,-3.725581260516062,3.101503662321761,-0.753587169920259,0.3225031511611975,0.831654278941629,-1.3320877319208642,-2.72109568232044,1.1593238651854585,0.6422177345329407,1
1.0035508382462786,1.6689889932550463,0.6263717933830024,0.6593276492966831,1.8809188713113025,1.6422615350082341,0.07162803490976855,0.5689378222291912,-3.2496609897740916,-2.117696173029266,1.3488680934552826,1
-1.1041343991468817,-0.21012190456538282,-2.1894226817928235,0.8969169590823464,0.3373874046166816,-0.14907265678555767,-1.7775584824741348,-2.572551231592854,1.9844395363484177,0.9923125600480791,-2.0854065536392774,0
-0.19937867527186437,3.2477071667998487,-4.529407619622111,2.588872176556688,-0.8845425154757182,-1.2734490683280157,1.8068328505325102,-2.8200510212496797,-1.466611062007028,1.9859437076906545,1.2004594063869822,1
-0.26013964985792554,1.643762376548093,0.1737665597109785,-0.27273048919226145,2.0337368443242188,-1.1019554779663077,1.361661660955741,0.17203661106940193,-1.262790481015831,-0.033932132510476,0.4994995067789173,1
-1.3340131191181521,-2.3563979549391703,1.7964239018399013,-1.0343140143394989,-0.28690144100177756,-0.040469966923933044,0.3525562656445431,-0.4993301517234228,0.12163874346866077,-2.0876977806361117,-2.014884424274334,0
0.654433213473259,-0.8290785933293171,-4.0522019570618,3.1047622337911007,-0.055217227199210524,-0.8497795217684526,-0.4520685208215596,-0.9305594587150118,0.11544610466574201,2.386039311935019,1.397295578012616,1
0.5159493411403789,-0.6921679142374803,0.8908362007130383,-0.5517147918465539,1.3357346140039752,0.2876554718618066,-0.3305615584297616,-0.2556811314840104,-0.2637046681299965,-0.9134673313619966,-1.9393209309363055,0
0.7678619087466756,-0.7804771717743473,5.916120262448205,-4.211204646835903,-0.5216888728315386,1.172126240457195,1.086029356276735,2.2474457814487527,-1.0736334640154677,-2.905859997531672,-3.6861081545767034,0
-1.057025491534868,2.114509018839067,-1.455255862008259,0.7691163517066125,-0.6638847843352688,0.5586636001234886,1.2996380288040619,-1.4972040166624685,-1.2799152715369244,0.05187846720629474,0.4593844420177183,1
1.1462297359790443,0.645755784781164,-2.5694654322747565,1.4964396272833997,-0.5670079354191594,1.9014208460959323,1.5899997548327351,-1.4763842252167987,-0.6119377717575328,1.2760899675125252,0.5948113244105999,1
-0.7929014352036111,-0.599233222936289,-4.102896800862873,3.7169088445939984,-0.031827791650080255,1.0452562568448545,-2.0567160966565483,-0.9663751148672399,-0.30635488699778035,1.5079914302191857,1.7373022672497291,1
-0.7957477400185465,-0.8234918655989626,0.08486072851488449,-0.6612330869602512,0.4429720267894113,-1.9035935634650711,-0.7696569351023286,0.16374685545788426,3.000627064400569,1.1088136199538932,0.8638386372687841,1
-0.9548749929146233,0.5416985837940107,-0.49065415886516167,0.0522909222344777,0.10658356043728157,-1.0125197844877534,0.8941891047609978,0.7538436477672572,0.373125150041971,1.3680326829558063,1.60469654753422,1
-0.40517961747534154,-0.23517118571049822,-3.824770940348467,3.5635036385123504,1.898202073770751,-1.3251481499026063,-1.0047993634233103,-1.6536809966109804,-1.0490980114330792,0.4491820811375,1.8967730877000248,1
-1.621228311970395,-0.034079585739315466,8.003927510231806,-5.5671624617692155,-0.1375696501290908,0.44490471984288277,0.8502670167215917,4.132966551438907,0.7409142168059584,-3.703061626799631,0.9931662004092825,1
2.295346773552992,2.916026234920582,-1.142191282745519,-0.5221399334251084,0.5919026841772544,-2.1445633749674546,-1.5749423412274215,0.31845775575437774,1.665661405160361,3.4373695835373193,-1.4491287975945533,0
1.2895098583216096,-1.0504720191845496,1.6182480580787795,-1.9555061091098735,-0.7968411725983743,0.5441735242844647,-0.32819198845691605,0.2543446756412737,3.0712074715904665,0.2639560997492475,-0.47873435600595227,1
0.5625781642024343,-0.3588930740795114,-6.524192352002125,4.906014352205139,-1.1677785117641886,2.5744084412196995,0.05039612937875315,-3.335802120359789,-1.305268775259209,2.3490500664618557,0.2355415050031897,0
1.3442032195889604,0.5989975245930197,-2.178716504026665,2.1589907871836096,-1.2960510786055712,2.0903384776862004,-1.5010829887459987,-0.751251380006798,-0.8143926228364383,0.20927421944818358,1.0739882515852586,0
-0.9918174726510515,0.34914380819868773,-2.0338996488249506,2.144466859700883,-0.03826578639708289,0.7135844947089756,-1.8276975306764704,-0.7994287654783434,-0.859284354640846,-0.02629390891485095,0.6150728109936576,1
-0.8022443036306961,0.5327842195149013,-2.2832210746981545,3.3029483609603654,-1.2808018910118328,-1.2062097034949557,-2.1067947310867114,-1.0466955386645682,-3.3231986854622653,-1.639171718579462,0.6902050467402767,0
0.7175704043810824,-0.5909672849773403,-5.552654017514947,4.598971126030869,0.7964993521363372,-1.6451219032800393,-0.3756365185105955,-1.9917149125867266,-1.7500804564517385,2.0986314564706046,0.5861316056316337,0
0.008992452619251667,0.2942082624587805,1.6272973361565337,-2.033970944889388,1.3565221224096684,-1.7881196342112717,-0.7747410446041701,0.8756849301595597,2.1350585623842857,0.920188766255575,-1.414928166525435,0
-1.2775264848831975,0.46777051838348216,2.9969565340165363,-1.930274081662892,-0.13577826591279735,0.49164551170711734,0.46526721174009245,1.6734367493427578,-0.17751230719758015,-1.6391210543384809,1.1069888055437016,1
1.4741670422821738,-0.06765005280980518,-4.400879715361959,4.168473135504035,0.440921144357144,0.47064379273649415,-1.3349359789454822,-1.7579964923409508,-1.6973071108190572,0.5753898366485088,1.6299297033250266,1
0.436956172572389,2.431025570672567,-6.903218802347509,4.560431460139086,0.33042941605063153,-0.9174086982541496,2.710551946253032,-2.05693164434847,-2.6518668069734286,4.28378697512324,1.994004822990873,0
0.9038958596328713,-0.4205883307779801,2.968728607292033,-3.4506528398052843,-0.14911404275348555,0.7101124140031962,-1.1635385831827298,0.10323610822436213,3.89296290702375,-0.02345864101637407,-2.696098216874952,0
-0.46669046945685444,-0.3078211084558516,0.6989863666760684,0.16513727089921684,-0.7660477517387214,-0.20501307130991722,-0.6147873635795358,0.3493849235320998,-1.2732966433835802,-1.280242729160976,-0.4777043593684826,0
-0.7482972595713033,-1.609460993702856,-2.6015070243796847,2.07660281355913,1.1857405257196063,0.3618041573770338,-0.9688182016979061,-2.748248157121738,0.656491732725075,-0.29266968527489823,-0.6237908790401969,0
-0.9024038314918049,0.08629804105386107,-1.6602663392166785,1.4420135037991122,-0.13551678618101118,0.6204389548472912,0.85939466212184,-1.4601845841483785,-1.1747999392074748,-0.3785564657793665,0.46853548833347486,1
-1.2661873198080185,-0.09036328445903374,-0.12460643826399863,-0.36206921155219135,0.6720737204771133,-0.4924010692214445,-1.7048790127859998,0.42499161768201055,2.4778903967195123,1.310261083331614,0.47876784984557025,1
-1.8185053514061515,-0.8691596703435223,2.0128507550692887,-1.9690992641828795,-0.8412993829064821,-1.0365303340014296,-3.8148287595378596,0.2576468707933457,3.517572572803749,-0.12780674674950931,-2.7750575331872334,0
0.8808526629975804,-0.504204439324937,-2.3345713144037936,1.8692675551790159,-0.9921411504928687,-0.1457145364543625,-1.6268442992691277,-0.5798335379863412,1.0156773554480312,1.2528882297599633,1.270052537156085,1
0.25600850699343186,1.3514178177396583,-1.2180467671120918,0.14538845493546013,1.4477005421784408,-0.8700924976341244,2.171040767562699,-2.144461340138373,-0.5446263433629184,0.10167044107321599,-0.6238520539652124,0
-0.5760995010460128,-1.7473528545566903,2.3247254733756244,-1.6023934234138764,0.3885943039521124,0.7885194476564282,0.07661763210809791,-0.6002335434335793,-0.3710449701653855,-2.2152921058328015,-3.9314654328880874,0
0.5785161763041659,-0.18545805741714172,-5.380328273221761,3.9222949271144865,-0.7935828806253973,-0.34779324752419427,-1.778283873105222,-2.4656913412945514,0.022512327565154866,2.5526988777008066,-0.40466184670099503,0
-0.044770606732291454,-2.616641739335815,-4.844371242773247,4.511213949913894,0.6261440688457559,-0.3160797720818076,-0.13582611873031813,-2.0060246688213796,-1.2672982949390976,0.8966435665392669,1.2012954216419516,1
2.01434228553942,2.1372980190222046,2.82280957029086,-2.7723443688526306,-0.45199953927029285,0.7098821206818297,1.5833623140277655,0.9424580129747724,-0.09202500278152781,-0.6644700301127778,-0.4662040116715269,1
-0.7879236918402542,-0.5062253469417948,-6.2520503659774995,5.430119149945824,-0.33063542222913056,-0.37589861997587115,-0.28458236725860586,-2.316253538123226,-1.8982908437788908,1.7098934175556386,2.4740382758295723,1
0.6153703918258335,-0.10252153258653729,0.9177372875113909,-0.034405153174667,1.0023012382248568,0.9485081851006802,1.2304909915774958,0.8897147587454458,-2.2280343936375226,-1.1021408571387794,0.19222540505184205,1
1.7722947876384332,-0.6433136278301392,-5.415867940525466,5.350136935452255,-1.5880684017339588,0.6759624296858522,-2.1090413540396318,-1.7504555658490513,-2.356484385091388,0.8480691630964043,1.4882526108702443,1
1.6260534863445684,-0.56103126257004,-1.3559034419289804,0.7381004574215684,-0.346598001142938,0.39596512836452086,0.20811339265364204,-0.19465278640050754,0.24871468097907035,1.4814887087227697,-0.511869770972694,0
0.48014587199538417,-0.6544081897633724,-2.36593091855264,1.4055395885689395,0.3712070311986447,0.7793082462905409,-0.3197028885187663,-2.685191932762529,0.9873059379505533,0.2511861819408139,-0.6529444195991523,0
0.6042010803853494,-1.5236431132461337,-2.0406749750102264,1.3452922294766192,-0.8122008798155231,1.107912461936739,-1.2006153350826683,-2.9626570173694153,1.498009350258741,-0.38521604386054387,-1.2468377158889457,0
-0.44903012789322166,-0.23103585882586586,-1.294058394402319,0.4510602726791844,1.1102871329086335,1.7660858122807186,0.20200740736213474,-1.1536954492847458,0.7053224418218158,0.9533752837684798,-0.9032640266132829,0
0.4652709775271336,-0.30205451694714225,-3.425701255459027,2.8682744215058893,0.9394946950696093,0.981935616036478,-1.7708424822074402,-2.22160044057847,-0.463087933446117,0.512975896355623,-0.6170913509346,0
0.5761090495820561,2.964240028428968,1.7629624072316816,0.6166014851206747,0.8156434067282495,-0.47455792913495853,-1.3158417440657757,2.284167437332661,-4.724891557763809,-2.93369016903125,2.313309732142934,1
-0.3900681171688935,-0.9587211269781409,-0.32144842373411525,-0.07192398140534031,-1.752671215065976,-0.8458568813621302,-0.5695527321762177,-1.295823268666582,1.164943049461507,-0.14749229433869981,-1.5566653108316335,0
-1.7448549614534095,-0.6225920446297315,-1.4038328129041042,0.7415979130610091,-0.7652791605852376,-1.5507421553100538,-1.07547360414253,-0.2962520797985766,2.0161137410193124,1.435887168689485,1.0788791415351846,1
0.36698864095081785,-2.1969845667318317,1.000563886305412,-1.1460148787094415,-1.154429400420832,0.6770897148262446,0.165925162306097,-1.1221329270847886,2.1806814173261193,-0.8959204749980804,-1.3527958227936514,0
-0.7454180541837045,-2.2877420208205796,-2.2000818714962924,2.0989577010047453,0.7219839196483879,0.533072579171015,-1.5429661260668768,-1.0335852335856233,0.8574356091386314,0.4278826866432585,0.3155129827838116,1
-1.2666848197230172,0.7377870932032969,3.8395126464622127,-4.0550681685842385,-2.3236385968052704,1.462207194883562,3.005413114320458,1.8259257310994015,1.1993288281607444,0.21589476132261565,-0.7816113768177573,1
1.9652494011602721,0.7314566631949991,3.7185595012904495,-1.675892353218474,1.692090200574494,-0.8998907574717905,-0.28611227182870924,2.2085468055271003,-1.30939151560733,-3.10562514290476,2.05482883096859,1
0.3703444607132314,-0.7243126671848579,0.6771390046792477,0.3954692524418093,-0.8165065231147057,1.4014657513426014,-1.110262707603944,-0.8989544959592899,-0.9249968111139136,-2.69009169584551,-0.33406333950312644,0
-0.009862724416552685,-1.2946197143594755,-3.3537119208545865,2.4930197199399884,-2.4422319832792843,0.8932277350674641,-0.49840672724979385,-1.2595463041560329,1.1181501039432535,1.6746475811480988,1.6882690611579714,1
0.27538588663670355,0.7549678478262705,0.8494150977580809,-0.6767913664145788,0.3967757708261563,1.4337234180807739,-0.8011272320694466,-0.32624872352044826,0.35080651214172887,-0.9236059548065165,-0.36613182922219556,1
-0.3421604947833754,-1.2297820550829932,4.567335780570616,-2.935377335640034,-1.4597853505314318,0.8993497684245798,0.46830757320178723,2.8399442902257466,0.6016861990701408,-1.9823216233982341,0.8796552352193948,1
0.2030782151932169,-0.9191014106260107,5.000460056876151,-3.913210138374053,0.08000074807290611,-1.3122219432417799,0.9196675672802824,2.063551239389131,2.3063840540515343,-2.065817204396427,1.2310111879177377,1
-0.42884320148650695,4.397153333346873,-5.047679593931046,3.5106992422783443,-0.17583255740822362,-0.2806759997810933,0.521060956078728,-1.9851145594719861,-3.226406939325659,2.302919373482271,0.8869218955642616,1
0.0852351570105595,-3.5442609884209437,5.08776777329482,-4.328265041675173,1.107586899494535,0.7879377308970645,1.8916239572414557,0.4567624933324985,2.0682321230116942,-2.431435374692062,-3.758788632823997,0
0.13724510378815086,1.3853691179621705,7.202788664533331,-5.401214470910631,0.2711870199406184,0.2676163984085104,1.5451324355804577,2.6726131821812675,0.11164997570357282,-3.7569755141676806,0.06862233096092751,1
-1.0433708029723976,2.8956542730454453,-1.655025165702353,1.1096345084054187,0.989588450221168,-0.058771200619926224,0.38640925960170724,-1.5819015286407156,-1.2136182352872038,-0.269026810368857,1.448157685695616,1
0.011276801636369533,-0.2137436191177059,-0.7497768201767951,-0.16817025878115627,-0.38876082862614725,-1.4300322368688623,1.241210449129338,-0.7768764955455716,1.488397902939917,0.9878410656923341,0.7381538570900243,1
-0.18283837805433517,-0.5257444913172213,-2.921231751044997,1.5034954638695757,-0.0012073353171917663,-0.23880432685248887,2.7809821459355115,-1.1431030777028812,-1.0477046423263143,2.4651954503070117,-1.105179943182391,1
-1.5183785810735682,3.314926643538164,-1.7232103945179569,-0.07181445038710475,-0.9152412471783834,0.13570389271162633,1.4823220510149426,-1.6693114286325443,0.9680735470728403,1.6237761849228487,1.345033766050388,1
-0.3398958137866743,-3.9669899830407136,4.381111006512031,-2.9289448915157728,0.9978503344823693,-0.4640923714503145,-3.442844616383418,0.9046082818133676,3.6013607629885964,-2.546510764083556,-3.0346248494835537,0
0.23518844190683194,2.6422833691094785,4.0050055050054985,-2.8646722492553423,0.5684017035337344,0.024818045720837352,0.5657024838042614,2.7876556112076454,-0.8448029353874746,-1.400150846573745,1.4065804435885725,1
0.9505941403709607,-0.786179441972353,-1.6213899124570674,2.251536174519724,1.3190138738545534,-1.5300470039858307,-0.9436435385876296,-0.568844255810041,-2.1212974092035872,-0.7248188414627061,-0.15309484979341248,0
-1.5426780190048357,-2.891570951289376,1.1084661246221967,0.0750272685152181,-1.272169110420688,-0.9954416586257164,-3.277696997478502,2.735264917555436,0.4635960549274135,0.7190223479814047,-1.8544806569313974,0
-1.1788930438414702,-0.30495951562644935,-0.8205711725389563,0.28088509380203724,0.8249762276170377,0.7010266256058988,-0.8928487727893035,-0.15826718169887666,1.7659234887188056,1.1045287075167682,0.7383181751203678,1
1.019331150050377,0.5543766979353255,-0.8433204034815887,1.9792833676390365,-2.5338788531695955,-0.8816603682515765,-0.9903930461204029,0.21954254146938168,-2.0708789122485904,-1.5396009179975696,2.955833121921618,1
-0.5874644149619322,-1.967252861299562,10.350711972037686,-8.247517341844294,-0.43487158546854904,-1.6624116560053732,2.5560449178992557,5.129917251821549,3.1619708117101997,-3.050987575657257,-0.3156803459344577,1
0.7618256158783575,1.628522412592993,2.8310310784044863,0.19456708000782444,-0.2096237907630593,0.3561230831820342,-2.8176707357554234,2.2658168056779298,-2.817115066879352,-4.353444017499994,3.7389417059990597,1
1.2836965573345427,-0.11380199892400877,-4.400463631879348,4.091786297095797,1.044334087357688,-1.5973180792275188,-2.9434198950260377,-3.924121682465387,-1.0804816513804216,-0.9781787181524039,-0.6282019499493264,0
0.2173166056540804,-0.28930748293264785,-2.6858789192684784,1.4430547438786332,-0.6701872326295365,0.47685768397644146,-2.0729469018030455,-1.7790230027853076,1.5032997782732243,1.8554682834050553,-1.9499697259113251,0
-0.07761407557691179,-0.14153779554281887,-1.294439011585786,1.3151990346106457,0.4454545626451828,-1.2177546551053433,-0.9985801115955693,-0.7922239945389979,-0.249240421161409,-0.16921991663031777,0.3801936927850718,1
-0.8222792809235222,-2.523406552481431,-1.179955747210469,1.2152815436374966,0.320551376599397,-0.15130550825557457,0.008996923580071647,-1.209419066701736,-0.346168349568636,-0.2865412658428578,-1.7414195899687013,0
-1.2570782056688994,-1.9235746463575718,-0.005847841823214365,0.576832327705246,0.16356068481375396,0.8821891864817368,1.1731626782910602,1.4443347216448712,-0.9483479250105555,0.41390673633631875,0.8915822904250572,0
0.2954405423093244,1.0797093738806498,-4.278409452428272,2.9957223996902362,1.4125299216294371,-0.5755320011086149,1.1749793494644913,-2.1735732576155185,-1.4148751337643806,1.6503603836183018,1.0109225202006475,0
-1.1924909644699504,0.08332819195495589,-0.08888004983978472,-0.4657012592196223,-2.4826127438499968,0.0318116218140087,2.375242747641109,0.16433392702252592,-0.1825428357040918,0.9177214310165263,0.22458268699515094,1
0.7344894916575841,0.9625331219854305,-1.7282182568504343,0.2804783368237026,1.317691309713966,1.0245753518805152,0.46218559862028674,-1.4149766782876418,1.182681439618458,1.72836290078698,-0.537270251360777,0
-0.5390224289089105,-1.8875485250141983,6.081105216710877,-3.1467403650696726,2.770657023506774,0.169911032556122,0.7530553373163889,2.9046511587714336,-1.4950670917046325,-4.573885058068707,0.05182800869145954,1
-1.6213409875405624,-1.1896636267236853,-0.11585633203029168,1.0615960202433876,-0.08077040193820793,0.9548253098582455,0.4139209643535289,0.8129595346110098,-2.0838663266339177,-0.7094928719125355,0.4319108016338074,1
-0.41758863339681246,-0.05180125383964984,0.5715035833192628,-1.1657987858820724,-0.2102474308033202,-0.0859070892044595,-1.878513074286659,0.6548785603147431,3.6785465376748334,1.3816768665308707,0.839020516098026,1
1.0777074898632435,-0.9771568925175164,-1.7576221939711179,1.4995440382247813,0.3815473586969799,1.1026138457828762,-0.9277222302608066,-1.4687394673264778,-0.27719174742872243,0.08791113127208738,-1.4256209387602694,0
-0.11995732418852133,-2.2034706505195096,-4.9653948361385325,4.970492118605708,1.8160841150879268,-0.13988817692724845,0.12044280269498786,-2.566973292816381,-2.9148301220184667,-0.1144620934345234,0.5251860359275806,1
-1.7228640428229096,1.0558963148418747,-5.732373347255464,4.02938048843554,-1.364056235252102,0.28289445404343566,0.18600082195217837,-1.4901248758021362,-1.595598444769099,3.689953868335234,0.31221778778260534,0
0.7607660964414561,1.4350833934527027,3.4853101686568513,-3.2797802756700234,0.5585847812370895,0.08569554129559181,2.5820337442204817,1.3901957322630274,-0.6638617456613152,-0.7004489039716714,-1.4861646837022453,1
0.9271445686219758,0.7705543155794908,1.5200370488982438,-2.9105395251783746,-0.25489411281615093,-1.1327772564029974,3.9810293505718315,0.5042103002140113,0.9260390040889228,1.9450506908795357,-2.0485879728934577,1
-1.5667861407740804,-1.120535146794701,3.0385669753845335,-1.4136396777401783,-1.1332972543549313,0.24272617539943678,0.395027817656582,1.4749031431865534,-2.148326548843631,-2.328350251120792,-2.1382303696714104,0
1.3023290517376138,-1.635383538837466,-1.003409796401668,1.0024936748468825,-0.3732031596936789,-0.5251177197974067,-0.845651871503379,-1.849582070666656,0.27062614148917397,-0.944459499430825,-1.3550287433142576,0
-1.9456224226545433,-0.48986704995343366,-0.4388739869962576,0.3426989696297978,0.5716387901916933,-0.6136221628479961,0.11521230044740494,-0.4155622481558974,1.057021655397444,-0.15496268426629545,1.8743872645233266,1
0.04887584046140824,-1.7138801123767031,2.7899711423559794,-2.247588456222181,1.2592197391752993,0.413916062836129,0.939340131743098,0.8762779656465085,0.9002674719662771,-1.035164121852664,-1.4555882166941503,0
-0.6319047302149989,-2.4707196414696098,-1.9492940362292042,2.8799122781662367,-0.09049550989491484,0.8464939923642155,-2.1927050639499415,1.4633250941629143,-1.6413294001253573,0.9787737914873184,0.16393617447651765,0
0.5500633585069462,-3.2941991505509467,2.7694833812588247,-2.2343978392301174,1.8647122584701457,-1.2117083571551304,-1.6991774709041256,-0.3441108090121502,3.2123468845294942,-1.7037257536286978,-2.7673057658292497,0
0.3258705537885264,-1.8676897670414532,-0.02586925728499882,-0.45036891935132145,0.6136124774075488,-0.6447557361926165,-3.1583688714921303,-1.2593391770287665,3.027442694988858,0.29641458362892603,-3.383003412647126,0
1.3286152584298103,0.7261310661582192,-6.258285399351146,5.160899514361676,0.19261190304463147,0.4358306418404806,-1.3837529581807888,-0.8148519450046801,-2.3445433317145623,3.6199533216879196,0.8364974791796487,0
0.515592479185377,0.8151973821196208,3.792352256266485,-2.6256510682098546,-1.3522477782836402,0.6582696414227273,0.08364943168463901,1.6403853577958185,0.9876398130193733,-2.2710925514592675,2.2798115434560553,1
0.17811147150121537,-1.6777910516159018,1.5064306176344797,-0.9246234564464065,-0.08380859906311316,-0.18694004164311928,0.0551956634293429,-0.07288333849101125,0.050597563445983984,-1.337431229112366,-1.899652223343144,0
-0.06243818481413596,-0.5517871287478626,-0.3634583337762024,0.18724960789396128,-2.110233081574797,-0.26538919445854886,-0.591809300252616,-0.5000134146695949,0.9929834507053805,0.06299877236229223,0.1259858910528664,1
0.7487761061497993,0.6267143343000192,3.4373747577129237,-1.53542734664318,2.381544470605831,1.6677108299262007,-0.10402107673455907,3.1103487338156386,-1.7301715229860624,-1.895220906870896,1.5273652770038153,1
0.1932849888138049,1.4282729936891478,-4.636981216184164,2.758582851441368,-0.42415304940700893,-0.5728181628900779,1.8683560199108438,-2.498072379592448,-0.9260866361315263,2.420401956659957,0.8020491120176196,0
1.0611886905801045,0.5980537350888064,-0.8744908315773499,1.85573722242564,-0.014129407063554927,-1.064607472131889,-1.3781393133178224,0.039105977254721536,-3.409615525049553,-1.0874467869907023,-1.0150693125854333,0
1.4804308669666677,-0.8897715834333115,-1.517308599810433,1.5490057340086658,1.1835083008916132,-0.7470073041295008,-1.0267092123021841,-1.2367430902387209,-0.31608197379886677,-0.362873972109256,-0.39387184774085093,0
-1.400497999074305,2.971241310510533,4.115280804263273,-2.969560026937914,0.7547887804850495,-0.6321357424578784,0.4964186012517078,0.4033449657080198,-0.5760919608302711,-3.6228116108784647,1.0681025516687679,1
-2.0663479887763945,-1.1634215501746594,-1.17860355490009,0.7772108341298283,0.5482597142473944,-0.35615111729364785,-0.3274276127437452,-0.6455755200250015,0.5242099640468261,0.7584683592923185,-0.8213636542311271,0
0.49900708593538234,0.03188376051691888,-2.134337817311339,3.1486495446922125,-0.03179068792650635,0.2734843600809913,-1.6830829852309566,-0.5268910068206004,-3.0488590021879762,-1.2317284298690003,1.0753106138821507,0
-1.1597531301620432,-1.3649984812875546,1.2967649230005323,-0.10928751375979963,-0.6348296993809242,1.0131162841699137,0.23860575172444953,1.3028081674223386,-1.0178323413053152,-1.2494397023087878,0.7567788494169876,0
0.7756284899722063,-3.024464092456773,1.1187644656725393,0.14303258601522686,0.34592778812840097,-0.2958866657675014,-3.446168502668397,1.3154834637519126,0.8871641796378446,-0.7038747494337994,-1.595789751244363,0
-1.7312063549568717,-0.6256659001443494,-5.138964001819068,3.61093436144634,-1.4262926164989458,0.5652748621309223,0.8613843110350583,-1.7379063312702072,0.13149610234949616,2.8849977038263503,2.223175006196236,1
2.570477214255226,-1.2993508924619488,-3.833734401174924,3.1041374116992055,0.6935976128069086,-0.8841623903079557,0.01723991616195719,-1.7616760718423445,-0.04941139424101526,1.1907759849309696,1.4643657994498258,1
-0.18853303926272869,-1.9233847485148952,-1.9958005620143378,1.0443310960534051,0.7989579602830538,0.033820081066461415,-1.4390591840461462,-4.208874014460185,2.3986466698535973,-0.9878795492529739,-2.202064676481209,0
0.6355669479155168,-0.6659574626013138,1.0641319990748406,-1.3815011818127523,0.7495012700558441,-1.0569858736821656,1.0882508689654542,1.4365288407708257,1.0561499181851612,1.412632849275853,-0.45924112273914813,0
-1.2596224829974219,-0.06386907669145281,-4.089987172507092,2.979071199434049,-0.12437654527267211,-0.77467510338738,0.4788470529542792,-1.6503735679672626,0.05197117328446865,1.8042178332528633,2.364148922381097,1
1.3314711262646322,-0.9535853309554847,2.553441109625475,-1.314702008248065,-0.5916369976966596,0.9885964272076604,1.5101827486141977,2.2922535816434935,-1.5110950442114386,-1.0233054387207103,0.11672904051531452,1
-1.018788124655479,-0.40837438633014234,0.6821051671365431,-0.5339904615082601,-0.19083761462632468,1.7344268011530333,-0.6352816248411234,-0.6730931842117992,0.29889715049535037,-0.9273661210727314,-1.6211017936837022,0
0.28617922112243993,0.298512762721026,-2.695272080380619,1.306263356827415,1.3878833086480573,-0.7663866272731884,-0.9712673805784329,-2.528173003550506,1.4076546622359316,1.2154785249292597,-1.0185474837815185,0
-1.215380718467462,-1.7513280417161017,1.1967741304433352,-1.7279837489721486,2.028397446146416,-0.5397027356749319,-0.7499576171898928,0.9115943287208788,3.7178462815484297,1.4485592474141626,-0.4982213296147511,1
-1.468407024395634,-0.778432544195092,-3.875563848323168,4.106564264591911,-0.08303161283509078,0.06697568780129257,-1.2889633655648387,-1.68787471755397,-2.5139696636813254,-0.18774356877369625,0.5794041848566039,1
-0.06247994557623721,-1.7975168054822723,-0.7897212031546668,0.49633015733896896,-0.10125179026813211,0.8291317939231866,1.7536909025726775,-1.6249892931823129,0.19357910590079686,-0.6011950719566215,-0.13274985659988758,0
0.6466906013044615,-0.895901542909137,-6.170711470849802,4.8759829467738784,-0.542021958617632,0.7298367775289131,-0.2554729296739844,-1.6951911145442236,-0.28248692288573873,3.0135015868530113,2.893234750697224,1
1.4882528582967847,1.2367386356201764,2.0490722239353603,-1.0443200397976915,-1.7699989551737256,-1.9246407262944538,0.34908512680708814,0.8923914355708399,-1.05437283919353,-1.9400736784571657,1.393654550818292,1
-0.6591116756314178,0.3623670465530402,0.5020427575484645,-1.3926307476126205,-0.7246187453570458,-0.2422473850115919,3.001531496324886,0.6360988325283863,-0.2390071599249094,1.7245275962575157,-1.4663511978520385,1
-0.9632552738119581,0.4299878615061141,-0.9096729662327977,2.123752905489005,-1.5627906003873897,-0.81063297961529,-1.2834042389496927,0.4807926582582762,-3.096651869678009,-1.2099535658567242,1.007732427062754,0
-0.8487820863888107,-0.8708061384224965,-3.6109326424067483,3.133745153537371,-1.7266488734475622,0.35797279419751177,-0.06804199960077306,-1.3300705511297373,-0.9994049202663617,1.0794850420795323,1.028861457387896,1
0.19215676088368616,2.432431546638837,0.9537871957348005,0.8430632483540595,-1.0289288473154867,-0.6058233106953297,-0.9745163920318154,1.2557305843329132,-3.8116310242866724,-2.5315316228491893,2.084128284225197,1
0.49714303175311614,-1.172837314018504,-5.027422466094739,3.8906358480389165,0.6171426388381729,-1.361552920825147,-2.291514042717682,-4.331526902930108,0.21596136028096158,0.4151157234065812,-1.7189360016958097,0
-0.4212123471185137,-0.8726668748919147,0.8338212459349567,-1.0823244491353012,-0.27120082527581346,-1.6075843062078905,-0.5420596668311999,-1.3323759928287324,0.6174794172324849,-0.6998798271718496,-4.09018791196102,0
-0.7953229232303607,1.4752802107116654,-4.058970451071525,2.624355122654975,-0.12171131137036832,1.2978953968918563,-0.8792426310634388,-1.0282286603155713,-0.2735332733978115,3.0000639700751144,0.30795342943212645,0
1.0766255818933663,-2.7135216098608597,2.3039951704296255,-2.128204993616146,-0.7227072845754656,0.7612765883206352,0.4121010985591893,-1.179953933923856,1.80105860834646,-1.8175650390418308,-3.383954984011724,0
1.3527626707501867,0.16358584307696322,6.642349199465039,-4.16323267111378,0.6011891518379266,-0.5028026278269138,0.31325428481192336,4.651646846808468,-0.824949081174652,-2.679250320677974,0.5573540376535172,1
0.2750583536609787,-2.681521845139393,-1.4539774915287922,2.1230289172964607,1.2639718816922718,-0.045264399857977235,-1.2535402982066535,0.07900029939938702,-0.7125190473229468,-0.09188670634230356,0.06723963593830518,0
-0.843343867795547,-2.6014041293724475,-5.730911401735099,5.12743287175452,-1.053933779807257,-0.23491079009526766,-1.5439680184805824,-1.8986220531771545,-0.18238204318258444,1.832758374883911,1.9402142644066096,1
-1.4968229324954123,-1.9184581246429042,-4.804375424573595,4.698227483088687,0.9702830430948023,-1.0795985237796994,-0.43443314677525735,-2.623406478060727,-1.8629957236054928,-0.10903241232200656,1.3214369604953329,1
0.9066484596508778,-0.2814664321714708,-0.5482999979408097,1.593088661773445,-1.360277141244836,-0.37441940470242313,-0.9894404572015209,-0.165945629406686,-2.759809471218243,-1.4844036008272665,-0.6873936931071117,0
-0.4638186901249545,-0.8114351853803233,-2.928551379551434,1.3797558561124579,0.4029921403727348,-0.22765114674222353,0.47850233983341184,-0.816333993374848,2.643345168897047,2.8628231855160013,2.363147979868799,1
-0.8835977790614395,-3.2095842546796343,2.56816678920016,-1.2713910803826929,0.46034908802030006,0.4792668596465921,-0.08077670211775556,1.8684378967779958,0.4937981071152328,-1.1369568824427532,-0.6502627603632767,0
1.1540886345619759,-0.45294828325720726,-0.8883642012948468,0.18799482753007637,-0.21783926295932976,0.7409402131303937,1.8507983708943463,-0.42170901776832853,0.14462580048681772,1.0483451048572163,0.12234479485023142,0
-1.6736313509685075,-1.9456866326882012,-4.336920441608435,3.6336618278745143,0.13578364796710307,0.8635492851697836,-0.19754589227881092,-1.377892843368603,-0.3578493562275642,1.813287349554139,1.0742157071753589,1
0.954865538964872,-1.5330690368918423,-2.144182237926679,1.1238780088593667,1.266450533586377,0.6813405102779309,-0.42508114677576936,-0.5280525455825369,2.306981093431144,2.1770748474536767,0.9165423380673248,1
-0.906472010966014,-0.07916805780270775,-0.5823886637168911,0.43472857067454324,-0.03221557487207912,-0.4078790159087031,0.9038041226538578,-0.10447031659496697,-0.3377202015223479,0.2760231443590848,0.7750790607922197,1
0.4140786568724779,-1.7487154604779855,-5.064270241217701,3.81989824609759,-0.9632679746521444,0.4055089367568202,-1.6938068552238796,-3.8165857216474084,0.6303951478590095,1.037674764577036,-1.0788603153601521,0
1.097133123149881,-0.7258092603173626,-2.168233904250033,2.2887217457378055,-0.10282797658397087,0.5727979422557208,-1.706909301502582,-2.441178252359852,-0.42250205198510565,-1.3339130015821024,-0.03763583945801818,0
-1.1824420138153136,-0.017880547885858578,-1.1388421976339982,0.35511910490744786,-0.678984818620657,0.7359163246001291,-1.4345592332420996,-2.448673935173842,0.7433455138727145,-0.10651404489471938,-3.276676735855961,0
0.8402998816339016,3.242105743097614,2.8624843780268825,0.18590770108342194,1.4053893290573147,0.038472418280614866,-3.363267650561843,2.9404175856108434,-3.430469353445069,-3.936351563032546,4.111248508792252,1
-0.38981445981120855,-1.5926999306409964,0.5750007118198285,-0.1217168526500055,-0.01911802110330208,-0.4206172022484237,-1.2867179320936277,1.5702405163499595,0.3624556290073978,0.7642805423131209,-1.062099862754253,1
-2.089933867616693,-3.9549532285751425,-2.0140400073301943,2.6877851242133235,-1.0474703532488736,-0.8241953726572665,-3.5947856732841608,-1.9070250913289382,0.4962789459813302,-1.247121239981482,-1.85994705793132,0
-0.08689910007133228,-0.8473484780714627,-1.3541484353255306,0.7095107744630383,-0.05889133952077114,0.44364372433925414,-1.1361428925139672,-0.7251823634003323,2.4170524224919054,0.999049964673354,1.3391507204817708,1
-0.9491736815747918,-2.2063611218924786,-4.887926507200024,4.255496675901,1.592854729264098,-0.9289452106698785,-0.9432446840667579,-1.5452507538613893,-0.21109975980091455,1.8139790485854312,1.467684738407566,1
-0.22705221390096272,-2.253470512493829,5.62093998721932,-4.722379644624825,1.2932640564771287,1.2552018695374736,-3.139502036662588,0.8231656056039984,4.962162372306948,-2.396823553360874,-3.218249754318853,0
-1.1377182552553788,0.6901364974447581,-4.681663301150519,2.3528355448527067,0.2831458171516531,-0.1457179626467709,-1.6618365908752146,-5.051386061791155,2.076821738876874,1.3835679638562017,-2.099923575124247,0
1.1379651853005357,-1.3172284488834385,3.9354324251885617,-1.9548087360101722,-2.7824765113063585,1.2735139565088862,0.522924706960743,1.3323555883926226,-2.0309230481056,-3.4182388566053756,-1.972492740697435,0
0.8267815175393544,-2.3823641974386804,-3.6491392385498402,3.3453290446496218,-0.9084662537647828,-0.09044386612701572,0.22636436248997338,-1.8488387841850804,-0.6655047734041621,0.4644363356827949,0.9956639007415773,1
0.43057699107398917,0.7142352384125441,-3.446922837196313,3.693818076538204,-0.19633452311302296,-0.0891591624792366,-2.2170797976412873,-1.1753744355483777,-2.8370896948072284,0.043361583878373966,-0.02390689152386083,0
1.9429784163869346,-0.9695905263152034,3.8817534797400195,-2.8058406135778333,-0.26826573797115205,-0.007092954539107858,1.3862574172826303,2.685898050239347,0.4416878651101164,-0.9764719867871622,0.4938787110569532,1
-0.8684128345865032,0.23250726947776224,6.057111197854316,-4.691223312600046,-0.36974456278203943,1.808778552359214,1.7560116752861887,2.774401857093506,0.11068013696079604,-2.289262143180503,-1.0134063854705657,1
-0.47325288944486044,0.02359767343852459,-2.967036019520412,1.639796843054664,1.0075694875799353,1.9228561454072444,-1.29795041462993,-2.611934244405838,1.0619232484661771,1.2503835270105992,-1.6492388484467204,0
0.8463815371578839,-0.9141772252170811,-1.8873358273699694,1.6303268316546875,-1.178724270996555,1.0819845139522417,-0.19604162523042812,-0.03634351238189537,-0.5879834554322956,1.2848788286186184,-0.1362396994959446,0
-0.32712010447461437,1.0950309784239691,3.1596138241361005,-1.8792662342301525,0.23470996712312775,0.8818396382226155,1.053147533680907,0.8644410830695123,-1.2749171901086331,-2.8715241477214644,0.9112383739756792,1
-0.10538436467148986,0.056667870541127985,-3.271398227480222,2.8967919509825166,-0.543089171629175,-0.6985143174307249,-0.47945829882781654,-1.4198818886435283,-1.2291729912507605,0.6316717422977602,0.9829271515715049,1
-1.3271547447780203,-0.7123090072874635,1.1900142219776264,-2.1398255290997397,0.04632987760120915,-1.251011914622706,-0.19699924932298818,-0.9831250632691937,3.3529646354117713,0.42116614924572493,-2.1914760394260884,0
-1.9124719053888295,-1.6119617615397146,-3.5021882951328616,2.576701487132663,1.6868108903464891,0.157047464202765,0.31663879147661267,-1.6337771563193408,0.997041235306429,1.4597041927076537,1.9366290156548875,1
-2.6042590769103096,-1.4843261113977801,1.4062255039805331,-0.960771417928276,-1.7084335437003522,-0.9103390125668152,-1.4335901567911766,0.7014660262617085,1.4571258711683037,-0.36700431311400394,-1.0012282924565568,0
0.8394795434349189,-1.24967693542211,-2.0918659797419656,1.7449195855601105,-0.6241632396670465,1.0848981828720219,-0.0950794546959034,-1.2119136098353618,0.09473011282181243,0.4277471941074389,0.40194998622468103,1
1.085538651083691,-1.7881083993367008,-2.5421190611152777,2.1260213266873085,-0.6712886031229258,0.41348178779350825,-1.8276422320656447,-0.49046931162858887,1.156604019132598,1.5431695502488254,0.41745850132859236,1
-0.38178846424272683,-3.019508675360191,3.025333360952912,-2.290392006644532,-0.25615857638898826,-0.2498279134236807,-1.1533313233664322,0.683170766990542,2.5953131442309942,-1.3278680895202701,-1.9802018439316558,0
1.9281906344007125,-0.11836416651058157,-0.28774037592133633,-0.2537287255060238,0.8405647373872107,1.401936163435802,-2.1205358971725863,0.25810144628677656,1.783911663446378,1.5117790890415617,-1.5287452023846404,0
-1.8233891266541686,-0.3145738021664873,-3.734656073864183,3.916315371711976,0.6164034851810498,-1.053559161064944,-2.014125472133038,-1.8201402003590528,-1.214526225917637,-0.41856099558160476,2.2004229101753614,0
-1.4988309600213499,-0.6649635196562551,-6.080288173078656,5.438513868626877,-2.3001670918940667,-0.6812120845620405,0.6906669441052085,-3.2068100958650767,-2.89070884455525,0.542079208441156,1.8060393961544101,1
1.4862495118910342,-1.052776722214575,-0.3041061671359371,0.029575625848899494,-0.7671692573120391,0.3278796517227281,0.04601687080200478,0.43060914003653217,0.7186787351874252,1.099350254003128,-0.44154722220465287,0
1.88070417219945,-2.309133523832269,0.7800386414915619,-0.522259214314382,1.5187817889738153,1.8260092213769474,-2.6503260039477747,0.46396608339075995,1.9897913851438709,0.25368276584427774,-2.3860581827702982,0
1.4775931541154412,0.523271703676198,2.4383213974406557,-1.806392507775626,-0.9553250143598621,-0.6771771027015753,0.7258514886273779,1.50178783988141,0.21702406446119693,-0.8705342581516134,1.0840718220229317,1
1.985850301961048,-0.33538754656771746,-3.0324674038837918,2.0456351971234366,1.6316057323317963,-0.054413997534438006,-0.5349296419083946,-0.9865440303075697,1.1728342736190411,1.9040547835439388,1.7387678225649204,1
1.199381599074986,-0.4604215313261308,-2.8363774106462247,2.206039681593583,0.530487822718606,0.7324479534931218,-0.1483410475615734,-1.1763847606889057,-0.0043068260919125745,1.1043517050153049,1.1301282953374692,1
-0.04689447463036745,1.870185870322762,1.4574933760091393,-0.4426061271673246,0.039575702912014524,0.34243848954117073,0.1342223102463631,1.4789373349665644,-1.969728103543688,-1.232879664974464,1.539490041620939,1
1.0562635964018081,-0.4064541034437186,-0.5593449354890874,-0.29445590017512624,-0.7094038485103351,-0.14024434972836242,-0.4144972626200145,-2.039770367063924,1.9487927248267147,-0.0508288120137812,-1.344749015467314,0
1.5217217262087757,-0.4700478646989666,0.829294570932238,-0.6969745800511611,0.027737856633372734,0.15381814966295854,-1.2424139508194796,0.04793147610482518,1.3312645394832776,-0.3557172142937104,-0.5067194418935983,1
0.15158768105436501,-1.1938834024149252,-0.8169154961020206,0.5321071777149075,4.091522238625764,-0.7289422840800887,-0.9935284988673091,-0.6320310616040421,0.9754109193804498,0.4839916983960124,-0.9461679959406321,0
-1.36309285060342,-0.36797179352496223,-2.5251574259663037,2.20883886391956,1.7765795959362265,-2.972541344561003,0.1711871227376508,-1.774847162905804,-0.7002706101981335,-0.1050590849514319,1.0411967276062044,1
0.9652744312267354,-0.9784756220411909,-2.522799033832625,2.6138686260302073,-0.24997703542326544,-0.702361791714292,-1.529805230891192,-2.18968639832761,-0.8722314615625376,-0.8701343856601662,-0.35324887649862236,0
-0.4252583450405415,-2.1128248993825514,-0.1503480669039683,0.09918212524772499,0.5671007487491763,0.9161079182526176,-0.0564629498043151,-1.0631220203897949,0.8455738993359136,-0.5056431561361658,-1.3917277794099743,0
-0.6287744836191063,-1.575705590643809,3.7383154256783184,-3.4149682223712072,-1.089951922342814,0.24664532253503862,0.8856472837537939,0.6902644231939508,1.2938891471949183,-1.0659738052108345,-3.6983220171589393,1
0.43712616238973184,1.3933826981132047,1.6767557766658698,-1.5283068612835975,0.9537964864794494,-2.0932214268152016,1.0548853265397404,0.8912632537525774,-0.3768347841922397,-0.34014531069087384,0.14042095553375855,1
1.4101462350046203,-1.145637837883126,-3.226377192350667,2.707996932604333,-0.4662131237731121,1.6628750743898533,-0.8659270300212462,-1.0677717851455137,0.1924491636674145,1.2906238411431215,1.1457945830333278,1
0.85494636175104,0.2457016876622995,0.5752113210767189,-0.22320043403455844,-1.0616390044078405,-0.06066376257625157,0.7640932609771981,0.536145923478322,-0.8530186000523816,-0.44200557507899735,0.5174615045828411,1
-2.156856461628732,-2.7571053795956315,-1.5983079340144604,1.3670446475231075,-0.9905502976435271,-0.5625270567882881,-2.9171075237944635,0.5336188748107173,2.566256076895955,1.9621308570096745,0.1098352566160119,1
-0.07767715057557394,-0.24888429786316135,-1.1906049565850962,2.1167228583010553,0.1659347865522324,-0.8746148257268052,-1.4275379565180013,-0.9836729109898809,-2.5308557787061132,-1.761768862383911,-0.44213348845214195,0
-2.163053991590138,1.105991612057578,1.7557258484622085,-1.9545531392792146,-0.09943246787889937,0.6482215500783717,2.3927159134022853,1.2434012911268681,-1.1447015491417287,0.6200112937084479,-1.813359684032265,1
1.7554031000545876,-0.6467107503374276,1.3728612276171086,-0.616823785364695,-0.3598585002284357,1.9513647674688692,1.0244936417049177,1.1713744967647481,-0.7194107556085348,-0.8161721717198991,0.8125074966653908,1
-0.6094934882879112,-0.6302698257571504,1.5709721546400113,-0.022980536116669465,-2.48909392947566,-0.47754815263609357,-0.34466498555480835,1.110929435589624,-1.9558017333457314,-2.1187722878511934,0.26505125107821437,0
-0.2400119073475507,1.520390338919173,-3.679223339433349,3.0413433599170956,-0.187365714071416,-0.4052580860266969,0.08329715817033745,-1.2993441881396859,-1.9835796183428789,1.1275471660129768,1.5077205245939074,1
-0.9234171622652382,-1.4917034215326948,-2.2081417094075206,2.7192182993801928,-1.801392936417148,-0.7938131051019925,-1.0655626258555064,-1.5699504423423403,-1.546568523669241,-1.144128793743573,0.10543800430816663,0
-1.7123258353590325,-0.788905427810562,-0.18199861572232107,0.11785603872255923,-0.710278361319986,0.692602574304915,-0.35527293237746854,-0.3822816415142306,-0.28106518783905277,0.10628904747519219,-2.1374128828000307,0
-1.0137396763282966,-1.172317182129153,0.0646567026488967,0.6169654345214898,0.07263339653242853,0.7749507303673038,-0.05025909902596726,0.41746010113727294,-0.8632355304679447,-0.6807742280812649,0.3748879503720375,0
0.6306849463396814,0.5428975681297847,4.299374288767871,-2.9424838609461923,0.22271981134307928,1.446322526764875,0.5622997401415399,2.3702965199442048,-0.15505377440197243,-1.9924983776610246,0.5691782371785103,1
0.9725224701559746,-1.6267942892714302,-2.0621940492238804,1.3456403332297853,0.9530730519694112,0.7365132246521732,-1.6428277074351203,-0.012577834128480903,2.3151659939523523,2.206285992361395,0.8468159318270532,1
0.5905091942731421,-0.1790467347845952,0.21793733780503877,0.6283393394199113,-0.1370122826749115,-1.1565147232021913,-1.2976937846273275,-0.9630825002395939,-2.3091319078340504,-2.0053206990596957,-2.979312088610266,0
1.0144581949564506,0.9401943600185703,-1.1929577658816333,0.7892231752138719,-0.13202179486572135,0.05840737370944407,-0.9687133675275599,-0.6030064148309354,0.5587182910863582,0.4987979446964443,1.0237937642981418,1
-0.6175441223441791,-0.2631267191275819,-4.208034305372436,3.918165273001136,2.9098733271373103,-0.8088619513021864,-2.262883243522478,-2.650409548802626,-0.9795262832240433,-0.05614137920981366,0.5374674016212599,0
0.8682419636113139,-2.461462330992951,-5.28835998776722,4.872735771218492,-1.1131735619578784,0.8906086309650201,-1.0855390934078122,-1.7317540021801128,-1.0411984818734488,1.5152872126364059,1.1620339197745428,1
1.006867636816764,-0.3264093954272376,0.692633392704631,-1.0716579144519705,1.845567484576586,-0.6866165199974871,-2.1789531782264167,0.9386360159704887,3.2130404982603453,1.3370771783713096,0.17215992485750875,1
-0.16497548392556613,1.1501461414746728,1.495728152390844,-2.820132382649204,-0.6541615014485512,1.1827987312518087,-0.34942181312027104,-0.6902383673459062,3.5911303035978808,0.9994930196918818,-2.076634151697127,0
-2.2822735706259256,-0.44253391746758775,3.1037159935473957,-0.6803584021921054,0.7904539344675185,1.5881850420492636,-0.7218102926658949,2.662704441692262,-2.1414127806715655,-2.8986649493987064,1.7825360712709926,1
-0.2664877189168697,-1.4025456022831946,-0.5595192132055694,0.6240889895049103,0.5084730831191071,-0.8692938667552199,1.471476817058342,0.17272800000368005,-0.7569457131440671,0.30343866020676313,0.23849947918161418,0
-1.1593839310904734,-0.4740170270077065,-6.366256465834604,5.674222640545115,-0.6715427708368981,1.4214828700616762,-2.6821569924310547,-3.669680413371516,-0.8537722256316306,0.5193819371051194,1.776168020263104,0
-1.360663354093435,-0.880842255289333,-0.8329534889325606,0.640663712983781,0.17590337809418985,-0.03504261090687686,-0.6984151992894568,-0.53749023649076,0.4977416699459174,0.34671153184928705,-0.5711945422283126,0
-1.1256155334448485,-0.13745868145146667,1.6799235009172797,-1.4372971940884092,0.33912014562201537,-0.3325403926560419,0.7426303691530602,1.895164786192114,0.2801751408428905,0.5858866678823043,0.06672207472404701,1
-0.8942997208166651,1.2294311605799872,-0.12508339648638986,-0.38651432336092323,0.0949460466610688,-1.3371745684073928,1.8495490413515732,0.651461486465057,-0.7407723435528213,1.2245281009239581,0.32133381510484316,1
1.0758428117516126,-0.529756670107187,-2.718946310295043,2.080280301580264,-1.0551239141748607,-0.44664462191358334,-1.6386271628041846,-2.3975025460548784,1.026315378258338,0.12282917638462676,0.34712113107096343,0
0.586930813483212,-0.6327068151535462,-2.5776437602641344,2.4686394589330227,-0.18740661511425422,0.7158050968218185,-0.5088412154292854,-1.6119905245103785,-0.8393936718121717,-0.18608186769615287,0.7949611043491214,1
0.15551436151279632,-1.3087461278572146,-1.2987638362469942,1.2617493779306312,0.7407196709075277,1.0801412659895497,-0.240934041528574,0.47314448942068377,-0.4800258169517293,1.1941796806357603,-0.2813039209961139,0
0.881756505660727,0.20079313434778823,-2.703824134856203,2.177686317692208,-0.5990425655628304,0.9209685124342927,-3.1344415840937963,0.30132720058350637,0.11422691458463041,2.5164191044799864,-0.8770452779083342,0
2.0603663147923443,-0.65462788993835,-2.049602653154645,2.3231871105892936,-0.3377054602270592,-1.4476143496626859,-1.5748500884338203,-1.6413897647625384,-0.7444093849236437,-0.9637858333450326,0.4779884936407077,0
-0.7395637992656314,-1.1777353042741785,-6.784965410232969,5.651944647448641,-0.19099486742412883,-1.6255460852554455,-2.5812603148057334,-4.413294622303451,0.2859633852104848,0.8166440922793214,1.5486395987149744,0
0.5011905895594387,-0.6775521244893559,-4.638876004133883,4.798014262890192,-0.3045580320629809,0.7497929754307365,-1.1872074354641209,-1.964456729059504,-3.14553280239374,-0.021214091686882597,0.6123667043706945,1
1.14750299790825,1.4291711074980211,-2.146338681463447,0.594458937840187,-1.0415430115915276,-1.8747913618342116,-0.7655581623894882,-1.8722275379266136,1.3932434387965562,1.7350601398732255,-1.0642849582398637,0
1.4987551608265421,-1.14194825062549,2.842879063532804,-1.1275380839802063,0.5533676240400065,2.2185855887628616,0.7746569239072838,2.2892755665158617,-2.7050754031756847,-1.7222978597805083,-1.5707590800534952,0
-0.8485358803374761,1.8969611263851005,1.4034748050748378,-1.3942406857868272,0.5819609541163843,-1.06014179219329,0.8138253986142971,1.1892083516484984,-0.24432950176898705,0.1988457765503785,0.6512053818194278,1
-0.6593274160392604,-2.1425830342519747,1.3887463731211764,-0.36498747991324726,0.8889690150746624,0.6659886890673572,0.1215733629960618,-0.2709860710498302,-0.6017061460481323,-2.2083333710467272,-1.2228998691040194,0
-0.30574744930783065,-0.3169955285759913,-0.4955014671402072,-0.46564142224171573,-0.7018565992614411,-0.9427497392116794,-0.16631139052626576,-0.0011407157894102182,2.961952811003928,1.7102145188869569,1.2899307354715268,1
-0.413337536500229,0.11817769953326762,-3.169873838994326,2.7696121076405156,0.4374905639605629,0.4599762493624517,-1.4651677304272692,-1.3157565647299485,-0.21573660076479073,0.7399115671078007,1.491167937940788,1
-1.5930130685711243,-1.731020672058015,1.6758736547662627,-0.9057412740953407,0.26377041795340744,1.275864668314683,0.08634765983770554,-0.25919644816140164,-0.20629429166162272,-1.8851598065806738,-1.8706646812004237,0
-2.5615608348794456,-1.2971968702211205,-0.836657207455219,0.8663878601152658,-1.325833599799855,-0.24286446597359912,-0.3978822532467144,-0.7311008226149206,0.22924802292804403,-0.20748036622022137,-0.13426396406411578,0
1.320458153473395,-1.6796241748677434,-2.7848342434035795,2.819286361891831,-1.325542512394587,-0.7012109462331474,-0.11601205591111319,-0.3969423335916451,-1.3895007288273986,0.8604649439683075,0.5987766418642579,0
-0.6831632315432112,2.341583557603306,1.17362862420754,-1.3831653266527413,0.820215524535361,-3.0665910791824977,1.8657402832562553,-0.14007307977661743,-1.2716442439983786,-0.5512289112173745,-0.7099007021806916,1
-1.0244588080899069,-0.7723721288542548,-3.6121914949759883,2.5728935635261987,-1.3104112981286877,-1.8083805725775783,-1.943355958785724,-1.8904297652239985,0.4355279994424965,1.819193500812331,-1.6345561856963933,0
-0.35693006759169327,-1.2521263868416828,-1.5180707248682934,1.289428812936239,-1.225142302147844,1.0154479520771966,-1.4701569937027532,-0.9914992718689051,0.7763214675617046,0.35624987930618973,-0.49630805212933066,0
-0.1171367923848143,1.6794045722335207,-0.3917042014586705,-0.22069176486917186,1.1367243358141008,0.3972136306344872,0.6251588489765948,-1.068187723495042,1.0414078681837202,-0.17810001795022268,2.117170562981074,1
0.18629536181734815,0.27897948200903544,1.0683699906549027,0.5107452029356746,-1.1395224566048265,-0.7088676958430189,-0.8976101889285516,0.9308894300479602,-2.6980080574757226,-2.1725281464417323,0.26046293790454467,0
-0.13909097814155597,-0.5941907013949885,-1.08905268518795,1.8674565641038177,-0.24232342604555512,2.0876633165624736,-0.08166703438038769,0.4350827470340375,-1.9255023938141413,-0.5061549283846313,1.7465979117867154,1
-0.7916516495003284,-1.393995867092632,-3.7158490547573217,3.398779486522102,0.08846905309816612,-0.5296619081582393,-0.44702531967144055,-1.5663281059122571,-0.9467958198900288,0.7264274208861394,0.938944677398341,1
1.1123213283859974,1.0367225233994248,1.7587428242289604,-2.3317913659737837,-0.33885400165644286,0.6394365450399807,2.7115815442772937,0.7135257326740249,0.6823918750198388,0.5839537957268333,0.0011646838594447928,1
-0.5132983460659484,-0.4641506637121073,-0.5668607939719122,0.1272785633360723,0.4479679768310433,0.10506873779631189,0.4467300950857662,0.3973474133035648,0.478183966838384,1.3339050312428495,-0.019146335425113015,0
1.1759402346157386,-1.025642444137784,4.123088349146244,-3.014450458520947,0.17142610087074267,-1.2909431005768126,0.7748225043678982,1.3144496159683865,-0.4747036057192747,-2.035560389662051,-3.1121059953880037,0
-0.4431103459308179,-2.154506089476519,-0.37374706136523034,1.1820129334343967,-0.2681410718728982,0.8563625751941141,-2.664736423674154,1.0372546117117232,0.09204346647990713,0.1942646344932294,-0.5790591271065159,0
0.762696860382211,-1.295581481451341,4.39070123273784,-2.6071839959474485,-1.2628489207497837,0.07147855421207486,1.0586067609468095,1.8452470585516159,-1.7876935294807943,-2.8130557491735084,-2.4811580835969607,0
-0.21406909520249254,-1.7324572297510872,1.2700450171807545,-1.3571264745485514,-0.3189655986823059,1.8902003763736608,-2.382416780090196,-0.19742147363572138,2.786883923443197,-0.026038973603398796,-2.790157641331925,0
0.9056324902024339,1.7530068542046524,-5.524241959040484,5.125958554105722,0.39662583298266474,-0.3066233843689143,-0.9763295823552838,-2.811228782019043,-2.7754634515795376,0.041697746603199026,3.131293068025192,1
-0.13389935610333148,1.7494683734131276,-3.3167483969668017,2.6695663389915607,-1.3461501962971643,1.4778462544647086,0.15669978230383108,-1.5098721507864399,-1.6470595257580924,0.7579560711797918,1.697364843679813,1
-0.23017405771257032,-1.4954420378874247,0.4206929035631578,-0.2212172037931591,-0.8607495099774272,-0.49929596031114,-1.6223587906413586,0.6329707840443475,1.2899154455522024,0.3926633516375233,-0.9385721542033331,0
-0.34652461298889053,0.06847591195389302,-1.0043790185889376,0.05098177411033553,-0.5838974604057868,-0.12608758712962026,-1.41893344809755,-0.49161994964917716,1.6319301608349976,1.756086009557661,-1.7069082903366086,0
-0.9695031160023119,-2.0954684854253918,-4.4511870853510285,3.889581201186627,-0.5338812751287875,-1.1999674430488478,-0.3837877249620081,-1.9847861095439256,-0.3089126882093367,1.0708145353257805,1.4592883973157704,1
0.7548498021148733,-1.0957997419785837,-4.82941529767153,4.183493662085373,-0.6153821675999579,1.0076529239446954,0.5668083053312785,-2.3233496103903883,-1.5411977895171443,0.8900734845629381,1.6539684157325052,1
0.08976729363040964,-1.299156775447843,-0.4459484053684848,0.18117986427089872,-0.09140427847038056,0.9746456512378439,-0.8235137528251104,-1.9382552854755963,0.7520126780532181,-0.765505633470386,-2.4858902084272536,0
0.5322817299737077,0.5944066681882844,-1.5753042534592454,1.696918331189142,-0.5063402786081072,-0.4119816269980305,0.22145974988706085,0.0007381176472354145,-1.6103065000663128,0.25881495405731414,1.5973243349879656,1
-1.4279245908557918,-0.09393794765986885,-1.8291767349252581,1.2920718594660527,0.5693023155640187,1.0337445754403376,-1.2061166361959694,-1.5389416893004657,0.18110206031908316,0.4215437954286516,-1.1351773301206474,0
0.4322486816779461,-0.05127673086058515,-1.2928765467404904,2.16597672908419,1.5201680941133235,0.711426103622371,-1.0643287828555326,0.145585523817494,-2.3846944272628186,-0.7637563774669129,0.9762285611949735,0
-1.8865063544978184,-0.6905496222646785,-0.8357122285198387,0.1891778557559066,-0.6960882365547141,1.6273613428706684,1.7677781472443732,0.7482125366266015,0.240925315269241,1.9922428772606249,0.5789107524580939,1
0.42246292054331164,-0.36284063694790086,-1.050419009351194,1.6887269594546006,1.2308582054425494,1.266321999140108,-1.1122909662704943,-0.592821260598752,-1.8455713223396717,-1.0055683289300754,-0.4163039321896778,0
0.4232652567860507,-1.8617347160952067,-1.3589012223832777,2.315502981240776,0.1396861238588003,-0.04228187668804091,-2.1597391999955704,0.7226589362424714,-1.2428068078633616,-0.06260844701672363,0.39757721429194715,0
-0.4346974929544438,-0.9584278275953874,0.10252336330425577,-0.30278645397930104,0.8715035920066518,-1.4999640035137562,-2.5785756513478524,0.42865038825315915,2.801819985275335,0.929907591894852,-0.051926489549262156,1
0.5422066680974669,-0.7146536565597905,-3.4858970346946814,3.0542913478342637,-0.23450032446065308,1.825335394108475,-0.769515402360505,-1.6975716833695127,-0.45575262562223484,0.6322566900917135,1.2164479972581617,1
-0.721768717247884,0.5114079070994567,2.302934322259285,-2.6126286137655845,0.2969015577520581,1.3991722799667679,3.498470633011653,1.8728990231148273,-0.24024533934105297,1.0369239115692046,-0.6823521036521294,1
1.0125213713879482,-1.4236813795514704,2.0935283103528226,-0.79617779042687,1.8945785422277361,0.974604351433516,0.41520695742676317,0.7427494113808752,-1.592499850379673,-2.0904954794954778,-1.494176137041272,1
1.383299675379806,-0.035920338958389975,-1.261987100775675,0.5065532643066044,0.9810128394019163,0.1171928585271839,-1.3290941300751902,-1.2778360493495633,1.2735000393646323,0.787403418144824,-1.2093568375522246,0
-0.143759887012675,4.6931986572319655,0.6061192804768033,-0.6910793637325896,-1.1439605204938144,-0.12409772142246353,0.28694401801987435,0.4241797670429406,-1.6213357078930772,-0.3002830004914871,1.4222854388855732,1
0.2896128398024514,-2.1948079829806986,3.0172766549517047,-1.8313214624206937,-0.22899956525322857,-0.5934828695167104,1.2935977094838635,0.5789726917433549,0.564718897932913,-2.596531093132315,0.5408270203813191,1
-1.003581826784346,-2.1482427483784496,4.092489378911937,-3.0108957559829337,-0.08676784772364199,-0.8440010375813544,1.2775776939712402,1.0054747294908668,-0.1231075927464308,-2.168820886581365,-3.332657449600722,0
0.5044500802850796,-0.9330769669747166,-5.0835294835987215,4.419752594520665,-0.9012300359602454,1.2565057045366685,0.39566651479360027,-2.1089362234028632,-1.845363478219176,1.2271218040724938,1.5238926239754496,1
-0.7355053829287227,0.9594648655431179,-3.2879870764749746,3.211491918070659,0.5264287074674419,0.5413742383673384,-1.953996307025122,-1.162543337135642,-2.5194673121111126,0.5379315746107531,-0.7450148359101058,0
0.6368052320083947,1.6469825835970175,-3.0963096953363434,2.7410145004431876,0.10416375090449713,-1.0917954054572747,-0.6758654155172091,-1.3716558034495927,-1.575774659938902,0.3713169428527799,1.7557453658949118,1
-0.28029591497139417,-2.7350886995391566,-5.578554187352871,5.343736059145803,-0.5907891152448692,0.8558062071158941,-0.3809226785612488,-1.903426551072229,-2.144075232515257,1.1790136988224553,1.0046239615678318,1
-2.024415353889726,-3.838866650420388,0.9924509940505022,-0.6728670535990875,-1.6506477215936888,0.9359771083306605,-1.8186147469357024,-1.5749437556774768,2.902986337353374,-1.7097774607527472,-2.291555104557087,0
-0.5003962376169401,1.2652633853312882,1.7895909539750494,-0.8528355419623248,0.6080279400735029,0.22766600010845633,0.03416503484395905,1.0367028687623334,-1.3299857376618167,-1.5128994189628093,0.6835647855666257,1
1.0838364505169442,-2.9443349597266666,-3.9144540837559094,3.2750497326288768,-0.1681870627102297,-0.1882455175186859,-0.9665440063368841,-3.376764036505345,0.4661962349239088,0.01602840914598147,-0.872212017877353,0
0.7486250468741504,-1.6410525751391984,0.6904882543607916,0.5671522166478684,0.7519032527210033,1.2384726785782585,-0.2978032845359835,0.6134693366398926,-0.3960941431697231,-1.8027697797141562,2.2511086306745693,1
0.2184297076386981,-0.8750238189885065,3.9970204272093843,-3.172687934487155,0.834213015947336,1.252718244119477,2.0021165706383828,1.543976101179343,0.3384158342245447,-1.591693259815138,-0.8090139149964577,1
-0.3122291462499414,-0.5237154483266935,-1.5951246851916188,2.8007677223415737,1.0100918740445342,1.2770008126547205,-1.1317510274898588,0.1448757402072851,-3.043384541086078,-1.1632830405840344,1.3332948775961209,0
-0.07944036730521678,-1.8993464541472327,-0.7576684352898445,1.0284307813657507,1.5863527017933674,-0.696797322476447,-2.4865379355108943,-0.4629761326145535,1.3747275751593255,-0.20392686453944586,-0.1284976401018878,1
1.130891807841192,-1.0443940050969456,-0.16720495306304842,-0.32169957616233064,0.36630698624831814,1.3506277079898528,0.13156575970440054,-1.7219597822120454,1.6024447688444168,-0.5389459367204836,-0.8439615526866553,0
0.4425515858551737,-0.10206095065743093,-4.637536386603974,4.11362560606478,-0.9231425827014405,0.3150151840237296,-2.0559626056413824,-2.4011912471869072,-0.9881331792873411,0.6886798245603896,0.7332666552197606,0
0.07437434227358874,0.7181738130273876,-7.292291733118664,5.7256998051696,-1.724677276895624,-1.1745903090580516,-2.1179057112996573,-4.078867196361555,-1.1834090916013338,1.929446957542998,0.4358713284387534,0
1.193881649127924,-0.7555854867425035,-3.4147635199258666,2.7513467599678645,-0.0731708751668347,-0.9632723482254514,-1.3093598703819807,-1.6561939921051794,0.4227587919305864,1.0854480966581945,0.872713446389904,0
-0.5929616689563287,3.0475620905666423,3.587894677824906,-2.673607562191106,-0.17523613990832967,-1.0861278409342052,0.8549000588192925,0.713449614436954,-1.0285625355340238,-2.7411558415459605,0.7054213944712016,1
1.2052702271352997,0.2527664619859058,-3.0054287459659377,2.0222099057006035,0.04296938824334428,0.4479258772396918,0.9528157327486297,-0.25044752461422515,-0.8755660355967041,2.503512207368719,0.5969245456211394,1
0.023732706952406767,-2.1936179687012958,4.301449362023339,-3.893869569209296,0.7728970166610715,0.16015490851714578,1.1612262618833322,0.28843173677658807,2.1046038971592926,-1.7958448079653484,-3.3253659003669584,0
0.6594705053607522,-1.0136034507952714,-0.7042651660466115,-0.7174726256685007,-0.23861268769464117,-0.7787836472790611,2.2585409204799327,-0.9827778045016258,2.0885243393176776,1.7193671967179942,-0.513110370747949,1
0.3433572632425805,-2.562243319376017,-1.420866928804248,1.118554573865455,-0.09626805970232803,-0.2622163466551313,-0.5412268814917327,-2.4656149506429896,1.3030533777237794,-0.7986568623402618,-1.0203618917651531,0
0.7415682083671925,-0.6920412285495532,-4.644899553167243,3.7606648099806974,0.4524298585869101,0.5426099533547394,-1.7871772703523188,-2.7692652607128,0.639473036365009,0.9116360693030272,1.6009955125826496,0
0.8811808994517828,-0.09641134782195204,-7.007038167943039,5.119163382406732,-0.355293755437406,-0.6119449391631118,0.5446042677020506,-5.239569251939598,-1.0997960379836047,1.1915831007137754,0.3859513177173757,0
0.6467378643208203,-0.14514906265602134,1.064298476432759,-0.06386142115655534,-1.7318467980381527,-0.7637284123765258,-0.34322886798438135,1.196039786694912,-0.42150528585732056,-1.13408961227764,2.127032498958716,0
0.12693266220028412,-0.9414716405511108,3.5535074258654675,-1.938339433089074,1.1036572500385238,0.6854119519642302,0.2750027929250467,1.1394418997207125,-1.4473514578763047,-2.8622020719495005,-1.8961888486415965,0
2.0786210789105204,-0.4174491113377873,-4.948589626477569,4.474942255046876,0.3202138486693363,1.032117168656261,-2.395988347966357,-3.01176700930679,-0.45315851261558193,0.159503721245687,1.6007188743028544,0
-0.4593018515328657,-0.5855927058574644,-3.9632203647470594,3.521127534698822,-0.8804744501899298,-1.0372512222498473,0.05171291081341656,0.24148149196969926,-2.0627148472430576,2.571724980605935,0.9545255435305269,0
0.5021344381949245,-1.40026798345492,-3.1848701189665314,2.621007865836537,0.2447221262793622,-0.08622388538513244,-0.6623751248468487,-1.1652705404748223,0.28026766506207346,1.2888742726726758,0.9155066057936874,1
0.30891898413085367,0.7886126443648536,-1.8047139026631531,2.90459085059005,1.0814966848560492,-1.205565688372043,-1.2167772615308683,0.9469042165731556,-3.392762239585406,-0.37283775593589485,2.3384424832215718,0
-0.15180794926443292,-5.706601610426661,4.148155744508054,-2.4099316736642873,0.15214852542604188,0.19222081932575627,-3.9265707224280177,0.7660248776174763,3.7177903376410972,-2.7978035071871377,-3.6754425052679522,0
-1.380359270928505,-1.9478653428419372,-3.4256838455128618,2.9876407076546068,0.2385491294335164,0.9669643525428859,-1.4169267673295827,-2.951136223389641,-0.08820853349306546,-0.17526633013414317,-1.1026362056222636,0
-0.1795487552053692,-2.256308523461346,-6.277915969905405,5.254038982185329,-0.11645067032039393,1.2622355725547132,0.4984100593098122,-2.2259875331181846,-1.1001192318792439,2.2865123506604466,1.9888183990400212,1
1.6700998863999634,0.037647624220023435,-2.091527221856513,2.564119255903298,0.17128683908647127,-0.3301094040135255,-1.5969607218748763,-1.1558558020745906,-2.682750403206648,-0.7483408037089855,-1.2578954675821064,0
-1.396605515650735,-1.3003931283219239,-0.9323932525739163,0.4659973323879719,-0.01596650748649822,-1.1152332585063995,-1.7494142435297062,0.29167670608028673,2.1801164653828216,1.6480489033747605,0.005147073242815048,1
0.2187807139005885,1.0849460816002063,-0.026736444950538667,0.14392666989022698,0.6721963696011505,-0.6904052657959737,0.8796063511627452,0.050010315639654745,-1.0835418520763753,-0.3753728960016099,1.0168847359304056,1
0.49265859730106204,-0.31197960779940775,-0.1353372378395588,-0.8264367370235476,0.31434025105936936,0.11104246622869762,-0.831515539282845,0.4637095979637169,3.4214649213764874,2.0653523966396747,0.8041332574625204,1
-0.16518205720448492,0.15517997766581937,2.155413333742237,-0.883110137769561,0.7965918417497778,0.012848991347232334,0.040935316067182925,1.9441811633780561,-3.005087326794853,-1.0104430260032529,-2.6330592281261955,0
0.13870687811885443,-1.0248384589042667,6.612599574698073,-4.936031434298031,1.4273095926348556,2.2698962786579497,1.7452515747102093,4.134566836277629,1.2467487439973246,-1.8239233476886134,0.7851661813394323,1
-1.890461924889604,-0.9402908811600885,-0.8608595297500764,-0.0948197980721676,0.47243667649136,-0.6032462585419177,-0.01397337260141962,-0.6690642793912902,1.6146809402567266,1.526142838822477,-1.4966498282813614,0
0.4177020801968674,-2.7422483802330806,-1.220339367032716,0.014431063922962787,-0.3633512232309556,-0.047319257282523196,0.7273421003848819,-0.46648779023726866,3.7319916108938456,2.1821227105861625,1.010682015936978,1
-0.038579335678477884,-1.014381397998604,-3.7483844051455044,2.5732389846950237,-0.6210782621890671,1.2484004386139393,-1.5754725125452507,-3.3456314353820717,1.004316261937149,0.7497991843376257,-1.3510687252447378,0
-0.31747388791602793,-0.6296107872469524,-6.912025096397062,6.765861668488278,-1.2907280689707223,0.5734941947510723,-2.630321406599983,-2.842287922184852,-2.2774964139140015,0.5092005417975667,3.1005251756746617,0
1.532892904231491,-0.7233350388967946,-6.244098907782492,5.064519006856061,0.3667400484258561,-1.0286022146217608,-1.5988939865339196,-3.9263306582904534,-1.009410071520832,1.1608117502585438,-0.3163448999372838,0
-0.3562340690225387,1.7432707013062017,-0.37664536689251277,0.7864563704893707,0.5524626820060018,-0.7188481689486069,0.852536651602708,-0.5910622469078683,-3.0058493553459638,-1.2576078256310335,-0.09706994386838774,1
-0.4353318501732441,-1.310720973271782,2.3353079542081407,-1.0942230559433104,-0.260792272849398,-1.9813843513845941,0.9419346878089342,3.1957192574876014,-0.9555471114635876,-0.10730067419360345,0.8672476737644803,1
-0.39296003521175316,2.7241489411353728,0.9381174290552383,-1.541370273535453,-0.33128264841466465,0.6668768882066596,2.4804845400156657,-1.2217276797966317,-0.8501643792867155,-0.8748309945854204,-0.6213873712996396,1
-0.08269485110829232,2.7418095929376567,-2.9052467925921035,1.52536375276423,-1.544976378703182,0.07287226871197551,1.8176432886508607,-1.6423062396102723,-1.8737267124124537,1.6126043357109194,-0.05701375719655877,1
0.13144748501032688,1.8575926059458217,1.3413227677788477,0.4729640164989478,-0.47748234566635145,1.2180863966360722,-0.8008068341597958,1.8963480197866915,-3.2113779638891895,-2.1222978996295176,2.3916778079447547,1
-0.6618358835470962,-0.7172060801374028,-4.802814582817462,4.459953731400463,-1.1537080866269083,-1.5514121486924923,-1.0816737527718598,-1.492980334635129,-1.7852358868446132,1.2346358935327701,1.3284488933889764,1
0.4607360249671937,-0.5241913105360076,6.878493676641019,-3.86215480495267,-0.15400071457539186,0.19441275473999997,0.46014653832550545,4.970345522009193,-1.9132520978226724,-3.2816744256245203,0.19584181053056238,1
-0.6695507421308251,0.5438604287883768,-1.2109196962044144,-0.06543790234774027,0.28487121203510707,-0.06068995070574113,0.17909536389585168,0.6071972530758605,0.8864471691210698,3.193478697631858,-1.3175127414911203,0
-0.5074877834990825,0.4180950238584542,-8.254678134919967,5.739578859101485,0.4627302532476058,0.6058722635333116,2.359834903551337,-4.695976606440603,-2.137558301175525,3.038119632924401,0.7893814459809398,0
-0.33464331657056345,-0.1031688807103408,-1.3268329599745368,1.893271029132537,-2.6724349412400037,-0.6293153210155218,-3.2047807662720658,1.4390179441825524e-05,-0.5996414788862001,-0.1649437580255455,0.05734592334809063,1
-0.3874553329480154,0.880942000489053,-4.987188971324209,3.4725348302331183,-0.7377656628336653,-1.3012578393131506,1.2204389308466261,-2.1401977943542096,-1.286982424145334,2.3475283790835713,1.305098078127171,1
-0.7334067988001992,0.8031785810718186,-4.236837276524982,4.729729058583084,-0.8295943284985051,-0.5128148771703497,-2.564086396229098,-1.301851927340637,-3.2745081375495033,-0.2626400678702212,1.571821565199668,0
0.2783662807253247,-1.9579294655645216,3.5548398009424553,-2.551585849495851,-0.21745647813385913,-1.226220654782309,0.8639511723590549,0.5942047544167599,0.45554816280828025,-2.2936064869897743,-1.987567553717631,0
-1.3747628201319915,-0.6784177205433148,-7.476182863384713,6.328487797526899,0.9586458868877135,1.2362155721921364,-3.128015067697123,-4.794099289362237,-0.9494835749314833,0.8906047760979299,0.11222633910079105,0
0.4517884229680932,-0.31969218925510445,-1.2542407300718108,0.6915588244131405,1.3395537458470177,0.6557277780768795,-0.4040780465702573,-0.6248856130065754,1.1640587152311657,0.8713991814791802,0.7156919747892927,1
-0.032893954362613644,0.2662418778936959,0.5372222020508147,-1.0463263170936974,0.5091902906992422,-0.04448696518889634,0.4318701321215277,-0.264434342243564,1.5068095478974741,0.3097566262022431,0.06536134365373247,1
-0.9011169507297893,3.564013303733571,1.176104679382945,-0.43314293363637985,0.05698734403487316,-1.054864647621984,-0.2613817754053187,1.0025991805827665,-1.9687588545135934,-1.2783416340259357,2.044269936088889,1
-0.07799477805370636,-0.6469483796547332,2.230922714978802,-1.5823592916226747,-0.559403037956195,-0.2720522784043757,-2.4474744265805475,3.449183936098146,1.1661098340977512,1.4706172204255537,-1.3399881431557978,0
-1.865986413732131,1.757788437329103,-3.0486132055934374,1.2165038471443537,-0.2545088203265695,0.3327498050287176,-0.6852455826010208,-2.117226858228684,1.1871595984154606,2.283879031214999,-0.7251879239100898,0
-1.5061623543189673,1.6797501898141487,0.4439635196948888,0.08398752798314942,0.44513836645640786,-1.6018091513773705,-0.23939913955456138,0.8991458098134625,-1.367686302150158,-0.4760676925248858,1.2591258152569362,1
0.4226882223800047,-1.7998076247574233,0.17226073647064474,0.15971236141565878,0.43787839608124424,0.7263562050124018,-2.5548198247863234,0.2809748399386749,1.8645427683793934,-0.002473526977962881,-0.34971692523009756,1
-0.6308593540674468,0.8594560834478586,-0.0691257815787629,-1.3428298739739726,1.2754305492469196,0.09544021090317349,2.226971260567227,-1.4981739123593547,1.8504081100541823,0.7680950946142309,-0.16602661245659167,0
-1.8286654552894592,0.4911479823147611,-5.490381795338932,3.4093602514992387,-0.8112039890588588,1.4845815515567047,-0.3892772270841427,-3.882231169373509,0.34184023422896936,2.2049197842385553,-0.7268725261175907,0
0.6805216060407812,-2.9199606039971577,-3.1828606798482304,3.3540152941987715,0.8503320766400523,-0.0799059908817661,-2.855319703240794,-2.148168036664063,0.09882726133748942,-0.38753384393340085,-0.7895309840451755,0
-0.3900312528880557,-0.8469605032017622,-0.1218629088631211,0.00485816666822243,0.24370358221381697,2.092014748326001,-1.027676055924056,0.3411563350474889,0.863131323778593,0.7706033448701621,-0.8990404768980473,0
1.0865115341582892,0.14823382993206424,0.08873642514539722,0.08775421502098434,1.5113218569781488,-0.9153391386228918,-0.36641279089271417,-1.2259398387194766,0.02382476021486779,-1.4302000252943528,-0.021354488510498815,1
0.5874083846036081,-0.4014635727004663,-2.996877164972458,2.6376990444110495,-1.2157861952713647,-0.6180883623059659,-0.574972126511081,-0.31785636525068395,-0.9600085035596648,1.5563104146324847,0.8225938849877663,0
1.730539803926481,-0.5135214946138931,-3.206372985634326,3.978226624167833,1.1294090893568676,0.511048083101959,-1.0798215062868182,0.21259999842503952,-2.8957637507136873,0.16334792253803243,2.702826683928805,0
-0.31289475539396827,-1.2233277899505899,-1.4708861136613687,0.6473977073318603,0.0966179249752558,-0.0642105374495854,0.15167801938893044,-0.5717260288601735,1.8517368263152083,1.477884191960857,0.8095424323823904,1
-1.0560443167637226,1.9064496478335629,-3.6143628874865237,1.3918030829593209,0.04356867953848266,-0.4855940211658955,2.7164311948678486,-2.4894013207899484,-0.34657592883974764,2.547024475841167,-0.1772333336533488,1
0.11796391072232992,-2.961225497525728,-0.8159210327715675,1.23189662321349,-0.0861159202949811,1.8139935236961278,-1.5896963656784622,-1.7037500534520629,1.012212908234479,-1.4633555689452449,-0.6164135859623842,0
-0.42252412491938324,-2.2198570130561874,-0.25474326940086417,1.0167838838281877,-2.1684068852659397,-1.1552844400315618,0.109280746555665,0.0009716791489220444,-0.7279348196280209,-0.9772916055502137,0.4564937181685427,0
-1.2421682922560773,-1.9620863753511801,1.0802669480030151,-0.5575304871912808,-1.707973156761825,0.974508088518801,-0.654501254319231,-0.05487520446139593,1.020554746545019,-1.0758285515195865,-0.6897086205889724,0
0.6727193220392264,-0.10722127404360426,-3.8666383984255535,3.27475936730115,-0.2683082141456309,1.4214936327052723,-1.7949615797747411,-0.9222503394383188,0.06908850420868273,1.7096452583980812,1.908211745353131,1
-0.8311743287296884,-1.3456684685131735,-1.6529136842749377,1.5485249487385864,0.9133935675822007,-0.3879107718893404,-1.1003136710988044,-2.1518885016352556,-0.8351563893685037,-0.6596617556911261,-2.9187633087692086,0
-0.3014313051715199,-2.5665638509649087,-0.8245885023228688,-0.11971654276202054,-0.8158928256460879,-0.12518559607300497,0.04423051179277615,-2.324410672159382,3.031469930691517,0.11571616324761569,-1.2855640062360245,0
-0.06249405796486648,-1.760008794342779,-2.660948108059501,2.3010322620881465,-3.1838840678843283,-0.42631953427310454,-0.4713326409616725,-1.557141308330162,0.3480093111716317,0.41785993567366625,0.7139150709411146,1
-0.003156026315665473,-0.5652620316248951,-0.7776548340841934,0.9207466047989923,-0.5267169128722186,1.2827135127585743,-2.295575678889568,0.6279139944704479,0.39555447474799765,0.8901216897804756,-0.3696400459326625,0
-0.11186847764690933,-3.007353356530877,5.434805606586469,-4.349650640811627,-0.21524306320926584,0.08930250221708469,-3.76345412713542,1.1816072220191003,4.92798521528961,-2.1619323528142944,-3.5403505284954955,0
-0.5387162360184373,-1.279499618265088,-2.1349861484354493,1.1927402743413513,-0.7932070351231653,0.30715741846275124,0.1344389441226126,-0.5430332890896843,1.8183165318069898,1.935238645484779,1.3742973160355785,1
0.03720631426033828,-0.14024952855020367,-2.3221627054560763,1.7717571669205279,0.8526541639418884,0.6833103247184789,-0.38124799868248754,0.7538464049717497,-0.6814626305866369,2.5897877836659533,0.050410833793721466,0
0.10642170742197898,-1.7126056582483449,-0.950895960167277,0.38820674641297764,-0.9814687470486245,2.195027875661446,-1.1410329979430192,-0.28625711192832337,2.7711938089264887,1.2228702356123144,0.7804748496605517,1
1.3796944807145168,-0.6872476335317828,-1.451121135277621,1.5960527026851354,0.538740469703299,1.4396907573937194,0.09210606533412524,1.1369304503624664,-1.3339677208150043,1.4001759789690402,0.7497584664206807,0
-0.04253464462320593,-2.099820020484027,1.7027043132341475,0.7904386683021059,0.32304121295767996,-0.024981114536804433,-0.8587301079265133,2.5140535408871196,-2.7210854824958712,-2.377492311591669,1.5148682653717012,1
2.179921485219656,1.2440307504893429,-5.178690548109893,5.326241211066977,-1.6515159568312547,1.0554827141323093,-2.9634837142082393,-1.893259813137013,-2.2795690678809715,-0.01148703995444289,3.41694988778588,0
-1.227666506795324,0.7699190567170565,1.9824856963687594,-0.8047812654744788,-0.6379978999574947,-1.053375517224311,0.536598536681029,1.454861160877603,-1.9222016212586601,-1.5857606399535595,0.6013146137425053,1
0.722515506612717,-0.4820268514338395,2.41805708600531,-1.3940523313285773,0.22977683635856097,0.22632726973688352,1.5219457872769877,2.648165943252142,-1.2396895824574945,-0.3725086502054684,0.5531960927087374,1
1.3120559705297188,-0.49518053917961735,-0.37678096142455964,-0.16527704309834046,-1.0114851810617154,-0.11255798523486495,0.19910785223373728,0.21464961839961738,0.7575313621189281,1.3407530260074076,-0.8205928231021313,0
-0.35769974037134783,2.027292930476002,3.971847253774503,-3.6539051607458606,-0.13937370045543054,0.9829834491898811,0.8473307710835692,1.7401955695311124,1.6237954032837758,-0.9461663610471078,1.2934665754021886,1
0.24445022229350036,-3.4912873553430535,-2.885279320090742,2.7988488575522674,0.40944615485149366,0.39202367657740794,-0.3408860294414112,-0.9119910271046169,-0.140174851950163,0.8693297548958369,-0.07124648595063066,1
-1.878959821439785,0.08832785580245905,3.8778133455401225,-1.049307321376597,-1.6594211402503691,-0.886707006873875,-0.7192101062027514,3.0560981012201367,-2.7745904921627575,-3.5861725908108175,1.9023577349846494,1
-1.308871335831876,-0.5559388371744229,-0.6147916161460848,0.2990673348799743,-1.2035795498888684,0.4466058284884957,-1.0411946536824686,-0.1979614360307348,1.3640376624567039,0.6960430962737654,0.16994596562376896,1
-0.051094367813225516,-2.0934656521184523,0.0001496383018790596,0.3878578498944033,-0.3121952334076843,-0.08120349129215282,-0.29379997917740786,-1.2318982583181532,0.1164719200498564,-1.441627278520928,-1.2164091300499813,0
-0.2011000836196005,0.18544154979329674,-2.124473466925151,2.3500748355765264,-1.1666188273251072,-0.15653971963901525,-1.5798044027221505,-1.0238309286508427,-1.2525463095100597,-0.38347435144152203,0.6438740761500277,0
-0.8674097125281736,-0.7275008310519654,-1.4576948131016292,2.4886130641420463,0.5706676586057872,-1.3232994425016007,-1.0988250171372123,-0.23260596886696272,-1.7881074630503693,-1.3417020359623826,2.295039075147085,0
1.2430497400422316,-1.6183804476538,-0.9275892656010314,0.6597878189891042,0.7574645503609826,-0.340487171726932,-4.14599055197582,-0.8830788044762762,2.181648287468685,0.6839301427199511,-3.0202660043407183,0
-1.3502580195266634,-0.5067561815779933,1.1568598472874658,-0.2885564095780859,0.43864508448689776,-1.6198547668029628,0.13124130572602444,1.3826133100940867,-1.2359974683023733,-0.5960947878525884,-0.12482229272666234,0
0.6322500081497493,-1.3276109421232727,2.2648337223540715,-1.4509894411336484,-1.112425383020092,-0.6768597550373793,0.15409476104238562,0.2759029816363223,-0.30142575008127326,-1.729880529270237,-2.205184586650292,0
-0.328509682953098,-0.5136509746644213,-1.9749533813946194,1.2877734876874931,0.4219254489278342,-0.26926467893405986,1.8716111858917464,-0.08066379682350455,-0.8318447646558224,1.7635945594930276,0.5107106351408699,1
-0.6420449086974371,-0.773516471926987,-5.527785896223212,5.3556283804074996,-1.2098384487279068,-0.07990394645712029,-1.3375512617473158,-1.9374363272034565,-2.4893143628697736,0.8469957354594523,1.6725491781197743,1
0.06374811508364321,0.007336803359756616,-4.539516623118313,4.90795263629091,-1.1362293918133446,0.7901057901761155,-0.7777137065092786,-2.635066742396533,-4.136594749537694,-1.1056809548746451,0.6268015293919849,1
-2.079936631917966,0.5836444224657298,-1.2988736777583232,2.4396719161674265,1.7450486690663598,-0.4958285505492697,-1.5198801432597842,0.056849587603928664,-3.2819732694541237,-1.289648341623261,0.7321211456334822,0
0.4101649875688599,-1.2251515053390285,1.5114791481590484,-1.3302169629012417,0.6820792467973725,0.205605840997305,-1.174608463213459,0.5453503081460873,1.6926963934815666,-0.11771730786153223,-1.527753965670352,0
-0.9077585221150725,-1.4010884528772425,1.8592275189179592,-1.708431907038565,-0.07675527766888578,-0.1287380263969638,-0.7480313328234349,0.4709254784659871,2.086994190442341,-0.3123603285275727,-1.2773873160512381,0
0.5858626587893454,1.7457428495595868,0.9346059498965007,-1.5286260954532742,1.0188613243109728,0.46176942520500297,-0.3763622310614913,-0.4910798019245592,2.1365209007776222,-0.0665632505230006,0.7419910064851577,1
-0.06381060924309427,-0.6236404392712354,-0.1476758559547514,-0.35268194274239373,-0.14834778479431543,-1.6314897941846231,-1.9821668809466155,-0.9414372124893894,2.2978999747316236,0.3305648215422659,-1.504194309188993,0
-1.1397338911050199,-2.5396256858603934,0.8366208669316865,-1.3272727167275482,-0.9099728465605941,-1.7546050716860835,2.223276320016771,0.5817589526155725,1.899154765098131,1.1091853245000005,-0.3801670460318023,1
2.3717793737134567,-1.3440821075988993,-2.8580361515357446,2.5835828054792853,-1.7893891648195175,-1.1488004721586815,0.20663559640945595,-1.499903682648839,-0.9868087139859314,0.36468121223916966,0.31404512188696154,1
-0.3635717332683416,-1.5330483499972836,1.6504615006489631,-1.4757917156052829,1.2384233031779537,-0.6953635086992691,0.44166607220609944,0.15083625141601087,1.08436371635752,-0.6023323819078141,-1.4645780286144943,0
-0.2830756915308438,0.6935643526500229,-0.4110299281378721,0.34097890383743834,-0.6389202379470975,0.4517470726861905,0.4022987855973799,-0.03328564206402307,0.013622534723152224,0.011920388980358076,1.8597613844088166,1
0.846590661408686,-1.950946250077379,4.421051955088252,-3.099622508302132,0.031998921737650836,0.6190585092985814,0.20326367111869836,2.8007867517460108,1.4481499544063596,-1.2914376444321658,-0.01166251681734487,0
-0.37983757807718643,-1.472528138890175,-1.0212173812816636,0.9855017364334753,1.7120668895845494,0.2937298207156919,-2.8795740450869927,0.618699794182886,2.2313212098185353,1.285379040739419,0.9710543073450661,1
-0.20563126181437943,-1.8482874857821403,-2.825825565115762,2.0509204290358154,0.9828914280021804,0.5558913468425174,-1.8297454865495673,-2.6642877593928738,1.1545537912147728,0.4673115984489993,-1.8843000992488712,0
0.6862996485603413,0.3873811704196717,-0.4824774985802658,-0.6883062511458392,1.3127036096826374,-2.213595419441714,0.9566456169783775,-0.5028109626721193,1.3924237548009344,1.6320160282036305,-0.8390146324084573,0
-0.015106648375653871,-0.441853488707032,7.446037739328222,-4.843066640044459,1.6058138076577986,-1.078476023758302,0.5322318661513116,3.3540790062015438,0.180533888914851,-4.3606735143050335,0.6110172354113408,1
-1.3515662940397377,-2.5802412545817073,5.014698028907145,-4.111259646250289,0.91390703811668,-1.516567022698949,-2.3729152324350187,1.5630263948192276,4.093216992495724,-1.5310157861921356,-2.795252092422918,0
1.2304569674210601,0.05814929977949712,1.4376205263038624,-0.5623955671099833,1.0949439142507467,-0.3183374291096959,-0.7571669608137572,-0.00835478726405492,-1.4904765344615738,-1.8124309839443389,-2.2271861050750728,0
1.5770494995598674,1.1110279880887945,-2.420960669541397,1.8329188233611664,1.4772580696530069,0.1857194915908392,-0.8179629441768231,-0.5753059799791667,-0.22254582925080246,1.2840395447427606,1.3790407194813117,1
-0.2867132751592638,-0.6098531777011902,-0.7859329802161851,-0.5003725743214341,0.9071906107400985,0.6918745833788896,-0.1208844602551713,-0.09325148460330202,3.7790658103146457,2.2888461612676827,1.4696489672394843,1
0.020949582519781833,1.0670947631158385,1.479907370204036,-2.3396226763205727,1.6600613091688639,-0.495837980000893,-1.4592859818457224,0.479743614747969,3.0201571036516786,1.3687159045757786,-1.838383815093542,1
-0.8097950978877597,-0.9326516612181657,1.612944833459983,-0.6245457938877482,-0.6033616469839824,-0.9534273727996243,0.24373331477676463,1.1377538074722082,-0.3161945119437059,-1.2634095834801127,0.9562677144271933,1
0.025619655387222,-1.0238883220567236,-0.5788114113173942,0.27967862932751086,-0.5666397039514529,-0.28794368462681835,0.2646540261182544,-0.7084674738423016,0.7729428017553538,0.169851360193503,-0.06094372116255886,0
-0.4863263303468914,0.5417412022184165,1.8120711609347249,-1.1691339045655986,-1.0881470857118638,1.5307139008459085,0.3311516333819217,1.621712101402837,-0.13901783843007742,-0.5069841778771782,1.2354049186602731,1
-1.2757937672858821,-0.8807674929198871,0.49681218839679886,-0.24763999731155945,-0.4086454752542111,-0.35126159143997243,-0.8021822636645212,-1.4693676509566558,-0.40983111479276446,-1.5476789274462242,-3.277783899624806,0
1.1421849964950082,1.1190584666277146,-1.512267251323317,0.5457294453643186,-0.9006795691390901,-0.5913732007690072,-0.7046485131794451,1.3724523878356332,0.14379609790217907,3.4619229147894224,-0.7207138755414434,0
-1.366347511938167,0.3053936502239174,-1.7640313777452103,1.658697884158995,0.5953145486847857,-0.6589537290476972,-0.8603581415069881,-1.0071352850667954,-0.599394889626766,-0.030994750752039613,0.6038717741246528,0
0.17638418646140303,-0.1991263157383566,-0.8215311393369723,0.8017207566385548,-1.9038699122325915,-0.16321888018858186,-0.6391102923699625,-0.8739287358035305,-0.08670102473135888,-0.35357999948207874,-0.08523312527959714,1
-2.664519684192089,-1.010731731051778,2.2053690114470688,-1.3270115547481443,0.6228592755981396,-0.5813205460527806,0.35674124228326876,0.6534312799363283,0.26295287017501523,-1.709167282932992,0.20217200679220937,1
-0.5221015845164725,0.049208329722223665,3.329362910617851,-2.7715125540490746,-0.18079647975371613,-1.0770005625272356,1.7828260268175464,0.9100057342681519,0.6771754503661764,-1.626004579563142,0.3980445302156964,1
0.7486720672278501,2.100987099441202,0.4960744247282505,1.1112200169570716,-0.24529161437442604,-0.06688666179530992,-1.8036048832104885,1.2457299178224277,-2.7112425377309415,-2.0082262151165713,2.7071095029360155,1
-0.4894095726389834,-0.5981013661389665,1.060675945985671,-1.4482207919851322,-1.2286085413038526,-0.6996871320502498,-0.45554544981543704,-0.06869647976397797,2.7012092287246077,0.22087393146072232,-0.1112396136411149,1
0.41186296242080106,-0.3827980557357755,-3.7599580109272073,3.719017276981015,-0.5149709734062228,-2.012029163386571,-1.7303029970118953,-1.2015615555237216,-1.4405982662033001,0.5920259465813412,1.181593337356317,1
2.2946774627173583,-2.156404588587637,5.991292084051734,-3.9325821393456497,-0.6256877233502581,0.8136859512593893,2.075254026721031,2.899982062732552,-1.1812189638962913,-2.970879795304411,-2.309088335558899,0
-1.9593067445764378,-2.007241121685177,-0.9157737615797604,0.7642395714696597,1.8859364973556831,0.6368600205404038,-1.7416175371687457,-1.6289201274819924,1.39073912971309,-0.42072205806177654,-1.6260615648054202,0
0.11098635262695682,-1.547866211625648,1.9135248746450872,-2.2310243782008703,0.8609801017404762,-1.4707189284529252,-0.6216559984469239,-0.1462642291580103,3.858817653775474,-0.18527075065216547,-0.5571817153105947,1
0.14308194048039125,1.2103227453923573,0.07081771148806612,-1.0628207364703381,-0.7375331290039494,0.9399890037616297,2.1813987375084576,0.6227554724223999,0.3949396033165691,1.901810250713911,0.09277749009811842,1
0.06968514598550382,1.4726246669288559,1.2405236630423484,0.17119546485506268,-2.113678979300654,-0.4693696558551489,-1.5172469162577908,1.1505466454523003,-1.3652129163374842,-2.024998628375924,2.452929257046245,1
-0.4194358588220857,-0.7467556268943388,0.3178302478590474,-0.7128469038752389,0.5726851810898077,-1.0092880696415225,-1.5153790831223923,-0.07876832564425762,2.0470704774160895,0.7356298167472863,-1.5626700655302832,0
-1.0486309755314158,1.584007736205514,-5.360839125826316,3.541767134811962,-0.9524224876839905,0.8294445935999418,1.2839062528746135,-1.751260211117396,-1.1726974093887725,3.244861174591901,1.8023981945291228,1
-0.3948185329024159,-0.5273794158865277,-10.164536492592147,8.124682506751359,-1.033569902566901,0.6858891004145484,-3.8833938049112415,-6.0003284644700745,0.6655335525766455,2.189356900160253,2.758399073555047,0
0.3159140953700632,-0.23479040502247395,-0.6908201801798958,0.15204043628939945,-0.22861910642461955,1.2654086301890988,-0.36934811457669686,0.2238079166163771,0.7970949459282823,1.461795434192195,-0.5218203455889252,0
-1.7164249409945493,0.2800444922374722,-0.2687465814550363,0.83426358759542,0.311154919598268,1.039710116433515,0.9731103315637892,1.5083785127427636,-1.8654804683720363,0.3048204063131077,2.0269121983659044,1
0.34066074345151054,-1.6567930506653057,-2.4141490433213018,2.4122268759371064,0.5259346135170225,0.7410042925632412,-0.2962656622106862,-1.6217108195885463,-0.667262449785788,-0.32300098072757355,0.3893539953392548,1
-0.5108313074286748,-0.02129373834574222,-1.3015021741948178,0.48897130931410804,0.34573071283127177,-0.8218948582153028,1.1398798229114762,-0.004260082603945059,0.10370275420342867,1.7953016705855698,0.046549984134656386,0
-1.2886519695881113,-2.7496380064826496,1.2846688537779967,-0.6813330965946788,-1.0923309635765288,-0.6009153028017683,-2.7720494589346627,-1.0214552738420672,2.5069774013280495,-1.8678872361664218,-1.8761918237990423,0
1.2833872940266877,-0.4778602721603972,-0.4355199973179493,0.7643611536307359,0.6594678905033947,0.25689290761303235,-1.4003329539695912,-1.9030572305130975,-0.6258944372986049,-1.7971250835517003,-1.8982727046011902,0
0.6355090092048384,0.5583267292637031,-2.736630246278531,2.0575533330948135,0.6167700238182405,1.1069749465652665,0.7926635294390708,-0.7430686103912245,-0.85366934415401,1.339493946270055,1.6531988704552045,1
-0.09163162443064607,0.0032288908416985285,-0.8869542729117068,0.26943533644632184,1.0661101131428936,1.1130191944725136,-0.30513718616828295,-0.5384270008689942,1.4277616826136081,0.8442228924266322,0.7845588988666968,1
2.244735601280322,1.342533195728889,4.0432278216264645,-2.4598848431130276,1.0132681654071591,0.7819070725611097,-0.23058007293524874,2.101598383406831,-0.05158525937347169,-2.668375155587762,2.3004339141735843,1
-2.00046196259285,-1.798467305195052,-3.899371922034622,3.178326695603507,0.9731068028475115,0.3562055345349668,-0.8439427640669331,-1.0512053539557857,0.6682462817492297,1.9380672725877586,1.6223813705618495,1
-2.7662048787100093,2.4698454571924477,5.199279321129716,-5.453146411341435,0.07977381312645651,1.7098569117312452,3.676006124221142,1.9511554634628052,0.6319867692628363,-0.29618062534756084,-1.7783876479097784,0
0.6821886599044558,-0.5824642115253706,2.4494800473404825,-3.353835991832612,-1.1954503206775076,0.07110675331998918,-0.26545129342217433,-1.2379237646330585,4.230046441592706,-0.37213123679226623,-2.7611172814004905,0
0.3294508706570369,-0.9004139671506072,-1.7435891230728264,2.19229431603079,1.0800201980877389,0.9557673522904314,-3.2961274739212563,-0.1248593359125495,-0.0711567946006898,0.15748708758744856,0.18271925709795567,1
1.969086091335772,-0.40962987526361727,-3.397820385350416,3.234237094335143,0.6030285927434297,-0.10025187382431866,-1.8622208761535421,-2.0767525387824906,-0.38355712474631926,-0.15922815893047715,1.3582030401474599,0
-1.0722072944125607,-0.03751280234200116,-5.902959730875501,3.8785235497412454,0.08805290411221617,1.2728816065093078,0.07018861332641313,-4.768891453999899,-0.013284359287785374,1.4983029525092872,-0.7272387358594363,0
-0.7326888711833215,2.1745326394472,-3.3084214046679588,4.827915842545505,0.03975100890377435,0.5856984462003086,-2.6996227799754386,0.19671509249546104,-5.5194839452159075,-1.179749679225564,2.7195894630541355,0
0.6594316445085515,1.1261912491867923,-6.358872753478519,4.9609783620886745,-0.4723814469317911,1.8141386426919583,-1.7842710486896722,-1.9404710747318759,-1.6676878933354387,3.1606259583888034,0.31251537294268594,0
-2.7615005586818584,-0.23966983386288665,1.7150842635608836,-2.0946044502974126,2.2488649953824775,-0.8699202953482984,-0.4043759274076488,-0.3966680618943641,2.5226377291598645,-0.29619007670186215,-1.3704062719712031,0
-3.0448773311424966,0.37409053947209503,-3.8641180803251127,2.231248534659826,-1.1526868862415671,-0.1706936401714198,-0.38121074024069895,-1.3243402286141126,0.2130272816886445,3.150070656530348,-0.9668286308708878,0
1.7066501545267128,-1.1133834202926938,-6.797950653666998,5.432581950220288,0.07151514809719363,2.312109038109786,1.2723372871723193,-2.3184410396710593,-1.6358200068485147,2.7757181080940905,2.5635231104289935,1
0.13541834890762017,1.2263430342550763,-1.2004288434966095,0.5091981559461242,-1.21452027170868,-0.2229150938218851,-0.508804208160326,-0.7248227483534126,0.8782947217273324,0.8006321856192952,1.084110942275955,1
-0.36434185954861414,0.37422119557105216,0.3245563343303796,0.8444158256668152,-0.2297067801073712,0.841119672473026,-0.8149946236884034,1.2736748748209121,-2.2498179166314243,-0.9440646424125005,0.8747083833381613,0
1.0081494498259147,-0.2947954609588682,0.9962637929861718,-0.7167775714201975,1.6369437775241504,0.4525290453429957,-0.138675040364322,2.139894078737597,0.014067528833688003,1.1230612651377627,-0.15989538183146557,0
-0.533589287358487,3.8858174906452865,-2.4796109712137993,2.4633310927194443,-0.02080688879361316,1.5576655105621189,-0.43494707752624295,-1.7215445201818154,-3.3395902096839327,-0.9762287300914796,1.684939053866887,1
0.7422600685782448,-1.5459784823920675,1.1251693014497044,0.30974036598923266,-0.3633855732302096,-0.0018634259036634825,-2.2780143136691215,-0.32801067366590336,-1.1816219171901632,-2.647917168166579,-2.1711268049496786,1
-2.2616157969190924,0.5518035614215837,-6.9688083726483745,7.390359075050346,0.5432081988021231,-1.3319069053570112,-3.1253232387100836,-2.2652063778427447,-4.428097324214066,0.06679582261616512,2.9155510604948924,0
-0.14405651088820037,-1.1306039003668582,0.7141244029515769,-0.5109055107054749,0.5093291068327287,0.7284434925377223,-0.3731113623205599,-0.978259047107296,0.7619528258437263,-1.298233588923725,-1.1371829258589083,0
-0.6754935888746813,-0.47392179735016815,0.6041254472190579,0.5002545019185344,0.5120814190577524,0.30432711272465246,0.27297227427673876,0.7517725389919192,-2.0595084731590285,-1.3917593339702234,0.5350411637103039,1
-0.3598725754521281,-0.2080099548149168,-2.0484731686399393,2.2096221688309465,0.7119258633890367,-1.4820644065410717,-3.005792435752035,-0.5913762083956331,0.23128614792476276,0.18537472796402965,0.9374208030038728,1
-0.47950811761011897,-1.9760935561660877,-0.17313180895626837,-0.787814287297353,0.14475492063335899,1.2317190712739963,-2.8959137161825748,-4.536562886769756,4.54461500474341,-1.8085132142587683,-3.740488340205327,0
0.6837552780743601,-0.49970775725251454,1.0023588906403342,-0.05881537241414885,-0.03419795157571446,2.393800714283965,-0.3228974769357267,0.5915678838457039,-1.2379763373663946,-1.3278801984504538,-0.34820865011055696,0
-0.808826286370222,-0.741839358744405,-2.729955756667634,3.0588862212647645,-0.44310921269397524,-1.1813802995473066,-1.299622197193861,-1.2901685962684677,-1.658266682078689,-0.4782539138935331,0.7055433141734964,0
-1.4570793737472343,1.364781860505785,0.39737504969238713,-0.39123780373789113,0.9607560931615822,-0.6721000227707835,0.9196339754430649,0.20081473220014467,-0.7235027301916913,-0.24157138267284106,0.7659583762155008,1
-0.7258241622994116,-1.7499904211826358,-2.9429035783454385,2.8400226389081586,-0.8184542591615662,0.648268480092238,-2.2717212749547264,-0.7257319508134328,0.446007906969153,0.9773074378263459,0.7986016542764941,1
1.519623668675902,-0.04461297786549312,-0.9652649099039247,0.0014354909189402804,1.1616445314759951,-0.2907924850038705,0.7709836602344013,-0.8614831711234279,1.7626244323907234,1.0655308658091478,1.0306605554705714,1
-0.6605049896963014,-0.231282553352529,0.6284970496539385,0.25413734447986785,0.2877409422854183,-0.5784884407410228,-0.2479267779446247,0.7043762197006371,-1.8547505359763001,-0.9715941358979102,-0.676850849751143,0
1.635353330698008,-1.9945483164733389,2.1180953277548538,-1.4126432677733243,-0.35682148687676507,0.19547377258676818,0.9143645546187442,0.899949130372411,0.3949179357024515,-1.0399374030756992,-0.6337888766468751,0
-0.5522370303395614,0.42974844266497114,2.5576198848600504,-1.1867767257298196,-0.4991781602440347,1.059666552019239,0.2967638300090222,1.5979109224791008,-1.2426203965300764,-2.0104266041936665,1.144951670556704,1
-0.17100513400141729,1.779005326484066,-5.060344844072483,2.965117654824925,1.5825617154373066,-1.198950488796182,-0.05097706637072974,-1.98165166622843,-0.4848943270635677,3.617726907720077,-0.49432193410671565,0
-0.03766063032245207,-0.9639796080593886,-0.4250695513327511,0.4742974627647414,0.8430702413900821,-1.5782921419462212,-1.9138869372982343,-0.24918820932552166,0.751547433269665,0.18066745088268998,-1.208103999020389,0
0.6390369796210486,-1.1121804085327969,5.108484552002594,-5.148209015013896,-0.5967607244352803,2.562894445235384,3.087617250147421,0.9932674815582516,2.8436370600376257,-1.1231316885327984,-1.6282224101387872,1
0.892281019415828,-2.949534242497039,0.802627326976158,-0.5882717501591592,0.53579936864788,0.4925848904452497,-3.8358457333337928,-2.069856524049535,3.6026555757576366,-1.8186280798629249,-2.8428751671901793,0
0.6197304385823749,-1.6566842558502302,-0.8049737171548851,0.7618734716587349,-0.9655164352261363,-0.1233613433707126,1.1940400537997995,0.024755377584780414,-0.39393327788483257,0.4955843253214599,0.1530646687630275,0
-0.14156911120522112,-0.18200938851428716,-1.609545950614311,1.5672487762345058,-1.172437470455517,-1.6361268438722854,-1.6258544449478842,-0.5543560191703543,0.1948155237853797,0.2910404338863559,0.7922555694945838,1
-1.3458893591407246,-3.13216786289869,5.179725240850956,-2.881347721462964,0.012868531475745152,3.333075834669327,0.44931012222514793,3.9302138580612294,0.21346014192422058,-2.1225071474579256,0.45114735058897687,1
0.011589762054665878,0.13672581026895192,-4.943371428558174,4.039797342938183,-0.6935570532320735,0.22089183677902868,-2.6551744003438844,-3.446215375713172,-0.4888874634418814,0.6108301421178688,-0.5780223645539662,0
0.4585878026358168,-0.5435184525759692,-2.51621099526452,2.7676747543794047,-0.9228085854071763,-0.6810521556909327,-1.2299813122402556,-1.4884628153340205,-1.6367970893438553,-0.5994250063533251,0.16664679955561057,1
0.10179195860091712,-0.40178471245851755,-4.7195288822619,3.377939337713616,-0.05893341849878307,-0.9347213711990708,0.034931457422153644,-2.131864612393596,-0.61577185958464,2.2727405025577,-0.1264675325867477,0
2.879224007602402,-0.5060599049537934,-2.617723344086821,2.0228866380588375,-0.5790365155573501,-1.091860221983054,1.4491369550381992,-1.6226566936578943,-0.8642133963383973,0.46129478240522315,1.0254993866902706,1
0.4233995236813478,-2.1210293329202297,4.507768353387262,-2.9540030730522333,0.17228587847343066,0.07504785166894246,-1.1032209168695473,3.827223195456982,1.3257245686214185,-0.6162986114622204,-0.725258820134663,0
1.0751357725428383,-1.1788287077960313,4.605089494093658,-4.19268505487529,0.2671342829755938,-0.436240070520025,-3.2797605316370335,-0.1475460474599819,5.008941235553492,-2.1778470919653126,-2.900036810678432,0
-0.9688116954822698,-1.5566873262845031,-2.2724191094645465,2.522042542501323,-1.2886257870838753,0.42544752457701085,-1.1158235778075771,-0.9980925231096609,-1.1038264025492002,-0.1385865854641003,-0.15486093549365554,1
-0.16360002362472725,0.10918468786158475,-2.3040333377612323,2.25176776234107,0.23944796511109226,0.022070369260371956,-2.108187306731962,-0.8812013919066375,-0.13285068668947686,0.28135007246383115,1.0605333412116758,1
-0.48687012250708595,0.7310676122601241,2.9511221461255404,-1.4650988148153732,-2.2910660278287738,-0.6900111942516257,0.240360177957603,1.961278241160647,-1.1991787823237696,-2.086046188505433,1.4937742672312506,1
0.8245136029909924,2.586879921764573,-1.1987174740400863,-0.014303022097640408,0.460632298040903,-1.8626522366364815,0.15281531990599695,-0.860759130779616,1.5218903776663217,1.2742952526744795,2.1330108211950414,1
0.8027113286310944,-0.7708734359662811,-3.1623815859623243,3.8350650955428,0.5695163324751382,-0.1975338317429534,-1.7096657219131801,-1.6684774306537358,-2.7968844940978075,-1.1459758148955728,0.3538548850441674,0
1.9960471094677252,0.2797004944585906,4.668885767230837,-3.9474166365259165,0.3709608542058455,0.1180758047899109,1.0459803681685111,1.7618273291694388,1.8970905031557457,-1.676754489055118,0.6762402838876271,0
-0.5077650915372968,1.7238840968203657,-2.209373608140289,0.9582066335894179,-0.8551092278708917,0.8230768795794726,1.4282837410441307,-1.0970529462593102,-0.2935574234945475,1.6509421797451833,0.8488907132584018,0
0.5268328860894024,-1.8410532398402895,-1.6093555116843137,0.939852526981055,-0.9477457111402986,0.7240776465411407,0.1399972868561753,-1.0986667249472513,1.6761678206460655,0.8845094582913482,0.5456891746249835,1
1.5235297932609326,-0.5189406305777098,0.902773293125729,-1.4576670829131253,0.3354603673142951,-0.7673381956780811,-0.40705156227917083,-0.22556557051115012,2.405705466825168,0.49521882070950196,-1.1681899536238944,0
1.3981976134654677,-2.640179243390009,-0.4137536641891721,-0.0438225834074247,-1.3672735806889622,-1.2215148779771334,-1.1426289538528505,-3.0706441390530577,2.675372738161311,-1.3693169866478903,-2.2502297221616314,0
0.7614763600189398,2.563612189760889,-4.055169734473648,1.4803438232461748,-0.10504278395291528,0.623794466327213,-0.9531566482107137,-2.9643778301502834,1.6042053128825011,3.1526980509254603,-1.4762208201986007,0
0.57463251378757,0.5744761498235672,-0.9852192507782414,0.010681389570469185,-0.9028132710750147,-0.38814366222229807,1.178371781809119,-0.7484828797723839,0.3902228244877368,1.2292297580181615,-0.38977693212328957,1
0.42920741771062904,0.8351152790579952,0.6996603068317911,-0.21180323546578161,-0.16740076431430229,0.10212900764598967,-1.14613043800325,0.0464771228534121,-0.9886692700176658,-0.9450255775866472,-1.3034281184322891,0
-0.45799527143867275,0.5453240350186124,1.3346548095815225,-1.6183074284602452,-0.18703640286943374,-0.1305358671813354,2.3056360846325763,-0.5500610695796362,-0.17323484381110432,-0.7057802849679334,-1.0189610640756832,1
0.30617462907429754,0.42059182316328325,4.307451113612754,-1.8659580845812482,0.7045914530849549,1.1159884858595444,-1.0132001977844056,2.65777018755536,-1.3690155356648441,-3.4897958529620183,1.6839877935935323,1
0.07013760350193436,-0.404957108256569,-2.0052646603410214,0.7041405003255372,-3.067172290880071,-0.0202971465072273,-1.104996474138931,0.3678084888170847,3.263835364732037,3.2455630603291112,1.9490362392409801,1
0.5391183658816484,-2.4602424934709815,-2.0004101285348823,1.9670525904606524,-0.4037686125806373,-1.4588050830335486,-1.77243866465192,-1.5612952169290508,0.4969064742773297,-0.09093712915727392,-1.1915269644639148,0
2.211194322747539,2.389520841604731,-5.086896564264985,2.5128143859239542,-1.4162458699083411,0.19637177161672162,-0.014330466898684113,-2.0115128785805676,0.3338351129426681,4.327729270608101,-0.5200266486704845,0
-0.6150723595543677,0.39435953634645915,-0.03406629293219297,-1.032533598563888,-1.3509232072218458,-1.0535042550492844,0.5411587116277918,0.07574289575868975,2.5513379359708637,1.687208670456417,0.8320188043854542,1
0.4773289236096524,-1.2858908731460499,0.7042406738023315,-0.07417402766962944,-0.008477455859022527,-1.836242620206137,0.07055477869541305,0.6016931318683167,-0.2462317319225712,-0.6750964278027748,0.15503259500845157,0
0.6572556474375573,-0.9030651470676064,-3.1874181408154874,2.6688424724280373,-0.24657337826045067,0.1281384596565672,-0.3312226196477388,-1.569972128627078,0.1268449344384639,0.7127985455910911,1.7322157269585525,0
-2.2423693109538956,0.14390587422713896,3.2471723980026037,-1.6058676897638966,0.7732433067148743,-1.6773618237081485,-1.0178578294201295,2.809458219944691,0.14509302462028684,-1.6315571839110492,2.3747310720514263,1
-2.325757137813179,-0.9801916088312399,-1.2879682183638566,1.5687248162227707,-0.2327107708110278,-0.45071439660904655,-1.8785391794246564,0.882540066487187,-0.37294348736844074,1.0931272852044016,-0.016670779806702618,0
0.7762909718100403,1.2264995947632626,0.08967031417766443,0.059428533930562286,-1.0200595895969955,-0.221070724048047,0.40811935689556683,-0.22438867872338686,-0.33302526954477774,-0.7820877633040981,1.891113842657334,1
-0.06127179239387553,-1.0503728855193515,-1.823633471875512,1.4731734099394311,-0.3851806904740549,0.23237331881365317,-0.3165290696126224,-1.435576147321686,0.7255450951860539,0.06608196725300586,0.968954966984645,1
1.811266942829782,-1.2135174517286933,3.473095720987157,-2.2290650741664373,-0.9637813684857323,0.494106250566176,0.8203131841227334,1.5135736714016892,-0.6314802383932382,-1.9234138150987332,-1.498660734829734,0
0.9835126712300061,-0.04327964668972961,5.037005033521952,-3.1298535271698795,1.5997023220928335,0.45497732321762663,-0.38898009277997847,1.9829298891560376,0.7593072265705885,-3.529736860562177,1.6616570008600637,1
0.03452244015887133,-0.7952498105371975,3.697029468880545,-2.9474044051862935,-0.39804407684780535,1.9666149353696805,1.6438004134809998,1.930868983552731,0.8460858912285614,-1.0612945135834477,0.206265972376955,1
1.405924049909589,-1.145157777684504,5.114352999876789,-3.549487757464631,-0.32512148679503267,-0.3840848479760254,1.0361028329664241,1.9618983662844134,-1.4075886879951967,-2.5288569072769223,-4.114410152028355,0
0.5814915729828056,-1.457837160327038,3.107395466153555,-2.1391845372999647,1.0929416525560345,1.1039388471489808,0.9100231884588676,1.356695291430882,-0.47028209593389314,-1.3924532307458175,-2.1340190492473075,0
0.18417921229532355,-0.9930149552595988,0.2914475320172134,0.11965669597682442,-0.017909356820085678,0.40377198047972024,0.12450947841688575,0.7953544363923212,-0.2332140989672532,-0.017187951514535893,0.37608896094139627,1
0.40548139056063204,-1.4532106841373094,-1.2080793475186917,1.1606426692597842,-0.17444847828383966,1.0146840806050168,-0.52086400257141,-1.1285200841413823,0.44606051112783796,-0.28665779688747195,0.12113220509425537,0
0.4935674671587104,-0.33948607562877325,-5.773187424549156,4.539919842324093,1.1812602631922846,0.16167397762711816,-1.087284064594817,-2.0822015918215224,-1.3134167438468312,2.654958943852478,-0.23141320442163604,0
-0.07895157372191718,0.55820582394478,-8.379277740624014,6.319563523321403,1.5222594538213567,-0.7711601871755435,-0.6054813110443831,-5.031914791883512,-1.577120687112876,2.2246799463222713,0.6534706503202412,1
-0.642798413372957,1.2954952216415843,-0.9505389637059328,2.4635870543921943,0.34881331368120844,0.5659366166373363,-1.8543084843171556,0.45519754445169425,-4.618942775929448,-1.6573627493075995,-0.09914881674968623,0
1.9477362332533117,-0.3442027063029124,1.5337796571239153,-2.434166717225134,0.21356366219939388,-2.0110143581319506,-1.9493487549142496,-1.5321918428593588,4.277792675902011,-0.17100135952157025,-2.8660399840996256,0
0.7982504772568015,0.27303342762805005,-1.8845709170751253,0.8144155122976849,-0.35001907096144774,-0.3661234576231773,1.456398664513157,-0.33916056892712954,-0.04028586182900684,2.093916049990648,0.2205740606292652,1
0.8668829729608213,-2.08516121331924,-0.6933524667092035,0.07937066668835539,-0.9649715564698561,2.134796423234979,-0.5614193046433456,-0.11101413480795308,2.740654963253845,1.3952853242475163,0.3154038117709491,1
0.08944122110822039,-0.791483275749018,-2.1763430640840387,2.835181649717596,0.05533078500415938,-0.06880836451965092,-2.521262154653307,-1.034243340764037,-1.2459238551887626,-0.9241816298092087,0.5769039311254494,1
1.9196047647960763,-0.044811066919105635,-2.8959369472514394,2.3196796662912202,-0.21021749268348242,-0.5682531685863336,0.15463754298082577,-1.3734866766377585,-0.6140365413146756,0.8029972998125652,1.1407339264775724,1
0.3850833724004689,-2.424314374319267,-2.3621021932378863,2.5642523746778414,-1.8703956366668424,0.8019942374565968,-2.6674127873729367,-0.6467211310840751,0.5309330100916618,0.4548619131007406,0.07896140707599675,1
0.381296052937408,-1.1841354642649586,0.22877013216267195,-1.5054944458662023,-0.05361067208525512,-0.5913067468092693,3.78160922090907,-0.4793643963410703,1.2563887521384902,1.533890384141518,-1.2784186661847612,1
0.021476981789455833,-0.5877010779519478,1.6205841519428432,-3.24677391636037,1.3068957797040028,0.6994627079613996,4.664882664578019,-0.586247116957882,1.8318037889349792,1.449135499334355,-2.8916167885222714,1
1.5717612509250785,1.7206121490087263,1.044241356916013,0.352399091550407,0.30170312956158407,-0.8999715846911962,0.3688974981125491,0.2732000939872835,-3.651606045277319,-2.7056723690402418,0.6179668721310354,1
-0.8579678118864573,-0.5128685168595462,0.8064126211241767,0.6891122327928908,1.220642022092246,0.21743390557642267,-1.077583278061574,0.6656670771113222,-1.4225203163343005,-2.1928409874263117,1.5834137101645718,1
-2.6965228421680085,-0.538180435956772,-4.179867049721879,3.025255471870046,-0.3927241884578962,-1.6305924006308654,0.4779104732001349,-1.5706584324626824,0.33429146150174777,2.0326832167964515,2.3300820910930105,1
1.4326988553303903,2.6122105220735232,-0.9073671567533971,1.3129510547572898,1.5529120723682388,0.5195376232470406,-0.5499939425714588,-0.716245787236522,-1.690129151693723,-1.3715158283316085,2.746881328891432,1
-0.609459800661204,0.4339630133011822,1.3475364672282935,-1.562962720377844,0.014502485708152166,0.7090142107683457,1.8438196643313927,2.125149582917013,-0.08293147833042647,1.5776454421842965,-0.13565896291554702,1
0.7273124087504279,1.1376099906484152,-3.3584265833139444,0.8769939736127469,-0.07340530201821302,1.7932156401301724,0.3054439311226824,-4.273531253149997,2.2106119295052595,1.5979261334414798,-1.8060231439086802,0
0.07910299228014482,3.119389921349348,1.1700657065615212,-1.6921025134922643,-0.588954909208718,-0.8274515092179608,2.5568286058679885,1.514949012350558,-1.6723449647163569,1.3406893229697017,-0.5783557271627211,1
-0.6426632582472785,1.0682250520570538,-2.351087563451686,1.6350666874601147,0.9266526139585819,0.7467673810267101,0.5778437354501744,-0.4284738040517939,-1.1904423423572252,1.5883067492515803,0.483999223765465,1
0.7059293720931211,0.4108531284742892,3.912182444845689,-2.106741378582362,-1.0165060786043216,0.35828024064789965,-0.6933324517678658,1.3605681553084674,-0.056349094908348385,-3.4811961935974614,1.6472908402750783,1
-1.767941407683078,-0.25732226732270935,5.050661486363049,-3.4269965498445254,1.902368600775535,-0.5240814303245197,1.1991439314553056,2.2988220908042543,-0.21168215217903152,-2.7407207637839295,0.1728273398727248,1
-0.674615612643144,-1.7244588590963312,-2.5951636838861054,2.3569484658011826,0.1546449943072216,0.5543100947136644,-0.9157336644923596,-2.1236904377903105,-0.5683674411687956,-0.12369754421171741,-1.4017293444209598,0
-0.41347400984031857,-0.3550439940177799,-3.6267640040451923,3.7368126146612073,-0.3174447647982972,0.9173752802633562,-1.9551538632936716,-1.9149206014607634,-1.5109181548760937,-0.3331968095414715,1.0019997556184481,0
-0.8315385700624773,-1.0193590756194109,-0.9413072733122563,0.5372955354127936,0.7023901320181729,1.637636157613788,-1.400435253501187,-0.05312473529914119,1.8576085575177141,1.157906608503027,0.3673270420693081,1
-0.17565356671885976,1.4283602757312,-1.9086416009575187,2.7464378101041844,0.7899496758819605,-0.8334068483571513,-2.377437903930304,-0.9910460211656066,-3.8951149586826634,-1.3404106032071383,-1.3962143357297754,0
1.2486130526921306,0.2603048229246645,-5.508258909065177,4.510099884104711,-1.4215119152344995,-0.7624172356747635,-2.894404025681344,-3.605437088678756,-0.5793113793769247,0.841580489675736,-0.351748997637388,0
-0.9051327112410475,0.5361288380927197,2.842739241628079,-2.448343065783937,-2.00104521408106,1.9114901472273367,1.5912246489781712,0.3209542479923322,0.40331832520529165,-1.6970569065436143,0.06872117823428125,1
0.11430410374369276,0.6378621400120803,-8.493493425163331,7.279998918539206,-0.7245346388884948,-0.3119978657675257,-3.598822688129773,-4.126055269723925,-1.1383323699774914,1.7231195585187586,2.709580958965611,0
-0.2906215623131882,-0.22416326564189815,-3.4983974567041582,3.4356466608791694,-0.9690606319723816,-0.47166030183191615,-2.0801389815642652,-2.372179950293151,-1.858411553165258,-0.3537846217061274,-1.055041102728764,0
-0.448473908890692,0.5689031141197489,-3.1548856248344683,2.5768672886394834,0.5120426375252681,0.1668710577922108,-1.0461069171048059,0.36645075383330905,-1.18483284300951,2.57767590808705,0.3989571803782588,0
0.37640020596562074,0.06858918505544032,-1.8080820900849572,0.8767194795793306,0.7732228329658263,-0.2971536870967744,-1.1280583580580352,-0.23068481947981645,0.8921254546295305,2.213774515474098,-0.966277838584335,0
0.1852264115614672,-0.5273202710032763,-3.3160276074514647,3.9688647479270323,0.6852011488161558,-0.389459218501562,-1.7859340802664523,-1.626189028155796,-2.747730722776943,-1.0718151848606832,0.8738479277015343,0
0.23174524931142973,0.7744401680335191,-3.7357648888231565,3.2503757316803163,1.9803833752850573,-0.616950076503535,-2.3474390941163668,-1.7819886012706876,-0.5126341622987699,0.7243657323627735,1.0300718491442593,0
-0.54517689836213,0.11038468709893545,5.650063882762521,-5.513133061783222,1.000890389009668,0.5694202776049826,3.8431047570315284,2.365927021426113,1.2335450394724827,-0.5243520495602726,-1.9397822061802985,1
0.6954865474004348,2.682913999146945,-2.6299807836259057,1.3298742592947996,-1.088411762476664,-1.5151470882410405,1.9164683494681087,-0.4093800285425846,-1.928709114906889,2.460903226294578,0.2721619257902751,1
-0.17531208054134714,2.0219041386394556,1.4967956049243678,-1.6587145249259863,-1.89858225105088,0.18758865487815052,2.894655229701727,1.0038664589994826,-2.0897070000068654,0.2910129719954453,-1.3027428181917793,1
-0.13849911101962842,-0.825888117008491,-0.525682402014901,0.004149759612307333,0.1669781875273484,0.3237476714773508,-1.1835196229668825,-0.04871697860555335,2.4955652317085697,1.1189971653824977,0.7241090126035558,1
1.2287204148202664,-1.5320359832299246,-3.283045288000223,2.6161628477542838,-0.1389750295271446,-0.5018011507383925,-2.2648611869302844,-2.882597447438153,0.972054527937924,0.2114187830345,-1.0440033859818785,0
-0.37305859842487227,-0.7219177765278493,-2.422025716363523,2.3130145092937293,-0.2704676649321569,0.6939531191352767,-0.7543869359981747,-0.4440846103209515,-1.2580871901453543,0.9267396883999157,-0.3046673930778343,0
1.265792586828176,-1.168665733030302,-3.369690963102044,3.437173108581101,-1.1544321001123348,0.06794729069446431,-1.22012702728888,0.7360858596457951,-1.9796406590772115,2.120361856588312,0.4029542634153154,0
-0.22570888572823564,1.5387546441732982,2.2503214195734764,-1.6409432961884476,0.025231479030327023,0.06520714856110156,1.2643254540721807,1.4108167907988278,-1.4355876228767754,-0.8719246799861945,-0.0464233114626571,1
1.7075778596208113,-1.4295287922516349,-2.3393526693192657,1.7595855568226364,-0.434291492447298,0.09722672171860433,-0.2945175757373658,-0.9510867395939328,0.8805660175660692,1.1388040059386357,0.8790672213969399,1
-0.5472354444249832,0.647683840888259,-0.6063634202534194,0.3564066264512676,0.7880518253857993,-1.5943205906394367,-1.1280637943001617,-0.29740801629279046,0.8186664879181691,0.3417918345711492,0.729289533147454,1
-0.11405722315526409,-0.35697372755065815,0.6445564167654891,-0.1611078045573284,-1.7747625638877147,0.5031557785711315,-0.222025476241287,0.6876444030997639,-0.6613317762042988,-0.34272347735307157,-0.5342369760050512,0
-1.1221228914441908,-1.849149041807802,0.4654368962102797,-0.08064192885544684,-0.875501235127328,-0.4195308168597452,-0.21741041957649399,-1.2123491949695109,0.7041035789327414,-1.6936679350714154,-0.5784441368222787,0
-0.1835923276120261,-2.078598363928952,-1.9383510206962442,1.742139747021271,1.1945595720087223,-0.6932866192749337,-0.5656439220546594,-1.8756843139654031,0.4544310089370953,-0.32066884956117453,-0.31708170838736677,0
1.1810734461691497,-0.18956645708010111,-4.053790079626915,3.203063983401483,-1.5373718413808124,0.6491090196840612,-1.8477002842560821,-0.7250907838606075,0.7533152847147159,2.3762526250015545,2.2116448387971435,1
-1.7524426469112409,-0.5691903139187353,0.5491168441116971,0.004384427866529168,-0.878082033491132,-0.12584224031412544,-0.726505930894126,-0.5375334435909619,-1.5282912159803677,-1.2627636846371293,-3.1580065966812922,0
0.5331288835638122,1.038149822699131,-6.157409467159818,4.870816281420855,0.6880901237860086,-0.24865318406147968,1.0616801367101618,-0.6380599842997193,-3.1223834888665287,3.7868743589751146,1.7805059966755408,0
0.5650376008651665,1.1826466469890227,-0.627105806175088,0.6864159281150195,-2.0740499145781794,-0.9056047264345175,0.5095785641608426,-0.5101356083946822,-1.1856237453708625,-0.5329778192745251,1.110446666179427,1
1.90370524461776,2.1620205428239583,2.081928428332363,-0.6103969436771239,0.7233804426729569,-0.7823964978081592,-0.8167511065236093,1.4068641671026356,-1.4808688045261473,-2.3723329625134064,2.7286909432525084,1
-0.4753887176044623,-1.07809435798011,0.14113241587138062,0.24238596986826738,0.035331863094929916,0.2481275319841943,-3.4055384423497026,0.3807234369099042,1.1790267401357812,0.10659351907725734,-1.589488767629627,0
1.3788471736207062,2.479279880168755,-8.080777206156275,5.258533990552066,-0.757030963389427,1.785842575591695,1.479183314960202,-2.9667862602912596,-2.0608364498089804,4.881095044259582,1.0793605566457187,0
0.1563052135106469,0.6592881472913523,3.6711832652700735,-2.86250699283158,1.1567891749042347,0.47973022805114157,1.2200308904721802,3.7174954145386323,-0.2922520787133873,0.3659036252802943,0.26110557898192954,1
-0.5603895971237335,0.8055737202196884,-0.24375588989008293,1.5617465728432172,0.8090139512356094,0.5655280881725862,-1.1035493539815846,1.1974588176068859,-3.2804229803220126,-1.0389276457825516,0.8465756134159284,0
-1.8488010106101014,1.23227018990707,-3.199123795395302,0.7359211666074804,-0.015789121824960995,-2.4200398445207,-0.4710656389733225,-4.387536123869001,2.6553440551381295,1.4620732869264925,-2.098337702376525,0
1.1241633399552124,-2.0335288046887205,4.907642424719664,-4.17955304846685,-0.9806731982791184,-0.5184478555325394,0.48488646695807924,0.9380811281114079,3.143729577389969,-2.13076662784065,-1.2050778794871562,0
0.6098781393399451,0.3708929394863766,5.782396067393319,-5.1247727036610815,1.5242414694076731,0.6778642154177076,2.384424655151376,2.961165655875048,1.672395990317414,-0.9864809750444121,0.04140228473134966,1
0.45196904849601655,-0.23671009005223387,-2.890920409049537,2.214700352041689,-0.6155395359334358,-0.5488955044772219,-1.7786492074977085,-2.481544779643373,-0.4133520455245083,0.3774183633668582,-2.2532846247532086,0
-1.6949765847504636,-2.6210860060074896,1.1324645499645047,-0.6930971882990555,-1.004547009074459,-0.5126407502724992,-1.3831160177218227,-1.1404834740966692,1.9817868482652083,-1.7721014635534191,-1.5344461085391914,0
-1.3730768753664302,-2.26068070313337,-0.8373738745565309,1.1837377409975467,0.8718174564370629,0.2048871616044454,0.9505233186883972,-1.0049648159692794,-0.39345400241492334,-1.0439982727890793,0.7631007319567202,0
-1.5512357332611706,1.830693413790407,2.930486371344682,-2.264367917304887,-0.37010904866694344,0.9305005109673802,0.8254539434997165,0.3675892103738476,-0.3220380465099872,-2.240104986006278,0.46048603779778197,1
-0.45932648180736496,2.181713209536668,3.2465800832909637,-2.1918335639253965,0.9275538421240471,0.25054838061101004,0.5311009753403653,1.3484398994384996,-1.701196778243701,-2.0532942539605834,-0.45242951440969126,1
1.1547712011788358,2.64337145284402,4.080396759592218,-2.5388981540803552,2.3511918242367478,-1.5362442232056472,0.006933929111083703,0.7625926062521401,-1.278233858734108,-3.8533422764580987,0.9015389639236191,1
-0.3304228772575232,0.5729829922968304,-0.4565044905474363,0.4786382312211316,-1.4026168052886148,0.11185748195917376,-0.05107151447870284,-1.3895328758775367,-0.23697937280671377,-1.2107550977158639,0.6144001076768741,1
0.332574119605029,-1.5978207240314184,-1.380397566316293,1.1853529718757807,-0.8355095131418497,-0.4250038268096398,0.1900427490518608,-1.5808730344359705,0.23752837068887322,-0.39362019680649984,-0.15013589732144372,1
-1.2719049166523875,-0.8670692735431756,-2.079755023187907,2.094783714172993,-0.7979318844362506,0.5607801492096517,-1.0154297138912223,-1.318984208156118,-1.0971063711162024,-0.135154128488011,-0.9100430717837467,0
-1.2697681331685713,0.5467612980817378,3.0168484318075244,-2.970984853613742,-0.013654462996575105,-1.9702104321563694,-2.024076993691492,2.659729307822272,2.4907698753685334,1.3030340492807677,-1.7189908396852576,0
0.13552278963279787,0.5143670904354583,-2.973895117955621,3.1078872527152965,-0.8003853778988842,2.1605878335873405,-0.14023099681008455,-0.8313461404850229,-2.4111991211711405,0.06805268641476958,1.9389777717624088,1
0.5911328140475445,-1.8335497770165268,0.48925657545979806,-0.0905647559724748,0.1274821841122123,0.5904408827695296,-2.8010632798423343,0.4926023905659409,1.6064495307375948,0.05720984190762424,-1.4342918566797702,0
0.3817299597646363,1.6105739067239957,-2.1730766436819238,2.8163007765427444,-0.7625901289172754,0.9869227794218172,-1.7565950928716596,0.40403914294131793,-3.397249502241957,0.12385935188024666,0.7455262711945605,0
0.14471631888764555,1.1274673957008594,2.8903914738216283,-2.888665055333957,-0.535983385110298,-1.4557875680574324,1.4177285497576921,0.08628966759420276,0.98590741171834,-1.283905997050836,-0.5160595359547722,1
0.14230046611221708,-2.2967739244810046,3.311805676129247,-2.9540479869609158,0.7777498744873009,1.4045080032456696,-2.007771719883407,-0.08311933888791756,3.873532855468854,-1.4959239694311803,-2.5307751866859305,0
0.9558828139821334,-1.6246270888764787,7.4752782588685704,-5.396050534497561,0.848832402732043,-1.3897673648676259,0.9740609743826242,3.3210291797053344,1.4228556706219788,-3.365281667479411,-0.5854934915055661,1
0.019333895511474363,-1.3532604509002875,0.4806526419660965,-0.6036152018335098,-2.4175441990101127,-0.293725593139659,-0.6790761090840628,-1.9304874204014228,1.5711802534552468,-1.4361692453207502,-1.8323263205255536,0
-0.6006206800696358,1.395559589603367,4.963741592348417,-2.22982383679293,-0.6816251732961369,-0.04173515790446546,-1.1009166984179712,3.194269199224328,-1.97296384505719,-3.86498257663479,1.9955288282697008,0
-0.12742405486480096,2.3855517448181542,3.488225493300982,-3.628713147579438,-2.8184844953476618,-0.4117521805713536,2.4986202986452617,0.5745996831782785,0.9816633704971707,-1.1440861354527214,0.7154922886560496,1
0.15785667907370762,-3.664804533343063,-0.913696750347189,1.8247627523237504,-0.9604963540466456,-0.19464869792457182,-0.0878228753252086,-1.0822566526295643,-0.683921280647334,-1.759612717636658,0.15553457060033793,0
1.1004263540060706,-0.9449629421024107,-2.312412095304412,1.4689442052727748,-0.06516465869868929,-1.211580240028638,-1.0073254675501064,-0.15172907850091844,1.7785665452509187,2.256626425613355,1.2314071753903284,1
-1.086150314149153,0.7002326220983405,3.4765223815734054,-3.400339297275592,-0.9704168071381787,0.6060460890785213,2.2435423934430556,1.7467326148836255,1.1685209288800535,-0.22203748619038632,0.32615956796209106,1
1.2099714617208712,-0.22182967830238975,-1.1336743015433743,1.4776708117533868,-0.13508186929379556,2.3946894923277,-1.259653621675606,-1.0083892057439994,-1.6231094006509492,-0.778081908966861,-1.5409949178426716,0
-0.03093723694611975,-2.3175185750352836,-4.114975124160543,3.3516911702497643,0.897146528657765,-0.8477713283279776,-1.3522277541402157,-3.6240157832307505,0.9868314164005916,-0.03594591909431333,0.08368017685996143,0
-0.7652605604372192,-0.037325323193844406,-0.06207808013422797,0.8060202233061435,0.19668857075195845,-2.5878747073971877,-0.8264819582152647,0.08041239296676461,-1.2520869411721045,-1.0953283159478002,0.40418244310517926,0
0.3828999064130471,-0.7646120106294023,5.7375673951398705,-3.1527500829766946,0.9352061502544379,0.06668937480771876,-0.04906183155549615,3.0978518013685186,-0.7621445200708556,-3.797362159908988,0.78163571094817,1
0.8200843241200416,2.886489924169954,2.512187429288221,-1.4486425680985728,1.1850681527958549,0.1701283975645221,-0.5778356860489162,0.7995559588316655,-0.8969451769314413,-2.4472752078759346,1.8521655826333374,1
-0.24548556764666585,-1.7741836441712326,-3.4555168525890676,3.3435549131483433,0.7926514888640978,0.6341408172965801,-1.4472432248757465,-1.544434871387823,-0.31146397857652985,0.39676878057253895,0.9812250990883449,1
-1.1311742215323208,-0.8749819506608125,1.3937684652994937,-2.017323688466212,0.6007249426629063,1.085738516808983,-0.9323395184303133,0.49498787598058436,4.135203452875241,1.016566694679741,0.1229374500228485,1
0.6190499932345496,1.7388924921407325,-0.5520622276238795,2.1660039222010496,-0.25287708613725135,1.673103196365897,-0.305031250039957,1.2033300403972684,-4.986400817556282,-1.6049006538849064,1.8044614986391554,1
-1.2888926897583655,-1.5086714582368468,-5.215374963203863,4.677094963034156,0.5023162993204592,-1.0695078878963855,-1.2011131161270188,-1.4057499405736142,-0.7361313327844103,1.8193955479522441,2.141630253275853,1
-0.6686602817000585,-0.49416323343734525,0.7318207085794612,-1.5682048610635908,-0.5440769775342771,1.0210141612667905,-0.5941585967614309,-0.4793957578944045,2.717689024201575,0.8743693963735983,-1.9979640966986822,0
1.0727626365194551,-0.7228267001289423,-2.855642743616435,3.0067947608126753,-1.9253617545742574,0.4622139849846318,-1.8316966799023533,-1.0091467940322036,-1.0139133977398762,0.1482485151729106,0.7550655500108953,1
1.641000634122664,-1.4138835152804974,0.4220291851110669,-0.3498451941210622,-0.11752127065940504,1.303778581699855,0.19378898485668716,-0.04094098795270862,-0.6216851162927772,0.05482493204551031,-3.21939106941079,0
-0.7210247863504774,1.0056053906496332,2.047903696100294,-2.1810537812347004,-1.1292639089208425,-0.5256623850855339,0.8972030826868619,0.03555829168797309,1.755981836211596,-0.8520110242088696,1.1539675751744534,0
1.2884024857675793,1.5712022892767796,-4.951202874469325,2.9839543864367566,-0.1588118206863503,0.04255987962364103,0.34654340306728737,-0.7753499694015005,-0.8327609236166282,4.410883145105939,0.034887222622854486,0
-1.484106827997282,-1.839800180434912,-1.24395322816877,0.23093336689304828,-1.012957545686867,1.1527909222548498,-0.5734384378046637,-0.4641828093149193,3.449657963115711,1.886684634041273,0.8913024232633836,1
-0.08041515599380267,0.473190891856664,2.8200089077269044,-2.2680460952956834,2.544887240276823,-1.33181895530635,1.648780040158455,1.4013629826151621,-0.2842867259957961,-0.9550058748573937,0.011358351545045942,1
-0.7309080770015476,-1.4318078468103685,-5.0702498290242985,4.246276051704508,-0.9445366901214586,-0.20114339363962785,-0.32436035217706816,-3.5514453301052695,-0.9910095380073605,0.3724082264362083,0.1995470370700302,1
-1.0896250304481194,-2.3255075263639906,1.1733795573780992,-0.49103720882344193,0.13162593420655366,0.6737043943647976,0.3942063776206193,-0.6878149993446581,-0.02282418205941772,-1.9201240958952472,-1.4566586288225063,0
0.633019049113233,-1.2075192072470244,-0.21190055505076838,1.186076976173993,-0.4497583901026865,1.150232848007666,-0.7045091552028357,-0.698297923740923,-2.735093726678853,-1.761284803750121,-2.6699079758337714,0
-0.8701981034237793,-0.5653896458238176,-3.1409859207704267,2.4116830892257552,-2.3495182659697362,-0.8293064576258908,-0.6021648929463721,-1.3140150301752875,-0.278349929445292,1.4100550159654426,-0.11504451150654027,0
-0.5587144899833185,-0.8108519979661253,-4.559937191664332,3.984023218574415,0.4676843638134614,0.4174902405280906,-0.6120555309170231,-1.6904609611232058,-1.0350869033704677,1.2952537299686049,1.5485871823520907,1
-1.2795675272374287,-2.445751715990424,0.029097390238755426,-0.12472742336058137,-1.1455874536426178,-0.5738847369954161,-1.5856205785203485,0.07249075965837481,2.6974226634210563,0.5558883927239248,-0.23057646379800234,1
-0.570517045106848,-1.4385518821163146,4.837865588165032,-3.5331372551740534,1.9242313475321908,-0.041534822387300496,1.0248954735504134,1.1976755075978462,-0.6384963589801569,-2.658696044815405,-4.075198134214277,0
-1.7621168946836874,-1.4514586448030735,-4.645462453186159,3.998345361746084,-3.07753377742045,-0.18649812405078217,-1.0015013767515601,-1.2288189513849752,-0.3851740519365525,1.9522060205154415,1.5393183451131636,1
0.3177904275902286,0.37907473192007785,-3.84857030920454,3.184676935644023,-0.39347519113889035,-0.3920409730353868,1.961448070163688,-2.410180384550541,-3.321090107945614,0.37265768071094607,-0.3541750435719049,1
0.5499098079439787,-0.45490745817833655,3.111516066606693,-2.2183598194350704,2.3163178812324032,-0.9734486324499708,1.0140920802026439,1.3150952332609964,0.2720078501467107,-1.6120635098509033,0.3100438260109473,1
-0.12701752400275487,-0.2111655037116954,-4.363938241090569,4.042473720676158,1.2352898497089162,1.320870390765689,-1.8949407424848004,-1.8921137892545554,-0.9892102123386048,0.6399213005727793,1.5347287893225066,0
-1.0079867762645682,1.2723379261879684,5.569077802416478,-3.1096485926907267,0.0535386825746075,-0.3919635997740935,-0.11309055644965682,3.6595207941466548,-2.0098512380323923,-3.182185795031444,0.6183528545902446,1
-1.4101995671359393,-2.0969116126986425,4.494203562949563,-2.7933434280941283,1.532082944856652,-0.6407516140773403,0.5937801389498534,2.874258280800003,0.47175928291465596,-1.9073819068312854,0.23949066001710284,1
-1.1153260978313038,-2.0021691107339774,-2.2780656917275217,1.388721222253512,0.10446723052360742,-0.5256892764481282,-0.9533682562116161,-0.2806412430392282,2.5820311882565514,2.293149061006035,1.2495542916452536,1
0.0029024454903946043,-0.7370956546895564,1.985785546630008,-0.05334332112824539,1.0633730110097017,0.4295910732923334,-1.2054555262192979,2.6848670522948948,-1.3831973922513208,-1.5672475372238357,1.9823395648040938,1
2.2416382992128105,0.19754234783623936,-3.7169656516176977,3.051491082232052,-0.28485246172598566,-0.18618745382934243,0.638759215042884,-1.3175532142446202,-1.9106440891769934,1.3281491250376367,0.6842349727953951,1
1.540528209597443,-0.41806811269780986,0.7407106054040133,-1.323083095069249,0.023606636792841112,0.608602057004758,2.418972256958649,-0.22673773502363415,0.5116880748346813,0.39910270227087796,-0.9182142105858431,1
0.998581577556712,-0.1401923374763433,1.152811506447556,-0.26723382450656197,1.1190664536532753,0.9455654501242635,-0.026426314973449938,1.5223795121240145,-1.2074786313083783,-0.557545720394158,0.33220197251055716,0
-2.018916035245068,-0.8225423365102081,-4.159148512395878,3.0603769917532833,-0.7770420748503142,-0.7547512458566675,-1.9315206216725094,-3.1814342847314583,1.63069193049577,0.7582154217767472,0.9649479069848668,0
0.2775750064594719,-1.6435387261639114,-5.410723150047223,4.31504027539063,0.6659521672175901,1.0604607945612756,-2.013608715670296,-3.8514620275599833,0.7143287291654716,0.8070959226391001,0.25635324285071914,0
0.9626161885306651,-1.6706555197836144,-4.351201947046467,3.5255736644048574,-1.0097597898849318,0.3511177800844292,-0.22258670010391202,-1.4513745224890204,0.030746218463931774,1.891778007075613,1.5161596441698963,1
-0.3179358638719313,-1.8078943372238496,-3.448650790799675,2.938903043123329,-0.6971600724921837,-0.9673161373895536,0.22635091546775965,-1.6618067522241642,-0.3743705882216848,0.8435052601511276,0.8834270706873006,1
0.9834208668812476,-2.323384960936471,3.00091902285456,-3.0903624223464563,-0.06878017738891819,0.22048342105687432,-0.9841802414958332,-1.3305773003616523,4.233778398236107,-1.8156170629933668,-2.725645649100614,0
0.5894954750800354,-2.8855282933197213,1.3123788781915633,-1.72562650993814,-0.3970766197849289,-1.38463436786411,-2.073667093222812,0.8576004199814358,5.2965664800297265,1.315054513662967,-0.11808178756583698,1
2.751218086642968,-0.37748530766154986,1.4679130927394026,-1.0453363501584987,-0.36901222251091936,0.10570288344118985,0.7148373011850647,1.8900818873586356,-0.04504184507670839,0.367985585466325,0.4487740244195671,1
-0.2279081891292272,0.25729895409620274,-2.0522551318991353,1.2578097083466058,0.5924354297450556,0.18210858457877138,-0.5294724191940745,-0.4508992846873054,1.0113639123502864,1.6385792434056765,1.4151900733084486,1
0.8519510406092247,-0.33826186373290756,-6.66112265077605,5.579524982180842,1.163501405866948,-1.4159322064948232,-2.4787050768911385,-3.561458341465519,-1.2679641194385898,1.50221152471605,-0.022676157751502668,0
-0.8967574527696444,-0.15031292853547307,-2.2891021118346297,1.7926238831984016,1.2355597464469088,0.11304189120172844,-2.297550894160763,-1.3761233465063976,0.6328369718628444,0.7199357106277791,-0.5393689018318077,0
1.1526246556237285,-2.5897165711856625,-0.7354799462899917,1.0882622089260503,-1.5648407652692726,-0.23285566974619645,1.305484584793039,1.1613460492127359,-0.9384430591708295,0.9068010379576164,0.46998317579440774,0
-1.0312156247402662,-0.9466634325977177,3.2091463025243807,-2.122192751371818,-0.2107627897270629,0.34430195665796237,0.7600951966873828,1.8101896217400466,-0.29534052637316155,-1.36999764202832,-0.7440715193797053,0
-0.40257207922596167,0.2596035719182932,-1.3622745917805343,0.772314179282431,-0.6474090886935643,-0.22523207675406928,1.2795567000812162,-0.6065147880039379,-0.4648415389211196,0.8384530324646307,0.47359333721887387,1
-0.7193025532255943,1.1895923054338642,-1.294593277219597,-0.7970777793004779,-0.41165840977514784,-0.19447205992186692,1.1316270948283917,-2.409366911519867,2.4606905660728224,1.7091701544265123,-1.4686295025211118,0
0.24774805454054802,0.23477454801071884,-2.611124590345157,1.38742741272949,-0.8403495596553654,-0.5530178105873529,0.7391278622972204,-2.910034628612233,0.43414624229085663,0.39673465376922806,-0.24602960981655952,0
-1.2701538113895336,-1.2414549497094103,-0.9438610086308187,1.8892176688928999,-1.3275509057098187,-0.2529272472262047,-1.0810115491246184,-1.3165834999232588,-1.4431735745008702,-2.2026165199410634,0.4430406198138701,1
-0.4777896439669176,1.1861813779157129,2.9335357113888763,-2.8208075555349237,0.6371772054038193,0.2048237243677911,2.3099872455093178,0.45164273531418214,-0.3618526944838157,-1.1458445486259468,-1.3178226646817237,1
0.8973477915278626,-1.9944511971548464,0.7086262913234893,-0.3768474920951859,-0.29926974230894265,-0.5486184522755874,-1.7136334675868397,0.01934692815988026,1.8018214128726195,-0.46286775879547504,-0.788714123871332,1
-0.4391655699323841,-1.2722021662745715,-2.6177329429549694,1.8362592765566885,1.4446189857809493,-0.050779262678496764,-1.5385247890518512,-3.1199486121933644,0.9233016002389982,-0.09440558777212793,-1.8959849724567122,0
1.349334187980921,-1.9331675316417989,-5.5916302335028,5.258306088093814,0.19183182246857525,-1.1767114271213879,-0.8529544177129397,-2.1364672259956476,-1.6857176031858343,1.0310044219421408,1.6991072066361324,1
0.27415745111048184,-2.619826857796446,2.0299555728198753,-0.8743478971006816,0.4113078934360676,0.6487473992079709,0.9243772937343229,0.3638593999927098,-0.6794627518418068,-2.119573337779581,-1.2343520792472522,0
-0.27749407797112624,-0.7200486598522887,6.876473970031935,-4.330491544841502,-0.2012088210265197,1.1574392851779047,1.0898894858111043,2.824737610444001,-1.895388672634023,-4.258782025403906,-2.5346245658525928,0
-0.33139631840287204,-1.163390149905845,-2.6582938660086817,2.2907361255335386,-0.71502508830651,-1.4913498789604118,-0.08961474355965748,-1.2736593730295596,-0.2685448652767579,0.6014793684610638,0.7907141292799835,1
0.6347974974421101,3.3057480624112046,-0.6330469394496322,1.0266509416812368,-1.2691771071689457,0.2526571854326627,-0.2229244728929125,0.3251842243902094,-2.439185232829548,-0.5711517942132077,2.3532894712425207,1
-2.0681773338826552,0.21380202679802363,-2.689421256552841,1.350512798461627,-0.2104550880855806,0.4669919022800623,0.4626132140996957,-0.28740603761830663,0.24185303473372688,3.034316620652775,-0.37338523441802507,0
0.509382188263816,0.49060997797413575,-1.2455866434470921,-0.018045489112084725,0.38244450800742996,0.9553009892621557,-0.041273620245110054,-2.586696051943364,1.997769063190601,0.24366205568308164,-0.6451200622465638,0
-0.9903254773668938,-2.2232720888393693,2.8941804624720637,-2.6207897505092683,-0.4713841271356982,1.071002876439792,-1.203620132425569,0.4302248555859598,3.716291759878689,-0.8942931332324704,-1.0781958047792577,1
0.20013409340619767,2.728254223969901,0.9433542160345918,-0.6031875925309339,2.1667675337711634,0.3017390952081713,0.8839503554267388,-0.39564865727063303,-1.8079935249492434,-1.671442954020856,0.6262796830814646,1
1.2626998351078116,0.15645399326737008,1.7194574416887984,-0.9384035375195865,0.5532794833690465,-1.0237491835798949,-2.4881377515687086,0.474214344653219,0.5679046416198235,-1.3289428181436802,-1.127419533979871,1
0.6733946785572098,-1.3826947123757547,-2.935909755359746,2.866513391174628,-0.34515211291054876,0.24161872411146132,-1.1386211250119003,-1.4979244660645028,-0.4764827532316306,0.11653546663239289,0.7399043587379401,0
-0.19511186406390316,-1.5404810412236927,2.107135488523267,-2.9937183282985904,0.05714569279176981,0.44474488632231524,0.3358056222612207,0.8382485495988359,4.754777471876308,1.4895631073390523,-0.4412983025227315,1
1.981988220724057,-0.17770585436346498,-0.20304535948314942,-0.2873902777290512,1.285260767237997,1.022237769162515,-1.0921609498258165,0.020883696595436207,1.381036930668214,1.0780762805915587,-1.0492432436579309,0
-0.4460851519781954,-0.04074502238252786,2.3840943015229183,-1.3382920017143773,-1.5742270795818114,-0.9612237591650709,-0.3896132889071571,1.656264790357893,0.2587504442373061,-1.2825815094522754,1.3378188233219253,1
1.240561155818728,-1.1875678601188642,3.1442177255597574,-2.893258756180535,0.7486103807687224,-0.7091115245492259,-1.2250439940983222,0.6299754027215685,3.1108466703142454,-0.833273839052443,-1.582202101083403,0
0.1652801900598318,-0.9362664580563516,-4.1369533444391156,3.854745440272344,-0.6080574997221304,0.9896436565973984,-1.7842102977909202,-2.7537990118055724,-1.3987012300949386,-0.06186059531232613,-0.6445341016156717,0
-1.0127667839453403,-1.150781673893489,0.046572843511295085,-0.06502339121144349,1.0296525442353697,-1.6059364146083437,-0.7879346597944423,-1.6605996808479344,0.4739642386058702,-1.1449888741437513,-2.3961302354603236,0
1.5411817644448262,-0.1926691911697721,-0.944162590731647,0.5093614460842213,-1.684259995461929,-0.22013916572211792,0.3188457343068978,-0.7381637328433249,0.2661376939634428,0.42948490600130046,0.028235296746298988,1
-1.1736931624710758,1.676551949175269,-1.8956452821218008,1.8887680808724387,-0.023777008170710868,0.0958903816611342,1.3450490081189712,-0.08044227402339188,-3.472822517600969,0.4393697939829819,0.6178689695032167,1
-0.20526097999206797,2.4330331219552046,-0.6251106879687752,-0.25982391956730716,-0.12133156645272641,0.2041495902668973,1.0492728060000691,-0.6596538507186622,-0.11199960538037723,0.7743437962807735,0.504107060595613,1
-1.7997856933782592,1.1157438254452154,-8.22518625223001e-05,-0.47768427199265606,0.2750029782243562,0.4460030911964542,-1.062108991632702,2.427438101405963,0.6167758602641287,2.9769261637771915,-0.2840639723658961,0
-1.1443562125205509,1.5931860931660187,-1.6630654231004285,1.2819266380428647,0.15687273223682846,0.3451867870716825,0.20574528471668063,-0.30670556944896865,-0.4445074645367392,0.6661183809456659,2.5586271247549472,1
1.2606253191275187,-2.2100425510840696,-0.4681633955218303,0.7136678461551693,-1.4520334834818147,0.3967475952206325,0.11641964453899001,-0.5357240696063337,0.5521410343380182,-0.5405185384383635,0.5433928399020536,0
-0.33017430840136913,-0.9925156543127515,0.6512284549428713,-0.5370501083055249,0.8287163332317368,0.40232548129898266,-0.150416986071226,-0.05251446421520756,0.6895726389818146,-0.3412539220220437,-0.7701394705618466,0
0.9275892068574741,0.5083390844402822,-2.956933781728896,-0.40504940379940474,0.9753497492708171,-1.7722080329038774,5.378972089568536,-1.810800971785614,1.0041923942868187,4.922033918286281,-2.6700723580993566,1
-1.337674935420251,-0.6612108694459252,-5.658072979277538,5.257724791338644,-1.407065539600903,0.9489180172305122,-1.1037268878770798,-2.1065501955062587,-2.3110093239090137,1.1120973760454926,1.4734136362808445,1
-0.3290560973274606,0.10783271768343394,-1.544185905901273,1.602366214341486,-0.3176985039642227,-0.18944615683369878,0.20661688345683138,0.693965080845102,-1.0109267005882385,0.9866167681218827,2.0761852767449276,1
-0.42947777460606923,0.5917391998402657,0.3427613933468772,-0.4655808691780527,-0.12442962930503529,0.8405215727952645,-0.09530032730658111,-0.762594208441934,0.5368665151856828,-0.6877710130210117,0.02834972852029327,1
1.214011999237212,0.7324775592422902,-1.7548037226224817,0.8713332865080254,0.5003972823078748,0.20426524920871583,1.0814252358759195,-0.5906563114167986,-0.05380671322851116,1.432109159651976,0.8751184620064221,1
-0.044697650990040125,-0.5284761140679031,-2.111453980401561,1.0654141575811515,-1.277804078795758,-1.0964202655775164,0.055365921772076665,-0.7457232097300809,1.668389216888516,1.85896048611399,1.2175515671336758,1
-0.911302211080516,0.037921144207977875,-0.7228965050399135,1.2583936763204053,0.8752116298140403,-0.9739381527234805,-1.519250963916949,-1.1494247183341817,-1.403029497468155,-1.443726188917606,-1.0039015981024273,0
-0.9790583164025095,-2.0331470526684043,-4.922903530992782,3.9565051239371805,-0.26307338039439504,-1.7691962550751796,1.4497112536425567,-2.3543596173409203,-0.8950339001598075,1.4724154343729008,1.46107179354262,1
0.6781791619732948,-2.0495344132394626,-1.5686576875509384,1.3222879087330517,-1.537433315576062,0.763351587488902,-1.1744251365365226,-0.38749885367867665,1.2379653901006666,0.9617516705237912,0.1013050032510735,1
1.3079223715248478,-0.09919130413161636,4.369300222209967,-3.87644747969531,-0.16668119910685034,1.0707785034544934,-1.4118975839704784,3.2389787316211374,2.65286108602199,0.5378330430467783,-1.5099115722926126,0
-0.03864119193922387,-0.8287378744721009,-3.3954012196156356,2.78500255726586,-0.9878266429543328,0.9745191069094692,-1.981248433089381,-3.3362387492042327,0.9307269971998666,-0.4537908010405874,0.447429995490791,0
-0.4169324481276689,-0.8387897656648777,-3.322168506701595,3.0886154827459578,0.6789408888387277,0.21869148805807245,-0.29566813349813104,0.07734797343938271,-1.2319406571532323,1.806173593675627,1.5859227790042139,1
-1.527572822802752,0.09335670331372548,-0.33266646760669066,0.9060665741583588,0.5233624379224898,0.14621018029714747,-1.3538617854831236,-0.8370286570701766,-0.7573558188172763,-1.493962656660177,0.1247553476654113,0
-0.7588801644608655,-0.07463212783024653,-2.897241832431328,1.7617673559610514,0.4343484905277457,0.6077857231405258,-1.0361401220209232,-1.9352105848335897,0.6858395011388287,1.464656304201906,-1.0297179372382752,0
0.5316295381912074,-1.2168622541938563,3.3014471055479553,-3.441661224068758,1.4671762783341185,-0.9787753768260253,2.5326384635929076,0.17507921277090388,2.4116559920920766,-0.9887111460835509,-0.5978890971611086,1
-1.1567786575981416,-0.3600843612311665,-1.2969799019445685,0.5015668606213244,0.9737064742939037,-0.7416440462246202,-0.7302703659776695,-1.788755892103695,1.4234584232320708,0.36646353275134735,-0.8671234014476871,0
0.4485692215698874,-1.2301819777517773,-1.3108077944430465,0.3575183142659655,1.4260964703438348,1.2397924872671957,1.0723080011868296,-0.5189018455101699,0.8006133990350152,1.770070264587114,-1.0682321272237942,0
-0.3491571816143145,-1.4683435840432948,-0.34536942318844766,1.1124239487532521,1.5939432301050065,0.8746658472758491,-0.6173193654527864,-0.7874567824354678,-0.6425157906216402,-1.6901590740548191,0.4690883168133366,0
-0.751452264588953,-2.9057530363520128,-1.8795565733462434,2.0434218895363485,-0.9893373784678905,-1.5991765990091777,-4.422742878237599,-2.427341337206011,1.641786553842937,-0.9331168431616641,-2.5268899374019007,0
-0.6101724183848912,0.5717599064431935,-3.8566378041024105,2.003951943372147,0.25652903883435935,0.19374734445557837,0.7252709810616271,-2.350933182507063,0.2607440786765183,2.466891945674496,-0.7579946203170861,0
1.0380324788383806,1.8220097353518536,2.0860948748689174,-1.5657456900440974,-0.4919679047286144,0.37315264608887727,1.310277365064883,2.2634501672148497,-1.7457526954464815,0.08840861503971487,-0.038953661390772165,1
-0.049267570469137906,-3.9152476149360735,0.6218812289565746,0.32564501431791787,-0.7429503094934083,0.3275093451601165,0.14342602278719463,-0.5067826934433768,0.3655223165559468,-1.8833637094030193,-0.39394143401569104,0
-0.43873819368152467,-2.6608585899423023,-1.606003717973264,1.4592717796151273,-0.664644916429627,1.0494944382692037,-4.837105029300233,-2.5156201714211557,2.615411905130977,-0.5744728818071714,-3.0353376702121597,0
-1.1670616520101633,-0.3787449397751411,-0.3368893183361978,0.6705385157188927,2.501985367389376,0.8218037374203332,-0.37870187088984747,0.41820423314929767,-0.70942493852918,0.01755337396549228,0.20880349640493145,0
-0.5831124929757957,0.5856856993787358,1.9906724622177483,0.5357651059627547,-0.5653463774403441,0.9485223798963565,-2.127739707717807,2.222518522912786,-2.323308124259479,-3.1448659590509536,3.4134202473083697,1
-0.5151014921890243,-0.019810410254566646,-0.2656820649932324,-0.4573573104748061,-0.4007755957512452,0.26929370846487033,-3.2163023083635096,-0.6277664794639513,2.8386664200510427,1.1012965528812535,-2.1098429384539026,0
0.9693855420835826,2.334584782028331,-3.7499423645479397,3.857597142382671,-0.20260874725430716,0.8252786947422573,-0.752071264051204,-1.7022077479785958,-3.1897141706584726,-0.5642002568793756,2.8648271405880354,1
-0.9238091315072572,0.2438253639131467,-3.2643673538721965,2.7382904139055926,0.4563825372930797,0.7505372339093809,-1.0723964060462454,-1.0698008415627378,-0.215407021427223,1.1468933462342312,1.8004486694226576,1
-1.5880707335874777,-0.848371954644616,-5.557213151354534,4.500449093851033,0.202713599410344,1.7399881705754243,-2.5701057661897666,-4.005140247142023,0.4240166280068616,0.6183181872820833,0.34976443243037747,0
0.47888557991331654,0.2975395516393462,3.714988386945978,-2.6724459489236994,-0.29044833017731936,0.8583958038986782,0.30615001446947043,1.6920061149299095,0.6693807828210272,-1.8337631178939353,0.8244323934973665,1
0.5145589772324743,-0.21474277463451463,-2.402869920767237,2.2050311674147567,-1.4391669350691254,-2.3636262621200843,-2.3612759784137847,-0.6836385759787658,0.47452842838416154,0.7862107301879002,1.0631111606291574,1
1.5494632129216608,-1.6210841538028196,-2.93819016426278,3.0197092912747707,0.452051145536317,1.6379356039346828,-2.7973592388739545,-1.5765997145290598,-0.25929043632785986,0.033048506509193554,-0.5536546921988906,0
-1.1494707520379643,-0.7066982786681425,-4.288053889600349,3.6742662045921883,-1.01719166543793,0.37583463083396845,-1.5829034830815139,-2.183736394205745,-0.43360701132075063,0.9209767375782834,0.6458913697710866,0
0.5686613931767347,0.97736383168756,-1.7485686983461357,0.2792046632095237,0.9283592992527727,1.0443956767819902,1.8603527229935721,-0.9136600233317882,0.6910983506205695,2.05420458505571,0.484974311480491,1
1.1388968011539538,-1.5375380993270586,-0.24099797671827194,0.5600758648743751,0.49032783707002325,0.9219012874594669,-0.5633255844260947,-1.308586546963714,-0.15165133064069558,-1.3225879179101099,-1.3357910281249126,0
-1.169137033899076,-0.1856972793725381,4.540019030765566,-1.9720824700590642,0.8645075308897833,0.7014365702666712,-1.1750214735601447,3.3678512855263643,-0.6158476264073676,-3.1678729615086434,2.7268879166025313,1
0.26494685869997187,-2.3538023472785663,-1.7703698050960732,1.80887189525584,-1.4832001898959009,-0.041271210654849046,-1.6957855696114958,-1.9592061129170215,0.6966225353649373,-0.7131235618741258,-0.8100279027763565,0
-0.9162900311633567,-2.3414070549818997,3.04706463673639,-2.2200798625151097,-0.023498500669848096,-1.079486339408918,0.7874091961667087,0.011834128461287508,0.08420412733054061,-2.1607259744478124,-3.454195520717729,0
0.6041107583465876,0.05184260664853024,-3.5436531729676193,2.414004402232134,-1.2244086830461591,-1.5316761827497158,-0.8588362903560525,-2.1066199328798794,0.01945118628165643,1.5207472873116323,-0.7185891324883908,0
-0.31331060394611937,0.3143914965284087,-0.3467556878017149,0.5507235889200374,0.03581285901924697,-1.7917076454152983,-1.6438931769652152,-1.7438250591643558,-0.6557369763024627,-1.529003880949031,-2.071367423302803,0
3.004033929267564,0.7544615892112008,0.1060919661035642,0.21482728816830624,0.2246053008220997,-0.10710053468764054,-0.7292875841595323,-0.8475309384478261,-0.5962344792452292,-1.354540141908348,-0.11926862197564803,1
1.0256536829073768,0.3946116123769081,-3.2884021184120917,2.66987493170005,0.09168038024889101,0.4549626308578439,0.8679367206525324,-1.677268642747415,-1.4624234914935121,0.6555769626834929,1.364751957438605,1
-0.28950940556007637,1.461424441828321,3.826494876260885,-3.772971049856961,-0.6488407705935885,-0.6380307162985319,2.1325744240947113,0.9303635382079293,0.960824392179424,-1.0722413998464564,-0.46370959585297444,1
-1.2250679903177666,-0.5443803894748147,-0.5518830107683057,-0.11827443629648388,-0.18601650420222193,0.6605212446648641,0.9203427589188107,-0.9049108718198324,1.5033911454551572,0.43053784547827745,0.7834258711607903,1
-0.29558953576153085,-1.4547409534335012,-1.3102413465291172,1.5734013563423368,0.2607997332349553,1.1964536042870981,-0.21750481658399468,-0.26081232184925207,-0.21828040650498648,-0.08607782257411445,1.384772671863222,0
0.35468126447287796,-0.6058936154012624,3.36918367203865,-1.9167624468209947,-0.5221924898190301,-1.0110906221739944,0.7275472586264664,2.244575396599261,-2.2272413091494103,-1.525391737745851,-2.468460895947399,0
1.201612759605117,-1.1498142387165309,3.9261753519244773,-2.898420382832811,-0.7201383896134603,0.744547131678829,1.4610671608380161,1.6154686101390023,0.3671246654096789,-1.790088066619031,-0.5683427498423843,1
-0.4005934105797801,-1.6704414913456427,-1.2833199793298928,1.9862182595301854,0.1568554119235976,0.27542351610297766,-0.6191366684748051,-0.8913731022610606,-1.7161664443007543,-1.193799888613048,-0.4321494959592223,0
0.7115814701636632,-2.0670430997417126,-1.160620555630213,1.2725154922814434,0.8560982535918762,-0.7880161263861941,-0.8185937710849619,-2.23641964517104,0.23298533523878984,-1.391276382078185,-1.181061969450882,0
-1.4715746040344237,-2.6170157011390285,0.21760233374831703,0.20742022353721587,0.008639703437192423,0.16746496092311783,-0.8855909455930826,0.13607301352611922,0.7787538661415205,-0.2815384756660242,-0.9870220412545903,0
-0.36259906219600907,1.4825685738693262,-0.8167977305632458,-0.28131845965230073,1.0389153185203852,-0.04945172625890978,2.148150114981545,-0.24684699887883443,-0.3548877062166273,1.6611098539526534,-0.25740877259532247,1
-0.42634180255316123,0.501187138800814,-0.9048725765113824,1.4000375641953524,-0.059939066459399344,0.8486846168718967,-1.5752823263362046,-0.7788307398895516,-1.532125597830078,-1.0493456904898602,-0.45722445240245957,0
-0.056182282568577706,-0.3337375891252233,1.8298464203726805,-1.3958849217507887,-0.2792695293891793,-0.09491043244514674,0.10252918820178425,0.5717583877215786,-0.2825597078621702,-0.7632844335977027,-2.0049305714362156,0
1.3712173554440457,-2.2362762803798235,-4.498911211396509,3.859120352085438,2.0197734221292523,0.7616374609360141,-0.6216937613423068,-1.3115550570780563,-0.221528407937283,1.887979925729665,1.1136234411729529,1
0.8974966132482263,-1.0404162352250104,0.9009051638926951,-0.8665680457541374,0.4001739552940599,1.890475797681664,-0.161206504291185,-0.4618773572228793,0.662711917422611,-0.5812274762827746,-1.9889542627452688,0
-1.2509952671095472,-1.5200210845754674,-1.212212647400247,1.5667825661395698,-0.421218716705443,0.5284033320539914,-2.3506822933908533,1.000639161170031,-0.18283786530108792,1.1799581139440156,-0.6418175418485412,0
-1.3223813939339046,-0.7278838894889552,2.4521958731735563,-1.4855106570349252,1.9842070034051214,0.8514624504236644,0.22489945359554397,0.9079964383204455,-1.1936847377751298,-1.5206771820911156,-2.473915881768278,0
-0.003967557583973026,0.7129692979499824,-3.1520974705399616,2.230509918346071,2.0816487762772367,0.6237367266387527,-0.3094417668945243,0.5933667639764808,-1.0342258698017075,3.306287149127705,0.14332213563746266,0
-0.9874369239756856,-0.488380425823024,-1.8872713118942992,1.642817763977998,-1.112116259374215,0.24520754474150291,0.42004826135016327,0.865434867243893,-1.0764038357636574,1.9398796059842525,0.6677773416255246,0
-0.9405300532614423,-2.2230806849458293,-3.5032288129558324,2.5445289569275458,0.21664881740755312,0.6132779090933818,-1.044516186249683,-3.0625862593062134,1.1711671468160048,0.6039717419173802,-1.0409294255572061,0
1.5721441098287365,1.0407429188592046,0.46755097502013226,-0.11000020547209181,0.9959776836673432,-0.13098800973243196,1.3560187019488004,-0.9103256138503646,-1.549047183003163,-1.833876641350378,0.524607910117424,1
-0.6492064239414235,-0.6932218862774432,0.3379141077468455,-0.9829096190229478,-0.3470718357536968,-1.2887909864455973,-0.43422698041610186,0.017838635571189365,2.890925672274265,0.9944816983534833,0.3194473740578322,1
-1.1061403752010917,-0.17370837291189267,-3.275000917034045,4.068200060837385,-1.394721011451544,1.3405809605426109,-1.6375131184207707,-0.7295486351207268,-3.105385026847798,-0.6230522749484332,1.8170654458249558,0
0.08995431958336757,0.36380902708898877,1.2059579680576975,0.23563141914527955,-0.26638842486204284,0.5812442000347187,-0.3478537862538038,1.430880633088556,-1.9386713174779917,-1.7230672483250982,1.8294011441388918,1
0.9273054055135737,-1.714471991662724,-2.0600286356437856,0.6720901056456252,0.5654845126491994,-0.9411705563472708,0.5274776121168767,-0.730296414295628,3.1879816163910206,2.4638074751414796,1.5427110477094628,1
-2.022261710468483,-1.8411371841981252,-1.7861402795833432,2.2500681842435357,-1.808941646148738,1.3874962356294884,-1.968457822471296,-1.2626432275048889,-0.587051327798251,-0.8191858798166884,-0.5626434001573224,1
-1.3520457516633722,0.21872820998341425,-2.1358332124726087,2.3471608495722016,-0.7797683919483256,2.781503557344431,-1.3112757020290378,-0.454551864015879,-1.1212047075323874,0.07230481838328495,1.490646172550606,0
-0.11209797955658374,-0.8582554480352259,-0.0919555186434205,0.601100065840165,-1.0832042534217317,1.3906522702268165,-0.15926538324629969,0.14174229889506063,-1.150906490517426,-0.5200546546266072,-0.6649392843586196,1
-0.3515374642227836,-0.5996002262406595,-0.09464745235426326,0.3650256020713041,-0.9542463844553816,-0.7988276557894894,-0.34052611090952545,0.009768197937350287,-0.4662344188010389,-0.27381514396083373,-0.5140015450740785,0
1.7727850887195882,-1.0985313634235796,-5.429451740133461,5.476391664423714,1.2642802101856117,0.6548502381411694,-2.5197431819208935,-1.6539351199643957,-1.889723005674308,0.7847006815890945,1.9782171613461317,1
-0.14033636774764585,-0.6763219121167652,-2.3070809419836396,2.5740915215816216,1.6446491234788025,0.8717781918483922,-1.6531546684045262,-1.1504333665776223,-1.188696054694872,-0.3639147676573269,0.14419649192183703,1
0.9586481485164161,-0.5409715860213733,-3.6462784598215103,3.621445767896044,-1.257564559003508,0.5691323608684009,-1.6233331887532911,-1.6958663892248742,-2.297915676591047,0.252873023396905,-0.9429296017540697,0
-0.33949009228974647,2.258510040485082,3.113609367530785,-1.1652632073175442,-0.18487880434337253,-1.9383996095795875,-2.2288616571102082,1.7119155853742298,-0.3136451662402888,-3.321034042731803,3.8727043708912774,1
0.1347474238800676,-3.5416760583131808,-5.559492599753436,5.000342113997308,1.0061201942992546,-0.6586783825162675,-0.4015726160553263,-2.026698079072072,-0.6445104412667326,1.6487722720249018,1.20293476649418,1
0.9672929878777179,-1.3055252700094613,-1.4812173705303076,1.2326307604115863,0.04908938874032851,-1.010476058337147,-0.47064365682219883,-0.9323859310004282,0.6463014742093909,0.2992044036028556,0.34791257821755406,1
-0.5361344690175053,-0.5604210798770001,1.058571993451605,-1.7294511976396736,-0.3030168565511359,-0.8478308970869501,-1.4599202992074192,1.0635862553269404,4.147090297198093,1.724300111732294,0.4984368712735809,1
-1.2974745596606232,0.39412122007810413,-4.2403462066301,3.4514263824368014,-0.7189071598207447,-2.4132472709390655,-1.3966518406432522,-1.021116889617974,-0.19361413718736298,2.0020472509249854,2.2031214149831126,1
0.23563695095929102,-0.4352900224126821,-0.04775478790487038,-0.33134638026775765,1.0706188430474697,0.4574864931257912,-0.7864408836804861,-0.4048557157994254,1.991537697963138,0.3314650743373752,0.35735221462047834,1
-0.4702644522378296,-0.24876083898989665,3.537306641510112,-2.1098858904878695,0.0692915486633848,1.193302523146013,0.42239150436973505,2.2279859549417695,-0.9274548274140612,-1.7641014853383337,-0.30019778594469676,0
0.246055785163397,2.2558245532006316,-5.563897070967066,6.166718447866607,-1.0109702920001047,-0.7159055971281375,-3.5073467872896495,-1.2595311990747586,-4.251353670458009,-0.07725444632330314,3.4112876816825644,0
-0.14840792393844246,0.5717788893796554,1.8676201960461818,-0.6378091343055518,-1.2356918017809433,-0.5901302457669232,0.4482296094897564,2.55354562664804,-2.2308395958330696,-0.5977803529936481,0.5844535172266164,1
0.0594255620048849,-0.52204214782823,2.308033038182916,-1.094089102800477,0.7851656625844912,1.7092913689511267,0.2670672105555336,0.0265944750757936,-0.22546058651255474,-2.9768421274703165,0.9958112624030131,1
-0.8944347263032363,1.3464817732435639,7.575282959206715,-4.759814731013583,-0.15700181292261575,1.4821094280714928,0.622369739637155,4.128499897434318,-1.8480502182246292,-4.181615801671352,0.04074591510820291,1
1.6210779008291727,-1.8374398461338017,-0.7185007766677597,0.2628432056872533,-0.6789097885037687,1.4491427084146131,-0.2898359267551326,-1.5861305058948483,1.0201976778797368,-0.02560824526290395,-2.209112940954185,0
1.106615541927337,-0.7284478150863952,-2.270229113021174,1.5106295945985757,-0.23043011854081702,0.32086721854962247,0.8310907184300234,-1.4917334319692068,0.5209498116791579,0.7490351731968565,1.205045845527348,1
0.30016862134118205,-3.4766051390330857,3.2046445824286613,-3.470339617930452,0.8303040295635676,-1.0457511204030274,2.27970617404595,2.2256021483474835,3.843310629140232,1.3360589788848538,-0.4489066244853732,1
0.9789013385899121,1.2668780658248304,-5.264492308848078,3.502147127389867,-1.204309255309833,0.5042989817837311,2.2160393178360183,-1.9360445378414108,-1.928562837760716,2.9681818973589653,1.1566977615389358,0
-0.9412840226455688,-0.8623906105650407,-4.955228538113881,3.4777579844796236,1.0556197585951015,0.23256199024940188,-1.9604660389416262,-3.4459481669477716,1.537782558451793,1.5391168708054528,0.1946523139854719,0
0.8817383953436697,-2.126684212040333,5.483916514675006,-3.2484776382125022,-0.3369313548381658,-1.9271105713287924,1.377483966864745,3.754433674456462,-0.7532324273035745,-2.418021103659229,-0.03477085707728822,1
-0.4376371399991705,0.6604027053382884,1.2255993266588157,-0.4120595255101409,-1.8988370659226468,-0.2886966388187164,0.6006058406076896,1.033956537701291,-1.1754761966200116,-1.1242199741412404,1.4854958220400953,1
-0.7426969741362801,1.4245090820831463,3.1743994583497233,-2.9018369102799224,0.32815030543595425,-0.6092260854794957,0.6876088671089371,0.6762515242351409,1.5508875848784476,-1.425612389810141,1.112086754613438,1
-0.48540428782331957,-0.8541544705200383,-2.755347439252055,1.6029795607034283,-0.11905523247776875,-0.7695099356419235,-1.740602958377164,-3.565121870140855,1.1952914591638908,0.22653420049281192,-2.957153041040489,0
-0.006892907616819579,-1.485441508154039,-0.036280808520285576,0.2656658370299112,-0.23693339190122734,0.6636977993195944,-0.3297586246947896,-0.8264714627681771,-0.20062993891232872,-0.8087478922570448,-1.7401352655541382,0
-0.26644573936514987,1.0475966173317468,-7.866373178147827,5.336457254987216,-0.30142626573415277,0.9922474678440458,1.1555347848016961,-4.303957835835622,-1.4552703655460613,3.2860454795017517,0.6440620516197615,0
0.7113685935593119,2.909090024392463,-7.013859429922293,5.011683748034423,-0.558015209299811,1.9749819842650878,1.9373311219648157,-0.39496157627419104,-3.656675118084862,5.268945044695234,2.2449940164259132,0
0.9666136106267246,-0.5471093728168313,0.1052574724358533,0.3045317664662058,0.7821169002948716,1.5936667292839553,-0.29381046061971117,1.7344074033561991,0.2704076933597406,0.7555048667843913,2.1419305094721786,1
1.2528307058005226,-0.22817496308354324,1.1006253953295606,-0.6849840890771922,0.6844149234486295,-1.5384800865173345,2.05559664392794,0.003862817289366993,-1.3349282230442125,-1.2221739380601861,-0.26660567980361294,1
-0.09653773234517263,-1.2554967563219779,-4.522195506866782,4.264122495359278,0.9851072955305022,-0.2057049332823859,-0.8583706183435432,-1.8311368019405938,-1.436231794813296,0.70083333042298,1.4008237321337995,1
0.9725465001859421,-2.3585756110615574,-0.8369719448869084,1.0689978247220424,0.3684335420019227,-0.18735913457160183,-3.474842680254018,-1.0381956911621464,1.4448577126891575,-0.3583044779321307,-2.1479127549127224,0
-0.2230564851170513,-0.5804835564617592,0.06602571504010919,2.1560177629659414,0.2936683180116747,-0.7972332356169416,-2.313014384702572,1.4381767748976877,-2.7021110457138597,-2.3947227993521025,2.9143446535916313,1
-0.38897267857642387,-1.175154732845064,5.61362561009285,-4.535595492214958,0.058211334102561296,1.398157219164721,1.6420107567693154,2.6395569378054384,0.9112432899037735,-1.538901103095769,-1.9663516241922447,0
-0.0635624457912807,-2.9099574811908573,4.573464046992787,-2.7894869768247204,0.9553092188278134,-0.5682916064731366,-2.029848612608297,2.7820724143922746,1.818079507012374,-1.7920364173072574,-1.299774250874231,0
0.4674210144307611,1.455568339080421,-0.737148583862373,0.9484464923374868,-1.087083876104436,-1.8044271118994453,0.344026666854521,-0.4917588697200195,-1.6303927738308535,-0.7543981874349728,1.3602158829944553,1
-0.9488730771692655,-1.5672372671537418,-0.6729884294457114,0.39059147750245743,-0.3613254197705526,-2.101175242783878,-0.6975080029070598,-1.8213825683333116,0.6765236124688492,-0.5265705895459454,-2.387921055239949,0
-2.0806811905387526,0.2704640335303705,0.5887066889147415,-0.5122605157079173,1.155603019698468,-0.01985317651210421,-0.9964989201764188,-0.776347742589514,-0.08379908399622227,-0.8520326657754924,-2.262909678486632,0
0.16896389373566334,-0.6603319052985979,-1.354484010408974,2.4590406327321657,-0.20024315243096935,-0.6638921790883981,-0.8110660536707299,-0.790078346111079,-2.3194746016940297,-1.9822692538371671,1.6381250228419426,1
-0.425759784580633,-1.455996772857017,1.7703736857550287,-1.9900679607459284,-0.6434710379786899,1.161851388944114,-3.250276171014045,-1.2363227297255772,4.1915557923210525,-0.9244942430974268,-2.91616672382039,0
0.4078403734902472,-2.015362280838984,2.3427084764816106,-1.5502990196640773,0.3108922574034418,-0.09175065590184639,0.30933722905899397,-0.4062846405010993,-0.4994128812630914,-2.161711755950878,-3.798387299248727,0
1.176075721074932,1.509552718657822,2.690997465572628,-2.2197919210598034,-0.8421489041173398,2.5034052134460207,1.2140990822091229,1.3500890583300678,-0.1765515488165449,-0.945293384920462,0.7425637832440234,1
0.3668002361555218,-2.1825103678107283,-2.254881122544874,2.1635243177632013,0.8447571433064082,0.2950294689630899,-1.1604252742340428,-0.9457513437134946,0.650998049473501,0.4460064171203338,0.7359665854345219,1
0.059791733265498734,-0.6281737561571077,-4.640657753217256,3.6127738729886136,1.0606761483501437,0.9743989570583779,-0.20865968565269688,-1.400375183103805,-0.11311861542885104,2.2460413569896445,2.072816649548276,1
0.4879356603115974,0.008200812057296503,-5.245838985658684,5.220229861064317,0.07188186335064332,-0.12318377570739703,-2.6276949209405913,-2.644916636150297,-2.228863483488354,-0.11927002541979526,1.353891227948114,0
0.5800122938454035,-0.663614625685771,-1.7837957901825432,0.934180240304738,-0.9602991850357007,-0.5075884249685814,-1.1347795303666492,-0.1582633508672343,2.3084901712979238,2.009594735059437,1.3754289191224227,1
-0.17934572855909925,-1.8993370301828005,4.638042655585654,-3.6833685985800635,-1.3108863217001006,0.5309204910487565,1.6048708768703455,1.8556137074271983,0.6663838479196347,-1.5359117416827583,-2.4135694872314577,0
-0.9646585773694708,-1.2413720948285387,0.16895016927542172,-0.5337189765086766,1.106150034112778,-1.8401564629168023,-0.6863730469567456,-1.8901243985625693,1.6478192336485236,-0.8552101614446899,-2.1747863646925696,0
0.5656272608738812,-0.8081330057825896,-0.918133078927785,0.5150999405421229,-0.6814368555677752,-0.020619989603166147,-1.205031296203003,-2.136135553891984,1.1725322262703275,-0.6337605273261123,-1.4015555919529175,0
0.7906660755576872,0.3979818824441645,0.17282747812876223,0.170684849964631,-0.4004913132874306,1.1740284815774924,-0.15905150643646793,0.6778582805310116,-0.40328784370968956,-0.14432636124822829,1.2073625678506776,1
1.592740713344483,-0.015035430224957347,-2.8963071215546985,2.5908581567864872,-0.7872426445307118,1.9363995221027779,0.5902797471335632,-1.8967915623319787,-1.5091126418078467,-0.14753485705610858,1.159924781581146,1
-0.19831695886043577,2.8486509195186738,3.2010454524239225,-1.6687771300801615,0.054837423271928844,-0.32250767344406767,-0.9473967682667226,0.5227863983031984,-0.9621021090260128,-3.750907796278259,2.1421946976616084,1
-0.6869326525719257,-0.5065582207643988,-1.2810478804426055,1.3425143230025869,1.2080167172433682,-1.043318997872612,-1.1634696603039152,-1.3265729415839949,-0.23421426932842793,-0.6272713423044198,-0.2950197765675091,0
1.5738961415764785,-1.1540289772125054,-0.26809274536709204,-0.026597624364262183,-2.889841684567143,1.9361085523152592,-0.8643128377703372,-0.5548704519262317,1.491247422504361,0.31794282904063614,-0.8128702966357692,0
0.8560602951035213,-0.9046744886679106,-3.6050508084307267,3.858800195007672,-0.23695125953187743,0.3100409567230571,-1.9978636615701264,-2.4391814654958393,-1.7318848253144354,-0.9435158828205494,0.3151258257972678,0
-1.4897245128134604,-0.6354668372961949,3.111738049061605,-1.6559153987171518,-1.2657531593494271,-1.107177575103304,-0.3666436823189323,1.7112759448446897,0.41699849049956605,-2.1805169990300577,1.6636165905617744,1
1.1920851956279133,3.2614615593824015,-4.004965032721918,3.594963628922097,0.42869578623542937,-0.44676119246197865,-0.055459210055702424,-2.029002481571795,-3.3579623810049046,0.012364351883104918,2.254216477374502,1
0.9200331960648154,-2.098347301631496,3.226167188945483,-2.8505528473387796,0.3672087794820347,-1.0318411232553044,2.880750575606677,0.42342950204071195,1.647937172606127,-1.5813299359802848,0.20428286795947992,0
1.5717994616186877,-1.3223356733235105,-0.3577045821319047,0.1861420126842276,-0.732806830434435,-0.677819380097851,-0.48283308543308295,-1.3448236775981908,0.22837348500092025,-0.42836461738249854,-2.554134564734407,0
0.5346268408576277,-0.23107197917307043,-2.082341997778198,3.6175633395755358,-0.6235271414889715,-0.5543311739469098,-2.210443335981102,0.35836113942364867,-3.5297581234211632,-1.3258470242310305,2.0840999728684593,1
-0.7076000547553505,0.004706723838359794,1.845057046537676,-0.4879276900724337,-0.12465608518678749,-0.7345088736642348,-0.6750242267659461,2.3773711987566006,-0.8083417264333077,-0.9421990556859856,1.8909814144462862,1
0.6786287335048485,-2.2084010339575015,-1.5784109158249127,0.9664052991291363,-0.6482108298042465,0.20198074164914476,-0.5956120244769565,-2.2974052468244635,1.302612518538793,-0.030177781180944385,-1.8940230668902922,0
0.8225487639862009,-0.01989529668732437,-3.9574088640383005,3.537652349728293,0.059424552700221414,1.2111906548278535,-1.185434245470708,-1.1865136741401237,-0.9095960982390177,1.1855083066696563,1.8336828073981322,1
0.5756101107867055,1.3147096670127376,0.31116199553785834,2.553252465542594,0.4967385580703935,-0.4644985174803115,-3.246292274142694,2.698599987186493,-4.092657807574451,-2.659760920510738,4.623860426125257,1
-0.44569209926153885,-0.14875739739148974,3.515789487925759,-3.4083918663732713,2.7484169909842344,1.0764723764818784,-1.7001917478336954,1.2934754163557007,3.6518461383927567,-0.2594339099997487,-1.068074723646207,1
1.1852039840739792,-2.4357788338970963,4.4187796872877,-4.367496361918931,0.3850126789956845,0.6585590141097901,4.080622798396764,2.868146384111502,1.3505655073536553,0.8381672168630883,-2.2914763350301524,1
-0.858768340343905,-2.362098019206506,7.621856037434052,-5.409669422585871,-0.6742109876778356,-2.1248589039343067,1.2399368930404622,4.62720985927858,1.723571742333993,-2.486461302967866,0.4110662672543082,1
-1.1261436348721565,0.885341477565364,-1.3472667556898836,0.635517994932136,-1.1127232316018556,0.4989900877916216,2.0037596777482447,-0.567238644718012,-1.1102661660474908,0.9814726275822818,0.2568380609205274,1
0.5046314500402186,-1.2805134344477849,4.340977172685872,-3.3974810585564192,0.40633587964001383,-0.44440324498542305,1.016462634612571,1.4684730945091367,0.5801678999036604,-1.7815671321059807,-2.227856228013863,0
1.0079616753589749,0.3440933994785295,2.6664760964307592,-2.340485469517585,-0.8889511428181935,0.0054146981871384114,1.6550994842996674,1.1774195750833607,0.8533277065908038,-0.8101910109689511,1.1739619980071065,1
-0.4792515645109352,-0.33695544524772714,-2.044232092944499,1.5028057317528276,0.36955734713530825,-0.7495930512044984,-0.298848733971526,-1.3028334206948413,0.821745428718674,0.4747461455279162,1.5620308137567145,1
0.3912093827043912,2.816737275758661,5.706876321576841,-4.080304586776274,-0.7135420397635596,0.08055709232115896,1.3827090100149189,2.488605265357232,-1.375366946179708,-3.1831087535649445,0.6437770082023748,1
0.2065822150203624,-1.3093714697954737,0.9801959887315794,-0.5625588715125672,0.1594869490968367,-1.479873643860302,0.02346288228409621,1.0894888963465197,0.5156432487033356,0.008015814720923164,0.12870369650306868,0
0.2219876981192661,-1.4031038634522703,-0.8767236301667886,0.6889795388110496,-0.46599469296467466,0.8029630031638314,-0.42017831069576317,-0.041571688581929944,0.40707083151612367,0.8512434304044876,-0.7084383412054747,0
1.1682553148767272,1.9436647981464705,-3.4463235008467388,1.703535890673182,-0.3704282249149094,-1.6594392857497169,0.87693895251537,-2.0233381277947897,0.19544550087003199,2.1398622278008377,0.8908348290532508,1
-0.5265437893733003,-1.829606213351629,0.6321190698921137,1.2517870569846667,-1.1450797912744963,-0.1883488562186302,-0.10023613675044518,0.7981991874253311,-2.8588148298480283,-2.509778470530192,0.8159314158928896,0
0.04132750562775861,0.9153069310586728,-0.3258241002402637,0.4240773818201809,-1.099851551830221,1.0220003646626161,-1.3992944202844506,-0.4970862378957539,-0.09909267558653623,-0.4766711220894413,0.03578494953945455,1
1.859805792707508,0.26889358242724004,-7.192154079773557,6.71794422791351,1.7081685781363,-0.015024896458242266,-3.423068497405067,-3.696733986221428,-2.1972424706822933,0.45942378860096333,1.8032508524205644,0
0.3858760995403504,-2.4639415416379835,4.148344530997847,-2.718692572454825,-1.6283493537779925,1.6728296129457114,1.7376308836880014,1.9682130782979665,-0.8352221564321445,-1.960154990264563,-2.425598696311476,0
0.37186169524909585,0.5076826790439403,3.7276265756579727,-2.40504670108248,-0.5816277896471184,1.5806940821709072,1.9211760566224436,1.539322946123199,-1.4914359150191978,-2.510421204814502,0.2661307315754836,1
0.23033767484317444,-0.9346432388539272,-3.2232380032700947,3.4039793559766487,0.2284259260152446,-0.6260813885703559,-1.9783988281789662,-2.813747567567818,-0.5607447043658671,-1.4089509215033025,1.347703067938608,0
-0.381815697505594,-0.47627743850157633,-4.094426831343956,3.7515250122009465,-0.5293878783794617,-1.0514407176536564,-2.391711502501722,-3.190384668691906,-1.6207743328439967,-0.276595811850347,-1.9151260576787592,0
0.4293475782387992,2.8257571921040654,-5.198657615003056,2.538519911473846,2.4915027107775543,0.3635671152997687,2.9305811869924847,-3.1173156444615726,-1.6020487509002712,3.2944490759665976,-0.6538054220162064,1
-1.2026466311184958,1.5103722349617343,-1.1067757055746852,1.841457979212409,-0.9327826573762275,-0.13900627266080545,-0.10733802380409208,-0.3180686365918799,-3.1257005528249886,-1.2764492497209872,1.387725239691858,0
-1.059529120317196,3.0551885769750147,1.4908525085696651,-0.17454337691614893,-0.10622386599263639,-1.100839235295543,-0.6421379991479637,-0.4668085381317455,-2.2920214294443744,-3.6115262987202312,2.0223426538658935,1
-0.26976915437810345,-1.925192943733475,1.518228212109609,-0.7486946186917751,0.26994835867121425,0.3904859835848819,0.4440996276770601,0.12409115402839677,-0.22037283640749172,-1.530516240090182,-1.189893949408444,0
-0.12279149704244437,-1.8222784073666687,-4.3706895521511315,3.8392280571961166,0.619701644230103,1.4245321305043137,-1.69439021567251,-3.368219633332033,-0.24103214999852118,-0.06049898922641739,-0.387782599312232,0
-0.24952733276174344,-3.367443471218234,0.1413413932704458,1.1193345775970716,-0.4757759549306414,0.7154375269082652,-1.1708966010909936,1.2660340619889798,-0.7968758332404107,-0.545115667228681,-0.44482228302730864,0
0.36161733600635226,1.7920477241135817,2.6294926403934236,-1.4748267965336161,-1.6395118868171807,0.20932088707771396,0.5115800759951095,1.3198238772016235,-1.4883785699624785,-2.0862990850809915,1.220610542736471,1
-0.09407286009768451,-2.4262600761431714,-5.299830738108977,3.716936179890547,0.07102345784567066,0.7284563755231218,-0.3425844105654916,-1.354591705076344,1.9634104439629,3.628651628958993,2.2817364563263554,1
-1.4467211300042973,0.642813919948746,2.2118557667983496,-3.174603981671022,-1.6492135000243602,-0.9828937259291831,3.70471441936808,-0.49852218583723507,1.0351680972911521,0.0624807593401151,-1.920482623720589,1
-0.27603295048958004,-0.782661412078411,-3.437388555461197,1.7096983290915684,0.6896511130134463,-2.4042097638766,-0.5499585544795031,-4.738939545207516,2.0807416369942264,0.1941551932267831,-1.650733440815785,0
-2.565151438344721,-0.13556455466845785,-7.614450424403104,5.5740340499978425,-0.34650767143555694,0.4920012418025535,-1.3807004231452447,-3.97272957179929,-0.7336136304172653,3.048437062521945,-0.5282790485206363,0
-0.016155011060019146,-0.30723755859698154,4.30235911242385,-2.4064058584615426,-0.9072739586650481,1.092801805889132,-0.17496793114191622,2.914760961632937,-0.30154519351849884,-2.3150149478530513,1.2985452638228148,1
0.06643505371897365,0.13396594825849995,1.6478435934191655,-2.12480882276682,-1.6022890816851734,-0.01547819876743388,-1.1196099354509905,0.4960179544139647,3.4055023347238818,0.6073096573384875,-0.08841189323360732,1
-0.6142936525091223,-0.12108405280508139,1.261375015326104,-0.7097172288443632,0.7570257964060423,0.7272221615428712,-0.8977280899130731,-0.668775471337917,-0.3237828814183809,-1.8114855815546258,-1.9113430364297321,0
-1.7428728743216766,-0.9874023961859841,-3.1645593012338016,2.6406701178207506,0.783899797407085,-1.2880560120645503,-0.038130609700976925,-0.20133357156936182,-0.09184618502931885,1.9181302925444357,2.0768911808583077,1
-0.3221382279453565,-0.9064155844470911,-4.895711681156262,4.349004458606666,-0.10918584668549704,0.6139753847544854,-1.82905821648758,-2.937728510704705,-1.0291859713028948,0.4557359915012791,0.1354449827443719,0
0.715112653942321,-0.6500459950252445,-1.7937029030402585,1.2887385162146523,1.558635072487809,-0.966622832880716,0.07457819967944745,-0.220201560986918,-0.174969361065079,1.4466037416276192,-0.18825145759618,0
-0.38098250897666697,-0.2838737880396591,-1.8223188001525141,1.7911587813783998,0.2611824826704366,2.30783959765897,0.529225752213703,-0.3848884205717109,-1.2046132552153481,0.350199442078857,1.2715290930918302,1
-0.022802663479987197,0.17039143321511052,-1.7208317202636776,1.258150622505745,-1.0039813707377077,0.0043690291390831235,-0.7709166753732831,-0.8894188538647018,0.5366846888284572,0.6224847214471162,0.925226591152057,1
-0.1908111462916394,-2.8155657183803626,-3.716160893252805,3.4873731747038517,0.09403490426388426,-1.4550195884107127,-2.723154908883812,-3.343387192710228,0.5601601718885946,-0.5916940362005867,-1.0851514581251345,0
-0.893008016625391,-2.6357159297935144,-2.3118420529424877,2.2703463882918875,-1.4691037475147757,-0.7277543655428885,-1.3803348219241727,-1.7190531836878757,0.14957043284457205,-0.10958046781311426,-1.0679533293942614,0
1.3571656097736908,-0.16544519553378,7.598352749416843,-6.825773127988774,0.22382500387610002,-0.7653630648672693,2.0531777743930126,3.064825587966828,3.2995781711635015,-1.6993839029741533,-0.7956941253534595,1
0.6867553574079271,-0.6603619341152769,-2.727492801429803,1.2969273322890265,0.932334780678933,0.8086135403225583,-0.97641762842461,-3.4415945353649207,2.1481523527016595,0.5747083276671653,-1.255891386016734,0
-0.6566600829625235,0.13785257710332632,1.1151015649565696,-1.0515261087715684,-1.8390042825871453,-0.725760085481718,-0.42935410700173354,0.06917555264299802,0.2580326232807555,-0.34686600754698904,-1.7598749693869238,0
-0.1540870782093355,-1.2715802788307156,-1.8920012287606034,1.4311561694862358,-1.113670328314004,-0.3197576158298329,-0.5306265599680047,-0.6638687195920084,1.2357199082964572,0.9823413788927692,1.3182064903931034,1
0.5203365169343006,-0.8695226700565448,5.123148672578961,-4.390689748481357,-1.6065203384455784,-0.6492180052581455,1.1962487638499786,1.7007727960298389,1.0229559170607048,-1.5229325853176015,-3.1754453577238726,0
2.5837199404798645,-0.42666172478117054,-5.088821564563562,3.7014934640891934,0.25153534059131877,2.219360997312887,-1.96629582514992,-3.145110521218381,0.3257392713175571,1.767462806811522,-0.8418783333231047,0
-0.10744090519643551,0.16369817456253144,-2.27565131836914,1.7272658143497044,0.09137638120647826,2.859831667839351,0.3570446126218194,-1.3408086041708662,-0.38365014818563936,0.5039265052821669,1.0416414989798284,1
-1.6498685749050779,0.3348267009902248,-2.030514796918013,1.8689386286651102,1.584338589032731,-0.1527579543588025,-0.6437670472868811,-1.1852761533862715,-0.4691710304970118,-0.06844930487658774,1.354641398296347,1
-0.5876572418914866,-1.6454579258916784,-2.2275550199635568,2.051186406804476,0.18077598578273835,-0.684683343978126,-1.9034181299921926,-0.27700433758410137,0.7114931548957653,1.2141026294330821,0.3134669483608004,1
-1.3144057143520225,0.06079731428123514,-0.9181543563502494,-0.20773957386334663,-0.9595858748036337,-0.31767040410911823,-0.15279747834634638,-0.3269882612447982,2.990008154477086,1.7915842867344138,1.6787759096222332,1
0.6650603414190042,1.0951600256677443,0.23512522759546353,0.5812620390178751,0.09718367676300907,-1.4456962478940194,-0.9820757032765154,0.786547528764258,-2.447414376132619,-0.6966990500440164,-0.7277587694447373,0
0.40938576589199993,-2.2444080381005422,-2.2242326493339823,1.549073562757021,1.7662033226536988,-0.1066546550084955,-0.177718573076029,-0.4881847326443066,1.34685814706642,1.773599990458213,0.42813485817999364,1
-0.435615369724862,-0.15460402310181454,-4.8097157825860934,3.625739573344321,-1.9307558806631415,2.509263350435915,0.3464088364265452,-2.0309474638838085,-1.2730805988754843,2.064867187627887,0.321457331396255,0
-0.5588392495007538,3.4912957861971554,-0.5715229870693204,1.5005470780158565,0.04285611804531475,-0.44741050930912224,-0.33530091845339194,0.5245076025490842,-4.142572820469297,-1.2534511124706218,1.78103944098009,1
-0.8303161311208195,0.6846056196150272,1.116882483010354,0.11008715831846252,-2.4449480453681844,0.16000020265355913,-0.7534507511046651,0.5241176698082233,-1.2448561187419047,-2.158067491452262,1.7538098630756882,1
-0.8711341689731633,0.7429705461643363,-2.594706424835429,1.3520120821953225,0.3430726347494857,-0.19939157713662806,0.9194643200759898,-0.032932691340760045,-0.3953992357317151,2.957991335682321,0.02570380967501662,0
-0.7856257934369255,-0.11124250154384963,1.9533617667123309,-2.6767175013537634,0.6217963003106561,0.9898156773146097,2.7071715425496894,-0.44428211579095467,1.5779444986583229,-0.09158754465185082,-1.2851767003463646,1
1.052862301932133,-1.5253794231555036,-2.3903799379439516,2.4939859438485823,-1.8779380913388017,-0.40501087787475126,-2.0752915556831324,-0.4859166367411802,0.03841596474946907,0.611009929337067,0.5902729796362185,1
0.6146801119391009,-2.6837665769022268,0.6023247123649451,-1.2816371762056205,-0.04136963956454383,-0.6796149055423516,-0.5376437094795228,0.4932265617792282,4.082925704859627,1.6227488187037347,-0.3898346055396955,1
0.8865825085219651,-2.917780738417375,-0.7649387860293785,0.5377042038642085,-1.2388865098282167,0.013573135470246085,-2.1301280450835103,-2.4122532945888304,2.3635438086170524,-0.9047777253364613,-2.3381547290498377,0
0.2824343284974764,-5.926235406666273,3.31262152902034,-1.282356971584811,-0.48151909512579494,0.35464049584641993,-2.8838428869787123,0.03139756243206082,2.3904507121237097,-3.751715812879615,-2.325300094818093,0
-0.4848902014015097,-0.3039057108872804,1.0768375175577383,-1.7881054208009148,-0.7375525043927452,-0.6070793648754632,-0.8418213111661283,-0.511635193913661,2.9813635403510403,0.46214812296066404,-1.6135187897940282,0
0.7274067730294224,2.0441944230291815,-2.8079770812503813,0.7018718914618374,-0.21555523307756266,-0.7463645635909879,0.6908179674135639,-0.8944151605017103,0.7513152252654315,3.6397142821559774,-0.8313576560577963,0
1.5146075365186873,-1.2532845636479226,1.365615363898588,0.6206985144205726,-0.8623787871937062,-0.5440861121084859,-0.03960688766247,1.0881334573621455,-4.031806590323225,-2.5796311863448693,-1.5635445691702867,0
-2.221293300529862,0.23440091841048472,1.6482751782816971,-2.5108048437204533,-0.6611365039109526,-1.6063738951820112,2.9754519056947455,-0.08204614177599923,1.1825866782243153,0.5423300103529429,-1.26220890817531,1
-1.5353687965087108,-0.22354094851801143,-3.465812710295712,3.0186974816638985,-0.8623038179010026,1.9764440227994136,-0.5478713190882554,-1.466657828917937,-0.751672610879961,0.7765836694590011,1.4963246133296715,1
-0.7754750172650294,-3.065947991044087,-4.374463720797769,4.426276831734055,-1.2919041956679693,0.7823055996695024,-2.8406920053103955,-0.8640748354046001,-0.2310946415364341,1.3637444561625287,0.6940556108039522,1
0.497116547386742,-1.633237265924242,-3.534305058853768,2.9485321649244827,0.3623725570131132,0.7879391111243181,0.29619475861849875,-1.8100749291747802,-0.4487324238148458,0.8589080851401745,0.753430654682775,1
1.2343405736999447,0.6870679579047934,-4.864567976221261,4.495133981419207,-0.44366884839844334,0.6893989554808074,-2.907707275815973,-2.8968881082038402,-0.9112768732116304,-0.027469727663015142,1.7893077302638345,0
-0.752924801862532,-0.6904766968722326,-3.010892101323877,1.809249787038121,0.20443020654019672,0.2525768772488511,0.7125859021433574,-1.048805174963352,1.1691088924901685,2.1430243896303938,1.7518312160212335,1
-0.3746318841198655,-0.3213609100393621,-1.60356124063858,1.0741721615342148,-0.8591240280044112,-0.4094688184719437,-0.3798302782914505,0.07595700943382666,0.4216530527384721,1.62356171793893,0.4255788996478609,0
-1.0244641391846305,-1.9278419229666441,1.9024360552406996,0.14483631043720824,-1.858726417518371,0.3425696324682389,-0.0841359567963007,1.9336881521600957,-1.8714185215371621,-2.3216803363786953,1.476963028198878,1
-0.1952274661232364,-0.5339771536154101,-2.169712292339837,1.1509609143285326,-0.062265471721474855,2.00567968267146,0.3585541382335189,-1.099789891083048,1.579675764327653,1.4706233895866014,1.5465445494410495,1
1.0352005987683772,0.10611864360889711,-1.8769757899775048,0.9993486543405943,1.538618309142682,0.9031871812045438,0.6984507964750495,-1.325181491736087,0.7474374673534552,0.8626936877574123,1.1726489233086308,1
-0.9756740769349943,-0.4126955398367169,5.532433110560208,-4.023434228376188,1.8412511439790828,-1.7079020498416473,1.7480929770835223,2.7871959576176213,-0.08246905367620816,-2.283083760981986,-0.39647768006113315,1
0.3395910197278838,0.43604648874349583,-1.7468720282794907,3.076467323541028,0.12366394411141476,-1.1050326798441548,-2.183412049053218,0.6971237607432107,-2.440497780414759,-1.0044329557076763,3.5175472388869133,1
-2.6044104794694256,-0.6156423915924195,-0.1632796023460615,0.26395312220274414,-0.13391224101828167,0.554972704340867,-0.5335142725237454,-0.5659796587362196,-0.10761521435041599,-0.43237469914326127,-1.0625532861181113,0
-0.49384286122437643,2.48911844506007,6.025190895548899,-3.2809497814599156,0.6978621595275681,-0.15367716796189387,-0.2644775042860106,2.4204749897378286,-2.0359542698393427,-5.177865346547767,1.9223643593654045,1
1.1814581298572095,1.4714074903430372,-2.058396012837908,1.5945489040512097,0.5355976283379452,-1.1290296352976465,-0.7288214400508273,1.81544283561605,-1.37398100145079,3.134511790582951,0.5533698805833938,0
-1.3767324547500666,-2.6423246178365005,-4.6990122601484705,3.289256517643609,1.0339734120944437,-0.5631925514737139,-0.348133418837161,-0.8521974057460858,2.082505238528441,3.582184530020265,2.1578598072845545,1
0.783217729214048,1.3377917966768307,1.0656947162066899,0.24077644746083643,-2.03611939841502,1.625964608838188,-0.7544027877695478,1.0180338539510863,-2.0816205737723283,-1.8652917453020248,1.6042373538568606,1
1.0587425958492298,-0.9092966129006994,-0.5806158120948303,1.089803627362628,1.1007754376652157,0.38507999987284397,-1.1138308358312468,-1.5241990663530185,-1.4647810461025852,-1.6279611615217169,-2.3380493031151204,0
-1.3392296716422574,0.0457745588313353,-1.525691340329349,1.8605006447290633,-0.13647979265088608,1.8063162983261432,-0.8020906106456644,0.24559645780087336,-1.304927043845944,0.2524345281351965,1.298101766662522,0
-0.5331366878694553,-2.351178884771164,-1.0724310192034323,1.2544103800454667,-1.5584922608079537,0.13852683459410836,-1.167587779233938,-0.8011724185103026,0.766590736461794,-0.27558456117704444,-0.13189331420379014,1
-0.8057229106518046,-2.0218544313617066,-3.1396139553509936,3.4451115314279606,1.2563396640513744,1.0298857252528864,0.39744874405756314,-0.07943147172886822,-2.2644172992748963,0.7901337433120453,1.3685716692797734,0
0.4519849918604233,1.440212363432359,-0.7026299913678454,-0.7457941435301843,-1.2084112282184474,-0.913548208307391,1.4098548072756285,0.03526038033054513,1.110995588620064,2.4961780892119565,-0.29405963582285266,0
-1.3026785195084034,-0.16620541652983978,-1.778914596607476,2.777674388301497,0.9367068588926984,-0.3865569794552497,-1.4966574875411942,-0.5358613822710605,-2.8624656655259892,-1.3213409487982104,0.652980246577691,0
0.09409891219902751,-1.108463846420047,-2.729869840050006,2.442798100379802,0.6013073303211588,-1.352638308448391,1.9041884598727832,0.7762537149482895,-2.0996792410004463,2.1966661128329483,1.2497764736555481,0
-0.9432542814601593,0.4246228803917312,3.4293985494342674,-2.2867304427324187,0.023232421065976335,0.20664610833730487,0.6298663561534836,1.336847906975204,0.14242931078008736,-2.2730982369381554,1.3026456743713752,1
-1.247135717927799,-0.0966244046102207,-2.970813141811431,1.5935542380416499,-0.0384148149465627,-0.4728081246302726,0.06998237923482498,-0.8156088883333628,1.654385082936392,2.615017612827253,1.7019814844010954,1
-1.3309525581575972,0.9738879129021203,-4.217060348014336,2.7542422346156066,0.6609309067155934,1.0052790753463874,1.7830420634753399,-1.9030269312249355,-1.244954123047562,2.131825287517584,1.0731578735431597,0
1.204381817009513,-0.36717067001704184,-0.12673717869074982,0.3670923712354243,0.1164151017995834,-1.0961230681867513,1.151284948722313,-0.40066160887580216,-1.198721061753591,-0.7440865466295934,0.01493936123814743,1
-0.05496290106301415,2.486962608935316,4.7103341682441915,-4.745144870353661,-0.22561538964019948,-0.3053636205649778,3.494755406146746,1.225888690236857,-0.11596480010114196,-1.108922708175132,-1.6712702552726133,1
0.3342050819870373,-1.773029351125675,-2.043325585234124,1.8634866864086903,-0.6862555457125755,0.9996236000919958,0.1680344442517936,-1.6473789648975226,0.07652095110593027,-0.2519278242563576,0.6656977949654737,1
-0.846305704535494,-0.3377873141398344,-1.4148929072128498,0.8074627283978775,0.25222171835588714,0.3421176036597064,2.3983002929724213,0.19398039965259162,-0.652803244979107,1.5428307796754877,1.1924323685709992,0
0.5992744608275798,-0.8366444703320725,-3.385750205049016,2.585416094594984,0.48206994295258887,1.4436427298378367,-0.7197974231585735,-1.2180121623959517,0.7066062250681828,1.611634083913351,1.5312590045332044,1
-2.24872197217822,-0.33667737951213655,-0.8836801924103599,1.2251629218409288,-0.859871776654609,0.16415306074470776,-0.9545434322858836,-0.2820418319295377,-0.6289275713252633,-0.39618487752213066,0.5056675527040422,0
-0.9471482841191264,0.6281527285935429,1.1113343170185856,-0.03304438320976043,0.6676636640352878,0.5732014448274112,-0.3999553426514456,1.6219394480845792,-2.458430350862564,-0.7356943505702684,-0.5916393212405453,0
0.4826885132913575,-0.38296837741220147,5.829554466257943,-4.343113459493444,-0.933882618225024,-2.971930606433614,1.2932370452925162,3.1550913715128814,0.8862059406905285,-2.0777144916452386,0.41999577701884383,1
1.340263568477569,-2.825616445507066,1.2035607922905915,-0.4785444519555711,-0.2475138432715216,-0.007615339104775252,0.5294935283586308,1.2171789166273699,0.21722021991528428,-0.3146454869972677,-0.45136419370116027,0
-0.12260186921023543,1.5677708673935071,-0.8334381662078384,2.047408542079745,0.5146191841839918,1.5751451680191573,-1.073927505350432,0.8774941298689738,-3.1888328667452077,-1.1246175875345004,2.514321029407232,1
0.30467739791956966,0.7916151178891806,2.201999979789425,-2.9198164590300815,1.3883786817373265,-0.8535990527368519,-0.38032725229445224,0.37682391786370983,3.957344388112853,0.5141876466348125,0.383104693323638,1
1.1755052057422521,0.2390325558041715,0.9408034273497452,-0.18111013126544712,-0.43045896098442055,-1.426362512094026,0.8563833835581584,-0.1735707959418249,-1.5949324918288892,-1.8900611685264739,0.2482188261425753,1
-0.9875500890171673,-5.199176820707452,4.176192150518317,-4.2045441070486635,0.7244574795779464,-0.5331910420263704,2.496369690897237,-0.869555141875342,3.4836479267295655,-1.7496220594517164,-5.0089650917820085,0
-1.8467637036875735,0.07055229230855975,0.6199288643608286,-1.221562784401371,1.0016829535164125,-0.6212464183642902,2.4864460202758627,0.7865729778390504,0.45533512187440217,1.258539312538184,0.22587055779253462,0
-1.5590750078531792,-2.0141886710743435,-5.832995733345156,5.264340714917039,-0.43214930632640747,0.28989759188324377,-0.8470927749296222,-2.0502587948535105,-1.3537709806203513,1.6137980986110474,1.5606235126869414,1
0.5479882113811043,-1.0600413224005123,-2.682639417764758,2.4590536951198945,-0.7688446045586536,2.57294106218889,-0.5189895077906186,-1.1635575382176295,-0.6091736945463702,0.5167801172820797,0.5150583180496959,1
0.8158206925760921,0.23084343126589768,3.39666929156819,-3.126826480742413,0.3312195325484027,2.223278260510121,2.690789546364049,1.5469149635549653,-0.11457981753554591,-0.5495932386545774,-1.1423116226481063,1
-0.5858989764017581,-1.4775336855924064,3.779251296129365,-2.1030701142527506,1.2675226319409705,0.0968358288447372,0.9489838588515189,2.1415459671159383,-1.962088009853911,-2.094315940597597,-2.410662219564969,0
-0.9029745686343933,-1.0498745811328059,0.18920205094645867,-0.5198256516280265,0.6873430664273779,0.16203411392451417,-0.5996344763683517,-1.72150095955431,0.9827684319766536,-0.724864928661045,-2.94974805505416,0
-1.661193599301497,0.8092303985919143,-2.3544887807079427,3.301082691954517,-1.3715425697784345,-0.43668040512525846,-1.7367404377205242,0.06708579686642491,-3.602480574106008,-0.5664432169500724,1.1866859995629415,0
0.9848248635232363,0.34690754373927024,-0.3649561464536618,1.360866266594094,0.9787897645434341,0.026622268084438044,-0.26022790262347706,0.6755792990462989,-2.475837716848667,-0.9889220075762795,1.3507106328061997,1
0.42244859926281036,-0.824110848550158,-1.048823892283621,0.041131279670654254,1.3167719994443732,1.1881147940323082,1.2392992086246724,-2.3399336984762655,1.5049689153018615,-0.002509389648636451,-0.5067832340811133,0
-0.3731473951032336,-0.6302823333390863,0.981147979389259,-0.017155947560022793,1.5928180766518156,0.4576356236627336,-0.4822937669226209,0.14940696084754213,-1.6061382593056734,-1.6373981706198228,-1.4944499297830747,0
-0.37835710553245855,1.5066298719912774,-1.463201940987771,0.5158537556529733,-1.5773664942290118,-0.8191568120097399,-0.24286166969571643,0.6945634877376452,0.0122698925136,2.682967816981156,-0.17682356528125498,0
-1.3633961657768163,0.15315431052294215,-2.404857151601578,1.5013180115708067,-1.912622728358539,0.8266048416548533,-2.548174241278047,-1.9603454708015113,1.4296790818485436,0.9317880042990108,-1.044406100522323,0
0.6327802515031684,-1.4573040876223686,2.882363823937839,-1.972572033509562,-1.7957578919525008,-0.10567766175210157,0.4058542782714676,0.456051804744225,-0.24749021847802155,-1.9532479807967957,-2.5854925557891466,0
-0.6570534690705306,-1.0772695054637618,-2.9371788630501214,1.9602612453197632,-0.5914337870877103,-0.22373886037980986,-0.6000601352538185,-1.2523399175829684,1.9187657320257392,1.6586010499017696,1.984802225664391,1
0.31921290033659144,-0.5922974405747657,-1.8804923668917344,1.3696585068727782,1.413586288937926,0.48177306596852115,-0.7726149059224005,-1.1749769219586144,-0.7601725368657052,0.8778607415275574,-2.6704641312272175,0
-0.41106923119827243,-0.37090314834663785,-4.110252425948255,3.8388292253749943,0.03708739367363526,0.33963792112257213,-0.24651627432065504,-0.7777406648351808,-1.9559857611397615,1.3551245962960745,1.801554722082578,1
-0.673117814332378,-0.5717965328342074,-0.3971995324661521,-1.1799270057137639,2.0881548298787966,0.484410922658059,-1.5402451079134827,-3.632262491659545,4.239505805897072,-0.14263414965934518,-3.2275591762874365,0
-1.687763279517896,-0.3966061746058143,0.22851231245307668,-0.35699817399220285,-1.0745206705270338,-1.0948605302272962,-2.238677006555343,0.7674702575657346,2.3012555017339613,0.9612079427973432,0.3510440762720312,1
0.8667057030208608,-0.3257841610548015,0.23846733999974298,-0.6058678979356635,0.7523995438549839,-0.012531651599213387,-0.1726973720186441,-0.05727072863836846,1.5947339338726687,0.47817861174837994,0.14105334687317916,1
-0.31300835693766016,-3.189333266869287,-2.7204763567554107,2.221237032495677,0.5246186796134826,0.2420666831198156,-0.45783893521956165,-0.925070230306265,1.3613771270012214,1.3820918567965212,0.6584804763662131,1
0.5029792589329563,-0.0637840779174399,-1.4005934106866351,1.5148829166054771,-3.038107189852688,-0.5376514580878949,-1.9533975610432177,-0.4264493673493805,-0.12667081888937104,0.11348555151758843,0.3131089380922158,1
-0.5930343331217132,-1.6367789139270514,-13.085894474765466,11.037181506765624,-1.8076674455670763,-0.37409697237730927,-4.371946036029194,-7.519336456702903,-0.9811554983206161,2.1878220862438083,2.6273869098588944,0
0.13413995278211147,-5.164801618990088,4.007092437254369,-1.8747981144648718,0.8797267803987506,1.9156002668245076,-2.9065905279953936,1.206089192780709,2.321408649513776,-3.2424942117009694,-1.9249559451269835,0
1.1595258410496363,1.6586050761814826,-1.2438033490046054,1.3288337604803686,1.1233519017989837,1.5726503344641265,0.9941659287020533,-1.0507726203814127,-2.738019572266264,-0.8222763394172652,0.37130346613308696,1
1.279678656052294,1.1942109440898492,2.4712896887974796,-2.4939594444502395,-1.854841186766796,1.6462816107206917,-1.7000550505305152,0.43514610099535833,2.7067187841411884,-0.5834387432367711,-0.2525200218163104,1
0.24578649119771895,-0.07840383062617051,-1.4904976701563561,1.1964449866714928,0.4132724750576065,-1.6011158453154641,0.3688084844830748,-1.3989907849006902,-0.014849779044696532,-0.2871555531798271,1.230433044043787,1
0.47445247197190754,-0.803919535325863,-6.527627260130362,4.715304517636186,-1.231691048536753,-0.08119893614995892,-1.7373737873518553,-5.903619312053603,0.623882914638234,0.5789211857779443,-0.896167137470869,0
0.7712685966743941,0.618159108465081,-0.08092945062152698,-0.5633712633891611,-0.457160075621564,1.906748158906016,-0.7933412893092943,0.47769422452865307,1.4635261273684272,1.545008887672924,-0.3680041328634125,0
-0.4334141605302967,-0.39090032603163566,-0.8665675913775683,-0.6374199281029227,-0.5337609251935187,0.5708985756132747,0.791989032772481,-0.16055596757279444,3.5526992043258057,2.5380206563775127,1.4877246115338612,1
-1.3845395361865422,-1.0071155731319383,-1.3875999569713757,0.9301113142545236,-1.3392112244024985,0.5128903634300473,-0.3764752112485007,-0.8337062902204787,1.1142566671653387,0.6420201260201381,0.5375253556874988,1
2.024458732828699,-0.36687631709950613,-1.8315977601917088,0.6973435457834362,-0.8893290500268431,0.0732759070097732,0.3678028916235614,-1.674962854758066,1.0398479088895587,1.1772982379419827,-0.8444004308672827,0
0.23452506770942466,0.06681562008653386,4.810242865558622,-2.4109415776571006,-0.33684456017159775,0.5688243472540088,0.2751359909865353,2.8283222335263103,-2.1705582238938477,-3.399609960902799,0.18701365241180823,1
0.04806180055655871,-1.199598820977667,-0.7614693229077141,0.753660802734447,1.0380996350343537,-0.2790608133628771,-0.8223456991523411,-1.6880101008549473,0.11249679494289788,-0.9122625494660156,-1.5593112584071793,0
-0.2259468568293204,2.7575781205227305,-2.718094929087739,1.5442781625445283,2.1871799532452116,0.32281392521383023,2.0929580650065143,-1.278391050775859,-3.0566939715331145,1.6040237775450386,-1.1902882718550192,1
-0.8723871510045766,-0.8526145961017914,-0.3787540389022095,0.244800185920907,0.0037404373963587003,-2.6430541423562524,-0.9573475448212589,1.152475195891861,0.49805139211304117,1.6301339740650354,-0.7785985637023034,0
-0.1260861889782136,2.264400853705604,-7.559250230741101,5.472048840250233,-0.3220460983418704,-0.34138302620974864,1.820783285896507,-3.8120025118511336,-3.595703514051981,2.727210005289722,0.6387889337757482,1
0.3706719871025516,0.19568561840466414,-4.38384006232679,3.0615728838976772,1.213331668724513,-1.6290425483274358,-3.4267797757748903,-3.3930599825723275,1.1468467596100458,1.2329039362271623,-1.5423779764568488,0
0.7886362005363557,-0.6446952465015672,-1.3546834757254231,0.4376064121839426,-1.1411267879160392,0.1465301945346356,0.7923086509032524,-0.5337918961220116,1.2982980342615391,1.544227469480238,0.5525275213277002,1
-1.0514682839523437,0.6722532112755749,-0.8572544380084203,1.2421435487107537,-0.09291153698409249,0.3756781879223717,0.6479178204414077,0.06279254635998832,-2.3423187160857806,-0.3792636937543243,0.7526967755276707,1
0.7528494976550053,0.9764106265035533,-0.6071099626003024,0.3340279761136675,-0.10170823797853007,-0.29646362731687864,0.22614538007505147,1.9391425414298233,-0.6592552038452872,2.2953772040670892,0.7793755395891011,0
1.265968296243851,-0.8704613239090484,-1.3719181985209374,1.7923012882161535,0.8227223742127718,1.0503305828986567,-0.8431007168744351,-0.7016111567258518,-1.3805007773905944,-0.5938556635407569,-0.29345827195203866,0
1.4659698564783845,-2.0625791047725537,-1.7267035853255237,1.8095110185921646,-0.7418193125526568,-0.15317053692629934,-0.45753198054905053,-1.6546426184728986,-0.02585225509091138,-0.699840978596006,0.012023255590681736,0
-1.8572532426614163,0.304052498069505,1.0052915664119795,-0.6290686657075367,0.37540892014456784,1.7069776311319635,1.2677495086446913,0.7197551966667961,-0.6375601009212181,-0.5739483419438778,1.0289020854989752,1
0.1701912605210482,-0.15470528342777934,-0.7941585269409996,0.4398989802938252,-2.043214783193605,-0.805564724560561,-0.22401020867905708,0.4234857689597582,0.35198864231115307,1.31390760720162,0.13473903018966782,0
0.9755510058563697,1.4579988526405672,-1.4172680547616807,-0.01673520613089128,-1.1546276564463014,-0.28811581462347385,-0.09984919067718068,-0.2137010370211223,0.9756517477637746,2.7082479298253346,-1.1374223532647216,0
-0.9218120552733933,-1.0508315585438348,2.5607242542771016,-1.6939481623547816,0.34634683861965476,-0.5202876004480254,1.3236059799347362,1.5053478031357077,-0.14033622410381053,-1.1210315251326994,0.20669504098136127,1
0.46928800203297655,-1.4426545131305537,-2.099728848447628,1.4001584566849146,0.671285202150996,-0.1949664578814352,-0.6185210433711181,-0.6097806546091227,1.3741376386921118,1.6016831742688347,0.4572780535678781,1
1.1071573103598258,1.41408674832611,1.29616903267263,-2.034014725486704,0.7389490664041316,1.1017480739722216,-0.5754163353684555,0.5008688608181429,3.010221604057061,0.9620153347585925,0.7576423135851517,1
-1.637780475767119,-4.099517760026917,1.7056725657940404,-0.6548759721212313,0.6790222345720643,0.35914389962111426,-3.645265733076026,-0.8911335050753266,2.5872063002464727,-2.3849497367065755,-2.9811793164182356,0
0.20552336097035978,1.157073570496447,-1.4668195570621343,0.39143260101690486,-0.8439846939535046,0.05457845977878843,0.9597468236083289,-1.3651872203121576,1.0503776226579076,0.833277675623032,1.5440079581672685,1
0.5304639419640264,-1.0867927361277199,-2.5141457790704136,1.3087982939497353,0.8457610562020126,-0.4427770192128474,-0.7218040596542491,-3.2665879040477,1.6295525938985111,0.33362233850387657,-1.6593053991834754,0
1.6162977163799521,2.0721288034779977,4.6494991650701145,-3.369428661416828,-0.7204529629379266,-0.49223137960258107,1.5402045614986766,2.858485176732989,-1.2499918561759469,-1.779133326961439,0.6498196063959949,1
-0.25347224413667646,-1.3862738402136425,1.5893719579404877,-0.8096820352796801,-0.02132107163600697,-0.03224835002507383,0.001757847977189697,-0.09672176618884964,-0.850825100892656,-1.686158909262324,-2.5597019813596895,0
2.107479818326732,-0.4613207540233652,-2.780945788558434,3.6007181034879228,-0.48508144162622674,1.3063722554366448,-1.7702799077423197,-1.6940829210806632,-3.0582655121088553,-1.5750977758542446,0.12421620927073995,1
-0.365799235178888,-1.6332577623052968,4.604482249626483,-2.7136312422910263,-1.2897213575388635,-0.10441463227635268,1.1745434480028383,3.1293039614125746,-0.9017313269290852,-2.067133394684096,-0.29489320172769196,1
-0.42824758518263845,-0.5170833311443503,-2.2782850089347932,1.951039976769748,0.19304695725752907,-0.24589645210473218,-2.2732142599883733,-1.1814329397163088,0.20379361364308568,0.6761344139377445,-0.8730695567070687,0
-2.2876029998001797,-0.636440140415734,3.7082255865074765,-2.47642676877427,0.3551371369679498,-1.903438532025338,-0.2033757098838458,2.3861264355927454,1.2186757388671114,-1.4376290749399523,1.3971373463689956,1
0.6664850594395382,-1.002470147870883,0.8360941876516809,-0.9881357486832245,0.554531731146099,0.30635355224060556,-0.6851674102105185,-1.3932164835371519,0.9042068046342333,-0.9511715330380557,-3.3886617563023105,0
0.30676184632710696,-1.2471805518062005,-0.34831972594444116,0.7954579473532517,-0.1556544024199863,1.3890422755156446,-0.24135311792862968,-0.17094915849336267,-0.2402663379422173,-0.6627274297765655,0.6339487667374184,0
-0.5843724881133744,-1.469035290756823,-2.0577321085451703,1.8520972926110548,-0.6344143230482331,2.309433412968181,-2.190054283676826,-0.19100919020715923,1.3294233194198695,1.2193895189623156,0.932353065254238,1
0.5339146847326411,1.7993989062931937,-2.5379086639368538,0.9923071307562378,0.3243080545989746,0.8961500964669805,-2.8638320331960383,-1.3782256571864968,1.7406783528498249,2.4855959164761945,-1.6656135499555393,0
0.04782480723822972,-0.1818910298987073,2.674903667051848,-3.5755295741273527,-0.8747945105521087,0.18219651478947224,-1.3203068762909536,-0.9650365071523292,4.6619064051892645,-0.1653597886189343,-3.11830369940615,0
-0.5199244824952265,-0.9619704712155875,2.7026758835142384,-2.6859447862349413,-0.04131148598130425,0.8450932995193127,-3.1402720194998697,-0.06443740356048755,3.9710037874531077,-0.7012589137677523,-2.7478740470156,0
-0.5756537817760325,-0.15898923159917,-3.00180209803908,2.4299418798933266,-0.4069556337742206,-0.7194066407952978,-1.6374445816263012,-2.145607694187267,-0.13656139571380432,0.39741988607358625,-0.5043620173972021,0
-0.6874728652451307,-0.8756028111199499,2.485781173949855,-2.1704201443999094,-0.600719012462274,-0.7704091035133235,-1.0279824011384482,1.0311811684259269,2.1699954639885553,-0.3881356871750037,-0.9963136020182426,0
0.2224150280627622,-0.41639262888316664,2.378651736685327,-0.920352222924019,1.8446527050845294,-3.487930332006356,0.0015930696645731768,1.4324743647304616,-2.4490669936671994,-1.8738860516978437,-1.9610848329839121,0
1.9497515476572063,-0.06510084768069713,0.879820630746972,-0.4848281396904792,-0.49417372297571743,0.06274952432268895,-0.9213641206628188,-0.4764125328455547,0.2678571387870331,-1.3284160777716674,-0.6604215589901188,1
-1.150446875212466,-1.2027535702063146,-2.6303204256593964,2.232792247395315,-0.07149398549141744,0.4886764949167669,-0.030344859312551486,-1.22412345712344,-0.15363112835829373,0.6781242180689921,0.858807838803898,1
-0.26199488600587295,0.09094930403439494,-1.1257916513060648,0.6725978413829858,0.606442274586663,1.5760846200749257,-0.39989205096996433,-0.7718208652592019,0.8439857697518119,0.45634322938030647,0.8391449806872103,1
0.23494689920871475,3.312431110530194,-4.543845763284395,3.267779539533265,-0.6065707707645893,0.6247267945009299,1.3772604071974617,-2.2047811000272644,-3.3179614597142493,1.5226935451983594,0.765231419856829,1
0.5561916472883613,0.6722111236364325,1.4982975731999622,-1.2287075793509412,-0.11848614131548771,0.11587152596064614,-1.161011129596619,-0.529225074411501,1.0876899492605578,-1.509530938518725,-0.3466859455016351,1
1.521502373030119,0.241036045027599,-1.720866394022671,1.4233247055351417,-1.0677374470469123,0.5649774316362742,0.22809818809841786,-1.3222573927407026,-0.8165456215353475,-0.05917671927598145,0.3052201665289758,1
0.47241042458979343,0.888524840742932,4.056692606195842,-3.045609849736182,-0.658867932809123,-0.29759987308945507,1.3382505305334225,2.052725973569372,-0.2337838749817499,-1.6820113416419262,0.407304403763738,1
-0.906022300080809,0.5167356270701222,-4.737196617278801,4.469574779576024,0.5185105879099423,-0.43797369444533474,-0.3450502007344211,-2.277426179213338,-2.916773273604843,0.19627391391950832,1.488310437851195,1
-0.13984742319274954,-1.193024234321287,0.40207803154261834,-0.5165093495677803,0.7528326366632635,0.15587211709439372,-0.8879822638828486,-0.08124910107067818,1.7772522120070118,0.1548618053198414,-0.5217179118605455,1
0.7917715098807315,0.3881773393326222,-4.798065508545041,3.608945657218722,0.4866258335688466,1.3726627144480998,-0.47733870162399733,-0.16010730124617756,-1.6370281620755331,3.807256977733453,-0.09956828019501895,0
-0.7533021946523003,-2.561251720399018,-1.2293795091331037,0.4809229957770272,1.8587921038169621,-0.11660341398499295,0.6295856393949484,-1.5707144887742688,1.3429938447715033,0.6508455242253417,-1.7362820847172316,0
0.18897266352775025,0.6180558695086078,2.4270054742149547,-1.2427913173659437,0.5970274675343172,1.210449623001062,-0.676846150283549,0.7682246097665123,-0.34532405087963847,-2.3353010850542324,0.8241035533027274,1
0.5897092353075871,1.158437359052718,6.367974494229331,-5.345943547001065,1.3844820134484583,0.4499786897139268,1.6354287910300411,2.9102906147220233,1.08372683127991,-1.8585842584046652,-0.450148431470782,1
1.574340796725652,-0.7694663025704931,-1.1525537867771871,1.4103854813197862,1.0449914639605118,-0.35597471864737235,-1.5410233330785814,-0.6568913342847589,-0.014017884538967906,-0.400136103403252,0.3740953712574567,1
-0.5362645044774307,-2.350689365560826,0.4320441314720667,-0.24267937811619925,1.911915600076672,-0.5695237273836565,0.2576712179328242,-0.7063673891142382,0.8497220771846501,-0.8463731870396273,-1.0200447681351454,0
-0.5378017334765476,-1.0047334602108575,2.4891304162292824,-2.448189960713875,-0.013451184250270648,-0.8623376367011829,-1.6392343897666448,0.7360749648256131,3.5275409431530322,-0.17452005525649283,-0.8099468371770051,1
-1.7415145894021162,-1.1018508374055176,-1.631216941030399,1.5065961302148998,0.4900117526277276,-0.2739101853585464,-0.8739502892590123,-1.4035934114981015,-0.2701986099290705,-0.1493005661615222,-1.0210138539796332,0
0.6014523168917166,1.097894813896195,-2.9067585569316337,0.5923288620949854,0.34681501288824484,1.0440598042743718,2.468936365153619,-2.8072810445628376,1.1646803910145225,2.2298385132366416,-0.5048878197702835,1
1.228423858683182,0.20259710681024667,6.188239074877913,-3.7587795339337147,-1.6658944961067172,-0.32480419259558996,0.9027905394806388,3.231586812337653,-1.0968646849107488,-3.769460500630328,0.8989737264330548,1
-0.35958849880999194,-0.8445838828864527,-0.8101645463163164,0.09495127799775059,-0.32496298967704024,0.522501418400241,0.20582578937943086,-0.6142896786455732,1.752366495355913,0.9837498647782796,0.37062295290069686,1
0.7869631821213835,-0.9967415479835404,-0.40193843827427156,1.0012453281001756,-0.40836337489604524,-1.886699105903515,-0.3738052874817879,-0.06140009619805764,-2.412107382600457,-0.5321436037407647,-2.64053454167352,0
-0.21551515936556767,-0.6639826366213755,-5.02959499757328,3.7590679245256102,0.20489437130942473,-0.2317681912775279,-0.6300634582621221,-1.1143030828229306,0.7415106676128673,3.0338775544061853,2.8145470430302293,1
1.7921857432155446,-1.4813973308260207,-3.3692656702537778,3.299630570124281,-1.86346587885208,-0.03434543482951687,-1.285130605331724,-2.1780502509559048,-1.0314803922891014,-0.2321714104036846,-0.1048312587687521,0
-1.7324103773772588,-0.46675595099801975,-1.074391177943346,0.08612870732394946,-1.1552372069491297,-0.2804281300505444,-4.1548590140521515,-3.3856086991615992,3.631900881400658,-0.44275757738895805,-3.2320621420340965,0
-0.5941618640433066,2.2631562957297424,3.5896206363457095,-3.7561017992855916,-0.05479162304784655,1.4361475577748315,2.07526282695349,2.0327904954980482,1.0767107629075667,0.2417674600476769,0.46455964009636574,1
-0.21598383848589225,-0.4031166439763495,-0.9450066761551403,0.36276578662774084,0.9798885280466628,-0.1002073973322602,0.36711757322790484,-0.9126820163540065,1.0299991208909196,0.48755528665840325,0.5216986073073024,1
1.9268132131387083,-0.7886878940114701,-1.1643917572207274,0.871201413358374,1.3766506620039796,0.9147519837978272,0.2043912571903883,0.2834539362945361,0.6312035417420319,1.1609391608080823,1.4874231747462436,1
1.4776885175700754,-0.9899360957959185,-2.404146237119557,2.2347873853514355,-0.23094612367957143,-0.3353109931431902,-1.102848785372798,-0.9006080986587814,-0.24782636276995618,0.5917334625972176,0.3874635816148229,1
-0.9322160656400451,1.1670646579787136,-2.7852203049566757,1.4734364272924252,0.17502602328328992,-0.9399172319653791,-0.529187480431508,-1.1910656294905728,0.3828001797771345,2.1733589223914116,-0.2742357574516292,0
0.22708304957410225,-0.31517129377026043,6.265958620474804,-5.497170478246248,-0.4819332190257674,1.5106025772846372,1.6505140421158808,3.0143303206072076,2.8214635065179854,-1.222394312941751,0.16291394155370176,1
0.6389355208864275,-1.9742812322143524,-5.669937599777255,5.80792438547842,0.17858376651983016,-1.3925382662063837,-1.5444742776803286,-2.177325913376099,-2.8999499817764125,0.3692133365429345,0.9060691954724838,1
0.21435330364342475,-2.788888527559937,-2.6882026251015345,2.818849959093332,-1.2599403972876826,0.6123748395229163,-4.221570582751765,-3.6025797108196054,1.3531166352605242,-1.6992470635625547,-1.736696291212346,0
-0.22848081220822464,-0.6224192860865816,1.5191143212114133,-2.268960178596003,-0.6141023610712245,-0.32067058538498033,1.3838893781267652,-0.28336423673242983,2.8274171404307102,0.3334755469593893,-0.3601944415319569,1
-0.6568746755747601,-0.7703723003562163,1.607988663740899,-1.079335878044473,-0.355322202792591,-0.7433917891406189,0.43530036921775683,2.5225649470166864,0.02563928743796906,0.7799638931953026,0.2754290910509618,0
0.5600084808110032,0.7126145972784967,2.3280559435079393,-2.370018904635991,0.19370718801130107,1.38810312824389,0.9581810862982382,-0.108808785204633,1.7289538264213602,-1.186406696597515,0.674288981229353,1
0.6341327836276515,-0.22097910853756653,0.11230758303818805,0.2443594085969845,-0.4582146725301771,-0.8819842231854685,-0.41859965928833537,0.39976078276292526,-0.8051564733754365,-0.16700481744382878,-0.631524703876711,0
0.42287369925626567,-1.451797970549517,-0.4228456789686262,0.3952908383255827,-1.0898835570661467,0.36120602646906486,1.8993144869144458,0.7561638019840267,-1.241370310212279,0.9868887150266821,-0.7407371578328978,1
0.6066134797513669,-0.18216067089412669,-2.3379671853438255,2.1506672643430464,0.8301750714421189,-1.0241319080870614,0.4740003991374404,2.2065854564544107,-2.1986518769011756,3.226630398393058,0.6307782846649657,0
-0.48456214087344374,2.5805337812226625,3.1821823745584417,-2.576453807954251,0.3954303128081481,0.7885086175342169,1.577239213935501,1.1294773500065416,-1.302482655118418,-1.6243488737115697,-0.09050053629246135,1
0.9652979799290293,-0.10821181658984269,-7.2281584918360196,6.753938856386999,0.24139669339678294,-0.03950179772568651,-3.2629133360836775,-4.024100904996339,-1.7821307719404036,0.15862195693884018,2.3193631856359795,0
-0.27245001419369835,2.0117482757192784,1.9728360205817301,-1.502280411433605,-1.2355336586200318,2.6616153595508987,0.8672672645266806,-0.30986217310376074,-0.8252069742742878,-2.14615663993409,0.3446869168701068,1
-0.2748269581802014,-1.1443718490467905,-1.4053523504695669,0.7137382246212305,0.9885766174341635,0.7078403865349249,-3.256411160132874,-1.4444104377231037,2.1690986152286627,0.9458907639056293,-2.7791294563622415,0
-0.18678062712722615,1.415512797289567,1.9209327501932045,-2.178134841920021,-0.6158807491159107,-0.5626897556085091,2.858109387952709,1.0818662525507403,-0.622289008911381,0.3299320806102293,-0.47233116626882166,1
-0.025662547635567533,1.3926247445734454,-1.2080789390284805,0.8949604349915945,-0.07347557968666522,-0.29968414707796104,-0.7687780469052712,-1.0064548771211106,0.29810446484706954,-0.11756196474526315,1.659723963069521,1
0.09888621272412282,-1.2944856251760215,0.6559425947909713,-0.6576139184470707,0.8619343295649461,-2.037338538633871,-0.22189180646798823,0.38015353145391195,1.072356027302166,0.28357121701779575,-0.9043996360956479,0
0.9885809973869143,-0.731786003636392,0.4778371284618957,-0.46774980495579155,0.21205529163460707,0.530986529148305,-0.674040365180017,-0.456579042921286,1.443445733832276,-0.5218503615407788,0.003619550645417302,1
-1.2272803458256465,-2.0854452491039384,0.3570570978571602,-0.12887886579390484,0.014307212770257012,0.08593901761305899,-2.097305521666416,-0.7156662213659165,1.8013160909266563,-0.7190972587093032,-1.55465531161619,0
0.7808860601758499,2.8305209562264313,2.5816581803500513,-0.9512420639798695,0.8692823373370611,0.6717325918826792,-0.3965009970212823,2.5912937653118755,-2.8233612546987157,-1.7694794406232064,1.7394266153337061,1
2.125280967671596,-1.1599000923742624,1.4484108812348313,-0.49771123709025605,-2.320630235621832,-1.5007363481226892,0.04495756845703125,0.4955703155461104,-2.1606730746664606,-1.3196338421761609,-3.424719150299344,0
-0.033759235845961744,0.16061183100339194,-2.0836937629475747,1.2571832779848948,1.2709018412339386,-0.14613527775624038,0.540763750026793,-1.0637787921664836,0.287102574999461,1.1309921443667352,0.8996629904727707,1
-0.4894119291773619,-0.045264123673543266,0.5690723629348261,-1.296416210264383,0.43704323033792697,1.0750508381482256,-3.2738962624046826,-1.4619021537783148,3.6295063294812904,0.05349744841986326,-2.679390758668429,0
-0.05402118870295091,1.1222536627676778,0.11337818686079058,-0.9068031629015512,-0.5605175565562117,0.7981846584573205,0.3654896813608195,-0.7096005304507957,2.1481692231142673,0.3527633348327059,1.4939295792737457,1
0.6469909225178574,-1.6959090338473375,3.467605566025065,-2.7961482538733735,0.7709415102629116,0.9638346783810002,1.4558630490828994,2.539269927211146,1.6572047235000043,-0.23632971707710648,0.7813149037744347,1
0.7965174507279701,0.7172065861186475,-3.064343558575664,2.838900255250154,0.58637328779937,0.9487265843069767,-0.3634482698601531,-0.04446913817748421,-1.3937144816814397,1.353019292716011,2.561755250123889,1
0.651173121826415,-0.632174425923744,-0.9170122359383387,0.5582504014552748,-1.2363380065521574,-0.9689012036318793,-1.1599321640352236,-1.9329010200099135,0.9343227799050551,-0.5502504781341934,-1.28818806400516,0
0.6488889005722974,1.6473391797907964,-6.7605038944389255,4.678717080460183,-0.9076919738286208,0.3161298064683553,0.41509773553005247,-2.40309171213048,-1.760005660876635,3.805877468273187,0.712577123943086,0
1.1256038606152168,0.7482757959172903,-3.8766676256720434,1.9766110637470895,-1.6517500039333717,1.3268035591085774,1.7404764495742133,-3.4756305219314267,0.39970242372327136,1.3523884611442782,0.40518403049355745,0
-0.06558292572948336,-2.459400467483521,2.660516052060365,-2.0164478458608364,-1.5100070714099774,-0.4488571896343333,0.5084226564449856,-0.5780211982935977,0.5019669658900543,-2.199505232096728,-3.5599739140591913,0
-0.6448315950117145,-1.9716258640420044,2.5365688220491913,-2.5120780314328415,-0.46357340571146827,-0.8716884307194941,0.5303785770920382,-0.7960619727036878,1.8692958846568482,-1.4033617302953063,-3.2761309004889148,0
-0.20749129613156192,-1.7812212559171487,-0.47150626373882676,-0.08571866522266068,-0.5066730546215978,-0.24221282973631583,0.39671020314451444,-0.6057563244638373,1.909304323097816,0.702617250703941,-0.0639578664779833,1
1.3362453281609945,-0.6922445861315663,-1.978240782158989,2.0612257750544307,-0.5832634436532361,0.044202154759641905,-1.393364088299506,-0.8611957530976218,-0.5585573859543118,0.040723087168170746,0.2290956510278397,1
1.5141322895330669,-0.3684270229089052,-3.3664016968063026,2.1290168689178595,2.0626121239923902,-1.8634449931059718,-0.702378433363047,-1.478026518809639,0.28778573035297983,2.2596515546011133,-1.148331860560099,0
-0.2027922657066209,-0.7538853119509631,-2.6975393593205363,2.448974769429293,2.855672243304933,0.8682633554588842,-1.7882028997064032,-0.8772007475410067,0.18619643810438413,0.8500316656259245,0.8250208559833118,1
0.6599287589376919,1.246055085170869,-1.3303496268855808,0.733583810647794,-1.592227393387866,-2.0926825771850477,-0.20296781258292118,-0.9427422117740576,0.5130318941446615,0.45110654341702433,1.4458050630212131,1
-0.7622649077428464,-1.4709114031209083,0.20416650211626855,0.1462094484389432,-1.3123959031827641,0.1744203245135594,-0.17185032571603065,-0.8436508329589134,-0.4470961871293831,-1.1237550209000444,-1.863632042370566,0
-0.2711027624728018,-0.09939042194738124,-2.5613610698142075,1.6718103633273171,0.919971740328091,2.0457085998490494,-1.327742010075971,-1.5750261553072726,0.46745677689412424,1.2780130500407139,-1.1199405598386896,0
0.9523248599211467,0.6548354813396187,-4.064380476257981,3.6660004811026754,0.32931493834279973,0.9936016306816134,-2.2279798803088333,-1.8752731109963614,-1.2494282979687714,0.6706840167663841,0.6397888198190875,0
1.5458255757614214,-1.1130282555820672,3.9958389176932876,-2.757420572092006,-0.866217934806107,-0.8022739847916008,0.619172491938325,1.5073890634350449,-0.5062788311986204,-2.0542113705485114,-2.472619438637677,0
1.1808522606282055,0.19099531341864362,-0.3150961564724433,-0.8601648810250435,0.07127645317388649,-1.3503244110245525,-2.4768410190453256,-1.752507225813937,3.3749078943982687,0.8071854968326829,-2.5359924772640277,0
-0.03429353327207457,-1.887435634946784,0.23430921720245074,-0.2085998129710231,1.677954607040475,0.7191732363203975,-1.0240395228650814,0.6469111612176037,1.071568297123878,0.8209024250917839,-1.5972571564562466,0
-0.10428195004087537,0.06388775675922775,-1.7809867647945157,1.9749289629713966,0.05815010305683612,1.5596140763337984,-1.2717613190070567,-1.2438258726373461,-0.8998912716195842,-0.685140566180745,0.6619386601914088,1
0.45611770965040177,-0.3282527447547472,-2.82599485103332,2.8498129376381214,-0.6883707863326963,0.03728061567443391,-1.9011263655093775,-2.125253355545561,-1.251576148443799,-0.5977124089437575,-0.5220694440170492,0
1.1396957099921452,-0.8018018036513441,4.325717441291711,-1.6741844731633762,1.1627512539711407,-0.18766396194597684,-0.7995118313869627,3.429737059172898,-1.0807107211891507,-3.100153651681252,2.427430753308423,1
-0.07242064229978537,-1.701696119173309,-0.702578679106541,0.8662305113599192,1.7129413417919923,-0.419633418267739,-1.3553314473087328,-0.2527852745039466,0.45662975200240413,0.1068367611066019,-0.8124660552145567,0
1.0648564716497932,-0.3319249977021034,-3.0888096777111316,2.9901652455053336,0.7155778478020385,-0.5412478054311987,-1.024735293249671,-1.385027571779646,-1.3228140164376418,0.23069961806115058,0.6879470281519157,1
-0.8228079256930689,-1.5508490880461037,-2.0415663092652303,1.8779471279288744,1.3597815100764483,0.5694799989370553,-1.9157974829472715,-0.49407846834158375,0.937098573713665,0.8970423300130922,0.46865285431077985,1
-0.4158846797681218,0.5167196997134813,-5.4688574434693145,3.919775920669312,-0.924129001048832,0.028167576928683047,-1.0514701527486725,-2.8461006456618865,-0.3423069268708683,2.2285833454726336,0.23293936266036508,0
-0.03555334790220635,-1.6771104110692172,1.9889067784391878,-1.9021039323208149,1.4018581628779867,-0.34292247725993813,-0.928591657366183,1.4310018429954605,2.0373921360362113,0.7212244156456635,-2.150572292911777,0
-0.0058730788405099675,-0.32919127954956684,-0.7685603710001845,0.42441209315864875,-1.1947287750260158,-0.1988353653704646,0.9167704135464956,-1.375708998217673,0.31185373551832063,-0.4447504275678693,0.5999034199012847,0
-1.7634602382145783,2.241654140862678,-2.0156238983923074,1.7637884480302866,0.5761931844325546,0.24114060731209314,0.12790797006118737,-0.46030243279607075,-2.123394896556067,0.5194660396875046,1.2069124603460972,1
-0.3461237234123988,-0.9715023977310997,0.03183340895601197,1.4123569416712898,1.7840569168973677,1.1923748398344116,-0.5429521969806681,2.0373563280693476,-2.2544081413263983,-0.5556840922805739,1.9188755720109327,1
-0.841248067068627,1.1080868580637766,0.2763281095373633,-1.3264995963481503,1.5430235509141272,1.156619300848556,2.8406954277499974,-0.8764448024630607,0.1693194324759405,0.6020453139489226,-0.9574307459122702,1
1.2471074772819464,-1.941799474558749,-6.351429979341933,4.550938661809618,-1.3352412461218621,0.6098773631074944,-2.391805052476639,-5.497825138997987,1.4029375386631389,1.0706790755416273,-1.7240680606863914,0
-0.41764425035379876,0.41072747413987093,-0.32245561260351885,0.6499466166547009,-1.5887245595504873,-1.344346211929656,1.246068498905417,0.46103964771110406,-2.3389399017771852,-0.09921151352078605,0.021245771276224623,1
1.6505063966900855,0.13055641189932077,-1.4331399259691104,0.08030809961022463,-1.6896305804991993,0.029616370918643664,-0.03971517648979672,-1.4887677369943537,1.5484182923077179,1.581350482160529,-1.6197127010075225,0
-0.5589808264635262,1.3829447298475845,-1.510536071137786,0.8391254740256943,-1.5892603795438665,-0.3300117162705039,0.3187514142279442,-0.8022914538473408,-0.20594141937365462,0.776802742352236,0.8925451620985814,1
-0.4522772118634946,1.158440007949557,3.865222208864472,-3.898766619766045,0.42718399702242293,-0.2826237357320229,3.163888254622549,0.5897677173864821,0.10175261434436655,-1.1757699657916976,-1.8709266568025533,1
-0.433996187266716,0.5515283502199522,-1.1992554672973579,2.9858284090658453,-0.10574240624213842,-1.087292252326944,-2.21991376857891,0.9006943352660927,-3.2759740418524617,-1.7869208081018764,3.315183854681095,1
0.39245806930807925,-0.95228266437449,-0.9310894571790242,0.5026006755273058,0.9002017720141071,0.7656566035011088,-0.3791381517344375,-2.2059162715285128,1.1454792496680721,-0.7491158897862691,-0.6753576009192811,0
0.34558149738430655,0.45314029699588354,-1.9422829965070958,1.2672859796357876,0.43209625214325104,0.6703584954467612,0.5587434899804993,-1.3165512348242485,-0.01390243143628167,0.5505169059819313,1.084139498481106,1
1.4618138724660108,-2.5359830773475025,-5.327313719297429,5.254273861748334,0.6936697094347851,-0.6474474967679066,-5.043968523583992,-4.548009706035535,0.26943953618063887,-1.1683077222337073,-0.8504951697676885,0
1.0641346383017474,-0.8347416537591013,3.68184729949203,-1.9892012095107379,0.2620582078223377,-1.1366479613906053,0.3670697250592234,1.6953218786872435,-1.5221747482953085,-2.5926397583826377,-1.4119099264406278,0
0.7799875814616669,1.9997660549874796,-0.5235694026998242,1.45829409674956,-2.6919603178088543,-0.45335336722293296,-0.8763930646544269,-0.2990413040902453,-2.7132424155704395,-1.8517718109919983,1.683833741576078,1
0.18305527948954525,-0.16727226035477016,-3.664224164145544,3.988949893428078,2.280242148505121,0.08016221958165465,-1.6099977341857241,-1.1424459018454127,-2.832865173302987,0.03191522008997816,0.5617360257661208,0
0.9808725329998009,-0.8422411123094963,-3.1335585925749627,2.3538267821424026,-0.7582193790709602,-0.4408995148174117,-0.6002309228438901,-1.0507800856457659,0.8129406955235142,1.6146553691186323,1.567489998332309,1
0.8341153732897513,-1.0874587766453017,-4.190325618587519,3.873102149123666,0.9753449906210975,-0.5713961673920078,-1.695215270646571,-2.40497920884899,-0.5836857080659659,0.20749755648330925,0.9925249516832462,0
-0.7733012030012277,-1.2939320795223432,0.16934562720088184,0.9455667316207584,-0.11766746901208416,0.03903658213086374,-0.5926773420683977,-0.33356202162316684,-1.531761093536726,-2.032459657218157,-0.08873250424632806,0
0.5421266353010591,2.0985392164100416,1.4205867662228817,-1.2470008124927334,-1.3653705101740663,-1.1455188033188297,1.3614877378740944,0.6341976469004452,-1.0753127265625375,-0.6269978207891489,0.5526591636274314,1
-0.8268289835803725,0.39906394575420795,2.6462629683558516,-1.4413146785397974,0.4710625117016377,-0.2517043060288086,0.5645049300395523,0.43293739316721525,-0.8580324855238839,-2.813263469864136,0.6985085341495663,1
-1.7355928579675897,0.7217971878025475,6.3002374376195664,-4.438758634602904,0.5582273134365343,-0.16300691831202865,0.7901358718822346,2.870007354696587,0.010971237855255223,-3.204605975526844,0.2586288989057559,1
0.956312726850936,-1.174611626111447,2.015832489935927,-0.7066696024910492,-0.8803518095978249,1.137560541504592,-0.10332633458594653,0.4404222133849156,-1.0648975362433435,-2.406944277135611,-0.724239514582512,0
-0.3470296252796007,0.30520310718899624,0.3972266158001137,-0.3029291452602326,0.25506845521516797,-0.27181445037639723,-2.5951908531589574,0.27424650295282116,1.6297895336426436,0.06256385991090696,0.017990557600332968,1
0.5249478518439138,-0.13680805471346336,-2.4238561771916367,2.1126775864386995,0.28135092579642296,-1.627728250008761,1.8987036467267713,0.1663412122079283,-1.9389767369858857,1.4204118999759063,1.765505832818376,0
-0.6629103248057869,-1.501052736502817,4.60117902463114,-2.808612902578081,-0.1773860675037333,0.5958523643306088,1.3676191608235786,2.7502832026193023,-1.7044738036655223,-2.119813441406082,-2.1544196216620586,0
-1.314744564133202,-1.2626003868185918,-2.186307172742661,2.453328661498958,0.568279038223006,-0.5739381138198097,-2.478334680721367,-0.8997464810794393,-0.2525215873719686,-0.07383696037833676,0.06933104649925959,1
-0.6279599936757374,-0.604265187516401,0.731763238301399,-1.571022664698829,1.1075023441543141,1.153241654789103,-1.4272435864783652,-1.0371465627427487,3.304480358083312,0.4599355285222416,-2.3085478152205177,0
-0.6452321595916729,-0.1253623500944525,-1.4297152975411418,0.8475628347115562,-0.7131596698542818,-1.5495362265015387,0.4173074013656981,-0.8672650640002022,0.2058674174184254,0.7234555837206058,0.2698611014123893,0
1.6956781816292805,0.11784387045759426,0.40339542740464623,-0.07023666603701716,-0.8938526719537168,-0.46210889747838335,-1.696043665586676,-0.25283291189163215,0.5445644510205727,-0.8328590299458705,-0.1797757780797885,1
0.4946382595987453,-0.4564601013762704,-1.911862475507835,0.7509874968356725,-0.040479992569823514,2.016394054639989,-1.9041419373154882,-2.122592844616178,2.21049910327776,1.0761085477811525,-1.7823214586180351,0
0.7108223273416067,-0.5327264539185209,1.1508613302014772,-1.8321821470586428,0.5329240075063757,0.3484890504420831,-0.9844082376821361,0.7206359478866946,3.807659297283762,1.391530018134179,0.09789449606286016,1
0.02580900426052844,1.6433489017599645,1.8318711775224115,-1.5758973911685752,-0.07776808737202123,1.5180060586431718,1.481329798143462,1.2337373582689768,-1.2326207688330562,-0.28183540620953484,-0.30858451950539734,1
-0.33561943625055185,-2.2691368538089005,-3.133717695506679,2.753813507956547,-0.5123100875591189,0.36454971273649023,-1.3211342670109287,-3.089477059500826,0.9463293702191389,-0.6165097361620098,0.3650309896311166,0
1.0080069119603912,1.1507529002806296,-0.4883316983976827,0.7391094882241255,-1.8029901514395612,1.022610696178545,0.34535335733306705,-0.97167516334555,-1.4602271398478286,-1.2877952843782392,0.8341236956923919,1
-0.7274782168783243,0.34896914263998724,-3.736488943558579,3.575328678409432,-0.0535537789810866,-0.3821430727500225,-1.9599891764798771,-1.5304900249159201,-1.3936063118626585,0.4362593405109647,1.0578837524947415,0
1.3028663398437543,-1.5272827198184529,-2.7765305421994126,2.4067080858846426,-0.7998487368826416,0.3222606807313285,0.01453038864945333,-1.6284885483822014,-0.07147920911128958,0.34545219764611335,0.9531808834798707,1
-0.17494834980899643,-1.8571060647706792,-3.212547477774458,4.1049460052392295,-0.32492902221361114,-0.35437069430405854,-2.25245479757867,1.1118186929820213,-2.562499286518717,1.1118271663789565,1.1828640134861992,0
-0.5895231848287484,0.4562748417403392,2.9148331055813808,-1.1115993033062255,-0.6411666743488643,1.0981287215474533,0.34314126288955127,2.2128487768872693,-2.1362039455539836,-2.3214291262823545,1.2520979438895288,1
-0.416775091155424,1.6678888909370617,-5.033828340485826,3.00632664400164,0.7103040111409719,-1.117273077953665,0.015077118623724184,-2.902031923235712,-0.29240222616956424,2.643457115010227,-0.24074938102890553,0
-1.0460809521456396,1.103944679959569,2.823703388347936,-0.4139632671442143,0.5358689239512853,1.0592291878940943,-1.830311285583136,2.6879750780483382,-1.8084306865941202,-2.9436072793654597,3.3885466369664767,1
0.4246308805466976,-1.3444970019713467,2.460959042826644,-1.4364206517055653,-1.4879091804291078,-0.7248496653887098,-0.12840607823133687,-0.12711852974449922,-0.41755608295948876,-2.496600515162106,-2.291699568859504,0
3.158603562936277,-2.2324214883808082,-0.0846414826839623,0.04481712992224165,-1.4289015862646475,0.4960977857493541,0.8501188376946208,0.6537340010016606,1.002274999562627,0.7973176078876552,0.6230125116770431,1
-1.72192814777447,-1.8815975501121462,-0.7614147124406272,0.33108902673482943,1.1906134813319753,-1.8591673831935762,-2.0662457959120175,-2.053674472856134,2.278234283926696,-0.3703645094568502,-2.0699023936435967,0
-1.141275900777121,0.6777175516513578,-1.6360126706606102,0.010377627262616665,0.13914751408027187,-0.4753820737467936,0.7214102895796379,-1.0831438957243318,1.3132150290518867,2.3529467908803507,-1.2616002336098373,0
-0.036414088528026224,-1.2777343431269275,1.6639676590410653,-2.0520159007106438,2.5029438430534703,-0.26165995837269823,0.5494993204254413,-0.9665544228184597,2.550341907507506,-0.7315112003871913,-1.509797536405388,0
-0.8131382969107946,-0.5523476518019184,4.276594209486447,-2.41594884502046,-1.2353399736566275,-2.26282849410632,0.7998748526951582,3.154978824790902,-1.120479177766784,-2.009410380037723,0.612349421750574,1
0.05235938274112438,-3.3916149346684543,-2.153706767970822,2.6756335552056716,0.5064986828789731,-1.138981463833954,-1.9873646549715807,-1.2459114361485915,-0.14129538758149174,-0.6007747981684153,-0.5535257370686467,0
1.571957835569127,-1.3487072786438201,4.568352824597856,-3.753455858055415,0.6229596574397325,-1.5493432823645197,1.187988040345288,1.573257811170634,0.7592952385451686,-1.526937553709775,-2.8122386492562983,0
0.731673077702552,-2.034162159636373,-4.1655144088133715,4.0523159447706645,0.8757717864494471,0.7741571848469799,-3.1596541135932386,-1.8063739740439044,-0.4334743480175369,0.7157973234093524,-0.5430888647217917,0
-0.4230713289309192,-0.37585489712867215,-1.4848594103343065,0.7164765911321415,1.8312149682700407,-0.7903100934461613,0.0912987177598914,-0.8881483787525951,1.4920542579495755,0.9953929425300094,1.236225053045389,1
-0.8919230131367589,1.3838559251325357,-3.602091164226083,2.992752126065414,-0.10157766862717414,0.48570144993785397,1.0978234380551943,-2.3034171295152133,-2.0285547184277712,0.028922542030063392,2.1684048951431514,1
0.2146918052318564,-0.26880894249144605,-2.296493738357158,2.4005453571871063,-0.6811697877079952,-0.17112186665849588,-0.7765347617321264,0.24466386756123337,-1.4146837022455885,0.9983425009403333,1.0628785856919176,0
-0.3175942141351378,1.7455496120029332,2.764324030438329,-2.869412654099018,-1.112280359970224,1.1264666247929598,1.3898146453714464,-0.008175744478182811,1.2776976355731493,-1.2782196594943773,0.4477986580700345,1
0.5040171762417558,-2.844670537291517,0.7145933518501019,0.2909953782869053,-1.7976452640740395,0.9674152039711512,-0.5214612128107254,0.8594024810288536,-0.11215608246090658,-0.8454190390766068,-0.22517263630883888,0
0.9125355646519184,-0.5017972108788724,-4.434407021287061,3.903420104838265,0.7953067807185501,0.5076979327300508,0.5436098623755563,-2.558359934379066,-1.730139586888724,0.26677402386932936,1.6862517686067675,1
0.7676568020866458,-1.2008297041129712,-3.8931594072779587,3.2676019473373588,-1.5383440287462884,-2.2763202267453893,-1.4179664746413798,-2.607469745174768,0.1476197279693624,0.44625083059247883,0.38971864500630615,0
-2.062848938020203,-0.5360829681239379,-3.7244339216454114,3.5074792159490906,-1.1310903490839137,1.3801572908031063,-1.3990268070312388,-1.3940940367870618,-0.6618477424818658,0.6217565227239388,1.9200536957585561,0
0.3909606091509642,-1.0738020391464116,2.1540032186000775,-2.16867603676707,0.8705959200938441,-0.25020880668540446,-0.6450831574337201,0.6350172127686109,2.7322863063347977,-0.08949762657261384,-0.833791551640197,1
-0.7971578840255203,-2.930570536484443,2.7853439627713295,-0.793261632348773,-0.8303031592831397,1.1241465928320473,-0.17975972109632055,2.0842276654726186,-0.4589178758433854,-2.3207933008619115,0.9492722043060737,1
-0.22419153750269297,2.398268476343544,-1.4519301520581982,2.5770272433338746,0.26755135342039693,0.4925901313579073,-2.322080787670858,0.6774814717849245,-3.6276580283817585,-0.8332247558927689,1.6955384033455558,0
-1.4198995680205404,-1.8597790951915256,-3.2583522697480047,2.965671438658014,-2.3059659682440876,0.8833874291311623,-1.3020068464939287,-0.8191859931131008,0.07891404062863394,1.28264852858045,0.811665266981878,1
-0.6924337745614837,-1.7448440882152259,0.3796101881936187,0.5255855024503662,-0.10946389136100138,-2.007878699070852,-0.2656050671448905,-0.3808656485929858,-1.5692548742944357,-1.654753806941185,-1.8277016153457701,0
-0.6465770319950559,-0.36116629132554884,-3.199603127374879,2.581452632468449,0.4757757709205773,-0.6804219918206574,-1.8871173756106883,-2.654687751013614,-0.29079111895086374,0.2057927831840587,-1.4521607360620536,0
0.012042309149350712,-0.948990883642435,-3.590260497180631,3.2816732209198474,-1.8598471203041445,1.07961449661602,-0.8301619020966702,-1.6979191963737001,-0.7864772193987757,0.5148389138005601,1.0381159081284825,1
-0.5676704272107109,1.8005240626447845,0.47799586523930326,-2.3892021097458347,0.33382740891438645,-0.6672761741303912,-1.2182711922731204,-1.7808623449934369,4.355348336746195,1.4115863993708857,-2.3809867650566376,0
0.4238971216712875,-2.617202689551873,-1.4600135342229124,0.8490658976744012,-1.3330148521388794,1.2452343861489712,-0.5044662402386798,-3.598257071758531,2.0566897026632165,-1.2623918398447944,-1.5402089681539715,0
-2.5330617151517676,-0.7383202765220735,-4.138588532028886,3.2413956747074457,1.9128348018597736,0.3137749047216472,-1.2300881616266959,-1.0504980487344102,0.6553598436473846,2.2255579057309216,1.9482569883206662,1
-0.2642001814364491,-0.6010392768431673,-0.4257003954234578,0.339640889851419,1.258113952855783,-1.0204843078741965,-0.8828949119634018,-0.6842089735113661,1.012104266027299,-0.21245655080046788,0.23845239924387895,1
0.7037971404475989,0.7276247514964853,0.29893436458448003,1.325672432554965,0.8848581866434192,-0.37445660543031145,-0.7911532405500732,1.5348562958310883,-3.7075096493993938,-1.4824423646956173,0.9656233228541853,0
-0.7632824215542626,-1.5140407179040787,2.448429752826776,-1.5491088024915822,0.050420228453194736,-2.250409796291304,0.31065088196478685,0.37065551380228934,-1.1040467078698692,-1.726875911803313,-3.7193217527384457,0
-0.781912913609886,-0.17610757776426234,0.7863437136562583,-1.0470273937565913,0.4976163031150772,-0.3133624873137098,-0.7762336470470423,0.1357872302730132,1.854671309697135,0.320397653066901,-0.4134956626073627,1
-1.1626334010578625,-0.8697600336764265,3.397587573293095,-3.229408932268823,0.07546934517396614,0.3657408460405346,0.26680436834132815,1.556853333838508,2.444596039794864,-0.12330792470346885,-1.1056192849852737,0
-0.019444814594136293,0.13158439900530172,2.4455787022615314,-1.2360377849892532,0.8887265254489362,-0.5926618624514532,0.007110392802129439,1.6824630220688899,-2.0540606918432465,-1.3306134485911376,-1.8199226850106582,0
-0.1040109234419052,-0.7797026718571205,0.7561211520594427,-0.5762325848793857,-0.4651966429146083,0.5173209567655741,-1.1458072642345343,-0.2597795256521075,1.5234743154507824,-0.6934848098686603,-0.1067528957066316,1
-0.025412161102364553,0.940851678934175,-2.345968312455031,1.2182708996634717,0.07733763269832433,-1.1918777274826629,0.7596748859628619,0.4255840555637225,-0.4592447389156409,3.0583632725839074,0.2244944929822703,0
0.04420131019324863,-3.4145632199800664,2.0358914563013273,-1.2271927390469362,-0.556147771843627,0.41959199646207546,0.21488650346299698,0.4083823114351235,1.4003497289030982,-1.4328378757960742,-0.7917091744793144,0
-0.5072434022519773,-0.2108499387566779,-4.241531779831175,3.677070924414609,-0.06673930341115328,0.2084737515719482,-2.0119331714402993,-0.23830069612867966,-1.412315499133226,2.65052045267441,-0.2968543667744554,0
-0.9112383615813658,-2.1118963045441745,-3.9916499259135696,2.4677709120702853,1.0597529455347818,0.05587360778800154,-0.9257260436826493,-3.376304745967449,2.10830409576935,1.4237996620612974,-0.9785223523776778,0
-0.2506287120931088,-1.1209384422200421,0.9207658695186627,-0.7303974973695196,0.15096910668792354,-0.4466676411852927,1.3993444059000206,1.1544998900586678,0.08974048553920144,0.3466509531205492,0.28493088821344226,0
0.0995695309971925,-1.1103819037862364,0.19396909260602593,-1.2843794848566394,1.522475511111685,-1.8898185466505122,0.12139867190344078,0.08690264884224963,3.9262728335690005,1.8259618542246938,0.6029463686215247,1
-1.8885688813532708,-1.2027828382150563,-0.7964581714609805,0.47671443263290597,0.9479934739920381,-2.2054901035013077,-1.7522561766461444,0.2557615209154953,2.1364574805848937,1.2675278059932644,0.5146528039497371,1
0.40242541687995753,-1.178269167253233,-3.1122304427590795,2.5888487803285325,-1.0679220081810366,-0.009085677728061469,0.4375199957859315,-1.809911200620806,-0.5099300139698568,0.5207962875272536,0.8574536641908609,1
0.1597645436920949,-0.11400722181543022,-1.7941384429610374,0.3751210404580519,-0.026716011755756365,-1.3994238258540133,1.4056504405464623,-0.8069997165380622,1.8181476781762853,2.158429207915007,1.1998642692460977,1
-1.483231577769096,2.8638829630881144,2.1052836226648264,-1.583501726745509,-0.650710141704894,0.1569638058577551,0.5144648415026637,1.1976374642123704,-0.7915748512263764,-1.0770124721937941,1.627639761747401,1
0.027471880447113024,0.4193100441336865,2.230534266244893,-2.606633157985082,0.6788200973938608,0.5864692962365323,2.475823137609091,1.0350551787827758,0.8178831064357104,0.4777289724987541,-0.5809703940165047,1
1.5909631326381863,-0.9800039965905332,-3.0466853154856186,2.2517912289749904,0.10253137376308191,0.026954432465845606,0.22358695409960305,-1.505348734559364,0.13130758022534395,1.2244452971524817,0.6774214885764647,1
-0.13300634331642025,-0.6337637101003337,1.7260949268070596,-0.3933338244850914,-1.4686013053222946,0.1708417782442078,-0.2175157052506862,0.9295961177759737,-1.767104877631664,-1.9235687874417289,-0.7079597091149684,0
0.06619315147255748,-2.271207215280196,-1.8271925713209758,1.4257220885610629,-0.05590069222759435,1.690948801514432,-0.28688860358078916,-0.9499149824892819,1.302332993758889,0.7345909799571625,0.6048173672174082,1
1.4294621938885175,0.12583106678444655,-0.5398107180198896,-0.33685330349165443,0.176782798203123,0.5597023839001726,0.6088495435988972,0.13726291697467874,0.9750395832784777,1.7784436499130747,-0.534884252088135,0
-0.9038614185187889,0.23544457929038765,1.519090176526465,-0.9248250657341213,0.005995132278444182,-0.23705825704305505,0.17763426080318467,0.4795326065343404,0.20252430844386993,-1.302878682440956,1.1955940831436451,1
-1.4034334198455392,0.9513841776298694,2.1062424506086046,-2.3563616630790785,-1.8434392814234946,0.48323290269070274,1.6265162730615446,2.006726173974699,1.1290518418966506,1.0896921897582934,0.8901365003615563,1
0.6693839355920915,0.5672695640979053,-3.00199870981582,2.0067264674398797,-0.3034234529175211,-1.1585342736065656,0.04351970922332349,-1.507253902875529,-0.29548829451713576,1.4268216445579274,0.34725628450856494,0
-0.2985575459422281,-2.9453950062234515,5.6182285016797096,-3.8324583614838823,-0.7297957484095239,-0.2633184791530057,-1.9892414838774393,3.039283602702124,2.59449054940262,-1.9626959631511938,-1.7137159233841346,0
1.2898275930589367,-2.037327152173229,2.388768748765298,-2.0487944626880434,-0.8357202130746364,-0.2873785309661149,-1.872465262730713,0.48398370397452295,2.778307436963991,-0.6222622451831952,-2.2309979582147923,1
-1.0031815241360778,0.9248805402748265,-2.189546570812264,2.951952735668857,0.4601845193451959,0.8177583785759156,-0.5972156996310534,0.29904578097190704,-3.336721708202778,-0.2875370606541745,2.172960903095076,1
-0.12927268465115985,-1.2779151713695736,-1.7013682911435597,1.1622118649324324,-1.216502176372728,1.958676085411636,-0.5494357130619133,-0.6770489156500789,1.4097614023354001,1.060534675691052,0.8356379983335394,1
0.6563446246744828,1.0763989383117563,-2.8350783640314843,0.7706439475096675,1.1263239564697651,-0.9365457351069069,0.43700416430628075,-2.956750145846085,1.5972465206792805,1.8469641885240013,-1.2524780877517543,0
-1.3684995278962035,-0.398004895665748,-5.983798651368687,4.721160955423277,1.1191412117573072,-1.2097939175321826,-1.3110573891770132,-3.3144721484737287,-0.8055655962930526,1.6556103363389378,0.1726470259068007,0
2.2590267131554445,-1.790113326780305,-0.29793969194734843,0.5868410786957181,0.4307626664510353,0.5422740393798173,0.1988403314102083,-0.07078896005220792,0.6813485822915903,-0.38399784097272344,1.509314085740315,1
-0.19439407853287502,0.4711307862172198,-1.0754678608301864,1.8369192991447936,1.6268037954029009,-0.037100501089723785,-1.4471649614373103,-0.2875927427208608,-2.7451976989272824,-0.9418908024225795,-0.8146215697048338,0
-0.354090696466517,-1.1648420687316645,-2.7682556366534152,1.9454571310662807,0.024563440045063126,-0.8905361667198894,-0.909689735164994,-1.947261779025287,0.37175303279879546,1.017566547773042,-1.460562460672487,0
-0.7143649213855376,0.8247049530417949,-1.608863301903725,-0.3569930236072787,0.3386567202451795,-0.9944834331558017,1.0128576106339842,-1.9360067523182707,2.020367886200071,2.1070997606201303,-1.4700901346441588,0
0.03646510021802466,-1.4411904617142275,-0.5700245704545943,0.3422857178787416,0.23219487370467312,0.3922739186411999,-0.318120114171645,-0.241318954925413,1.0322064218979339,0.5676941457128483,-0.27502206590877876,1
0.061713317256809515,-1.9914890275541253,0.5743852682273628,-0.5547082059195342,1.0715442257601464,-0.3177462459358369,-1.8259578439768982,0.431812559420639,2.527689718559526,0.4758708361310243,-0.6709957063730703,1
-0.7120324425389984,0.07447651825697488,1.9758384093778705,-2.177208470148974,-0.49152651735150654,-1.0711078229300781,0.9003554776559138,-0.9970977562312175,2.3190423241128038,-1.5091703965555816,0.4960835956891294,1
-1.022430090359356,1.0827141881183153,-4.874910137153334,3.457040824296775,-0.21030457501434496,-0.3183615885889535,1.4157188659742157,-1.2342692741495247,-1.8202364938252849,2.9275759341302443,1.403205728125217,0
-1.6495589462575808,-0.7852396481518474,-1.894430009530967,1.202368014000275,-0.13226688874110326,1.3311181617244825,0.4880210616369727,-1.481417548179373,0.3068629311449613,0.629973798308634,-0.1460641347795052,1
-1.8373583602734558,-0.4436927969462569,-5.097270578027019,4.133547197634283,-0.3693782941369997,-1.7919369654707376,1.308625888963354,-2.2226781248182994,-1.7716155643072045,1.4863321671796559,1.8924278567567165,1
-1.4977426765838588,0.8039640158950848,0.5829869570168965,0.12311168500413369,0.860578598392966,-1.1033977688183296,0.14811478072403217,1.2429742801746602,-1.2936022860892904,-0.48742063528083873,1.6410108614215337,0
-2.6813156155708513,1.1398379993698835,-5.602897883283011,4.6354706077846615,1.1528478791256953,0.45445020200360603,-1.949492711565855,-0.5149814969357454,-2.0669332156734095,3.4195034518804297,0.6432951442415145,0
-1.468042968542329,0.11967377178271532,-7.817609841662371,6.219120259048061,0.4789875707057239,-0.7254672328920965,1.1854661157510271,-3.0031569157700897,-2.914660988647654,2.9029824024851445,1.9410836873595942,0
0.7255243979907469,-1.040335146813041,-0.8476971130587253,1.2776846426504518,0.08958184182259517,-1.0119202480176692,-1.1212096124875384,-1.6971692676474184,-0.7874623434773056,-1.6343934144774965,-1.1008323258915258,0
0.043112705509656124,-0.7553532625346373,2.2810601141209137,-2.741242420918784,1.7354934256363945,0.332783132221921,0.5319685833133567,0.04165415625383673,2.8359357283169437,-0.0013296330616087149,-1.5125431171550345,0
-0.3346390439456757,-0.07240744586891312,-1.4753884004747697,0.03636483643942057,-0.254716316303889,0.28712380472088017,1.2309599010065233,-3.974126825145455,2.0290682151934494,-0.6651792708762891,-0.6279696169028389,0
-1.3181912408581091,1.685571424079063,6.861546350237483,-5.042426400476702,1.1629685787042248,-1.316799995490252,0.17945509990815622,2.5518785677948674,0.7371479474270182,-3.739903244130206,0.6107908674766892,1
0.5132042794082678,1.3062715374327034,-2.286328716152075,2.3883330305182957,1.2616326158400881,0.34096752934850555,0.1262650817275508,-0.9616128108909521,-2.8047377674935463,-0.2874568267392733,0.8741481851667003,1
1.4400767102375007,-2.8858306844846826,-2.097123919137803,1.5259101693764743,-0.7574866236799234,-1.5587298313897149,-0.2557038457177141,-1.0151760119078546,1.7733526293165154,1.1327513173932988,0.4595010555825539,1
-0.41067960535979925,-1.4799834074224194,3.742329204977892,-3.010556106843811,1.3762574855010603,-0.3583515544721225,-0.0018562588676056535,-0.8192047412146761,1.4165276405662472,-3.119371404959522,-3.009233655061652,0
1.1622193611294565,-0.17836731319731292,0.1195538312562426,-0.16177988277197025,-1.6824926350115923,-0.5910816810694554,-0.9065176477707405,-0.8171007640535597,0.49805045358329103,-0.5491499560578041,-1.2252995912167757,0
-2.2427741308157767,0.27174369640405893,0.7511156834878752,0.7314430869856032,0.6756975342341236,1.3274208664430263,-1.1051121414024088,0.3111029036688815,-2.7124752583571774,-2.3956156395384394,-0.18060736320204773,0
0.06498545702678458,0.5176880775661543,-0.9094717900704524,0.13252209798774375,-2.2665859500273644,-1.6401030186204903,-0.5123879309114412,-0.6253187967133476,2.036803410521361,0.9378078075368868,1.5390189261117109,1
0.2038646652702224,0.08554344163392147,0.4517855685561375,-1.1441629511952027,-0.3961371396149002,0.20301677142414917,-0.130809656891128,-0.09677153789916104,2.6745194499025793,0.7952863224923188,0.7215098811038184,1
-0.9494647373154226,-2.3704191876937255,5.328685565406125,-4.082314534839924,2.6839735391335173,-2.0807761067426087,1.9429676845160342,2.046348993379092,0.08099048343753779,-2.0153664176346897,-3.499377901406868,0
0.06885944232134622,-1.514483669709562,-2.694235799304524,1.9833215841392657,0.23276403136674528,0.43774046644655373,0.2792177930632065,-1.0189150871923665,-0.24257973068150163,1.5448121504585286,-0.7220410869397422,0
-0.4634415296981366,-1.110427801388693,-1.8436759868235926,1.9508478018681685,0.8019913463525871,1.403594704372087,-0.8466849699690759,-1.1898517582523014,-0.9859699074983481,-0.27247038673047663,-0.7004124222276813,0
-0.3526879250315358,-0.9205020659436461,-1.2845890493207908,0.897193872628678,-1.9446894724300245,-0.7859879587254357,-0.3889185099243165,-0.8927006437704964,1.0684424269858188,0.4122636509456219,0.6715716675000317,1
1.4351148598435337,0.16545967888897817,-3.163749917860327,2.4319559604827155,-0.10613116934424625,-0.36219854238913396,0.29989992797667053,-1.3347945162826467,-0.4069997614153116,1.125485704055031,1.7467673180569188,1
-0.02391803193189983,1.046040922359635,-0.42892865735717867,-1.225689955700119,0.7007622244407944,0.4126833698877427,-1.6063525798417984,-1.6186968481311337,3.4004899322811166,1.6237085170675687,-2.505783122387969,0
1.2538057557170403,0.6473009188254082,2.8316539883346428,-2.257266227556486,-0.8982628275469475,0.18425216695538962,-1.219298212315645,0.15292867286083323,1.0493970689388064,-1.857228632953693,-1.327368905808121,1
0.7805768976923706,1.0496332498246912,-3.876652532885573,2.935837432341534,0.2690304818763295,-1.0668295282412794,0.2457388909528433,0.6223971196621823,-1.9984613793405115,3.5525901351728972,0.7260562120313183,0
-0.22573626782793582,1.6208044959797576,-1.7346330858530177,-0.3956839531831749,-2.042435433283616,1.06582149346595,2.0603942939128155,-1.719703568148991,1.529620060001497,2.413780617910239,-0.604714805387345,0
-1.4509976284878872,1.737095229644911,-3.6827619574537596,1.8225598273638384,0.06515903155791432,1.922041226585245,-0.8318114597799264,-1.1876491291196176,0.41357278104093004,3.4733548094687547,-0.9814731822852705,0
0.2230890839045353,-0.35400143272480084,-2.1985417873965405,2.0575196327126917,0.19867400228981938,0.007407945129129868,-0.27321736053914947,-0.06968861684189664,-1.2589684048391414,1.1096460752164914,0.32438428464955926,0
0.020959631448366017,-0.7882074245710599,-3.3165448627275294,2.3715909828771995,1.5691531284006148,0.24211021248759976,-1.7538348882758106,-3.3707941138955206,0.8285214110929957,0.1586966249125057,-1.3331587921567654,0
0.976046919580819,-0.45184922344097644,-1.2059529459995904,0.8533395331650567,-0.8689840518834521,0.1401512798699527,0.6310099168127017,1.3189856593699807,-0.5439578797544122,2.2572012627627847,0.3147257674689208,0
-1.8575115948612773,0.43504340177321255,5.242345510761717,-5.0955450768577,0.049526955572119016,0.5526196210146996,2.372775356718244,1.3748980832970052,2.286240153502818,-1.2943018595137379,-0.9197192402007426,1
1.2109621171165752,-1.0464680443720273,0.7471907740957711,-0.7355673451216217,1.1862586693929456,1.2333405474481096,-0.32871762331975224,-0.8789712418477437,0.4978391103285462,-0.8029602396049668,-2.5340878238122673,0
0.12774278232687292,-0.20059861943154544,3.0816948599684935,-2.1905508322403437,-0.4334659381802052,0.17867746441901972,1.5545207385306559,1.979401565279712,-0.4348371939757454,-1.0442307680180505,0.24844249170381272,1
0.021315724519371516,1.0147752309050144,1.1687219094424872,-2.135078687452629,0.492376020595175,0.1107847079014498,-0.20174138932760388,0.4859215843934599,2.3431885909857684,1.578666766635644,-1.5258267930627225,0
-1.0473970215116921,1.0869853437384172,-1.384390350740577,0.5345608674446586,0.677530521412752,-1.2915425488722299,1.9418819716107365,-0.7724117564047004,-1.2260594690097264,1.0878111106757948,-0.5443169223845488,0
-0.5199214153635361,-1.4835945983077068,-3.6417690308734993,2.775464924057578,-0.57202816976905,0.8294942600826785,-1.8305893936013562,-3.938468822642082,0.3094338073163585,-0.18370399385291314,-2.505091706509787,0
-0.8213981082450722,-1.0668388694725572,-1.3051028460659686,1.405786445262944,0.23219746356479254,1.3659709866575067,-0.8309016924651036,-1.2314178438163994,-0.3378113904485729,-0.55005827595282,-0.4586007030525377,0
-0.032710718951908385,-0.7803714816085066,-0.693343764895747,0.33459406280841303,-0.6576881204527336,0.6415527248665519,-0.04289590991798864,0.030141636801295668,0.6138685399231045,1.0007198348843191,-0.26113604013371505,1
1.6370092939544432,-0.30013613674229067,0.6636831043697302,0.17420484871060304,1.4231438386374404,0.314620215382568,-0.776491505275139,-0.3488342516073202,-1.082705119027407,-1.833450534393394,-0.6588721477577064,0
-0.3129572245291529,-0.1623030020167764,-1.2869340842354167,2.0957239523936613,0.508610111310051,-0.8056323178224188,-1.0417266900942566,-0.12223508151386187,-2.8064659631939346,-0.7783672500700407,-0.43823889769472707,0
3.3628002828911194,-1.986816393333791,-1.1900659680867505,0.7775504027831452,0.21056813195257237,2.036568336560996,-0.5485398719171521,-0.6062521087086595,1.6758689055957015,0.825649991470496,0.16369151710207153,1
-1.1689411703486319,-1.3329759851579621,-0.056528885740804745,0.17872153348984152,-0.6319907183959442,-0.04059360185649962,-0.43216108629393557,-1.228084633419269,0.1598834886658198,-1.0053763945658225,-1.6538524976132605,0
0.1833262682465786,-1.7651090722815388,4.180243607629197,-3.7195004241983995,-0.1466485339615041,-0.07641825418832796,1.1819942126562304,0.9865111750154665,0.9980935854050501,-1.1671682633600524,-4.176243946800526,0
-0.6284681519828689,-0.588889248162156,-2.0779930366505757,1.6143591661528838,-0.4425305277948789,-0.307684686568236,-0.44560204645788176,-0.9706195966710148,0.31362043355776503,0.7722253576427983,0.6520653001864362,1
0.9525986850322297,-0.452034862146759,5.857210544389102,-6.14231455350149,1.3526111534619578,-0.0009684204713413667,-0.8109812740074389,0.542977295267258,5.7705670022908135,-1.139769804148059,-3.0875852892916713,0
-2.085541187569381,-0.4686600415371845,-4.069208548810434,3.997657755884718,-0.9167589013689865,-0.034719492414317175,-1.014071446440493,-1.8290254308419287,-2.066142021488157,0.18111488388229013,0.9680672952586201,1
-0.0948449655275451,1.592577737659532,0.7784496449503071,-1.815459633592052,-1.1753481141310111,0.22259860565841139,3.4841879937655493,-0.7803309998274148,-0.18240676047971904,0.3855572632000699,-1.1132876747119775,1
1.9196587655359465,-0.3752677964484806,-0.0026365051875178866,0.5369197536813283,2.751687592266938,0.7234522480786504,-1.1933024110251376,-0.8984571849723915,-0.8513869798103519,-1.4702575436725593,-1.3224087936412754,0
-1.8939239620648962,2.4146370663636665,1.811777065498387,-0.8164187136005482,-3.0226440832551114,0.4998399422622142,0.012954686917328706,1.8764623116136445,-1.7398425611636532,-1.0571500113939754,1.8629328390703084,1
0.43539746926336803,-3.0728571271374,1.1161007820351352,-1.7062143204166857,-0.328758386889071,0.6142410137857793,-1.2883183086433605,0.4193068231967292,5.241670284577183,1.2568281439916538,-0.13432204146957816,1
1.279496330844398,-0.7813286818129977,0.9793279151519307,-0.2169178496995997,0.6217376038465711,-0.9838258458163426,-0.5719694086885503,-0.040289185209080425,-0.6176816619011185,-1.5054482733219336,-0.9481334796490408,0
-1.976970668480161,-3.3143065015611253,-2.918392839632303,3.7620181887989625,-0.029076278096129386,-1.5296532287917688,1.2642361185523774,-1.701158868263406,-2.5324841839827394,-1.6520498289285344,2.085168758380087,0
0.4850624720624048,-1.0785973536731812,0.3487764368895459,-0.09271529425124757,-0.440651127349658,0.9410157162543865,-0.3069450526706769,-0.4133938333195056,0.27380970947946226,-0.7616762767781597,-0.7175298202796776,0
1.990346267243197,1.7471864792374323,-6.356456373400551,6.991286135240044,-0.2377902890004167,0.01623523902852061,-3.373314477200826,-1.478001720990556,-4.947240309193318,0.05651183124925596,3.234681092101275,0
-0.25298081879386525,-3.005900183377717,-0.4488604941669966,0.43120651868014237,0.21239075295489082,-0.6760734259864265,-1.1170196603895912,-2.8512855757216284,1.9428509955008804,-1.8902964668055662,-1.6683220621200827,0
-1.5074871471795914,0.21086767324613853,-2.7958640167316284,1.9714754779588248,-1.1033145399400701,0.8070681340541291,-1.4128827064348504,-0.8335273872924434,-0.09431304477142866,1.8988393754927593,-0.8548693913987057,0
1.6018333415000123,0.08453522703598959,-2.326609465013519,2.1321881788418824,-1.2168645139118928,-1.4415667048953906,-1.7396386949716325,-0.8032546783771077,-0.03133349324375001,0.5737062135900947,1.0551395050017178,1
-0.8152829283717661,0.33123932626593255,-2.00613930278781,2.1647498095119557,-0.42372452206981487,-0.6323716143382928,-1.9812910165930762,-1.4903486275533389,-0.553123476132998,-0.7584472545961203,0.9108150280139511,0
0.2663606670903093,0.16187412888072328,-6.978635528677734,6.503047872154135,0.6133324784616099,-0.08496962835935049,-2.7107401226433554,-2.3422060736643253,-2.425426433766508,1.5298392447228097,2.2882280756953692,0
-0.6111778787631735,-0.013857979363929074,-5.8631103474536275,4.3806941511341995,-0.31372260447956446,1.1897479864762268,0.6428607378437592,-3.0077793102928787,-1.5968002430168642,2.067744625144204,0.3814257650741135,0
2.2581896801557497,-0.023800554873727453,1.25153611043222,-2.2344537201240664,0.8017510129509929,-0.21055367829797406,3.1159093362240435,0.6778805707148355,1.5190131668844693,1.526334665418495,-0.23481919228416293,1
0.6120675876931438,-1.2752531653354464,-0.8305604745737525,-0.11086664189973923,0.3674065618771392,0.26034346610336084,-0.8362795591381543,0.12797774281134677,3.0953810577740715,2.147249572758512,0.31985136320097135,1
-0.3649434598580658,-0.17618943559493705,-1.7812542268240725,2.6907354234317244,0.4365900846270659,0.5464396498128841,-0.44305403030082013,0.42383563822699366,-2.757368040827588,-0.49383174916417993,2.1864197520720126,1
-0.23548751156528092,-1.491570079256269,2.1931478626606262,-2.561136506616642,0.533393942674337,-1.6726714474011222,0.5680391229768971,-0.842742908737033,2.767245732576158,-0.7952662998030788,-2.2197082411784397,0
-0.43988209676101986,1.6192046508939013,-1.6382358869179408,1.6028865573304127,1.8999475482283898,-0.5611299807230213,0.7991245319671597,0.14547023835971928,-3.0121571267077245,0.6601900530338924,0.17618425643969282,1
-1.261682772751366,0.751035828665436,-1.5464460702166598,1.2684706236389358,0.41435274942587413,-0.7544012440570879,-1.3355625891618839,-0.7116803410034007,0.21188286209062301,0.3903234471714073,0.9325534054808426,1
-0.42981120058132855,0.9764941931050442,-3.0279959081243124,3.5120552718226934,0.1185436883092496,1.456294188815829,-2.031189377698369,-0.9507508462981212,-2.983031196551548,-0.41536615719129655,0.7482149402691685,0
1.220940629223448,-0.6317416554167226,6.312000112437843,-4.714410843654079,0.2064789572193022,-1.246584929254419,2.0891683704052055,3.0904587055414154,-0.06635515623311339,-2.4158738599628538,-1.1570304127794602,1
-0.22705548903107445,2.0224516425077486,-0.20296843078690338,0.054755476907537765,0.7927336391815395,-0.7302551116161189,0.9775159200409286,0.25803585715132826,-1.5845079738345966,0.28416369113075834,0.34599801044675443,1
-2.118932390838375,0.46276238444098183,0.9091527259851492,0.08935332895245289,-0.6607979967237161,-0.0553947339767264,0.263471993752604,1.2541185516018472,-1.582041504092154,-1.0703192790814502,1.6768991308192862,1
-0.37453007781733294,-2.5435271128013515,-0.10631808362287368,0.5290694390633794,-1.3507678884840955,-0.29894477264525887,0.11758087756026481,0.2153597837797001,0.05362297024256346,-0.19302752011171243,-0.34995129504170275,0
-0.5078784359747931,0.9340540152625686,2.4050075900594767,-0.9424864591514528,0.11767655041922,-0.6176852578803893,0.6444149645012555,1.858085369044084,-2.014334466324794,-1.9640669275095097,1.5744012382608716,1
0.365930746497405,-0.09427336742589787,-1.0134502885851613,0.16081530033885186,0.07813410417985928,0.132514675600569,-0.2363712274466192,-0.5298616240176918,1.0858900848969415,1.4344979180945434,-0.9053613933027986,0
-0.5325261362884136,-0.2604648843376487,0.10626981784345542,-1.4428378321526234,0.4690989512349499,0.13430315915583416,-0.6944702421098452,0.5892331015679462,4.803474782907769,2.6262874512775816,1.4250530791378897,1
0.6342163296801638,-0.8571565835076645,1.4012693424642133,-1.0074949451747088,-1.4570423335786276,0.5264758314388299,-0.22230091756228387,-0.3172597072571305,0.15447003495269718,-1.2650302543163967,-1.9247512199586547,0
0.5482897597345443,-1.6858617243886234,-0.1404041682663541,0.4431146367788826,-0.31596842298117517,2.259788726186205,-2.7170528223982435,0.770266585421578,1.0981251554766442,0.698565975657433,-1.2829047286618893,0
0.3479703590752145,0.04812838916143947,-2.750278062197109,2.970333240958053,0.5346487842101217,-1.6287779954231059,-2.1653754553418874,-2.0661837986313216,-1.609148406448452,-0.9394662427204545,-0.2249266150358683,0
0.6033043567130622,-0.12150989475231377,-1.3885598663903045,1.6835549639957317,-0.908012655891992,1.1324558849980322,-1.5599747822133048,-1.6135756188390478,-0.9348644884627682,-1.2246813686272617,-0.43218938575856103,0
-0.8928235490148494,-2.7573321963432855,-0.4820784973039366,0.321391632124491,2.1445109482510127,0.8705710533867892,-0.34352241429004876,-2.1712495758743926,1.6095885196615725,-1.1173620044308314,-1.4042021580022148,0
0.48129969670433925,-0.6453483546984331,3.4617590484821568,-2.0939112681086574,-0.3868725149498402,1.1135402078947938,1.0910717666733594,2.6700429492041513,-0.9714706618322464,-1.2658253675018136,0.03370610613309932,1
1.8201364339988366,-3.0079454314407137,3.649862678920136,-3.078064338946042,-0.03722820102043482,0.8437924835640961,1.046620559461187,-0.5152774852526678,1.640413647103659,-2.4194218259792426,-3.578205904931923,0
0.09824490214903976,1.1286961532027826,-4.2982625940784995,2.26209928217292,0.08131726884394112,0.5153547000163214,0.9424156121384295,-2.5683458322098627,0.20022957210419667,2.6312837475663047,-0.0709757131943537,0
-1.4200038834872473,0.5009167057342729,-0.3734520782218381,0.14964391774423602,0.6000955867720831,-0.9671239151769384,-2.574336278096106,0.18453425954883784,1.9448877695995883,0.7419510342348203,0.7625279219904009,1
-0.33315760930775745,-2.513074504546159,3.2165275972188914,-3.1257090108369283,0.46602542451797013,1.7371229400530235,1.3480476497052198,0.42257861726731205,2.0234583421040204,-0.7064507157262223,-3.058563524586134,0
-0.7413091839210507,2.0368576604350297,0.027676272518686998,0.9084815417954304,-0.37630411539920894,0.5734586019044016,0.38246638677585454,-0.8047623712037861,-3.237137464711097,-2.5734709166039273,1.0348557946719312,1
1.7225530497678814,1.0598077826841428,-1.0643765857302714,-0.6334282615951099,0.20359329344265367,0.04602384108951626,0.737799283182341,-0.9601241878766036,1.8572661522338338,2.2982973158520723,-1.1528059885179762,0
0.4260462473878932,-0.24032236266554585,-2.798681544192864,2.5275103571011086,-0.29592694777427103,-0.2134685526377945,-1.48067244788367,-1.1894867376979605,-0.6505408567300044,0.6350665432382856,0.14005681141311332,0
0.11268917092956435,-1.3661495265949803,-0.7211341661134331,1.0333390949191994,0.21405887811854662,-1.0466576771115292,-1.4513738421594002,0.9416005431458656,-0.1599757789901497,0.9032126206433159,-0.4479599216505625,0
0.7515792552605933,-0.5814891290779906,1.1112228422960835,0.23844338987008087,-0.33845115759440014,0.8454135667699436,-0.400536507313363,0.6531407692433155,-2.7726233134646003,-1.8568826843584967,-1.6957120634198544,0
0.3317744466055816,-1.3407770661760585,-1.3499176212678794,1.2312674465203561,-0.8704538460689395,-0.9078178825948046,-1.4399328706943995,-0.37604936820259915,0.8042722874533486,0.6323130719963934,-0.013051932048534387,1
-0.9181705375267704,0.30245434626109047,-1.7537322586713162,2.5733297817227965,1.2459381508574723,0.6320323168026936,-1.3388775064045024,-0.14375380238964997,-2.7721411839726127,-0.7473474881657397,0.7949854724663721,0
-0.5339559283908664,-0.3275357584727494,1.6123171951206354,-0.8382518161790954,0.031411581617788904,0.3238737957697296,-0.07830107836669631,1.0934221403211162,-1.1409413851249763,-0.7830511648574956,-1.52128102772434,0
0.26239013417946716,1.0642413362799923,1.1878146529730276,-0.7535115831929643,-1.237105736644603,-0.4970155519705068,-0.045983886385685735,0.3475723911996315,0.09259694932379003,-1.1086678560161862,1.4714453230203421,1
-0.025719140589414536,1.5943634921748158,-0.8401375255010011,0.7000162515502228,-0.9479633548090561,0.12622215473597662,-1.4137417283471092,-0.5862712367290335,-0.1856063411778005,-0.04755084855409719,0.4260286595114267,1
-0.21893469001408378,0.12979986333556626,-0.9539562488407632,1.4247470568614606,-1.1773150479063494,-0.08909113565532772,-0.5850889220293227,0.8931264920222937,-1.0082454347723298,0.29053641490689164,2.1196925440858507,1
-2.715270296107235,0.5565875882674975,-3.6920713455998335,2.803321536262318,0.7905955995960559,-2.4784481355343115,-0.23015460867899495,-1.1751748228354606,-0.017356281257471018,1.6732686159149452,2.6136171241867063,1
-0.6035092995481979,-0.5580489951337035,-9.558895099619404,8.035395001654377,-1.8783063732759406,-1.1274011174146739,-3.5791636770536295,-4.985188137862297,0.17483554050696948,1.8916964744823506,4.0538994011474,0
-0.724998988153291,-0.7484460465253953,2.0828116733532243,-0.6420191238782362,-0.8635716913155932,0.32080742757312436,-0.3015975899623571,1.5689489954156577,-0.585524532688023,-1.8374733050116496,1.5278209145471973,1
-0.6419794862655148,-0.6514639120543679,1.5015995386078562,-0.9305258375504685,0.4473003128429643,0.3853049948671004,0.4533039842694939,2.8066719752196834,-0.1336024986764156,0.9677413293217136,0.6812622182276187,0
-1.2238877554363847,-1.3206704460204715,-2.4765210184900366,1.8903924189816301,0.7751338288128293,-0.42474914214553194,-0.7295297718817287,-3.032299868258753,0.7527382678993255,-0.5597165041146095,-0.448683589815071,0
0.05937657222827163,0.013921859515655943,6.870170720315342,-3.1997213985189674,0.025632423799546642,0.6469871039506927,-1.5702964246369213,4.367086334463982,-1.5577484871775598,-4.9750197188342735,2.074394178254545,1
-0.4904588740005622,-1.0775433683328135,-2.0937627619608277,2.1987102326898538,-0.18890943526370207,1.3227176421213533,-1.291997169418799,-1.7320021949317188,-0.2945155401869547,-0.7242520895267055,0.40154453720823624,0
-0.11855677354218742,-1.7408678030766227,-0.5951034764203547,0.34117339130482693,0.00011220635203372681,-1.5235327250087292,-0.47475809732002777,-1.7706299336857123,0.19472241713726723,-0.4849413151943379,-3.259552961878753,0
-0.12166620326981334,1.25904846699871,-0.2558964572916758,1.5058945907375192,0.7804984310200068,2.4378264458252907,-1.459656980969783,0.9502631084703816,-2.5431206566819284,-1.2613223666020983,1.9774408902232652,0
0.041971917446935625,-0.05719322533900717,0.30510090796884975,-0.6368241718822946,-1.6093459263318475,0.7360480998556749,1.7330360711380681,-0.36804085691425437,0.1034783218888099,-0.017813150398053312,-0.07186395257272915,1
0.3818524330251871,-1.6464718850014246,-3.847773495051588,3.668325951743683,1.465104318288623,-0.18397631668486347,-0.46270634900771257,-1.9703976305583977,-1.326672306447701,0.23631342700822155,0.662203339831017,1
0.7429178589232909,-1.006388691229734,-2.0888319514821263,1.590498624739971,0.443152764157405,-0.7070821222167903,-0.5884967568260209,-1.2965997608410436,1.0504183403104153,0.5448022113848339,1.1304918010353653,1
0.36666559285024436,-0.697868571116431,-1.1255088049579318,0.29146963371418344,-0.6421693846221846,0.8945115902022732,-0.22821747745557686,-0.686989603885979,2.435316949517392,1.1779186740893435,1.3269938611253669,1
0.13770055895313305,1.3055930221937342,-3.882268976777574,2.123159234388448,1.6455567689667594,-0.32904920645037905,-1.0168204717006264,-2.380896817500633,0.7219907672152518,2.3345868593765102,-0.7078076624907167,0
-0.19870542977643516,-1.6319327071375276,-1.9928996193448,2.1351963775123792,0.43372981477210026,2.4169341574678755,-1.3070845724685034,-1.048292051387742,-0.15629930729463615,-0.14077922723062686,0.25523035644642666,1
0.15330314263193243,-2.950515110263944,0.9593429467496667,-1.2363681177433914,0.5900078031855946,0.6650338361393378,-1.19969094239827,0.3061768424983575,3.8434021022782803,0.7429309573119979,-0.763372802262918,1
0.9364094196478718,0.02104407288678989,1.853532610212618,-2.637470427093509,2.273802371546877,1.1450801088125129,-0.5329168269933219,0.8156820066797847,4.218256788582322,1.256001098482854,0.2924357054166751,1
0.29155000122305824,-2.771502721499523,0.7261536272014183,-0.11709319388246972,-0.8120580381335233,-1.582644412945223,-1.8150385559805922,0.7045805696005285,1.1586825880350453,-0.1652115772420406,-1.4659455416619238,0
1.2783380493319227,1.6552238150731446,-4.259266713163349,2.7066316855900308,-0.25854565905488003,-0.4377167638964323,0.753692851245179,-0.0412770906443628,-1.2034641666127885,3.9960144782936613,1.0245138644996625,0
0.9427856586394764,-0.714119395868169,-2.2824855409066034,2.394870283684445,-0.19952763598390114,0.016357432419210647,-0.18152598766964745,-1.950650731107167,-1.5641734943370837,-0.9348794182880371,0.09971967453335073,1
-0.8531534873565331,-0.36231938280492954,-2.5483131762612867,2.113732447357226,0.14367208532679754,-0.5414764950297805,-0.30296008160385196,-1.3116406640388614,-0.2765249269131549,0.5612852275055051,0.8905231365527213,1
-0.5065137464057029,-0.738302785288405,0.1953216616744026,-1.0287763317246814,-0.5855612935638034,-0.4274870098674818,-0.2418704516633976,-0.348489857438752,3.4887133141487796,0.975719297725405,0.8638235014776564,1
-0.678960581949549,0.6526269203474976,1.2457079402395923,-1.0865942573277065,-0.9337234824349323,-0.021247008268839754,0.7847736032431734,0.029844270440614218,-0.06646675976443128,-0.8683312399646808,0.0542851159188128,0
-1.4219560010889456,-0.9647108655630103,3.1236263368123245,-1.6304784446808849,-1.232398984454659,0.28824396739393554,0.9196270788892704,2.398510937842399,-1.8431040259388327,-1.4405939956477427,-1.1135987969309507,0
-0.23962084902996714,-1.297309645371845,4.946271066521669,-4.1461276324053795,-0.31609894721191,-0.2404463737971977,0.611336691111964,0.5082372410254086,0.8917346778010815,-2.45578303156944,-4.529912524377732,0
-0.5590502310021255,-0.5540465073330637,-2.3081000512127803,2.136296362874317,0.6506635254700273,1.3331049898078189,-1.720321323459546,-2.15898714413051,-0.2316501447640673,-0.5096112107488013,-0.5939751316910922,0
-0.06811065243740146,-1.628289156784379,-5.111731444984399,5.308980871550294,-0.6774523821208331,-0.19604466114605146,-0.4836709587509515,-2.444192360156324,-3.2683448524201344,-0.31689445259747595,1.07634887267223,1
0.8815770438565793,2.4112179960646634,0.2915804337561877,1.1419348526187794,-0.30595274654439203,-0.15299507714479607,-0.47861267484866965,1.1266785130322474,-4.010992866777779,-1.7742023426002975,1.6870443700696676,1
-0.7352758224857259,-1.8003552610038442,-4.217229165834466,3.6497338275335776,-0.07255464784846184,-0.9595828708635139,1.5190370534603164,-0.853561427397271,-2.173440375326244,1.9384977887078234,0.5753917938218789,0
-0.5407087296140697,-1.6043837172997728,-0.42334922396209984,-0.3408933843591286,1.5632978259653443,-0.7271944415807097,0.036645378034723564,-2.5275793120462895,2.4139789200209054,-0.6192116664542815,-1.296853926707544,0
0.7682403330572071,-0.997988009145347,0.48936288459730914,-0.801346666763852,1.1607158938923674,0.9010925345362517,-1.329301647028394,0.03045081874902056,2.950886066513476,0.4822725741179628,0.32471077818565003,1
0.570854360736772,2.889493169170465,1.403355996691609,-1.3641064392902227,-0.566463352226803,0.7079639282079826,1.0685335951215365,0.604122212604195,-1.0073405960380108,-0.4858571393082458,0.5929571174763515,1
0.7375717251192462,0.25030986717062187,1.1727263174953437,-0.7335925870152167,-1.1484672440172352,1.9195050941050842,1.4214618527133003,1.550029302529263,-1.1984641829138216,0.05784775850294288,0.38156447455950016,1
-1.400022402769293,-0.24101354976854272,1.2152113685658075,0.0009474618869837129,0.2667095588096547,-1.4796244002775307,-1.0971797840486373,-0.4433212083198155,-2.1338184087913974,-2.6186680585686593,-2.28534045121423,0
0.339715841506469,1.9775632715304357,-2.184855405236911,2.640010064501863,-0.29241186370648137,1.3001954653340562,-2.015906173792243,0.3286686382056123,-2.8037711643831216,0.3245174958035879,1.0511774908340603,0
-1.612202543805479,0.7417971941873049,-0.3045695496272871,-0.3566639538590095,-0.4625652578655777,-1.7024278095306558,1.0190747970381582,-1.033888114440087,0.8627687773162,0.07580205998215916,0.7089326857717324,1
1.9383903805679936,-0.782332118340715,-3.2820228216424665,3.42178555291625,0.9672895840621762,1.1292052202057883,-1.9366265869833608,-1.178053682460276,-1.2361129301706086,0.1979408892898259,0.8231141302443721,1
-1.203073037240322,-2.2364842855277387,-2.3120973246763508,2.4597635325961105,0.999274176218121,-0.33659101936004815,-1.861712220494623,-0.8826107902748547,0.2172114345435221,0.22493745485002414,0.2638281709913629,1
1.2050879311953056,-1.0819707000495578,-3.4590588402317533,2.8579004315676477,-0.3075936738654247,-0.15938703699290308,-1.821553853985001,-2.984133271913886,1.163748028882438,-0.16584438292370973,1.1385103638223186,0
-0.8460130985444687,-0.32868054499109794,1.6226139340352792,-2.0477480168958335,1.453135176783354,-0.024331585426087595,-0.21150600596537839,0.41975741878347095,2.2241790961169494,0.5698178067828576,-1.5350530752845235,0
-0.3537549751961927,-0.9904361101446466,-2.7626053304116733,2.6468498381261525,-0.20495176523349476,-0.8438797057935271,-1.3818533275352247,-2.196032768665173,-0.9417372435915532,-0.39885871966266767,-0.9164397825311451,0
0.2556289738121256,-0.03560392248919675,-5.726222929967415,3.70436308922657,0.22799172248840496,-2.4291778622327085,-3.113267689177346,-4.789854386971203,1.5380737539083054,1.7218657411041136,-2.181362025245601,0
0.47783631424603357,-0.10799470988595528,-3.8282409681204363,4.121963331420149,0.7149513450512803,-1.1825340395945958,-1.9301831577341169,-1.5521953219464866,-2.5542401795098177,-0.22395282728429344,0.7651152241789496,1
-0.0728085991241935,-0.36672557178124104,-0.5378399028121682,0.5381483212809949,0.5098552730633155,1.336823154673766,-1.5173228722357321,1.5740753899414808,0.09832419843486417,1.8298021277087961,-0.5244931911052368,0
1.6201740863715621,-0.2442262042747526,-3.927992371054415,3.755677912404512,-0.8505969575566544,-0.9053885916243815,-0.4016741789304595,-1.8814316579270263,-2.189066479245498,0.17916732605017305,0.9756156187807427,1
0.13600731883256476,-1.77554540799182,-1.4618157292073646,1.2892496485523692,-2.2928705998821344,0.4266315597969475,-1.9762039984298272,-0.23207704126742024,1.6303575580327987,0.9379085368451324,0.4008930369339616,1
-1.6020916373230303,2.1547058811865005,-1.1235227962101515,0.7433139209841971,0.6430695769173806,-0.0014203068669971831,0.9058753164234798,-1.1200595820211467,-1.4949612431612609,-0.23869137814650276,0.6504873369476974,1
1.657838743725373,-0.5021812995134345,5.663457308908984,-3.7105618598729615,3.3491092456175258,-1.0571598385512333,0.9607456871400084,2.6214004942836846,-1.7705349353317774,-2.944974809541163,-2.9437272225212547,0
1.9487052410534502,-0.10166538977540596,-0.24054826597171938,-0.1818668105215712,1.4282909554682923,0.6996644056213847,-0.8018543407343457,-0.9693002420668502,0.08065097505473517,0.23188510010188246,-3.1630258462482637,0
-1.9239074369257403,-1.2950276072406293,-2.247779272843856,1.9231121197070808,0.430799032087401,-0.4274119560236769,0.06083003353564509,-1.3641300383003876,-0.4151957728547546,0.3544959717415099,-0.1042717153539241,0
-1.3137878384646338,-2.408810513040803,-2.26081579318505,1.9399372828244392,-0.5593722693463773,-0.02239637584252518,-4.718534810579061,-3.3896472038109655,2.5053797361978303,-0.8657012128503216,-2.7514543892641545,0
1.8066106950001437,-1.0327678970071772,-0.026763718607895125,1.138242012910091,-0.6909323134297872,-1.6811038517624528,-1.5205021425864194,-0.3138587474143433,-0.009579978275571555,-2.103204178345186,2.442457845325255,1
0.7977912505481427,0.10948372047559063,-0.7260215739023719,0.19300977704235578,0.8506645287316978,-0.21345603138328234,-1.0315627169156278,-0.4241349663645656,1.836232944441211,0.7656508756949905,0.9398661835783906,1
0.2569104824966054,0.8426467279858494,0.01086171403778419,-0.027935528153090656,-0.906012545354221,-0.8291147282209986,0.11417574788163753,0.033954024794842885,0.6850187707894009,-0.23614772635952086,2.4670994846903147,1
-0.5493621992157774,-1.9620420371731229,-1.0198407609490232,0.8639822534227161,-0.3818482504899686,0.8094158469299276,0.18141318711421506,-0.5190483239673034,0.30466115936709004,0.4253682001577064,-0.5502385849310887,0
-1.3038105982725636,-0.3249011018594823,-1.174506618091306,0.4795509918481321,-0.7180547941401648,1.0151021305082502,1.6609663774353436,-0.5426093759472201,0.4406726596923207,0.9616671922509452,1.175391943232584,1
-0.31097089532255257,-1.3040171910736895,-5.136511667667071,4.114918581205449,-1.2014352239748363,1.2967975581185365,-1.873966102485485,-3.7657383127568176,0.39703838217969234,0.6223281292921423,0.09621346293489608,0
1.7119797924107083,3.825047519646751,1.2749544672649737,-0.21612046072456273,-0.45778419400020925,-0.42405222819853994,-0.5270705885066163,-0.4242357027336041,-2.149701133287067,-3.1808028423000403,2.510739674747663,1
1.3881349643930703,-1.1278443768527588,-0.7576041668674611,0.8477939866764459,-0.18259172988423247,0.2870393047778295,-0.8550878221825027,-1.5815037736580642,-0.28167013432307164,-0.9655269309865395,-1.754823186828792,0
-0.6611931761052141,-0.4133288084997644,2.800756655558731,-3.14083910597457,0.3814236612857161,-0.43285607148067956,1.9255499862030339,-0.10256009858002968,2.6378850728426144,-0.7816086066192822,-0.11653896486345305,1
1.1140620836360677,0.14694267858255194,-0.11856361069254816,-0.2615394499074704,0.047431831809873745,-1.22448297140099,-1.6855048730576125,0.8749360174032621,1.2009717684065149,1.6451988077959072,-1.0310525422504426,0
0.5254279672892098,-1.2227015327370505,5.424359485150031,-3.1634592245969273,0.3763562193146982,0.03832645339827594,-0.15104778029424604,2.7665421267934853,0.6593433623727738,-3.4679989234520905,1.7275511525646134,1
0.1387960717007237,0.049474431759092274,4.163232027652062,-2.5882527041970027,-0.2416874307979461,0.706124874083371,0.6044141934281868,0.9890967675749937,-0.2520412900083313,-3.513523066651608,0.6613467488075244,1
0.6198425863424476,-0.731937536071549,0.6736882491326299,-1.6922497070054563,0.03309387626285103,1.199891032455817,-1.3591477568727526,-3.312612668552103,4.068082393304441,-1.2599469676630084,-2.6186487500581865,0
0.29723213095240997,-1.6166492055448165,1.1835809982584011,-0.7164935885026706,-0.6553701095294597,-0.49761380335039124,-0.07309736954369606,-0.665190537279751,0.11484819233285182,-1.5376347553353575,-2.0659915316175086,0
1.260328714716107,2.6862835824219493,2.237406653346324,-0.9624129038888147,-0.07653464862471265,0.42193721415620683,-0.18160498442471174,-0.48444806758184455,-1.8094485339251236,-3.8171201215648045,1.422676798568399,1
-0.7661377872843013,-0.5587068685921194,-3.47439192746077,3.1481307523548168,-0.4502003757861245,-1.286260529328763,-1.7098754331102093,-1.6537840016550207,-0.1325168447986852,0.5279009728029977,1.3583424990082302,1
-1.1301809682996384,-2.068133128269042,-0.445201557536913,1.3694742349732951,1.5173407265759644,-1.445622441538604,0.4355663409713319,1.337466974274205,-1.706265837287622,-0.018536808642763525,0.9049692636717215,1
2.6617530733954937,-0.14089136102414324,-1.1115022211041536,0.6963799558104045,0.9081158108498514,1.928637203618718,-0.8616241239294288,1.3022752327590055,0.07169474245702834,2.4431478297851177,-0.569535959888215,0
-1.370581187206931,0.56827017663867,-2.042649879573537,0.3941861657864298,0.8948290447781674,0.2860281578305755,2.8189954076051604,-1.6694968991738415,-0.0711478879208205,1.878550117259956,-0.9424651557880619,1
-0.8780668625506951,-0.48057291394254814,-0.21898454564086886,1.486329976015779,-0.18006005963855762,-0.790321412210188,-1.2060692854504707,-0.5533089435370989,-2.657005902375486,-2.3077914588054016,-0.6705835588941286,0
-0.6831451857720213,1.540351559727509,-4.203504847023424,3.679573139934648,0.9441903590161467,1.3791990330105368,-0.4046156021432932,-2.2753991635102,-2.3514234381469254,0.3109286883679234,1.3897479980905834,1
0.8718929689017328,-0.7957483590274115,0.6039766619743969,0.6594485989919197,-1.2998978438763078,1.1230798711220582,0.10137733168169871,-0.22084085777527074,-1.4266123593390991,-2.5853581158238272,1.6083730558392215,1
0.5946657265011092,-0.5597261770350777,-0.02317227330774058,-0.38381958994680415,0.8178970057237428,-0.0012934701979491856,1.4872252469204312,1.7876422540090484,0.3870913710149928,2.2004709117036487,0.7196361958199501,1
-1.6300039264289587,0.5904121555535136,-0.4145825859066624,-0.046821454338968616,0.5217584063191366,0.63085870655785,-0.5474952977672558,-0.7554866390841314,1.4782573592866206,0.13123984369520836,1.0664360905358419,1
0.2545684885533977,-1.0002558612962187,1.028599152467091,0.16704330540389098,0.32813313172543535,-0.5261889857269507,-0.18544076886252248,0.6450965323789091,-1.1184010702824425,-1.75566470726548,0.7486301886214488,0
0.8678231899787656,-1.5683014782779812,-0.9740415586218835,0.3480388265443015,0.8679414043339749,1.3988070521743887,-0.7787983874624326,-0.47175332142877685,2.4815061545767954,1.1549220323959772,0.49394609206750395,1
-0.013701503868469134,-1.5221628887566974,-0.7776715159465345,0.442453577254179,0.6725003089206477,0.4399731225700312,0.5719384140982091,-1.0760783425446068,0.9309407599945742,-0.009481674101508908,0.1061737465400372,1
1.8589370031347532,0.5849454407325612,0.4350204172829782,-0.7193747462717882,1.2160295298511736,-1.878788045870656,0.054302031480557345,-0.6343283417836746,1.0969498745723671,-0.3821910101100836,0.3637783677829064,1
1.2005670188291306,0.653560686898462,0.24320843588130073,-0.8702724617265888,-0.3217823235252338,-0.526458646966549,-0.08137971080584583,-0.2045039153776944,1.7177320283577107,0.6583366324608749,0.2830013033738289,1
1.2528318961329545,0.3822919411744541,1.0043766274622585,-1.400131131639825,2.3013653586857323,0.1478458042220974,-1.4440286855051387,-0.03627553083138357,3.1715558047204606,0.18160524677276813,0.813961584484633,1
-1.0339765044625686,-1.7982543723096553,2.3062803722511633,-1.4478888637889207,-0.5775150022852292,0.13979942564634792,0.6679214829733098,0.9128949819435161,0.5698823838696412,-1.4174208900245213,0.06158758220875804,1
-0.6596506855736382,-2.0598660463051734,3.153274087603299,-1.3303721071331094,0.06950623104915067,-0.1319235903987851,-0.10421275819236253,2.669708665100419,-0.040768724701849446,-1.8032501729300512,1.5800357449250007,1
-1.1178375154394669,1.1580480983289267,-4.540960680060169,3.0970678194861723,0.40852820813804547,1.1366755905985637,-2.8924664579072976,-2.4503647793238192,0.2752348552202001,2.2143849292031788,-1.3252564103195037,0
1.347467035647424,-1.757976187562519,-5.972784582285836,5.259056774342279,1.175191891477869,-0.25437650973695514,-0.9826026358141365,-2.173469713661308,-0.8645042132096321,1.7332950203585962,2.1473670750058433,1
1.5761839636203665,-3.214180440750913,1.9470344679789073,-1.6393207718533365,0.6916185668083017,-0.8844338503092852,0.9163855676125212,-0.5509920536441288,1.4255981470008254,-1.3774975200432529,-2.413734503367954,0
2.111171101221227,-1.9070594503416156,3.8952118313168955,-3.361836287557547,-0.23598050020972247,1.0931485733527058,0.8485781795606862,0.2152898502423628,0.8000310075286032,-1.802512481549234,-4.559787050145245,0
0.26276857865350733,0.6236654606806374,-0.788719771933111,1.2525599199515496,0.5911461527417603,0.3770839516132805,-0.8004975404670982,0.13121745601843293,-0.30965035699393967,-0.579060506790292,3.157303050237619,1
-1.192191790114706,0.10757651370320276,2.026039960506718,-2.621270989575416,1.296195883397154,-0.3932402652584063,-0.50822202909961,0.5823321483586559,3.7276698764022393,0.6783676874716109,-0.007814657680479398,0
-0.23239675666793,-1.7073550793323942,-1.3713095014375358,0.9242603512577444,0.8204835993796387,-0.9537707161896827,0.394546381193017,-1.0767130129106255,0.866590006898669,0.4482148914953082,0.12007918025564324,1
0.04922090465809853,-1.9444935031375514,1.088711120321833,-0.307944977653505,-1.6810781021428904,-0.29435317830754343,0.17619402818095542,1.1583039292241843,-0.013533924274668707,-0.5251183989530248,0.20113514522995013,0
1.0872450917055123,-0.6002232650807873,-1.09621758920091,0.5752969356111464,-1.4488441971264607,0.27596437347720054,-0.7104924323218089,-0.9981636776732574,0.33600180275862557,0.6644356642876474,-1.952738722603163,0
0.9447365910697163,1.6039475776376166,-1.9915960961836692,1.8021987828933594,-0.018494737079865507,1.2440709512060204,0.5859999763192435,-0.5178461812899291,-2.5270537285315937,0.44632341362087713,0.4733286496699319,1
0.8224060820689829,0.25152687983799105,-0.14378059851495814,0.5690871785712925,-0.5893801769947674,0.4092008411838292,-0.3504693306112632,0.5190823527861619,-0.2862694421470203,-0.3309425063570253,2.0066296012929437,1
-0.12288986883372896,-0.10658466944072276,2.827269236759588,-1.5884572317476997,-2.429553649602442,-1.1902900549635245,0.46730501544381736,1.6712288871479464,-0.139875737674223,-1.849378721368852,1.7200959154184263,1
0.7431530466555234,0.11713662449978024,-4.397823557154174,2.2473227684740427,-1.8809376209341924,1.0524462614783328,0.2233377382476336,-3.7058876891071675,1.243618053052065,2.045260627300318,-1.0516596470922366,0
-0.21231254791074589,-0.48880032908088783,-0.1753356883247758,-0.2528770813237303,-0.41250172460159507,0.7534345925873589,2.66608936798123,0.3018553415436793,-0.13475743508625793,0.8515068339637614,0.8949352868833413,0
-1.247795107489389,-0.4179362233835016,-0.831536880236235,0.21488070084316954,-1.9977517306838029,-0.8677022238197976,-0.26918190762831407,-0.6810410131621277,1.6701427500694939,0.7392486923219628,0.6332962726401306,1
2.1026732369878975,-0.5264700795981031,-4.101695772199731,4.177939312549188,-0.8811029719147193,1.4592143191078315,-2.0749765662261233,-2.441864044802241,-1.8908278087745167,-0.4875200052692612,0.4261182147777409,0
-0.25266833577101855,-1.2077205954054886,-4.040260189193647,3.7409119770480137,-0.295122642218966,0.36629910866672916,-1.6757321810289685,-1.2914986232473422,-0.5338404466237889,1.1191005452077383,1.2283942984428258,1
1.5035539680031633,0.7515026376474074,-5.907711227649571,4.413916366059558,-0.518956911978281,-0.8855486698211545,-0.7379387636395568,-1.646352896025774,-1.4482826893920884,3.358785241177209,0.3918954589057497,0
0.8998016657853525,-1.3411485662617573,-1.0419385842191031,1.178905801484177,0.5273252877269959,0.5488203766263571,-2.5611924752809703,-0.10603673682532544,1.0082094515704685,0.4220258416074556,-0.2561928716807331,1
0.8509723954446886,-0.605631562466674,-3.8103137675037413,3.5466448345434527,2.189159749467183,0.045093175295340904,-0.0025327644678503347,-1.9516994550580429,-1.5741151027429752,0.17617024914148882,1.5488143910063341,0
0.4683395088263976,0.17779018510546163,2.964995636891147,-2.656045392687125,-0.38241812328329583,-1.034369264327954,-0.7789018733872343,0.24012426993108016,1.8747826265916994,-1.3870231480126731,-1.2885427948864112,1
-0.055887659792886485,0.15389348547357196,-1.7985867354260492,2.7134713697329853,0.5434534806376491,-0.07223979106948425,-1.5838832244100458,-0.596507871169068,-2.9457562825099872,-1.22929232156516,0.3389789056779886,0
1.8260660579560208,-0.550546810764843,-1.7506512163979397,1.4824764162430968,-1.3949247863638126,1.751949481958211,-1.4738857725886896,-2.03781222361257,0.3565022452866229,-0.4854654142326844,-0.6572916040308995,0
-0.6277352107842726,2.4769529029506305,1.6964857757469862,-1.0750602360792778,0.31741999419707867,0.11612457866690785,0.40194285365801213,1.9566093473852588,-1.4802926278122968,-0.3065214965348986,1.2810612892264996,1
1.676429295087931,-0.6098402940908432,2.3031749015970884,-2.2685663069244524,-0.1843465731729345,-0.6625940531019009,-1.6698970542543483,0.23697999411182535,2.8443288651078085,-0.5093108473010817,-1.6036852688031344,0
1.3687100152555063,-0.24121193829216092,-4.290880110858159,2.809774061045278,0.9809176377118267,0.8825862090784402,0.6166394602637706,-1.456331417038646,0.7644059712247122,2.682971575081595,2.3022961426452984,1
-0.8059505326244079,-0.005217669087700605,3.9902133853392403,-3.460916289561448,0.44058037031414327,-0.6802760636886274,1.123789147360798,2.312391107697815,1.2305263601927356,-0.4731619265217796,-0.3227025134457038,1
-2.177239084146778,1.1113392832415256,1.9463130279821623,-2.516759228966121,-0.37303295604009706,1.5860237528864283,-0.6142431406116465,0.088974871904272,3.372637080093231,0.09693924239679208,0.4593641820020181,1
-1.6126940158218328,-0.29426922129830946,-2.3205293923278965,2.017610033008194,0.4961861650382707,0.5776675898139059,-0.9401526277879279,-0.62263835201538,-0.18210874652290465,0.915676590051464,0.8401398511157028,1
0.028841536124616055,-1.0336696301118045,-6.511442229151213,5.454305391503176,-0.2578476315792635,0.9085436792982362,1.0287815752953828,-2.8405836208658046,-2.0042632758022796,1.696569039885115,2.4211259151639952,1
0.27190278833725756,-0.02388617306877583,-1.1873359475120038,-0.006570023495033683,1.6836881211656123,1.2267561465967332,2.4020179430730813,0.11821715817357337,0.3836854118099975,2.3989396940837073,0.1006781132734551,1
0.38955091394558916,-1.3757819954596968,-2.3972798485360283,2.0333483750524963,0.3891972489744622,0.2400357135784636,-1.1560061149038912,-2.437255243135068,0.18194869886871423,-0.3391678135386623,-0.9727352765941522,0
-0.42064282340662085,-0.5079615769638126,0.8206452517386097,0.2062215471483735,-0.7305332117356096,0.5314645040511149,-0.7552441058438575,-0.28755723599094984,-1.5529179307127814,-2.095233242521638,-1.12946677493602,0
-2.0312312290907335,-0.43084300560345423,-1.668989712996567,0.7885853660433011,0.43793232519316977,-0.734169751519839,0.7652647900282961,-1.0721197839228696,0.9613036281075418,1.095248834436255,0.7023409397716716,1
0.49755972860432063,-0.8982754233162267,1.1245776467114559,-1.0277620504941498,0.41994864311283936,-2.2066133960678074,-2.9736022495740286,0.8559090718574058,2.144267742775867,0.5982637459141169,-2.138584485561865,0
0.0620818226594376,3.879000686856986,-0.05021657067901042,1.10628622842356,0.16673233449858738,-0.8459346678046193,-0.9602231886795802,-0.16634067153315546,-3.094300599063377,-2.3945128473643447,2.863575964449872,1
-0.18894092928939574,-1.0503584620477213,-1.8032223003595829,1.5024918215216703,-1.8468386109168609,1.2413993007975692,-0.7132599889421848,-1.2328850360206796,0.8345848159074043,0.18582857467728997,0.9664763232466622,0
-0.3113612506559068,-1.0242377532040212,-5.109374630848283,4.721054090258805,-1.5346361725388995,1.5709059982100428,-2.3478735293479005,-2.5559717644731768,-1.2489604534377972,0.664980538457958,0.2809951399149684,0
0.9503924993455172,1.6207409402558517,-1.4937517375757658,1.7541572389635984,-0.5479231961011511,-0.0560537524924365,-2.100969686195943,-0.6154318579760603,-1.244813487925138,-0.44779786022244505,0.8227959252798276,1
-0.5294499364657358,0.6659010582932885,-0.4367250233096979,1.7514574666540637,-1.920636791486271,1.0206536986653538,-1.599523216396111,-0.10277758547424365,-3.8585677674315297,-1.9121682495194976,-1.316679392438385,0
-1.6632461573225434,-3.1399487839369797,0.5125830081756116,-0.12260586697252902,-0.08251013102662928,-1.2887153794833637,-2.495486470544353,-1.3655303450232512,2.318887881273449,-1.4735862788797534,-2.079027319208551,0
-2.9696563859306124,-0.8221397480340872,-1.4097927094977056,1.4803799796467743,1.4378359635708338,1.40915813930814,-1.5749033549582943,-0.8061011410140735,0.2934838080984402,-0.11354390284410076,0.354264775544804,1
1.0807949451780658,-1.0864417815882124,0.6434604576721276,-0.15791029125026929,0.6854267665484437,0.30502668882904577,-3.025923507685147,0.9073951240572522,1.2014132332661047,0.16230164746402376,-1.3057476000678632,0
0.5189939543298241,0.7709737602029658,1.0429682132568212,-1.0299941475997676,1.0430241832479274,-1.7576677748013818,-1.5422997018577385,2.5938479017583607,0.9676476122006237,1.9362556058985059,-0.09466542614349183,0
1.0251454197275798,-2.526846770298844,-2.765305344871403,1.9119302781951533,-2.5095575294236006,-0.7529681156978066,-1.1048873415332146,-3.785275827166883,1.8744674163112565,-0.47956617184555667,-1.3167618716527583,0
0.40363230228085095,-0.7983468497946693,-3.653800496640919,2.978114809461371,1.408432005244602,1.4770011993491268,-1.3128808611305969,-1.1184806667146816,0.3843100433472901,1.656875610464707,1.3792439953174789,1
-0.4770781430038377,0.8045759623179872,-1.047506527210119,1.1131226339635287,0.4265372316696623,-0.21365776496027844,-0.564535593220189,0.21155642989410384,-0.6175492338728547,0.3560659214040429,1.5409343388876118,1
0.0008931157442575476,-0.329837400031012,-2.4512311296997975,2.2352867718546037,-1.6664358989129402,-0.17587039715059177,-0.675223119799543,-1.0393118708401023,-0.30975800153465616,0.38613566778544256,1.4355147160291672,1
-0.26872213053171723,1.0729742665144184,-1.0403921697106795,0.2810736828374503,0.05545013732478426,0.5434770707481711,1.4737653058411713,-0.5546046813434575,-0.5600067059987901,0.9772331467883781,0.029105555738077715,1
0.10130655420973257,0.8804600348491651,0.646285568808509,-1.1615867644726146,-1.3386383531326005,-0.45652309896105225,2.8177676766832365,0.21572020204184683,-0.9066844993351192,0.5853401826178766,-0.9099922944128291,1
0.8438487104720153,-0.7452708420890187,-1.9093366135844776,2.1099607866917056,-0.19308607882483078,-0.7110765893824276,-1.2227324190994806,-1.328935514600218,-0.9093664188415262,-0.5901969543962385,-0.031603449098594694,0
0.10729197549186563,2.1810498813176533,-0.10984231718592903,0.699330051953821,0.5510914325699245,2.7752432768740065,0.24469677854369554,0.8533342509736046,-2.9720326788356575,-0.41844820401113436,0.7147663745376448,1
-2.0169401623774323,-0.06079291996597902,4.080205334653167,-1.6184663542729727,-0.46306772790886724,-0.40972670205915473,-0.23846181948643608,2.322649909740603,-1.9834032365793652,-3.7055362881115217,1.3073193072863791,1
0.5974425071626772,0.8476782239074538,-2.160512378306697,3.0418047226301423,0.07209692297319749,0.03872801848238997,-1.5661656683384608,0.31792136986644626,-3.4029079327435996,-0.3307267787582155,1.2335267354314208,0
-0.8324531695136435,1.5982310313226133,-3.459494100771308,2.633034185396349,-0.6376203894725467,-0.46792638338823606,0.14023658558031993,1.186580344599437,-1.8554030511208885,3.592106187302826,1.5465400552695054,0
0.7615349561381488,0.40355305723775303,-2.5736225877777152,2.7340811983879614,2.1166549336152922,0.38191112254119686,-1.238962862784684,-1.4350407436024661,-1.8541204374039155,-0.4968501520491855,0.5459430196744948,1
-1.4995643427044676,0.122222930687658,-0.5181082704654679,0.34110632730149354,0.22335236991471005,0.39804484590477174,-1.0917997451078099,-0.5623464358093138,0.804073226385886,0.035401744246225886,0.19498038972695575,1
0.7396638664966783,-1.027867576657353,-2.2701403785711576,1.9348180103734254,-2.1582873852407993,-0.07945894454634904,-0.6717468522666847,-1.352893046730691,0.5696006647545002,0.3023405485274148,1.2240606108546463,1
0.2687474536620601,-1.2379080166405851,-2.2260233158509926,2.2422642379760913,-0.6895674770060227,-1.3073957928035802,-0.7248837051772464,-0.9311779079864295,-0.7006998567012828,0.19447191878929648,0.27635431637463714,0
-0.6611031269835579,-2.135244560951039,-3.226501978906493,3.4470465763395155,0.6228581065507351,-1.0412909520382994,-2.206334380324305,-0.7254587569129876,-0.8721076870907631,0.6628402628616745,0.030810851497718672,1
-0.5126707371805794,-0.7330724684268632,1.5001888952809777,1.3058640852673125,0.3551790240137019,-0.27344749099717597,-2.066533004075736,1.6218944586341753,-2.7213299572926304,-3.813118501814129,3.271221369221995,1
-0.06897769898771679,2.116736071315058,-4.290574558417597,3.316279430024503,-0.8079834911813416,0.496824645211245,0.04503452248046824,-2.7540801216866955,-1.4596263965296596,0.5073427457625779,2.099203150206784,1
0.20629720629994588,-0.3908790637695278,-1.9154487389017343,1.426397347476182,-0.8120835271607135,-0.6656052717371145,-1.2569525738631913,-1.9236582243258769,0.3423730643509366,0.046856494745589505,-0.9804360224532169,0
1.6606992433196341,-0.29391353800233644,-1.7018156197719132,0.4327224716607183,-1.1404227150287922,0.060667197782372846,-0.4446464517003444,-2.700902580977176,1.9944852981570074,0.4930769832916846,-1.3125212137291848,0
1.2993790828030702,-2.8838690497222643,2.295188863847032,-1.4377155135484516,-0.24970026395471445,-0.25543532000815633,0.4461867874330736,-0.7181661299005696,0.4661763635690501,-2.5726960406747046,-2.442989771927823,0
0.3100617375027742,2.0354721097334054,4.327072253468787,-2.837870739306255,-0.8928294203222187,2.2435217636854494,0.013278191277699136,2.9353670209988456,-1.0133456326571333,-1.8320265968961362,0.8321446772175046,1
0.1153427347590862,-0.4762834310877195,1.266834898788634,0.1849392786431726,-0.7541069886487938,1.4737563631748183,0.18145215394484382,1.7859014129985213,-2.1371443702369577,-1.3432362014298613,1.1773563996145215,0
-0.9706512991999561,-0.13352362849198052,-0.3843821613643475,0.7114915374131247,0.44373150905709524,0.24941772857064587,-1.107455930606165,-0.8592936031443993,-0.9591672037597756,-0.9551627413471449,-1.4297515058125174,0
-1.2696804919126181,-1.7733000910281893,-0.6249236535353079,0.021421906167445784,-1.1695058114396386,-0.32387216149944376,0.16167293405917849,-0.2588617884137796,2.1042630343184676,1.1471799132744034,0.23638931401824292,1
-0.6334831548561346,1.045255866673773,-4.133594837760805,3.3056058434572146,-1.6509719628019979,1.2798355476580447,0.5432411419132319,-1.0048655051704758,-2.194932798701597,1.94147335232912,1.147465907815545,1
-1.4076052459981354,-1.3882940542972528,4.041021650472086,-1.813081615840355,-2.6894887019112943,-0.6251019786546613,-0.6630027538499312,2.4516840561520103,-0.30985525963901406,-3.0452615056932473,1.3749810474140884,1
0.5321677123990356,0.2693217954025753,-4.260063524172624,3.6969569725337936,0.29973530118206804,-0.21058651546770416,0.7441346911961251,0.4561040263334357,-2.6008929674532064,2.887817516219009,1.897299844511332,0
0.025087936782376037,0.7170757600002212,3.8244623713655392,-1.4903066932496436,-0.6880283736547315,0.36552268158727264,-1.7774142397242325,2.6867086948823493,-0.6295502087981213,-3.169883709328695,2.940289499703243,1
-2.0529672588205488,-0.02997302930837975,1.7601100723519976,-1.2207273505433023,0.41653220527050633,-1.7221856704728107,1.1269962449797168,0.9148077961288036,-0.1652030728664442,-0.9199352666863639,0.7990865521010202,1
1.9701678761274735,-2.0837204926270303,-2.0465687610978005,1.1863381949713814,1.4807533804845527,-1.26975694293538,-0.3307224582603377,-0.8816116117451426,2.404922489868457,1.586473216628936,1.0548830056813738,1
0.16407962377614516,2.793238245099796,0.38607877802366264,-0.6434627327785024,-0.12856039713964054,0.23459526689061308,0.9877024257967956,-0.08434253988712603,-0.5373073609641458,-0.2642851435473015,1.5114813301783365,1
-0.45953247712560674,-0.19473102226382222,1.0327704995815976,-1.1723579934877082,-1.4735577784515193,-0.5944851491010814,1.3431109428687737,2.6067631153810042,0.15325689275922116,2.0911275234425135,0.13181530795107732,0
-1.7132116822405747,0.8046855531082618,3.260194486886827,-1.7478878825646613,0.21760639232385384,0.12744887279318654,1.2695631493471842,2.201512837535625,-2.4513117452110764,-1.9914202421857232,0.05294423497087941,1
1.0979549237907718,-0.20961055712007237,-0.8147964827379275,0.748929951820993,-0.08640463410121516,1.3392095360195815,-1.5240209867620214,0.676116248507961,0.08013213024669796,1.2240253846279316,-0.5425263204011848,0
-0.4698238942828918,-0.2623972984247348,-0.3182109292145129,-0.3046761053367934,0.18816494051450905,-1.2925186537479334,-0.13257933315941028,-0.44814431243501734,1.8924349143306107,0.7359666304365751,0.4854172310754245,1
-0.16398724647868668,-2.200645773299396,-2.5861965896739663,2.684023442160797,1.301921090806314,0.557212226057282,-0.0031063859262198124,-1.2474914872318936,-1.1939142641172116,-0.015532506792940048,0.07623369514995804,0
1.2403030224888714,-0.8792174830020802,1.4057579180717954,-2.5349870903187193,1.1172195016380482,-0.2380460413114423,-0.9543138444956686,1.0285283053539682,5.678954318508201,2.2746992410887863,0.7350234483005257,1
-1.0635306286030128,-2.6361475534483674,2.148958587701251,-1.0601327671989444,0.6876178496182223,1.2026883062882492,-0.2531149205285459,2.2646961656017517,0.2241506123484155,-0.29138062061468273,-0.7954012592507695,0
0.1599846928559365,-1.7262935231472674,2.0215791396085874,-1.2621465877182367,0.15139764319853927,0.4400502744617239,0.7312902643841304,0.9224578066776068,-0.6272974443871469,-0.9579329271483324,-2.1111580478164327,0
-0.09075738068716233,-0.8450273428459762,-0.7690251656246865,0.03954111623946328,0.6184135971134446,0.18104735931546653,-0.6211286621466832,-0.3522980905309913,2.5463042355780114,1.2429890569831097,0.819533493863244,1
-1.073749622313052,0.3298431860054234,-4.992578158242652,3.1542944664601458,0.8244863831298137,-0.32970424802874293,-1.465682247683195,-2.290949072798518,0.4828478745450282,3.164149482276456,-1.1311182383923186,0
0.7503786307539491,-0.6924648182494589,0.7257729174501546,-0.23382031728859212,2.2892308274341255,0.2024994487365918,-0.5576342642909576,-0.45480195419902864,0.17972410403345696,-1.3973599904671978,-0.3011553067768438,0
-1.3603199243342796,-0.7007382855746278,-0.321632781350652,0.8024394534934391,-0.38004836766154826,-0.8652018689979254,-0.711386895309607,-0.5534806379325283,-1.1922018028594847,-0.940475259105398,-1.2635826057749044,0
0.10510630778152943,-2.910258519946134,-0.020938212181681504,0.06348524491976672,0.24378927159257982,-0.5917457344358443,0.36468570258719657,-0.33257792798607433,0.817073357077091,-0.005290718622192769,-1.3361075435156957,0
1.591226628634017,-1.9124880073237651,0.7519069529223874,-0.77425591750717,-1.6673586789633517,0.19677916733248058,1.6556329628497963,1.03690219169433,0.5158924591915439,0.7656711368582272,-0.32031900300763505,1
-0.0524584816914681,-1.648347857126164,-2.999544082447004,2.6784445440107287,-1.3258309834878501,0.7939672052345907,-0.9528445141787801,-1.9331208829760747,-0.20623718349918485,0.2474493339029089,-0.17257312818605797,0
-1.1423590972748652,-1.2230991764410004,-1.363008871760454,1.2711799758415037,-1.2816690921491096,-0.029780702095133938,-0.6665203691709042,-0.33458514376688026,0.00630699189771855,0.5926810464023731,-0.2601550501215161,0
-1.0440242977032066,2.939008989837375,0.7372672619908833,-0.1385028329311004,0.6892735904441731,-0.5944609725254831,1.6009265601723055,0.9729086891083218,-4.081778124743654,-0.7432623714390705,-0.38456726123069274,1
0.2145301636628442,2.307127784062599,-0.1750771903838128,0.9206917272672162,0.9451633186541342,0.9292471516060535,-2.057510666301835,0.376459886312962,-2.2152226665871733,-0.8952372069424702,0.08747147404500843,0
-0.38659072086688057,1.0947343615623406,-3.746632613203658,4.086854446916214,-0.1258586314725121,0.9436883584099343,-2.2701610226053024,-1.0663062153140666,-3.7179202800446296,0.10270842364573951,-0.25614387668837446,0
-0.1471765573787978,-1.0653910463685476,1.6248261529749837,-1.2662684344623014,0.9234966299105632,0.828164093327734,-1.5650123339493958,0.006373275547233659,1.7379724340260974,-0.9562092353388933,-1.2813924547392987,1
-0.9640134197542811,-1.3989947251547372,-1.583099542904086,1.5505349886418502,-1.4877778840054756,0.34632295810232516,0.12553050636055574,0.10219699257259074,-0.652605487713741,0.9147304743673892,0.1863295332374454,0
0.18016545737939318,-0.9829592016720288,-3.1633565660304535,3.345986386764273,-0.12179602627644516,-0.6931895640566458,-0.883800494439608,-1.7001046267325868,-1.809633147512266,-0.4248621616457635,0.5882141967343733,1
0.04281580000391372,-1.8590161161637095,-0.3151050687842356,0.9377033276569977,-0.6015878937259831,-3.0144927896964417,-1.4550395712123123,0.8076681236607541,0.07816632303933513,0.09839331426794595,0.1732463750787827,0
1.4580298208270392,-0.13086708551793158,3.1737463726561796,-1.9765316238632444,-1.7203349248250936,1.6474529322602052,0.10256325088158214,2.173114654809784,0.4119652362574753,-1.4352312039949102,1.6099949102354025,1
-0.10904319955242493,-1.7264763189323793,-6.222027647959599,5.160829993009432,-0.3245297696729688,1.1868074745939843,1.3858424952365114,-3.255437851797062,-1.2669491545012572,1.2196461260760214,2.7441959322568197,1
-1.1673242155659014,-2.546482505053842,2.508312283098778,-2.1062397163396005,0.6456246026342826,-1.7475851907514848,0.965589511160724,0.05503646151239894,1.2120663429771363,-1.2866836931551038,-2.334043259147885,0
-1.2731756800540077,-0.6240915978125015,-1.0557056564015537,1.76642511603585,-0.4675115049012387,0.4995210257167473,-0.6204598588666248,0.20344063351557207,-2.13714324092866,-0.4427538902490852,0.05206748871600264,0
0.6382778841333259,-0.36246914109753314,-5.336923308209161,3.724595495510005,-0.4382626360300052,-0.2636099390313385,1.7434228770451765,-0.9973560091211364,-2.301417085268578,3.9592690269450177,-0.9004376749844933,1
-0.47155532155447055,-0.7428234855475654,0.676106940568763,-1.2233337859030908,0.24622505168798853,1.493934013910927,-0.5975110797889198,-0.7886207198465628,2.331073242356417,0.13259028842679155,-1.5862097897577412,0
2.006987030032575,0.5532793617990266,-1.8654752717653327,1.0716909862417547,0.7308739845965295,0.8619915343107795,0.9418067498871885,-0.9783465108147167,-0.11217549311595287,1.003760258992501,0.8824707667440645,0
-1.837246589900305,-0.7213784820702719,-0.25099763467662317,-0.010987335670632979,-0.48634376018684833,0.08829354400945401,-0.6663340870303028,-0.5638858418132593,1.5967531799921726,0.10173941096500172,0.327622085131194,1
-1.428859164743888,0.1818782494418273,-5.004934579160887,4.78669677891863,1.5867651819533068,0.7772076545140684,-2.3913685131797626,-2.258853793059252,-1.6239306791491197,0.3812710956139418,1.7627979182523965,0
1.3406530195584,1.7381938227394993,-4.656750098776306,4.668160929132789,2.284476233090341,1.608041322570612,-3.148311980326998,-1.867994415976729,-2.104811330565962,0.06779365246331115,2.3795343347200983,0
0.797692785100331,1.7491905559505543,-0.533846671621104,0.9198687035974299,-1.2980415252973876,0.20082545210991348,0.4915300004957295,0.5554524086416068,-2.4261212719586016,-0.20082537593194716,1.2661982429894856,1
0.16052544890082582,-1.403401009471619,1.4994210758945727,-1.1715664744925154,2.4440832478737367,-0.6448440153203691,-0.03285197103740212,-0.5407580214189803,0.6235358870956225,-1.3532042688379557,-2.0415371609104884,0
-0.4094756713593785,0.8581422357621293,-1.3940406094314808,0.5380429300238824,0.9607518136711855,0.8033681298995847,1.0249129306615214,-0.7849805118374928,0.30658897197525214,1.039660846700506,1.0160966822484658,1
-0.4949183575625966,-0.5771944506648594,3.7865841238271742,-3.8954865795879314,0.31884631833320487,-0.00290056678176443,2.438499512605994,2.2390818768531258,2.057059577971666,0.5816079331391082,-0.5931939144897582,1
0.9778498802896692,-0.8162841693029985,-3.9741427227265906,3.74979098217321,0.12007331950589972,-1.0376308630822746,-0.17459607371491737,-1.1359437578340148,-1.7917478142314314,0.9570533258950646,1.5011802390319404,0
1.546501224505512,-1.677384758607657,-3.258039427089075,2.842634205420457,-0.6157834288367177,-0.06763421866592138,-1.2054169783599213,-2.44288858861351,-0.17957369944723056,0.10642276984404564,-0.6779219205979362,0
-0.8001211534624325,1.2369594077860597,2.3672950267197703,-1.2680862465122555,0.5748273095988091,-0.9976229216788876,-0.07256678306779385,0.9860069864913927,-0.9033256187001709,-2.0859481577511985,1.03310919728114,1
0.19972216626495473,2.2951203460868275,1.9401647085347753,-0.4168966236785358,0.05076518885103921,0.3202850041534933,-0.46917018331096627,2.3399742816882974,-2.61117465965443,-1.5247557159731522,2.031502300602849,1
1.679064668185417,2.0714082170986963,-2.041840953337533,2.2430035607417955,0.057847279516600396,0.023564122301459562,-0.25865703804009876,0.06704358468990124,-2.352057154449013,0.1878421317304494,2.6741120390459407,1
-1.3354910304111498,-0.6842614440524682,-2.4447517920663158,2.6260097944609,-2.138470505989646,0.5792777737280952,-1.723792819944248,-0.991010027920497,-0.7369416359446241,-0.0738279047629754,0.8412359453279403,1
1.0572266647694364,1.807408916423233,-0.9479064735294346,0.7376931932286009,-0.18591568656590793,-0.9431481523674752,0.7170564354503108,-0.7978167020360067,-1.5024945878187164,-0.25106662398381785,0.6304234653177676,1
1.24773054977365,-0.16246711427547478,-0.8188437939421067,1.0848146138649561,-1.9778785171595994,1.503195983576444,-1.1892014926127303,-0.8231220178936227,-0.4220661322308305,-0.7575778434460224,0.07181255160917177,0
0.7629076330033328,-1.4223159318457665,-0.7300682289569248,0.41577810802896453,-1.0280253009944655,0.5985254277763286,-0.17101439492636317,-0.8677381338452685,1.3142286604249818,0.16268680039026406,0.11490950326049343,1
2.119688586953755,0.04309392920794597,-2.4415036866089626,1.8661041294490357,0.6375444912930393,0.3154836736527105,-0.27992206272925546,0.9006256298340583,-1.041511661136426,2.8067256737155146,-0.14181587602762735,0
-0.7182599831961121,-2.230501908235296,0.29948880964320923,-0.06422127891898259,0.8389049964971239,-0.03476850937038144,-0.49797472389590625,0.5869338816429726,0.8811950035998383,0.32581250520507804,-0.7621438953067536,0
-1.2617638701192508,-0.5620478671304328,-1.8825332706589792,2.3699016590957,-0.9243842024036847,0.8565857878225306,-0.8120831943935533,0.19233350615506362,-1.2237550210682668,0.08637967332388585,2.1935145142369956,0
0.14682614725786586,-1.5389092651335066,-3.182567074605844,3.079424854166114,-0.7491699073095397,1.1040823276189817,-1.1014134565883757,-1.3921464258604688,-0.5014695102884599,0.3691672016940642,0.9096223624619473,1
0.5235535451919873,-0.8429353706113438,-3.198619008005936,2.707561381222674,1.611017031357145,-1.6603246550907227,-1.662975289973418,-1.002299847765579,0.5583475313087854,1.302163985111074,1.3114449293090433,1
-1.2643130651915964,0.9452069496196611,-4.762816396191848,4.295635870021247,0.19315949058293988,-1.3659287241357851,-2.4622637967658747,-2.021761810114556,-1.6512420542956074,0.9112676752665585,0.8620098234605558,0
-0.22333383666292317,-0.7243530917487854,0.6865127249952506,-0.9462708583273872,-0.18271540106178352,1.4435179522332429,0.03710756739564336,0.27964303298066095,1.209759728744367,0.5433227191214439,-1.0394895507744228,0
0.4161061513881489,0.5152983503141375,0.8013856695944919,-1.1564618025925175,1.780824656681203,-1.3926448894360646,-0.1749657091158412,-0.2565864621902537,1.612738909072603,-0.029955346595604615,0.060398739013839076,1
-0.2202854573746569,0.019993816291834277,-2.1160701652199014,1.1727437918337078,-0.608638119654025,0.49716071128444955,-1.9113709508498815,-0.06575745462899618,0.9641231940868767,2.5932588056681833,-1.2947239129792263,0
0.974841189000177,-1.373735031350133,-3.262646618070255,2.759480037924958,0.6671107547149455,2.0750115261184474,-1.0409999960354306,-1.0517647407214366,0.6214137342291634,1.2854957055652099,1.6529886028627867,1
-1.8739358881536725,3.818616655457922,2.86938619094175,-2.3764014886391887,1.7415531735587075,0.42824296197964684,1.9617451066916094,-0.03631699062121674,-2.386304971552284,-2.4600130501963724,-0.6812014026760245,1
-0.8129870401445946,-1.501474324681776,-4.902930604375018,4.975335425527566,-1.3681787092269855,0.3841261464740085,-1.7561827283567555,-2.5226288132757144,-1.714092629701946,-0.24333317775737784,1.5583186590040417,0
1.2283512020182998,0.09201805182171141,-3.3877534559767457,3.042465412702263,0.2908917396345462,-0.537169524190954,-2.0232727723652735,0.6677794604323215,-1.1725984822288416,2.6780963491194667,0.3549443493916635,0
-0.6091115653124538,1.6250810255827874,-4.517761314591285,1.4104255933066998,-0.3166307063265773,-0.1505914607185147,2.9465911112647527,-3.2533238157715854,1.4783076289981365,3.648105004135613,0.30081787993096076,1
0.7957167116598425,1.4744877418297044,0.45792288542402315,-0.8450309144277732,-0.014655023714730911,0.9351790051397081,-1.2254578832735918,0.38700221309212157,1.5872966323493407,0.684704744175989,0.5901828983209993,1
0.7928973822852659,-0.38678234444099674,-3.383817449201067,3.3101499924893982,1.2834514871835563,0.06481613357411632,-0.6894971410228259,-1.9690783779449106,-1.5935359035958416,-0.26021607871934416,1.0006972994082872,1
0.33825468471413117,-1.685491186557198,0.1671980381006307,-0.13345245530328975,-0.484794550301242,1.444070655424814,0.30551734102124284,0.06779601497586918,1.3937002974086774,-0.008913384672013636,0.9949380580992844,0
-0.8593509298753631,-0.7811814961543095,-4.473139917719761,3.944114143353116,0.36645303777964156,-0.5920989026331791,-1.983740433430755,-2.9127313856449852,-0.43456757587932254,0.2379856863377232,0.5321017682001783,0
1.001870225658791,0.4908758169918632,-0.41948006213685507,-0.5566728148750921,0.5622010348611765,-0.062320835823401685,-0.5551967588588652,0.23214603629019104,2.76658618528728,1.8685679608597128,1.24381304184814,1
-1.1993022330738716,0.5849504032029271,2.253181567404283,-1.39607867846139,2.865911429529106,-0.18691281243972901,-0.18929800284589549,0.7137172919907873,0.2629965016377007,-1.841378634441393,1.2620092404270469,1
-0.12326668532414357,0.11417416301515693,4.128237481018768,-2.518520110134929,-0.9349493244358464,2.2029607127630535,0.25402904933725645,2.4685712250007974,-0.2796519783334521,-2.2292174261870694,1.0928150153712664,1
0.25592053455052977,-2.107645558212705,-4.22036572258305,3.434596700821705,0.49408322481245887,0.7594835849510753,-1.1473974074195323,-2.8902520805629193,0.39652181862152225,0.7013489026694115,-0.1700174068359176,0
0.3552139877358811,0.10815483667769588,-1.3755938547048634,1.579472480577948,-2.5818980051885667,-0.38438368595777705,0.40820663949945785,0.4251357805354113,-1.599263759315138,0.47049669123206206,1.4755646924586678,1
-0.11036998309965863,-1.9193118569220686,1.7484426965862534,-1.1162692827667784,-0.010450642539531773,-0.12924222435605504,-1.6607527075391686,1.0837451198102734,1.4334407710578934,-0.3768697964305574,-1.4345301182469652,0
-0.10571466298740219,-1.1593484838676806,-1.5524692878585673,1.573767244203184,-0.6113059224556541,-1.1547767823304727,-0.7549638377492804,-1.174245778095628,-0.6152407684181715,-0.22230903774630628,-0.9238911114457284,0
-1.0954434687487618,1.2647003555783667,2.472809180012185,-1.1693850470345637,-0.1461364770106335,0.5920488866890259,-0.32969340636846733,1.6356367869526238,-0.6168220668125272,-1.9754700942078938,2.4319223691285465,1
0.220274969639135,-1.351621996024853,-1.4601241039035506,1.4156930160120167,-0.05507490323196682,-0.7380323994325286,-1.0572925926806844,-1.9282511630911245,0.03311203106506544,-0.7876303540330709,-1.1059743236616366,0
0.17121293385255967,-0.6532088449801625,-4.417258085266159,3.6867024869682434,-0.639414720511871,0.4575994071668293,-1.6350129982660886,-2.1368964223862843,-0.13796157656719876,1.1854705827865133,0.9031351559366636,0
0.7324028320139695,-1.5396026442458148,-2.4807146746587962,2.205867210585995,-0.6482903763962315,-0.32496957770446155,-2.0615328061336955,-0.411535940724826,0.8255440635441956,1.3515375925524142,0.3993186683680214,1
-0.07016688594781273,0.843587623042137,4.503233097656317,-3.2990193227313847,-0.2696735612693015,-1.2936074847800567,0.7625325464363357,3.025631962645307,-0.034301552816986214,-1.2674875729990678,0.5115689598034479,1
0.7848279545274468,-1.7901805686931311,-2.388894267312778,2.427071089919318,-1.087528066218182,1.3334381959424926,-1.2310292025027256,-2.667273552461505,-0.2582592351846674,-1.2079193267692636,-0.4712215649435804,0
0.6180746757749688,0.39085915104244306,-3.006881468688909,1.780971075460796,-0.933147884641544,1.0176299366974766,-1.1548059656405256,-1.6367843159798205,0.5581507381636375,1.891620051442977,-0.9987214357401994,0
-2.585973710364281,-0.8997511765792051,-5.244116844437015,3.8842838145289886,-1.912188872862284,0.5808736531489177,0.29354773589657945,-4.357943820523933,-0.07013774449352383,0.4554392114551627,0.7247717067225019,0
0.8805549239138895,-0.915107390281324,-3.2046826810175064,3.8265674638203357,1.496080011270087,0.2479518174643354,-1.7356936017834825,-1.842178652119171,-2.4985177159261633,-1.1993045965249813,0.4864696476734556,0
0.09623509031905457,2.477967153350469,3.6035508542036023,-1.8632798204248324,-0.40092914059012863,0.7894620345239557,-0.013282604619180849,1.14869399331077,-2.0409341592701526,-3.6442240724494086,1.3021082530702492,1
1.9380015906797874,-0.19821797451942214,-3.394089807015221,2.860967668234876,0.8089864008592862,1.1160034875081652,-0.3123670402218638,-1.682508031445594,-0.6908558703234609,0.6919103224851793,1.2763826053483376,1
0.8123295424540545,-2.5739806265410934,-1.2743311058984508,1.6461844747339596,-0.2074960931635611,-0.22133595795972885,-1.0399005199052038,-2.9099310583527567,-0.05222551932576447,-2.305647553246371,-1.3618567839642524,0
0.5982417508120982,-0.9608342481154993,1.0907128007421063,0.07546787107682124,0.4058013278083279,-1.3162443507356527,-0.31228531439166557,0.16893092075690674,-2.39851416531155,-1.8992147106635204,-2.4186040301930003,0
1.1503882305374815,-2.865460298143546,-0.13031124685140305,-0.35330365336110303,-0.7178193875246286,0.7300556145030347,0.2622661862255573,-2.0341156565417844,1.4265561097981865,-0.4702078599987345,-3.44420512629155,0
0.058861432594851396,1.9348591325391122,-4.7741900613682375,3.978616456176681,-0.2878582617384707,-0.6182797382846449,-0.757197371144877,-1.9458239326093676,-1.6218148992885233,1.1674978620424892,2.7333006360131575,1
1.3290083621328357,-0.6063243942623978,-0.06481707828204886,0.13111568500274673,-0.07009854627175763,0.5378742558388463,-2.466034272891694,0.5815017240204177,1.2088371746706401,0.7312962737261599,-0.8683487673706245,0
-0.4417904655017017,-1.630446001204288,-4.644557778366712,2.971736160992567,-1.0890564790325794,-0.5272272142431208,0.7819428562941719,-1.3659797166358207,1.7280912264322603,3.3296579598370455,2.487451086473955,1
-0.918154978769752,0.33672165221720457,2.0097672973575937,-2.6757207624886887,0.05787330722598475,-0.09207113670845023,2.0197680800819695,-0.41441978731080065,1.9402461134165139,-0.22741600518706495,-0.7172352745130184,1
-0.3105460911342897,0.01651346030351497,-0.43431017845847736,-0.11608426222588752,1.865703585885377,-0.2583384491085138,-0.9852992907066321,-0.069067249020066,1.9534257461582574,1.0297184284135483,0.593151095327503,1
0.985136593191107,-3.0930764511122444,-1.2031829338200635,0.5854692732890426,-0.28747222207591894,-0.016757065106944028,0.18615371101200906,-1.958675330211107,2.3041637871286547,0.054184751425370825,-0.5797713933360364,0
-2.055666908824319,-1.4049295806519426,-5.19281688488753,5.015971829990708,-2.5658063794415065,0.17001031741321213,-2.192183079163491,-3.5063949736557243,-0.7564521271401679,-0.6185580581739871,1.8853879609081259,0
0.41212843587191794,-0.7629692293282146,-2.7176742362692368,2.1656626606123734,-0.32581885861144044,0.8964602462707025,-1.3991969174672745,-2.2029942802964437,0.28969178966741027,0.24028312860558954,-0.5680603022988947,0
0.7129312335006578,-3.5040425808288616,-1.6688104578207643,1.7892234787268884,0.0557250960580102,-1.544615616392437,0.21876500018828526,-1.7767428230305156,0.030595827773391537,-0.7441999525977945,-0.7243538691095993,0
-1.2591675438449943,-0.0924824382743259,-0.8639642264056713,2.4144441448222365,-2.12933924926199,-0.7705017656977587,-1.3675180693743372,-0.10944195099214271,-3.7039970341418647,-2.216738237375228,0.4583955867112022,0
1.944150394356398,-3.301170360546564,5.340465943073012,-4.104549438170352,1.0185084953291648,-1.685623623047946,-0.5405891835055711,1.8753751511829078,3.0240093830161445,-2.0258822996723893,-2.1814149328431043,0
-0.2448995090027443,-0.031418090815710675,-1.2307516756551646,1.007747092440651,1.208308938783246,-0.788117010872968,-1.4362290819428913,-1.5435237752106648,0.17911738435284075,-0.3552351849611177,-0.9248781293209535,0
1.470331946486636,-1.1102932903017413,-5.432948849762368,4.571072522352835,1.034946757058599,0.7951025420214568,-0.6621921268279973,-1.9576416377799872,-0.6724118530927325,1.879456974804568,1.9843828667974348,0
-1.1193326499064071,-2.447679177598255,-3.241456262552978,2.6189076023543576,-1.1239065348098518,0.1336920101680056,-3.056939761053461,-0.2031729350391701,2.814866454142626,2.4625751316559032,1.7467445820161482,1
1.1755336263363783,-0.16035169110420444,-4.267399328579593,3.3946765743329936,-0.9429023818115158,-2.4902927376610795,-0.021682809815421367,-1.5908953252604987,-0.6059955359386646,1.6228119791325695,1.891462338141338,1
0.06547855160702812,1.044682030196632,0.9265036836100605,-1.490077082335802,0.6857879898525111,-0.12378746747687298,-0.5867680427411406,1.2946137405336045,1.5177539900185495,1.7117304174405352,-0.7191755112163541,0
-1.9407226566050366,1.1015174921787436,0.08474279661501417,-0.1379660181219936,-0.5428529935427334,0.5868224647967187,-2.0144654838399205,-0.05360510276977737,1.242421601458934,-0.03169863427272601,0.7086297021575014,1
-1.1874759492123765,1.2834878210355656,-1.6219039979212158,-0.3722925770581061,-0.29967118062601766,-0.7095805117655447,-1.2335624110871661,-2.2964270427973688,2.927552749323808,2.00141474380957,-2.3349881395612653,0
-0.5591971794023768,-1.5487139912424006,-4.998677296774064,4.2256557312793825,-1.128923838410775,-0.7079990616464771,-0.22768590443899428,-1.8028840699085427,-0.5440102696409437,1.7108029936027407,1.9358504290124812,1
1.2725273555636065,-1.2153841612076108,-3.754782249357733,3.710467656898821,-1.0946300540644343,2.3528318583869274,-1.2132604481808922,-1.3667248763521735,-1.3898073351731097,0.5177321950665594,0.8459487142788036,1
0.759769662992102,3.249084286448099,-0.7539495322250592,0.5376481008350543,1.4710512026734126,-0.6607292611488604,0.4338569827539782,-0.5368547116452855,-1.9562524733942517,-0.2154776052423325,0.8079897631491415,1
-0.54213176591472,-0.40975247481705396,-1.08423966949503,1.402416080417378,-1.5738037325078538,1.6728915087799006,-0.8461208800508263,-0.46607728262214554,-0.7913393121518357,-0.436019992889519,0.4372069344131473,0
1.5053093534944575,1.5020134233549765,-1.191506694931583,2.040224270930426,1.5301516767396943,-0.09804185019197126,-1.3532006840199546,1.0745961613249777,-3.1638084212786604,-0.04887882850453351,1.0005232132146653,0
-0.8555414550654445,-0.024507834659011296,-3.828702458850983,3.0972904994603785,0.22894896304928963,0.7590371079388218,-0.44955384581629004,-0.6936431492799646,-1.192454849792587,2.1506345341575317,0.5494879267832016,0
-1.1947692262646314,-0.8708056665075835,-0.2717000524223714,-0.1736961589836366,0.21991816620666135,0.1688038457664108,0.2504305332012966,0.2056628565144487,0.9037358297474652,1.1463849991411557,-0.6300495755322809,0
-0.9287293794666869,0.5774769862304121,-0.14322131595481383,0.40376279462169085,0.36263104319128203,-1.644656047989556,-1.3349080596357081,-0.6889020777691917,-0.9301980595311417,-0.8330245200186094,-1.5594516526655124,0
-0.6533565261018792,0.5750710848384761,-1.0089079729318084,1.0868714386908105,-0.2476832222108878,-1.3161804462842317,1.3354588925577684,-0.6347648569285269,-2.4431632322798844,-0.39930776148953767,-0.25435815854562804,1
1.1239992429239274,-0.7039280527100835,3.1031770873459,-2.0886725940886754,0.501463413208275,-2.0122515126442715,0.5430576235065354,1.4431034829713627,0.740333042679818,-1.6972262013973132,1.0253295283588835,1
0.7694257462361261,-0.5550726012816278,-0.7743669721739536,1.8003488794083236,-0.6188680127426963,-0.7833860868694456,-0.9367263065021305,-0.09777913267466731,-1.9808504552461823,-1.4146738182961163,0.9929430798217536,0
2.0705189139557034,-0.8493152739972913,-0.9943951063674974,1.4706300840527324,0.546465801776826,0.7790575930336114,-0.7273107206561689,-0.9400149490480201,-0.05151516393999167,-1.2588399502665593,1.9877079705292735,1
2.311842450807593,-1.07003047065173,-1.1408681632386983,0.5485038616872746,1.5697366996540396,-1.112522265415544,-1.1188935341186999,-0.3433194843465422,2.1857004320949347,1.2505150842765427,0.6286562891198682,1
0.48098377364117995,-1.6868815514565945,-0.5149243840478894,0.1878911593000272,1.2430172657720981,-0.6934159580172263,1.0857838004798177,-1.8572561491999031,0.9547800663515139,-0.836852480195321,-0.17980681956800093,0
-0.6604392678290701,2.4634694264194845,-4.9678123626902275,2.9057135754904317,1.8039795941846537,-0.5841086410383223,0.39292664004986055,-0.7437297932845799,-0.9869397952774659,4.48267391774842,0.4355090753484119,0
0.17951322893439275,0.41921512552116175,5.605496253116635,-2.630852064960102,-1.5994943046086894,-0.18841378923652902,-2.129143675059586,4.888711482391204,-0.5327878637180828,-2.9134352591415977,3.0018032099591467,1
-1.2968425109390433,-2.359258763708012,-0.1418809954260395,0.6448621988537285,0.8404609087421473,1.4326147255017763,-0.7231185343564144,-0.7060732309499825,0.4326475803395453,-1.1104004256486137,-0.3701374125104591,0
-0.9573987435779725,-0.7094858267683067,-2.539876183381741,2.2012480252986704,-0.6785363190113948,-0.0680168647060443,-1.5173678458439812,-2.4597232057105867,0.1801111668417823,-0.44262494806388897,-0.224775298043569,0
-1.5736044844299464,0.3619947643728052,-0.693992071741979,0.856341725824318,-0.6962612531698577,-0.29829997356766974,-1.9967303931803504,-0.4510481205553381,0.47695917601660953,-0.361349278473327,0.8134633522547452,1
-0.07652820067868438,-1.931523567178453,-2.427291858022703,1.172078344350877,-0.5230526228126422,-0.5660132830378122,-0.13451263925019108,-0.8179293037878564,2.9734907478083716,2.3972167807772733,1.3645213382454044,1
-0.13766323745935147,-1.414414269272203,0.8236358402215846,-1.0944805546371963,0.07822433420302878,-0.09416189705098922,-0.7295524550654986,0.16756319030977174,2.59789756074375,0.4695153726484712,-0.5004241137249867,1
1.0904185917989844,1.8980604037845117,-1.0752209991507033,0.5262083925070342,-1.136036640265392,0.47348985155929196,1.0996047471841794,-0.26860048370736345,-1.2369547521589999,0.8174453826025367,0.48323029296099124,1
0.9227420131096139,-2.0063599451133216,-4.063295326501716,3.191797586169281,0.6240664744329973,0.07480495491016417,-0.7157394120036191,-0.9746234003393697,0.9287020968922847,2.3327503240399987,1.631614688328614,1
-0.7485239920339604,-0.3450824958280068,-0.739029886133665,-0.3796533473102144,0.9483844204322285,-0.9548928000495427,0.6329417607443013,-0.5175192099265034,2.7646846871497597,1.545763264568734,1.3661440434175403,1
-0.24712472445084052,0.634876652037426,-3.2820185619007933,3.771685097313329,0.6353964578845437,0.13355432581597615,-1.8930306756889381,-0.7079356139311526,-2.81384657258417,-0.13610478469758258,1.4914878705755668,0
0.5785011121594342,-1.121472383208141,-1.6467277651758865,1.3360574982683295,-0.4880626956049236,-0.027042526814083645,-0.30484333081972675,-0.91856381297621,0.44636630140598055,0.4501718503909179,0.4060474128517064,1
0.39304212917080555,-0.4290384142395558,4.065784765516736,-2.187237036000117,-0.19651423375142718,-0.05534794024211623,-0.8523483565211534,1.8562688618752967,0.6779200193542203,-3.168361564275891,2.157533615969527,1
-0.17454688069503335,-0.5458024673897037,0.9225504538272115,0.3917432555367689,1.287161976340033,1.0463506986476099,1.0635312708998295,1.5064540956049395,-2.989742309629645,-1.2134788247788018,0.403877404637826,1
-0.7296430292387618,1.986164647283241,0.6732452230156399,-0.037765615165265325,2.8359515626938068,0.23861611379970318,0.8478793335723633,0.7720884146072755,-2.755708006327166,-0.8839027771624755,0.34189075752333326,1
0.11152141566137518,-0.17210079021812708,-2.9727084601248777,2.3404418345218883,0.6532645028135476,-1.2114481581057759,0.12534918609247248,-1.4297161767598348,-0.150460166686193,0.8416265482547406,1.7125805020859937,1
-0.4862956664083648,0.4264323007266009,-2.918198948393199,1.5285007050150186,-0.6029128980542849,-1.6122127283906633,0.6228838735025921,-0.953918013616173,0.025898758108073072,2.5804094339267913,-0.4179077090692979,0
-0.8124608628634482,-0.13685777097057916,5.6869383887691844,-4.35025649064982,1.4845740298658103,0.37151938715869665,0.8927914284903886,2.2998677581288947,-1.132900388813189,-2.122228581728705,-4.716294262582179,0
0.6234460687795048,2.346583499490903,0.5602857487668056,-0.764951480710301,0.05210711640345268,0.4520780052058755,1.8846434900165172,0.2406319744660902,-1.6100637167702598,-0.021847391294098406,0.059450338074895415,1
-2.374652861103349,-1.2020368709772855,-1.6919446699048113,1.5847160265688938,0.8338696929302344,0.2644945724740781,-1.8197609871979825,-0.7990763041432721,1.2221039902814015,0.2932805469169564,1.0631012406197342,1
-1.4932991605975914,-2.443268919978054,-1.7121565575202495,1.2421633671451762,-0.32037795515472256,1.1408086777844626,-0.7892349142717084,-3.5629532830623223,1.6154891476052877,-1.371105306476718,-1.3284620358964183,0
-0.6085807512040083,3.2671730907119354,4.856536563549365,-3.937885634007585,-0.6833288158676004,-0.1392301871065928,0.822491666363296,0.3242679900749743,-0.013557903131072857,-3.6160484638070933,0.2808444492103942,1
0.20407698117020096,-1.3099950171334014,-3.791114822405989,2.5259035715837657,-0.21736478661895495,1.3125951424332563,-0.9762890896510245,-0.7496657467063752,2.20623850175335,2.972564564448092,2.191269670178504,1
2.519633026720187,-2.469564404937958,-1.2601262529973043,1.2940940760143913,-0.2786154531359137,1.6827216626836223,2.583429725215133,0.4745808221561958,-1.3751257292046166,0.9259645107857448,0.5309107733425928,0
-1.4328756666896147,-0.7627245112461858,-2.730255281073213,2.2224062654527836,0.6802159888238217,-0.6240368340955732,-0.5747836681600256,-1.2403467902686127,0.2984215035887864,0.8503702274968017,1.2021711695702353,1
-0.5095259721458858,-0.27701551112247413,-0.16823620850209298,0.055741368491597595,-0.8999330040898241,1.0392085646031703,0.6034378496873016,-0.026973424920224143,0.2653023882546608,0.15699552455528798,0.7280351221081974,1
-0.5872938760275148,-1.465125073873486,-0.55460115853186,-0.3578367365960467,0.04860466354291455,-0.4171089542242786,0.7419293631133881,-0.3967361903688028,2.6046814861198104,1.4045258567154828,0.570859303804148,1
-1.606534672683243,3.0911905097419314,4.793000147772052,-3.897166284789608,0.20685983547370806,-0.4726713018691457,1.222808276550758,1.7515405695845736,-0.8945373796231564,-2.1916415031542034,-0.5680596257951185,1
2.034647404676824,0.013820321935515412,1.686168218826351,-1.7496456336300799,1.3118215744191803,0.43118601144432367,-2.1626276089246943,0.7051165583911507,3.1130735928287576,0.1771902697134632,-0.02758826093627431,1
0.3328459394518023,-1.3191929199154568,4.939281491170143,-3.058961773020999,-0.7179940769345793,0.7788816120605173,1.2905814966682512,2.7941807034038266,-1.5524227818672163,-2.3955595212932357,-1.9283014060501729,0
1.7280010100268879,3.6742756666919796,-0.5832697063222287,0.7799233437445576,-2.0604398807272943,0.7692045803723639,-0.30286550831342396,-0.45586515387717896,-2.097373650867586,-0.9745346113711542,1.9279218009488543,1
-0.43925829836086644,-1.5226640052160112,-3.365990860810351,2.5205394636868985,-0.935800703676763,-1.063037262255893,-1.0026000107117692,-2.299862545414264,1.1471840873427976,0.8625834666244112,0.46650674303793815,0
-1.0227214443370887,0.6404185247324162,1.4221634627578787,-2.061384598131784,1.9125745155705394,-0.1231416197695083,1.9504070179866628,0.4473593776136351,1.0992265084283706,0.7120836688073375,-0.44137514224000696,1
0.054544274034187545,0.41368260434445175,-2.8473282649726745,2.7686922721522005,0.6019850592991006,0.8038790006959572,-0.18158202802464674,-0.06689626250513248,-1.4238001659044108,1.0076856995419723,2.692688220060626,1
-0.7132267414074794,0.014591312390154765,1.7005772352924406,-1.6186532015095807,0.9744203283422448,-0.3915071286365744,1.1724512157252407,-0.32623446790722554,0.7305271433153979,-1.2098927219671536,-0.08606380680357673,1
0.30320431669828984,-1.3615655232769208,1.59579106709263,-0.7414658209838413,0.41569218510432104,-1.7266476236271016,-0.43299795346220943,-0.8885141224693192,-0.5988591046434455,-2.5069289767239775,-2.5528249170689103,0
-0.23933213092320052,-1.0212986452967738,-2.000798635473344,1.592161319279494,1.6248753628013204,-0.8331076282507798,-0.35870602399914253,-1.1562180726581355,0.388601634980205,0.5333737916286124,0.4405558833443625,1
0.49937681451544064,-0.9883073741495021,-1.512843378347438,1.6588394606589016,1.2609397718014235,-0.04660869897182836,-0.49098769600766995,1.0799515120539358,-0.9779952714357503,1.463873350871951,0.42617986287175635,0
0.5145425815573603,-0.9236468285808886,-2.1449012774764227,2.3153153624942515,-1.3784348547632563,-0.46014406626545623,-1.601763598879026,-2.355203879241609,-1.1195478385157207,-1.2312115089420974,-1.290095606855365,0
0.35562185372236393,0.4734446520989839,-1.496580231241356,1.7365843434232684,-1.0968950653594436,2.2393123701125544,-1.617547345122483,-1.1828542710487802,-1.3363128232868695,-0.7459053019681633,-0.47221477291432773,0
1.1007278664772606,1.7895766246975848,2.9185436801723696,-1.25257962583992,-0.3677098797482759,1.1824067019144058,-0.7488801866264201,0.796800175089564,-1.1301187494446978,-3.516576126379798,2.146650422867962,1
0.19943801976077596,-1.692246333623384,-3.810699142442953,3.770543120917171,0.6863245229614938,-1.195535431169542,-2.19133679144538,-1.1017597058089392,-0.48430322177582474,0.8663156333865022,1.0244298968536714,1
1.120647729667184,-0.051624800317923936,-3.540025802763466,2.3843654115061725,-0.1986072926799511,-1.3226959088956318,1.3732550218971957,-1.732391075570176,0.09143416975561103,1.5232183709801816,2.269940841527033,1
0.8005747497943186,-0.7655088976007611,-2.016506113465506,1.5827401193452395,1.111178207710956,1.8179334224051953,-0.7380249099280005,-1.0888413938578982,0.6898325304504808,0.61377623871589,0.7854767176454186,1
1.8443355168801896,-3.3804649341176063,2.09966859157279,-1.1867390291762072,2.1354293685841066,-1.4525896312955708,-0.39717816979731563,-0.34233192297196563,1.6105281252739343,-2.2575302786256346,-1.0350576032402667,0
-0.047302469908534116,-0.9668850363939996,0.7894447056853305,-0.051975198114842074,1.0974942932219427,1.963740523437003,-0.18397430060414943,0.06158190366150573,-0.9980006629040231,-1.2844219544710878,-1.1322963768936676,0
0.9614222732281622,2.0130038623876683,1.109628319286506,0.6091573993824769,-0.5794134015140402,0.17749059326236513,-1.5970377700217335,1.1537299961973888,-2.2652978610650027,-2.566680295126152,3.08061117689772,1
1.027847209541448,-0.4687952755340607,-0.9522263448479563,0.9807255438865444,0.24287818373364767,-0.7440772919687249,-0.8103311330456736,-0.5316132161118159,-0.7347231412667417,0.06916945910086825,-1.285800213184368,0
1.4436241168138078,0.11392420457049524,2.558519057224975,-1.8785950818405133,-0.208822450786468,0.24031874780244547,1.7193697286208651,1.5766841191843,-0.6912526740834473,-0.8750481640385965,0.1152214837258172,1
-2.2411100861580024,0.6033761449666664,-5.096156070444267,5.056200868768537,1.3220370233824945,-0.7861192592411534,-3.0113556091138847,-2.849548059377522,-3.6738984377875203,-0.11499381547658483,-1.7831624211212722,0
0.11692779043109282,0.6083552218136337,-5.785150517638201,3.9451710102495214,0.45733105924182915,-0.49615105974298584,-0.6832388807310454,-3.1148842917503536,-0.3313216569216624,2.5917118006020488,-0.14600276162994952,1
-0.1858390449642063,-2.7299422656030807,-4.889504580675963,4.468472858986552,-1.1024294632389788,0.5105357994484273,0.09907567899110759,-2.096828094064259,-1.2465305262730617,0.9884733045869076,1.0067586359821716,1
0.2033003776928798,0.3051370759127977,1.7280824202001943,-1.3642500149793948,0.5715256302019573,-0.10872997305211922,1.6043582845091495,0.39997000388278714,-0.4245599579903395,-1.1037107744547996,0.2527029724673475,1
0.6567636345890434,-1.727878582673003,-0.18965096614230945,-0.7484879724569673,-1.8752274132369442,-0.15524592945803373,-0.7929654584201689,-2.1293689095923116,3.1428535426028947,0.07673643635258076,-2.3003976335716882,0
3.0570636107222966,-0.8096618463716327,-4.613098517916825,3.797425450429806,0.09991719785986349,-0.40263832300074254,-1.0568713136502037,-1.2368976070060977,-1.0471777299088665,2.28077184412083,-0.02410025952455197,0
1.5681623158022155,-0.5603711254656906,-2.6865901744006777,2.9380539147786013,-1.3695702703996153,-1.5272658052569767,-0.37439549014784274,-2.0089399336352805,-2.1390133503528723,-1.0731190507581874,0.3965549340482403,1
1.1714993266773033,-1.4399010209847274,0.8855378496992277,-1.1670065953278583,0.047640691270383756,-0.9898790358020563,0.01601188249494301,-0.6776934475483565,2.041192838020052,-0.2949657609014513,-1.1947076992509542,0
-0.09046054184746981,-0.07404633443042097,-9.347278929667162,7.957524613437839,0.5311878645508903,-0.720741207766815,-3.429611215799725,-4.620292296894067,-1.1193883326437053,1.9765084589942565,2.679589383896314,0
-0.6429228671182291,-0.3212322418267188,-0.045702410346936444,-1.6199425164531307,0.48352394215260297,-0.6773398785654481,-2.727346289281713,-3.83654994220029,5.206329891693264,-0.23122215390528678,-3.8078350228731237,0
-0.7815050309026252,-1.519182017862843,0.2790560364200514,-0.09918439793943097,-1.0465313555429963,0.7626341495016474,-0.29830909886319756,0.17734678442276341,0.8678285362193856,-0.08397273536373162,-0.06878719527793686,0
-1.2236214847327789,-1.684912006058163,-2.0289586258092442,2.260742637855662,0.2992050496273701,-0.775073807516505,-1.1084658874443378,-1.496641218023268,-0.536033765721363,-0.6700962118443219,0.0450766035292115,1
0.32253774867509694,0.7091188223773393,-4.141642518183736,3.807530099220831,2.2178736621247785,-0.43181547930798275,-1.1024613970640529,-1.6489666661181852,-1.6808816164758398,0.6217217965443438,1.9194816765520177,1
0.11256037053766345,-0.6979472447802118,-1.64284095704732,0.540774725264708,-1.7355480062242858,-1.4503339740448304,-1.3605642821892059,-2.3348319819510066,2.1225610278490255,0.6687605753270903,-1.8569060883573754,0
-0.2358279640590211,-0.7852652733910311,-0.9189957333046442,1.313282920242935,-0.17893515940738672,-0.7882773938117028,-0.9464724590861376,-1.1519587492071042,-1.6347871369054179,-1.004062415893293,-2.0712520204746268,0
1.3708786058775455,-1.4352884608742922,1.3972255909181701,-1.0908791139795415,1.0627391051649318,0.038327701387721985,0.20994858881072753,-0.33083573401559313,-0.07946222644794798,-1.0177894295069096,-2.9894294398910812,1
0.995414619016962,0.6173294776969844,-4.5118358079346965,4.660777514344582,-0.5697980810084382,-2.326256640401428,-2.01798065912502,-1.144522095857093,-3.5110557051931472,0.6375796914235052,0.4072419269547294,0
-0.32146266131872225,0.21711093912691282,-5.445179748271643,4.988052420902387,0.7712481877601722,-0.35457461846851335,-3.0855031728059066,-3.6214527873176,-1.163772652814143,-0.16957956106163963,0.8716671735091741,0
0.5214217735410694,-1.92596773374227,-3.2591506634754666,2.7113180152729175,0.20236476379864832,-0.5694763598826614,-1.8858819477442026,-0.22196461739821027,1.1932352260882555,2.26192859514026,1.1065143001843054,1
0.8363785189115658,-0.7934027292371344,1.8191378240534468,0.2072586227850979,-0.9183248229077466,-0.38929590940573183,-1.3829136219889684,2.018129659571925,-1.4419775332650584,-2.251967228463008,2.1081779396456075,1
0.41016545162825196,2.5921405917876665,1.130345792129028,-1.5970067027794674,-0.6444030907780859,1.5547697117340125,2.326337212773014,0.0753612685544367,-1.2437553471236293,0.047359818274915644,-0.9055948670772218,1
-0.8616006331648997,2.148373803933443,3.460776529889915,-2.5026076974940916,0.16742548995694684,-0.9556121787418688,0.373796251115253,1.7384407476787056,-0.4041426308421278,-1.7484292120399352,1.1276188156579543,1
0.549425965279562,-2.4125363470965002,3.669843326679862,-2.667098975858995,1.2860170404243938,-0.27769206701861043,1.1567306942159457,0.6222914693104893,-0.12473136271583973,-2.1619869108533836,-3.546146274288331,0
0.05939311386932876,-3.190217821795951,3.0790370458148395,-2.4625819056471245,0.11234492277517667,-0.7456102711142664,-3.9119332814384844,-1.5684102318428472,4.623089648087688,-2.8942609370172008,-3.448669445502393,0
-0.17995797965183027,-0.6973261725728392,-2.936423697916595,1.8296751072980248,0.21048008236380927,1.146502218587631,0.10206199051539022,-1.9154357506971897,0.4222506024542698,1.4009003100854842,-0.579592524219485,0
-0.8863549516479554,-1.4335219653741615,-2.2372220805038032,1.6932672320319304,0.12656878516905223,-1.4234921033177839,-0.736475583184499,-1.6034429191631558,0.6385861292443082,0.5856604497828548,-0.48778718973908314,0
-0.8831981708159283,0.7320083460650029,-2.2706052165127146,1.872645604697414,1.544977801741464,1.2561855701025568,0.41756927365220475,-1.1627542216804538,-1.5582194854368467,0.42155234230171124,0.31766875618279505,1
0.26731362978764944,0.8174501677063587,1.6146418154615214,-1.1512684857201556,-0.17269165484302962,-0.07491764415143497,1.4433513521172072,0.46975145479820557,-1.0701278073419878,-1.1847035318170818,0.153805236938381,1
0.6148350135233036,-2.03792480362187,0.18214958358892852,-0.9797534775754445,1.652597715543095,1.1691775730975087,-0.7803320750586579,0.5056928875249931,4.176082388761618,1.884539634573032,0.5004694301343937,1
2.567690530864088,-1.1475444135428359,0.5947716361512133,0.7068236691965921,0.02360534134029558,0.81360835561818,-0.19684445732965827,0.55812429512703,-2.109085006514793,-1.7462224904348838,-0.045387804064688564,0
-0.3736252773492626,-1.6920987179776064,-1.59860528364225,1.4984441048676382,0.03017567318072676,-0.7238190218541681,-2.7328895442454426,-1.7676785015773158,1.2235096545380404,-0.33912311167038234,-1.303998088079779,0
0.7143391996862711,-0.020448424938783516,-5.148235149031259,4.815637338984858,-0.8151412459347321,0.26745332997998633,-2.4048751118419487,-2.6504328236229893,-1.5897058952384464,0.3474717830633214,1.0888689492392818,0
1.9505798396140472,-0.2163191005095253,-2.668643174023247,2.6880307047111556,0.7119094869994009,1.2630482735067754,-1.0669354801521298,-0.4009605303592077,-1.2473203974751512,0.7141602512236971,1.1122720384999052,0
-0.4548966465798525,1.4272484821678093,-1.7391256831252166,0.5754391483355228,-0.1376569685244909,-0.5568953830288295,2.7991433024492793,-1.1584336252687084,-1.385195186131864,1.3007688429051603,-0.4023772568276003,1
-0.02316499351572518,-0.4878808822338414,0.19694235784097563,0.057914404844947115,1.0222258672890663,0.4633080732318723,-0.5284446761774757,-0.24297281243379232,-0.8421391381181814,-0.46270743778745405,-2.152945044804551,0
0.19273242113688405,-2.5308286908259428,-0.8713900580222018,0.3837963626255306,-0.3970579877683098,0.217653441320796,-0.2835295494544757,-0.47232947000721165,2.2550427075343302,0.9819863620973732,0.029234524460055922,1
0.535079089865516,-0.5782462935139658,3.768588994845092,-1.591956118376687,0.5181160193749805,-0.8860738894983875,-1.1198356557650178,3.361622861847499,-0.3954253380212056,-2.138994825389252,2.2549236364475105,1
-0.727854009848226,-0.48514059328440484,-3.127433354018109,2.7905168754908463,-1.9111001056234558,1.3222634198778587,-1.7350562974497354,-0.7665349432741579,-0.636049415513992,1.3133304489127173,0.0232996951776252,0
1.5028086137931618,-1.2603090020249152,-1.1607172552925784,0.8696071520865207,-0.18643647337486613,-0.842794703439073,-0.34790492300697895,-1.0121550307021332,0.5713705037250492,0.21937254408874185,-0.48441418446659096,0
2.052349661226268,0.13918039547846872,3.416553335949335,-2.062875063391782,-0.0027070501104800877,0.05191128488681419,-0.44364598220930795,1.8282935814318486,0.7051332784622313,-2.129099852586501,1.9951188998901164,1
-1.2478613800432972,1.5909407795533084,-0.8173490389882748,1.1012525529830164,-0.39569654398049164,-2.0699917415513123,-0.44254302730943973,-0.6769469890494739,-1.1070471511644515,-1.0243020179898146,1.9990330906330007,1
0.697422811598458,-1.0922282830263428,-4.880904959243204,4.336165815982396,1.7719630276965455,0.44948584990595497,-1.9633442885141448,-3.0822493606445915,-0.2781704289877839,0.2556781931288705,1.1558783603173977,0
-0.6776684527152065,0.6881279388296364,-0.1173975587308012,-0.5318559467475381,0.5988544425127924,1.9146522077112444,-0.7655448955633718,0.25256203632395424,2.036254463673643,1.2533842684849645,0.8575711546134259,1
-0.28718705335528527,-0.31019600009826065,-2.352911856186606,1.4412994024288612,-0.3768728502754941,-0.17954696148631,-1.4277941022666951,-2.2593466371675825,0.7991301594286464,0.6755417096307128,-1.6675156114792042,0
-0.0038846695194257167,-2.420156912242688,-2.687372423874513,2.7630102849933893,-0.190562895307182,-1.56538316788114,0.38638529430873514,-1.2135738493250685,-1.16163422162994,0.0555823714492506,0.4880269058694158,0
2.5122298846493143,-0.9333041872292123,-1.205968410882141,1.4519114259103862,2.2171840741560733,0.17464887633533255,-0.9115975885021615,-1.1135264161465588,-0.31233060890643616,-0.788913809393798,0.2617440996626357,1
-0.8019260397573109,-0.43623978169901656,-2.3964325468234007,1.797834159773564,0.28912251086849233,1.302973952438136,0.9439838862504013,-1.829546192959936,-0.5376404182759933,0.25172386304146865,0.5463938381499611,0
0.3051189605153155,1.036692242994365,-6.3609034798057555,5.337342256141497,1.286081494512179,1.0431705440129766,-0.21519711590584456,-1.861089849773988,-2.381768781304851,2.320604651340177,2.848638742285347,1
1.1351856250222634,-3.0246476347922737,0.4691695833937971,-0.6762242415688899,1.0235312195491286,1.001588550237608,0.8100504117979117,-1.033883333986048,1.4030755699931474,-0.3778325604736565,-2.2975050511809005,0
2.474298013597767,-0.027017061450729796,0.21357561769853306,-1.0531580323410488,-0.13031244446800458,0.7223602559197506,1.2480873690258047,-0.11860452577822278,1.4279965921554996,1.1321539081753609,-0.39338250465969155,0
-1.2119833811105987,0.5035734879459146,-2.1216360062317055,1.5730129344733934,-0.6117128998831944,1.0803143584908173,-2.02977427923553,-1.925597303243725,0.6031357454036768,0.13594045570402813,-0.27833857141595053,0
0.5847622396792118,-3.301355169422937,1.7932164425073656,-1.150395712621212,1.2161093360049549,-1.6902206867325262,-2.7427108431654856,-0.6144358787642095,2.8129846660746773,-1.6696023906621573,-2.5473902332405367,0
1.8843553537724986,-1.2287421355662294,-2.492317703967497,1.6129126795411215,-1.080128826789312,-0.6490330742377728,2.1947375995909484,-1.364157952467998,-0.510749716993816,1.1983621901533625,0.19719223441424583,0
0.6939033098766076,0.8376933272174774,-10.309679299421015,9.518514278109533,0.6527974207709866,-0.24117522667594823,-3.96080225979732,-3.9452757900046764,-3.7775112138280322,1.926925158101996,3.1184694027640614,0
0.08929445763513842,-0.38743349545186345,6.193668497190527,-4.841752905963373,-0.055348753391756225,-2.1141385939773953,1.6679962128002606,3.482983472841992,0.6834581926894863,-1.6337966182920123,-0.795364427523557,1
1.3566885250629068,-0.8287061227774492,-1.3134346106116068,0.9205745873047769,1.6929698222172567,-1.1022724996829965,-1.9759809712069694,0.2956385868101987,1.8878478255026243,1.5908546298880248,0.8522034402090763,1
-0.7868986319344873,-1.1881466813923183,-1.0150745310810196,0.23330239063988195,-0.35651723753045245,0.20994625711198994,2.5479322484150195,-0.6002481655784633,-0.19397309672289076,1.1718317353000092,-0.7857564838482747,1
0.9953041035365595,0.3931321243966208,-3.219277585805821,1.7684194432796745,-0.7386790624904126,-1.107407874705429,0.31531969910114044,-3.089866379671647,0.7423672265412694,0.8534822253481984,-0.038221041040117365,0
1.7868565269692533,1.346602048193367,-5.522729280063327,4.36811721925415,-1.3053876354751688,0.29239498776141104,-0.5621382247047391,-1.7275282154562766,-1.3815324899534396,2.3310052415103844,2.4626102515079555,1
0.007044464702596718,0.34872631810193544,-1.0998620839405389,-0.04078003043738205,0.6304778448679291,0.34069018020853964,1.9978616870299417,-2.0225515379451062,0.8592656062851136,0.310931096973863,0.1860272385923456,1
-0.6780622122259631,-0.3617928010767377,-0.6831414733346288,0.8386664443635824,0.9352761241851932,0.06510164158955324,-2.0836777593247784,-0.44848258071911107,0.6898883204427086,-0.2269060461371819,0.17738680815160746,1
0.4139844699305045,-0.7992809231388617,-3.4623569704637824,3.153705229371318,-0.00989278354146262,-1.930009295414756,-1.5468715812338094,-2.0578154932742434,-0.24481128381101647,0.17228835494805184,0.9517025522463582,0
-0.355825650960775,1.5868735681177024,2.793048568064672,-1.9326125500172395,-0.6590118292920853,-1.3039853501880827,0.3318173865679118,2.279085004575717,-0.025897112521717003,-0.8513964276432393,2.1950088745336,1
-1.1267736819919758,-1.113863341587576,-2.48657080564256,2.1121149515346094,-0.30324799055609925,-0.8638711477114995,-1.2629172924666963,-2.185804682763107,0.29491569180799515,-0.12634281387023094,-0.3355736180597077,0
0.8425251677967788,-1.3462604143819772,-3.391970509569797,2.650381067947679,0.6826961296462628,-0.11087902119438954,-0.7620865759333987,-1.022982318967036,0.7324165685370093,1.764725407960698,1.301280986039886,1
1.3591794223979794,-1.0781089972901219,-0.3458574000028888,0.2040803178425791,-0.11947343265398423,1.7257886136776168,-2.495702154034297,0.3938502669859212,2.545426475264727,0.942765590834901,0.588946314588651,1
-1.158184925643128,1.6447158397208685,-1.368093046985089,0.4232122258602639,1.0197964268863926,-0.20377456172186484,1.7499013748785677,-0.3930902765413242,-0.9535172620991782,1.4914159229599024,0.06297896691565175,1
-0.5867330559137445,-1.3661687790808448,-0.6204873873832938,0.9208753900631538,1.5212791470996652,-1.9970933174983543,-0.34670796524977054,-0.603024994075868,-0.8139972366205683,-0.5314908687549251,-1.2069987297848424,0
0.816798206914397,-0.4058714757373955,-4.8287607376412485,4.410520775925648,0.6681354801119832,0.6868147192218557,-0.9773497383218526,-1.5628625216791505,-1.7291151167611771,1.2478985020678783,1.5906184400438106,1
1.0419281597401384,-0.787439052453101,-2.5810916243263495,2.584401184699862,0.15253141569157064,-0.7353754752202634,-1.722758248813379,-1.069987192474642,-0.2967241140924124,0.20629265440451183,0.9070096709698706,1
0.009426863198347376,-1.1162393781989903,0.035414291461641885,-1.0242629973742552,-2.2061424033716146,0.10288418652820958,2.1099117729520103,0.4520893275762582,1.5366323631165393,2.0308184977783945,-0.5605792729505117,1
-0.11303527369746187,3.2805605695021978,3.117713894673874,-1.6953591457059898,1.4836039761828412,0.6302968379696046,0.3747168241268746,1.0938193216863876,-2.135751019113952,-3.1198824797078615,1.9014473562892296,1
-0.029821818626972352,0.6712231414418199,1.5290831897045474,0.040408957415953274,-0.2824148202082466,-1.0746578238860027,-0.3384750457836596,0.601453249707335,-2.0578444794025,-2.836738789272748,1.6554902283903603,1
-1.0602322395401411,-0.18548258244872662,2.5229739893022973,-1.9368826646126733,0.5111599247850003,0.3664332468537255,0.1910445844614982,1.3523617457353414,0.5068947767974401,-0.7451523603909067,-0.38912455493864695,0
1.6770805654999583,-0.6959327488529681,-0.3071051136738808,0.4993186009863741,-0.6845487609505981,0.7794426636208657,-0.27520791527287103,0.09848168341497132,0.011199701430843922,-0.053094337656297896,0.466352777449083,0
-1.0573652738014194,1.1575656246020605,5.051865115517528,-2.9267797199810386,0.5972470350502815,0.20255597751988716,-0.9709061943066366,1.588773792674933,0.0898106371431463,-4.351716965436407,1.9737552714470208,1
-0.809274561147148,-0.8970203557381586,4.16498062899256,-3.086923822090157,1.7050801411338612,1.1387341001533458,0.5240250969084812,0.9814800439493765,-0.6646249739397687,-2.2242080681963943,-4.051089337472778,0
2.1704930838694345,-0.2844700190781341,0.7717980857972728,0.28348851576104805,-0.8138027763714556,-0.7151538748410932,-0.5147789188623625,0.7034180845591229,-2.277903231249698,-1.2387927114608375,-1.328548058296045,0
0.709019612501315,1.1354317240430116,-0.696993499535668,-0.025331196063089763,1.7090237457301771,0.41977988872263555,-0.041231482145873244,-0.3679770162467292,0.9907737381603399,0.9689542675928424,0.7923236363465419,1
-1.037900364571817,-2.20178696210204,-3.253279879084759,2.9504792154050654,-0.24226953711767946,1.1144352034256055,0.612978680634571,-0.9071666257763789,-1.1256051060737475,1.1616806105363617,0.4111071117819307,0
1.4841806043083492,0.24909047437665444,-1.397987219699657,0.6172071789262817,-1.5670151799950678,0.2161265653888707,-0.40101968621450684,-0.6246401770383534,0.8811315657213901,1.2949792977435757,-0.0018033372566852446,0
-0.2848831492104028,-0.8503005068873317,-1.6888111197104452,0.7537893324451481,-0.702877558852318,1.008819435144769,-1.5382559199070265,0.009885095789842091,2.8735695097468374,2.3217302691494135,1.1764990719850763,1
0.06404637182149342,0.4854792159859973,-0.2378860031325447,-0.12297584740978346,0.19257911538034972,0.6395723898669151,-1.4628755314520312,0.6818999574267739,0.9962350513715724,1.3959420450384776,-0.4699504511592298,0
1.4837622231801877,-0.9468069205722454,-2.8802250273002845,2.007559485668019,-1.770975405393656,0.7112193136561391,0.176533183417793,-0.9954845659915051,0.9131305415825006,1.6611499753782835,1.696205387542126,1
0.48997183711789244,-1.0605518996859664,-4.465940760222946,3.284378450554599,1.9587371853680342,0.3719622683619143,-2.013704662016063,-3.7255261933560773,0.20073728788193024,0.8297243396271523,-2.3523107442931765,0
1.2812563995518054,1.8699172209661081,-1.5486333270511858,2.4139415802263477,1.576784105882521,-0.5629053191888855,-1.5895843082502321,-0.32245646588533217,-2.0854852404373054,-1.4270190799699831,3.5245048604181974,1
0.33320366895278675,-1.2600948943076202,1.6141051981039096,-1.8283310857586357,0.5352721092720597,1.178637659194071,2.973224239182766,0.3229930196213275,0.27330166774714426,0.006753474552975258,-1.2942654991818519,1
0.05545171388806155,-1.4125925540413653,-3.7031494856973977,3.8281634751104683,-0.3776509443022863,-0.563590636721653,0.9072456031406841,-0.10470564166503471,-2.7746481055824868,1.1612809149828391,1.9464707767735991,0
0.17280882430066322,-1.0935616723625845,-3.0569818030126177,1.6403135630243137,0.3561559681459675,-0.5590737160972398,1.6620836940478065,-1.364594631660935,1.4106786473539488,2.1975604284302475,1.8317827155990778,1
-0.7101642162321707,-1.7368539044852391,0.7323736136465716,-0.5541947737800031,0.5125990530045503,0.09454959959649585,0.16753073898165294,-0.45264938985393405,0.4710183474891898,-0.7176347536705836,-1.6993057908548568,0
-0.5515022105690278,0.38805513787998486,-1.6194502091684855,2.2103159953811975,0.683413927075581,-0.8869905069516154,-1.387606165963317,-0.3449044533943517,-1.2715970777414904,-0.742087849996947,2.29423252108408,1
-0.2427489573302035,1.8718717181621984,-6.275573807168792,3.6088733675830085,1.7339934331280753,-1.2347015736618179,0.3564582323086025,-3.807230114221448,-0.05391566598778663,3.348034313111519,-0.2929803003346473,0
1.037950166103314,0.5534119826401818,-2.684369297797474,2.09071667642987,0.7925785143059189,-1.2331994558111254,0.18263944144988753,-1.6270809595675317,-0.5303857019704381,0.4283669396376322,1.460251887256091,1
0.9806624991839882,-2.108038751235199,2.386643360237765,-1.4033900695444015,-1.1475448414046094,0.8765685904954698,-2.512650621185748,1.4671846350560898,1.67747094129579,-0.7850330258431024,-1.5878395161356589,0
0.7589795652233218,-0.8432515843791345,-0.8661116979966409,0.7638982066652821,-2.1644848971459023,0.22631126416506098,1.1402018483123784,-0.7199180827153991,-0.15057717885140098,-0.20844206035765023,1.0735071610469213,0
-0.7888323250443622,0.6008251590618165,-4.571705843143095,3.0067083033852176,-0.7744592966714237,0.9340120789287467,1.5136247796436317,-1.4939717781954815,-1.2900813819219958,2.917450083199501,0.5140423346595637,0
-1.1175783589694421,0.6417236627660488,-3.8870703342243593,3.0578427778168225,-2.5029478359238846,0.5629212708205121,-2.9154531628719322,-3.65218625754137,-0.009947850944666992,-0.12214040276307414,-1.1586707624441863,0
-0.48653033323893363,1.3739567101183499,2.6556955966069737,-0.9518058411983852,0.643946686333495,-2.6303917263259886,-1.3047492524783222,1.0298805377114766,-0.8800352110679603,-3.189509912684117,2.224295405177749,1
1.1498200989968934,-2.055239638479587,-0.9506073469120746,1.0295972824643784,1.2236236622844503,-0.5250623794456352,-0.23741425891819012,-1.1716426541292329,-0.14048461778944998,-0.4845553648888984,-1.2946183356394512,0
1.366664815500414,-0.47647846421187867,-1.9489527937674636,1.6782314017819642,1.2736296604619781,-0.49770413998003377,-1.5783770176812755,-2.2738377765189544,-0.2130027436901506,-0.5383290430454561,-1.5611703623309925,0
0.47850300882510405,-0.4343523850202253,-2.543646511813152,2.152321075873677,0.015210729912826933,0.19971921719769178,-0.2193676914759204,-1.1005659902901574,-0.6615400130360558,0.7191015575529863,0.44559974627098997,1
-0.9749448479712327,-0.20635691065807482,-0.03624268825151481,1.1300254156691223,0.47763954867405883,0.1391301191849588,-0.3908921099262572,0.8488626161503912,-3.5074297228006577,-0.8198190464804934,-1.6493305472078827,0
0.18839787818869122,-1.756482709316587,0.03518378779370922,0.8167815719638187,-0.5160134344087298,-0.40361721437027015,-0.43704737357907586,-0.7304324695438886,-1.100515787654223,-1.8102154117605602,-0.8618016717313965,0
-0.8570148653919261,-0.267675883193654,-2.3308542688819918,2.532774405402901,0.1739366635080111,-1.0902277683700003,-1.338019251255704,-1.1305811977228435,-1.0626867832175662,-0.36109170704685256,1.0330611125547282,0
1.600764991712051,-0.5608519138547204,-1.550557879454082,1.386185581296516,0.4912206371965377,0.3586685774703631,-1.1165393199912197,-1.1826689502451968,0.5281891506093295,-0.0906949727490397,0.6482276039769479,0
-0.06884581180390079,1.1126108340447594,3.112446452245896,-3.1355647359478946,-0.4017501608158704,0.06554349500299841,-1.451600311084478,0.8049024650694878,2.9582383862338686,-0.4889671992858229,-0.6549006645481368,1
1.021622440897286,-1.0825015002370666,-1.1439299447258346,0.4621109217013851,-0.2812147519164472,-1.4285086118098462,0.0887379663840504,-0.6677602895439829,1.6315251713140193,1.0384956751249979,0.5031719295800402,1
-1.2298153790108974,-1.5168848836607165,2.901161671197452,-2.829463859361799,-0.782329103368727,0.3524551490332713,-2.6466984418586845,0.35620143052486775,3.7243915234758607,-0.43274037451631964,-3.2068555491493047,0
2.219939006566787,2.6872454068883886,2.758488902576291,-1.9139078281563342,-0.8011793229180898,-0.15819441324554206,0.5537530427570319,0.7140373266451018,-0.6981047385584672,-2.320659507107271,1.8270236497559549,1
0.44164426019351716,0.3533901330132241,0.28346693556461905,-0.5188149006925783,0.05426879998174066,0.1691819115426575,0.38088178379134896,-0.9618894936262053,0.552198958279373,-0.6527194313519089,-0.15753584240188612,1
-2.81046398110931,-2.062999799655186,4.123213203118829,-3.4206423608580496,-0.2938804839717323,0.3592885904150962,1.2752371527108568,1.3017412833340545,1.4808930321067784,-1.4162196277036434,-1.9363721326140517,0
-1.2252149069520393,3.5678972891004905,2.9798840471857964,-2.5244467631382985,0.3693158555462065,0.3574629075520979,1.0486547704868956,1.5314851378435521,-0.6058319010607851,-1.1279596057528347,1.6102335159507943,1
0.1182381550639219,1.5659683643715572,1.795497520706513,-1.4155390797326908,0.22794202507870576,-0.40949898103109755,1.7126204976612485,1.5984095989352693,-1.3872218364776798,-0.20938948277363723,0.4680772702016486,1
0.6101776058255559,0.12255688971072931,2.6780325325966765,-3.2282394672868016,0.8074432315554949,-0.5219697074084785,0.8299314895025796,-0.12044279787492218,2.906023041600342,-0.2910976992070915,-1.2328890231824428,0
-0.3252899905610821,-1.6859020148276258,2.597775965824296,-1.7085531618494185,-2.0065461829349687,1.5607921615087668,-1.8263044769432946,2.6116196011717623,1.4504451978921402,0.19498093941426464,-1.0519524686328907,0
-0.5355967176825038,-2.9699239998218676,2.374481817014044,-1.9957383720967874,1.7169772757369257,-1.2530323104028678,1.207595918822227,0.09936024844969737,0.6018370921566949,-1.0233993088413151,-3.594457814215697,0
0.07155560306990942,-1.1128607299028959,-0.708298678867172,0.9401717418687676,-0.6971461352221343,1.4979028167096888,-2.0707955627151984,0.5403579683322233,0.21150787701246987,0.7109248395287926,-0.8262525420097335,0
-0.20674020953405312,0.6607987318367385,-0.891714567324612,2.9925459257190425,-0.4940047151945683,1.777679225182958,-1.382106624526141,1.2130145290894683,-5.3676633091115535,-2.05891179851338,1.5225951332467316,0
0.021640027386290988,0.7873922624653571,-1.0754158851537328,-0.45425885627575996,-0.6240070442867608,-1.7782362007653938,0.8012575168668086,-0.8316003053640354,3.0706408614205065,1.9052013052335253,1.9882878708280933,1
-0.8612496966571512,0.37545574172925034,-0.7028424826466053,-0.35982465540575587,-0.3423636142168668,0.0004932449843706463,-0.508271616441142,-0.49654471268071176,1.8100429959065765,1.6551038074628797,-0.9450344683954219,0
-0.08651365185547086,-0.9301869260650926,-3.541648451207251,3.224062143558626,-0.012426409035001766,1.1765552282979777,-1.6733603316988046,-2.258960796096961,-0.7994920205151658,0.17462471470222263,-0.4621302862877618,0
-1.055897635428955,-0.7348038358911015,-5.389266650041825,5.222564310400368,-0.549333651621852,0.3480297466782612,-2.232510163234436,-2.5996355962627864,-1.77484287876245,0.24945065138025502,1.4410330498692436,1
-0.3936450207869843,-1.0948783324628608,2.6525848280637967,-1.7079882166507137,1.4836733590529858,-1.3660685030843789,-0.04190997338428215,-0.09239337290394989,-0.5759186033008794,-2.3860809040035793,-2.976983569969245,0
-0.41442497909585874,-0.35598675027243176,-0.9695969649740114,1.9369377838184787,0.13251946095696385,-0.882090414667226,-0.879908832491353,0.3261077819698033,-2.2368329713722694,-0.8792069993127497,1.0620407142230277,0
-0.3236308682850465,-0.04784805343000176,-7.7547341706257145,5.616280582198058,-0.5649592083509749,0.2837371501532384,-0.9578638847368381,-5.348291207192375,-0.49825722926611715,1.9532371402228201,-0.19516270346347275,0
0.4616458414524292,0.45479813785285833,1.1428691727357942,0.21748324481874087,-0.417731223439363,0.9624088186867631,0.40871527381588074,0.9073164652298074,-2.5840992054235734,-2.0382274338369655,1.130731518019597,1
-0.2947222012469916,0.05581056321654276,-3.1022368559284486,2.9006080200074638,0.4432956963363246,0.7804451185271237,-0.6161993919284945,-1.2749711694503016,-1.570562569322931,0.4386047358574265,0.7430377867863696,1
-2.8500888195400433,0.3718231033593199,2.3302071045173833,-2.7096756639365083,0.7826330400403284,-0.6178387398270302,3.107418535708235,1.3353247977498404,0.16129622603652594,0.7319844214309208,-1.2123364948816129,1
0.8446843743572829,1.5439336570327706,0.786320190345064,-1.6413214568342243,-0.53106012032284,2.2537494996321086,3.0204430486052427,0.5746964375199914,-0.7601114243011321,1.3787305502030576,-1.4418667889535104,1
0.02230466937145128,-3.841365825161418,2.9792168721733594,-1.7644895158756944,0.2770395383720878,-0.7881445975167751,1.03460320060758,-0.6470664606582603,0.4945690932525846,-3.3416998087173555,-2.2574921747194665,0
0.20739860601371282,0.7546828662670484,-3.449926542670669,2.8036724796002606,-0.07719458599273436,0.45989433535584956,-0.8018501183444916,-1.2322810453653443,-0.6565807622344302,1.2272206482425418,1.577816816432589,1
-0.7825446336055758,-2.6241170947371177,-1.524872893371151,1.510037111780111,-0.6145473342840585,0.0065683300668791435,0.6416375380919792,-1.4067145988365164,-0.16370620182860807,-0.38894707391302785,-0.3132078449919893,0
1.1327868541514523,-0.3457604018659442,-2.573319603471173,2.5184474364938927,0.853415161918496,-1.253567206860332,-1.281445019977761,-0.8086075627826985,-1.058436320386706,0.5180766841399065,0.2961092955325537,1
-0.20656641292088213,-2.4149927858665223,5.8377374520325915,-4.462732903645226,-0.44595160890436664,-0.30616298238769146,1.697401834735394,1.44502434054002,0.3400852992543715,-2.9279065784271303,-3.9599829267078084,0
0.5776909739041084,-1.1448299681121261,0.8918927395315537,-0.5071035127480534,0.4506526745518527,-0.08500599283226841,-3.828816042993987,1.2459882164321725,2.6300372162914636,0.5168767908033055,-0.4604492775409239,1
-1.0349293982283598,-2.4083864621878357,3.927377366388777,-2.8813321187149294,0.31064195785696036,-1.1758918822915867,-3.441180415422295,1.675434723443762,3.367579682736541,-1.182466591228312,-2.4762617355924017,0
0.12851224831651378,1.6294348692072682,5.192717688476107,-2.8610977254124634,-0.02964261543613247,-0.6597588510351657,-1.709346434073719,3.222720680185547,-0.4471540465466306,-3.2594814927578604,1.9821682714211013,1
0.2595728544490866,-1.5528893377844926,-3.312154715020114,3.2904680896826863,-1.0223096480082257,0.2852534295415589,-1.0558425962163238,-1.4510941077118173,-0.9590144513473835,0.2526290336578989,0.6972898227406215,1
-0.8868289522856209,-0.5200415542145715,-1.5414337974555912,2.0344398582604386,-0.12130862869844583,0.263424570090872,-1.0528882296495925,-0.5906173682422773,-2.080044435233314,-0.5199141414833127,-0.7759743604367614,0
-0.46162306335312925,0.10461066458681201,-0.17067118890117056,-0.48132928529541846,0.9384137902088114,-0.42557752697875373,-1.733428849036525,-0.03625478752965672,3.1315138622120307,1.1183292759073447,1.0257254905326125,1
0.12710711089767437,-2.381056517072892,-0.5412031367912765,1.0946296259809356,-0.34779560011042066,1.3251024349011145,-0.21287494123689144,-1.204820140767196,-0.8618798105110008,-1.4191394969064464,-1.4605954369901053,0
1.161808945920813,-1.3980279577179708,2.676745326661733,-2.4137584604854094,0.2396420324810153,0.26291897003486303,-1.5857284365997408,0.18505753840480932,2.862772327562202,-0.9852851203541417,-2.0012195763191514,0
0.29591319245878056,1.726629415261267,-3.379019153198588,1.165479285701215,0.4890829674057994,-2.9244721686916986,0.06687770545046556,-1.8586767689933559,1.2224707297503468,3.253027855007417,-0.9233151868003546,0
-0.05835255560464898,-1.6383871443770597,0.18760640612636978,-0.6422774511758076,-0.053315699827693595,0.230085642312512,-2.5679371462454545,-2.1679315290998193,3.298682998234616,-0.7892285461733795,-2.4696982354795205,0
0.903073382665865,-2.829115187220478,-3.705979295398982,3.57234274957719,0.2636045980524514,-0.3172660683838101,-2.1842419820398704,-1.3696381126023616,0.811770845996761,0.8035914803139239,1.421834598621246,1
-0.1644063231663797,-0.6729675517766427,-5.339861978884478,5.358446442032638,1.8064486921595555,-0.8586200917495518,-1.8756571012517391,-1.9141209907877788,-2.3317316468737186,0.4724273164799049,2.0315441649536083,0
-0.971305990552793,-1.6634461859714629,0.30658127646845773,0.34985980306030257,-1.073775656828683,-1.3412436396735863,-0.3259820029095808,-0.620146110166117,-0.28304497002556617,-1.5507413573116484,-0.48358277085102397,0
1.0454104466020435,1.5904605797401012,-2.282223278149447,2.53063319727326,-1.1023649125281247,-0.818188523831925,-0.7466322546606077,-0.7063280083663246,-2.127615134075845,-0.3856083568555589,2.2923280218488133,1
-0.5568484567886007,-2.2019884780092758,-1.0482046258051136,0.7106894427845838,-0.7687250536034936,-0.09532732376504666,-1.526235572415068,-1.9692068403856038,1.6754436964702815,-0.3469226778519221,-1.8604171855550793,1
-1.0084982920956889,0.09422600417559002,-3.9506407298311634,4.344249605921347,-0.8601850766172714,-0.9569987479191282,-1.7183954793789153,-0.7040728256753509,-2.8247514982999737,0.31125696746317355,1.8766052599745173,0
-1.0479401030803572,0.5320664256555303,0.6025104192302715,-1.240031111462051,-0.3877514633261935,-1.5469939469193685,0.8646476111305688,0.6500316249179732,1.1323023583841185,1.295319211999231,-0.20685380186271385,0
0.5142448295606187,-1.138543843493317,-0.9438011630882337,1.03805194786421,1.2223122753544997,-1.1047291489346545,-3.311790774221153,0.42954700260075596,1.7837275008986329,0.9155291067495148,0.35794029248746745,1
-0.899202677699813,0.8954535029380428,-1.9846736039832522,1.3626290153296878,-0.8781151253929659,0.6420537878527662,1.0355451047185795,-0.8136664246871688,-0.9884287433088048,0.8853840785843687,0.8784429085493738,0
-2.039715916258166,-0.705276636721761,-4.422388856130938,3.9034688626104734,1.730730564561187,0.1267923913889175,-1.9023350687433689,-2.7819496590948303,-0.5956964678906077,0.3167514775761786,0.4158660856342029,0
-0.10209203085077861,-0.0029388693082029738,2.1034364376726824,-1.0239594541757038,-0.28630664062087174,-0.17501282500129514,-0.5733395357730771,1.8903919489520757,0.1813335119103765,-1.0395785625201153,1.8239815098014835,1
-0.26762304634796197,-0.5947883661565716,-1.0025207911989442,1.412293904140191,-0.5191330717252234,-1.8306023862302352,-1.7583975037911042,-0.6184932688676061,-0.7790272511378791,-0.587705303080297,-0.7230278653004714,1
0.16797534190067162,-1.3712644976144674,-1.314669221334224,1.1979604305560245,-0.3402960180017648,-1.1922408513196563,-0.8603562367832671,-1.469118958847607,0.6698125129852648,-0.40911936000763477,-0.07035991271862274,0
0.6293406894431732,-0.5899311077265786,1.6046630493041665,-1.2784470760622553,-0.31592129799766594,0.24368494228061735,-0.38291195385929117,-0.6014594960639331,-0.7608576138330856,-1.2966448121334804,-4.527269372478406,0
-0.020684102184802464,-1.0335016394111043,0.4657412543400099,0.0252232029086323,1.2847144513380282,-1.2938132837788907,-0.8200179073152268,-1.4067026487741743,-0.662177648541844,-1.9107059215471853,-2.6397716341629596,0
0.45813454555507993,-0.8280490948648258,-2.189811283972313,2.452818509342053,-1.3081008450286895,-0.048446849137551144,-0.7592434183120211,-1.4451957417806185,-1.4152868237693197,-0.7303113732754569,0.30738131975861305,1
0.2759956881844502,0.0023605430545776684,-1.9661634932120977,1.1183049502246742,-0.8455256572633402,1.9808237327646814,-0.3454504123902222,-0.07920389710497011,0.16891521136261045,2.2113133129382962,-0.6431749384257308,0
0.3586767162577054,0.33160642317601097,0.42691085635952014,-0.45439948455677054,-0.4381470998514472,-0.9551217838122789,0.6862729565736756,-0.41408881878614934,0.49952425335587014,-0.6795167187918555,1.145421822104089,0
0.4844327027316416,0.11638967131773803,3.2824409479979226,-3.467178149631421,-0.20837514414099892,1.2142153665367135,2.6080244987799244,1.3386768128124702,1.1973737404690308,0.05593412885617888,-1.000742267758623,1
-0.3707111355794066,-0.7304123256854507,-0.8704895361192284,0.8044350199419656,-0.48394244985105817,2.5084745553870373,-0.9488992003341079,-1.4103473527481023,-0.173617545265646,-0.5432100597693325,-1.6933482361639336,0
-0.7339676374611667,0.5783949502940182,4.277542587361596,-2.8064450969563013,0.6452047525030306,-0.15109716700905323,0.8071076985477326,2.2537006870616163,-0.59686799965467,-2.3011274112041162,0.6444990213062818,1
0.34686724166085847,1.0278126312965277,-2.3346675222403093,2.9480096378700504,-0.21743803294279626,-1.0940831066097332,-1.9214602189115286,-0.27366078084672896,-2.721231192675946,-0.33730310297628474,1.0502411779640757,0
-0.7497928976686168,0.02790630024113805,0.13173798348579352,0.2619020897216559,0.6994780735132008,-1.6985932844969567,-0.63798978396127,0.3185330587645656,-0.4336404309616256,-0.3921266108399986,0.25070086778939227,0
-0.5136341439195856,4.192485219225516,-2.118836099336424,0.94731454706215,-0.6251441598709465,1.571348419955053,1.475630025171721,-1.8348045121019652,-2.0898288088111836,0.6272282855155937,0.27463856397781816,1
-0.03902950319177153,-0.5434051944540164,-2.049830459427846,2.0601966020065046,0.6875390238797274,-0.3380543636987404,0.31412815644725334,-1.494124134770436,-1.6947313004644953,-0.479819154728476,-0.10629810921192073,1
-0.1223424360754789,-1.1028415825481923,-4.362988729734395,3.687043352943759,0.5071211380754937,0.5013408867227067,-2.0571618482483016,-2.2592100501023262,-0.5554603590649361,1.1821521111321567,-0.9221739539720633,0
2.4958361618429756,1.6960607877267129,3.6475833528431276,-0.9986522897038194,2.5410011282512897,0.6026471481010085,-1.519949243602557,2.8536792629954766,-2.5332590707016998,-3.5491707109497064,2.7424622422459533,1
-0.2167061789954536,0.32051262522421364,-3.718556736825644,3.6433904390408265,-0.2742678253565996,-1.7825503029071994,-2.4612935047532067,-2.5240434723848937,-1.5331798566186827,-0.5003007993978433,0.07723083103114903,0
-0.15493527356711453,-0.7226242805381788,-4.112646573083661,4.326933211447667,0.008615844265386675,0.13685947365572826,-1.8748296032847316,-1.948718862818937,-2.0994602339252664,-0.3005463876927928,0.9831226439719252,0
0.18225559874349515,-0.8597978339945191,-0.8332548358448973,0.22336653559899125,-2.301805031498059,-0.010458989857059248,1.8573793914801922,0.844617016050053,-0.23436820650835355,2.0969336704120076,-0.23719529355594093,1
-0.24777250462006128,-0.5596910277315048,3.3948203442889473,-1.2198577968028945,-1.569675305296507,1.0941306583573465,0.26202052326346537,2.266166097400604,-3.7704725190310997,-2.6801091222561495,-2.38032245781878,0
0.6288950166736098,-1.7885757091429577,-2.8768835837042133,2.342360846695946,-0.8383295711228963,-0.2946945878253798,-1.301773357356892,-3.004713870586426,0.6452043294147596,-0.3335916567753939,-0.9128334976049874,0
1.844311395120139,-1.8525370516811046,0.5603374866889793,-0.4470799706996213,0.26168897188475704,-0.22501575603382373,-0.0701443405939387,-1.0405962062679428,0.4421513542026707,-0.9860495890047462,-2.455501881992432,0
-0.5563063320649836,3.2798011306881794,-1.5986128842558207,0.696774542350278,-0.16847741161183327,-0.9023531158208441,1.9010302996782047,-1.8031979310958055,-2.0787569835633106,0.06848242428650786,0.11804143453805749,1
0.5313526163612748,2.144057478617409,2.521606890086579,-1.3846711306880473,1.1288308060810788,0.6169870519729892,-0.13645343372529317,0.806429429591039,-1.0685368745496906,-2.4984296112949096,1.5468988302994404,1
0.5212197301353718,-0.3846502645840395,-0.7646308250079079,0.04113862242673079,-0.9073874509906817,-1.9465934404967729,2.5407515397913025,0.1336547539082915,-0.25718236035445774,1.4855227595741012,0.1771529195046555,1
-0.9529350466223933,1.0226432569584811,1.658226968626047,-3.3089928211218425,-0.35881432068046526,0.5225261646007885,-1.7594726400491225,-1.0878206982959773,4.9212259782610035,1.3334638794889488,-3.6371226509809915,0
0.05950605992170834,-2.1790552869835014,1.412950284077208,-0.6550469387774097,0.4007598685796203,-0.048952028591085245,0.5476971926991028,0.20493210543541052,-0.5734412038616886,-1.3187165968710455,-1.8895043900232962,0
-0.5622366296832081,2.862804577615769,5.283559104568384,-4.3922520351234855,-1.1315434788323115,-0.7942559606528888,1.032209510300221,2.429590067834355,0.6432810983192694,-1.8910326861641744,1.2585747446182578,1
-0.05368484584468762,-1.0646968555694847,-3.7791237603118333,2.3475183274811195,-1.036754552157057,-0.3284808207357821,1.2340563637373296,-1.4159492192909398,1.0491694419930584,2.493666933116277,1.9257611010945974,1
2.097747822901987,-1.805066360753236,-2.4852318373113738,1.7777448048627782,1.0633460385847604,-0.666231159939457,-0.7602751875994385,-0.45260658608341764,1.6012262225649707,1.9098503055823404,1.0775880001729912,1
1.4542622504390288,-1.1751357325125458,3.8895422606979486,-3.0006870220303505,0.4561537116408916,0.5943605463833789,0.6626223238488107,0.7302586099425565,-0.1601115059837238,-2.0369772557417405,-3.741026002300303,0
-0.47492700995314024,-0.0650222458701365,-4.345123697621745,4.174733901007496,-1.736710338281507,0.10082056032409929,-2.488375043344757,-2.5832880486920615,-1.336150571233914,-0.15052253272353,0.6968418149490012,0
-0.5847878422898787,-3.0281185913269146,-2.1721439925424937,1.7483275385989123,0.08758136846524439,1.4081205420326504,-0.06176356810252015,-3.6324502712060216,1.1596011110874247,-1.3476690519114622,-0.8623591269528741,0
0.8788628795391067,-0.4915283156086898,-3.664067287609584,2.7400315183538746,-0.4861041815774938,0.7132851639098596,-0.34915010701464877,-1.4787550040600483,0.599191347248886,1.5959142192442923,2.033752337211296,1
-1.2756657801164955,-1.3149896476193494,1.0064496746637404,-0.5866664743300108,0.3874540090887873,-0.41346947652183186,-0.06628862560582394,-0.2198935629358023,-0.4199435056190544,-0.97630969015075,-2.4643453742343793,0
0.9854329760808785,-0.20066166600587532,2.253767850976108,-1.3039101505548663,1.830017683185854,0.5065595185748367,0.2145099369193496,1.6781271821792925,0.08541208783953669,-1.076440179685036,1.36171565479182,1
-0.44724247783410576,-0.48802001275971657,-5.114987355721749,4.025586826931697,0.668400009149619,-1.0734426939451132,0.9108025168769056,-4.056975262575243,-1.3015058522935619,0.14469082285396762,0.8630798666759623,0
-0.5939201078383066,-1.421128043830507,1.1894211741909722,-0.2744527053655089,1.3080827493029086,0.2085256559211418,1.676576719028696,2.503796205283723,-2.317339513069257,0.3718395872099931,-0.7247473174802828,1
1.1877518113018475,-1.3276628535768389,-2.9268121817757677,2.66177049557367,-0.8748718957385941,0.49438742012876913,-1.9078783789659293,-1.0618736955941133,0.7186788496020182,0.8239849563891081,1.3252419187623659,1
0.3648225323911822,0.2488345124121898,3.617839272075771,-3.0329669943313347,-0.5553755038125557,-0.7777466249807674,0.14225087308474493,1.3171097392090727,0.6260005295895086,-1.1446967685844474,-1.9008987118807483,0
0.7298488008667497,1.7656881721113276,1.2581184869378867,-1.0539726422740583,0.9737603510575835,-0.16777782497592822,1.09573005178069,0.7416168841926603,-1.1962013644976501,-0.4243402038903891,0.07936956886221114,1
0.28181694396647844,0.3365319573045672,-2.336951040823463,1.4521769210330195,1.5453803412416849,-0.9758631699412059,0.6601774871700727,-0.622218886732897,0.15699061938649161,1.6684152713255223,1.4017839604251237,1
-0.6244639789922726,-1.3252556585527226,6.076621122324245,-5.7407577366962865,0.11352832670680993,0.6937990576742277,3.4247115990289068,3.288428492310434,2.5290331600846363,-0.09954800211831771,-1.0911407372020168,1
1.1548369735993442,-0.5646266275927887,4.864911078000688,-1.5405238929299723,0.09542225794689863,-0.9794495309858474,-2.5340132519324126,4.81167352991027,-0.9388114730611433,-3.189222285192902,3.7276993423934517,1
1.8949764011647505,-0.2535205225988354,-5.013789680514451,4.290275464519721,0.04845031509238569,-0.6263593355342932,0.0813739349257091,-2.0444935294267843,-1.7159711803479427,1.2898591735470153,1.7778220352970289,1
-0.42526754501513797,1.0241602086388206,-2.5406942121513456,0.0873705719340247,-0.30078545632696607,-0.5999472454338207,-0.09086192351027833,-4.28710999506426,3.12540512973027,1.2605436121477172,-2.136621117750619,0
0.10463898617757425,-0.029317697543057464,3.1448432713461085,-3.8559044255504498,-0.2921621383656535,-0.7833072250256954,1.2071812773705999,0.894764592134278,3.1833707430304843,0.7313383344142186,-1.7197638627042264,0
0.9189078742998683,0.4417422999082459,-4.726756170173566,4.6904889094883835,0.4792372892590701,1.371870480383499,-2.5211499763262974,-2.2149393039328826,-2.6134766785613572,0.10983484645466535,0.33832404335180866,0
2.228595932116987,-0.5304471171544591,-1.9138003289204837,2.6487961356214886,0.21721063911826863,-0.1845206059208101,-0.985555174195929,-0.3906470257590206,-1.7198458549530584,-0.8221441218610878,2.1239207757143443,0
0.704901846037886,-1.251610319915645,-1.6169800304624111,0.49631285558188387,2.0155965457136213,-0.6629380409128789,0.035019182896683154,-0.39696746546266287,2.554538841750591,2.1913532159590012,0.8393010362111868,1
0.3911571151533328,0.45601670739808897,-2.20182280541391,1.2092413326662703,-1.0369464139365578,-2.2803966725014417,-0.8215756413147133,-0.4223370774353132,0.5722403887680829,2.1964224948564155,-0.33470896255366317,0
-1.3297613874649932,-0.5721326531175353,-2.2789005766209893,2.327253013423688,-2.1705687244235645,-2.3151159637860013,-2.497554847126277,-0.39613609095824603,-0.09076486174603249,0.6845498549479225,0.4695535999292679,1
-1.1545679973452625,1.3384994131861236,0.05697510938797983,0.7535454021889774,1.3529110226422794,0.6751163806002747,-0.5912445275391753,0.6874960932078459,-1.6151090599571587,-0.9804456543390503,2.0462212355222182,1
-0.8014122712717905,0.19039271876798347,-0.060436167242117506,-0.7979215734591677,-0.5980623670540198,0.3649467772755189,0.2771423110595965,0.507234070558227,1.4222092616761264,1.9141211953596733,-0.7100278426583169,0
0.6991138675344799,1.6148129985066288,1.2980990400208758,-1.286973267520675,-2.1292892035743374,1.4640143843289435,0.6472691548689646,0.5088230929645705,0.4641337006741926,-0.4083725172688165,1.4416209252881595,1
-1.179634971844667,0.22991529305596692,0.28775476413059575,-0.0784328525314021,-0.8299357552505215,-0.2982718179669777,1.476640142738349,1.6516703188661637,-1.0195772204383045,0.8095548252125636,1.4046217832521168,0
-0.39921192497527797,0.06744166229701598,1.8846538576886325,-0.2998447990546353,-0.7844595434074274,-0.8675805271612325,0.17644120788608864,1.960939000858618,-2.1188212430464217,-1.7290144914292167,1.40655548537924,1
0.02323486960415047,0.9404973427247054,-0.11626154029375332,-0.014053165371478722,-0.6149491749033493,-1.1656363698769983,-0.2624854702331413,-0.6354365822731022,-0.023177982784669093,-0.3913811251086463,0.04870940745970831,1
-0.5579350750409774,0.5619153119965565,0.6282765405315466,-1.3100070211468842,0.20540457854045974,0.1715309854169449,1.8007471402497093,-0.16760031385280794,0.8721997731632616,0.5403935757548268,-0.07705276538987682,1
-1.032568807099558,-2.199301619323178,-3.9845890686518324,3.3064738039566373,0.22395004755683853,0.02856290712538729,2.924346626862361,-1.173680100488021,-2.084613092757672,1.648849726938804,0.9435113495733247,0
-0.6527202868231267,0.09872946951144668,-4.0579494559459075,3.783173286926653,0.3939241753257053,0.16507382602841747,-0.3275596269719145,-1.6335793549638318,-2.184444444450377,0.560363911121293,1.3333374057718106,1
0.38929605114010796,1.071828011874378,-2.6473964098126817,1.693139801174472,0.38886975427113357,-0.4991519660058972,1.154843960142092,0.04419521941005011,-0.8486858561314408,2.4121785590836247,1.4833926158994402,1
-0.3310119452470508,-0.5675087974507736,-0.7672224727775919,0.43982396064121704,1.2800763705140692,1.2390342035128317,0.177822604037284,-1.2335648196523297,0.699332176472706,-0.24563401638385596,0.24912026462009684,1
0.4733014720519572,-0.21752392142696508,1.753772486624281,-1.7999776254736068,-2.428074775549453,0.0894025820978252,-2.460864408974466,1.0680665769285118,3.263921709815361,0.5136903669403718,-0.2985476125257789,1
-1.6809626919019969,-0.7868476554067675,-0.4206168010571471,-0.29483622867531173,0.8359971928912124,-0.04703699486851134,0.16024569101138364,-0.7369875283390473,2.1135845742865786,0.7153713261371963,0.27091058839004767,1
0.9582148744744398,-1.1138413835691865,-7.1565157715358545,6.637005788831759,1.45669439963914,-0.8777115537443446,-1.6717489316440104,-2.2712163073664593,-2.402757669515718,1.793045371268526,2.2961545989276555,1
2.279878435315593,-2.0605435268045182,0.968388077575933,-0.32174742986121213,1.0641919108146556,0.19890916445641746,0.1831165937220225,-0.4688397589263024,0.23876699936861479,-1.6618871495918264,-0.5686413181745041,0
2.9355785719378047,-1.0039180232138223,-2.2030072846513975,2.1409480190890227,1.842493607863128,0.7514360353823002,-0.4793264786290595,-1.311190300592198,-0.7422777532881328,-0.06298627134387014,0.1908733450668686,1
0.39676650138749586,1.616047793248066,-0.2101778561321578,-0.14569000426986872,-0.5292577771421367,-0.4775753042967831,1.6677799464816099,0.8651633755062766,-1.3654531729058428,1.1706686636994348,0.3798287804318695,1
0.6314651420304449,-0.574899160364859,-3.003444211115939,2.597013699082848,0.8055820080006914,0.5492218856027019,-1.543801535319986,-1.9666112614668365,-0.6126078244975502,0.3563288202190378,-0.9025409811937251,0
0.644013595882568,2.784814022024962,0.0916453225182203,-0.41456746145198026,0.6015311464683614,-1.3647926985836383,2.3160093152571575,-0.3913991796974119,-2.7356978357725463,-0.18481685126117509,-1.030781986946265,1
1.36567117364036,0.39438373660751336,0.0031480653864868827,-0.7237975182533767,1.648826519263816,0.20285367501220394,1.7433810938821053,-1.1740155777633499,0.9603883282251022,-0.07489959707974347,0.44843678424337413,1
0.6054345068161707,0.6516844979309342,1.0056605435829302,-1.0060593190048281,0.7359566327569871,0.12807559144747213,0.7450803025411789,0.26427658159058554,0.5998694516502001,-0.3766635878057756,1.0820387352340939,1
-1.3279548043093519,-1.1112688935987411,2.360899535319137,-1.645789327530742,0.274329279621996,-0.9206633355553586,0.13184415369206548,0.1791712317491957,-0.6588071116078569,-1.6129879126302988,-3.4365389722455584,0
1.0572846138722085,0.5465187554731463,0.8528374988112295,-0.10047278305459215,-0.23042202375800738,-1.9527828708551584,-2.5085765606150354,0.35569045185143966,-0.23052244921602072,-1.0949916731996705,-0.7349815277829936,1
-0.5916744606494508,-1.2805774905509222,-0.33331044712800434,0.8652843917745666,0.12291422541753241,-0.81449744089499,-0.5871479238969561,-0.6753893229216023,-0.9390102769813025,-1.100745697720933,-1.0643987440431388,0
0.5478596531831919,-2.5650369302170075,0.12138143992327559,0.61513208191922,0.6806337143924662,-1.8285181080585515,-1.251537899883698,-0.3090292756269999,0.27879002988075174,-1.155343205024577,-0.7713760017698124,0
-0.670281629486041,2.781589181263598,5.088192676307908,-5.0417753120142805,-1.500086519959985,1.1279031539877948,2.5849174236007415,0.8078073932688031,0.5115289315175222,-1.7426989173574792,-1.763327227826727,1
-0.2944970484439619,-2.54505020753888,-2.6783343612121007,1.9688778030012863,-0.1448451723019273,0.2721319550864856,-0.8518895313020491,-0.7186661663796599,1.6426899570775257,1.882940270012952,0.3941100668421993,1
-0.43711444214239425,1.8482119352647535,4.364758943121753,-3.9958704097455753,-1.4495940128616984,-0.9802752036547839,2.723019073771037,0.4341834187131978,-0.038832797088888316,-2.305613946374595,-0.8468103234229336,1
-0.3717339776354608,-0.6810195179975653,-3.417441656057593,2.3805175550434434,-0.480979712405168,0.794097944737676,-0.7422900371175966,-2.693226877025638,0.5813977059934878,0.8127765163600877,-0.3521503349057662,0
1.3550020361295918,-1.5115206550590472,3.2933385801212958,-2.405973675687126,0.8226543209154917,0.10891481851183939,0.8108930784662196,1.1490641908949373,0.7778127916077153,-1.6340445365410958,-0.7110489803360542,0
-0.39301617610421535,-1.0098193947779381,-3.762040701988824,3.669724487561075,-0.361033157409816,-0.7595947553012692,-3.323345578877279,-0.635891960483179,0.30653307025634313,1.3005714366938483,1.7756079855440845,1
-1.3712033477720122,-1.7775510642069954,2.854023267766923,-1.6692220160945221,-0.9596649229511651,0.3176576948996057,0.390244266195072,2.9464488226345953,0.9630894091905966,-0.4727003848313243,1.9698003379590037,1
-2.445280363793565,0.819861450401451,-0.5358611292430502,1.5210092243642162,-0.08045062035336467,0.7159420964523148,-0.10029423329413101,0.0711931686197822,-2.7366251296404767,-1.5291493745420373,1.6560212450823666,1
1.1676309296735037,1.2185493929565696,-1.9213869396296328,2.95025831535871,0.4743049569997039,0.9688325868184042,-2.3664579171785993,-1.0576542659799069,-3.2467959090682905,-1.860251398607945,0.6604603384641523,0
-0.30486244435853715,-1.4375932449440505,-2.2387590604208345,2.878401647858912,1.1392851033964237,-0.14024005943945453,-0.6482163775434389,-0.5481327017121651,-2.3130681301567995,-0.4632607590503171,0.3501165918341642,1
2.114962375413719,1.8438640104290442,0.17251447739037695,0.44235672040694135,-0.21642754005808307,-1.3370368998756017,-0.2893276925911321,0.5319744963372313,-1.6808067306410972,-0.8803744321011621,1.6141800462276619,1
0.7317223973883158,-1.195692394940964,-0.10863856208836305,0.034211176445596625,1.3378524309217723,0.897427311918473,-2.1363655736425295,0.17308600684748154,2.2873653896986377,0.5543319607439007,0.1864819113570042,1
0.01958730321279246,-0.5835503168019414,-2.7722592556878887,2.795618880362293,1.149969105548774,-0.17985959702662363,-1.9961834001311196,-2.664427033745154,-0.8045525014578415,-1.0904427144566744,-0.4014473849536864,0
1.6616635274626226,-1.0198504134734974,4.459534080611602,-2.8359028341228307,0.4493173500123747,0.43622618717015355,1.0140620199137071,2.4349446835627795,-1.2823338832011395,-2.1135808010014836,-1.9160118410613676,0
0.7195891713657115,1.5671579386541274,-3.4356179052038858,1.627011662356042,1.1074250690328047,0.8140695955611641,2.0019546084301902,-3.308569999162386,-0.6908051359963058,1.175292537563569,-0.7649306881380982,1
-0.06416106588714157,-0.23011547070841598,-4.997461217999854,4.7769110665298085,-0.4218360804501885,0.6149174816816761,-1.6110510130234759,-1.6637436754729469,-1.9206910984635963,0.8999318136793559,1.9158663265234266,1
0.2020112779392117,-0.023493915930623888,-0.23392635886566499,-0.6903832558319882,0.8121471050103515,-0.20852297847442203,0.16784823363149626,-0.1408139926577241,2.5784423560230074,1.39487065764719,0.9337672737451183,1
0.7616224790179856,0.5854600801144128,-0.6969369509695883,-0.3171400419211257,0.7818864937589866,1.0427559419533459,0.727009226645734,-0.1813305202382951,1.5458443827522457,1.6182413529912623,0.7955562291118968,1
0.1082678400635335,-0.4427240806685233,-5.272783801594544,3.775918579424956,-0.3825454795506245,-0.3302464317275701,-0.15965514849785556,-3.154987826880099,-0.40013139388846675,1.8434776103430561,-0.13253415540205404,0
-1.129290120952875,-0.15938265595909984,-1.075373644161653,1.117030482480623,0.5260399337772294,0.29768015739791037,-2.020889094547461,-0.6335474048567228,0.7113923759608518,-0.10852627022610217,0.6668799384824493,1
-2.629559422248719,-0.11839605422680222,-3.343465267756636,2.085265974761772,0.5532317538829099,0.8929055817785794,-1.8885454012245175,-3.033727081387126,0.7162479838359228,1.0203869030926866,-2.3589098847323813,0
0.17561084423743992,0.18730753123894572,-5.22567029514904,3.5923073065246327,0.5388691159351751,-0.8637079861054088,-0.6394797244142024,-3.7849649368054585,-0.02101218449118314,1.4597310610116994,-0.3054032281384598,0
-0.763860489928093,-1.9163924801806942,7.052676353916784,-1.9989287027605098,-0.1092536595052339,0.6976896183855781,-2.692101664340318,5.778691110605178,-3.078758387134174,-5.825174881419776,2.632846239092319,1
-1.8733071037168627,-1.260760155128525,7.627460746366283,-5.400602345029645,0.8285805295689411,-1.1783177194173953,1.658274374383878,3.0018916196501193,-1.161034047206582,-3.746888012999852,-4.081477491017888,0
-0.4690626588881582,-0.9032116430943411,-2.026986733195137,1.0585462880429788,0.15421589967275368,0.25850675647007715,-0.8583473560383974,-2.60065909263548,1.6555272486084704,0.2869860633876632,-1.0202246842403038,0
0.6951194605142847,-1.576172084401127,-0.3584331320968154,0.513462820148877,-0.17355590434003904,0.2761681987916308,-0.4939692174984083,-1.3976757803259456,-0.300454553754431,-1.011011499530612,-2.2514293729133055,0
-0.8004235027182549,-2.1138965318836145,1.20704593831469,-0.8562478311152982,0.29575112215677096,-1.5127795765134262,-0.9011252124450456,-0.1412071050707795,1.646075603441687,-0.8592521402979565,-1.140502614376069,0
0.12313398211651418,-1.0482143885809514,-2.475149977752081,2.1110983220705193,1.1691426618519947,-1.3835550621809856,-0.9402731109451705,-0.8693494986343745,0.4321495334064785,0.9098853654058138,1.0309157821993098,1
-0.07426832299687113,-0.4023562755324136,0.9671134613142124,-0.20533556091665842,1.3839772388826732,-2.193773179947177,-0.2544093941640422,0.08868823770476286,-2.098017591864279,-1.2701625531349068,-2.9561044303458894,0
-1.922481832252458,0.24688406702622867,4.038598213183006,-4.000843578373643,-1.3296474410855799,0.04582997465563291,2.1920118149342587,2.684622040949775,1.3598880690025428,0.6026693380314068,-0.8549733350872406,1
0.9948674433829372,-1.7906238928289886,0.29959961977817545,-0.5677548686295678,0.32713599475821525,-0.3334226132281546,-1.1120546342625834,0.14511300914869063,2.7436361639581492,0.6912281288827271,-0.1206809140123487,1
2.5336776543979105,-0.9812439889567848,-5.120530549781318,3.289131510590405,-0.14102955302997983,0.3279368798468442,-0.38537552269212155,-4.47798875236593,0.7057260229692667,1.2997281592334784,-1.4891594322746289,0
-2.091521131302514,-1.110964965354279,1.514546686705632,-1.3505624050959777,0.3707801265408169,0.2469097426760513,-2.092445726291568,0.6811881485340383,2.0916203471603785,0.10614552495061025,-1.842921265316428,0
-0.506425934142504,2.156809230168892,2.382113006025319,-0.39807353661035044,-0.3385668663817892,-1.4930842758605398,-1.1281831479421744,1.1747700627928794,-2.564130546987351,-3.4764899961909395,2.1219219781233853,1
-0.7446080720732028,1.1034497237931211,-1.9402401408937713,0.7918204807717345,1.0009008905658725,-1.9972384411807032,2.3774795727418345,-0.7277896758852023,-1.1016219893433146,1.7854274673530617,-0.12667405843661228,1
-0.3330875841961086,-1.0104723361796792,-2.9993482540784266,2.358788496631265,-0.3146671599082988,-0.39099879167079393,-1.6286559388650126,-2.912830082778517,0.548706972984006,-0.08206195008438255,-0.8525605866761675,0
1.412871415151763,-2.6832007490876406,-1.5098386600787774,1.144373396261863,-0.882442557834273,-1.4338181015877975,-0.6300432768919015,-0.6850980634465762,1.6307344044628018,0.8970925212441091,-0.03660070643872593,1
-1.343017670748269,0.49487322857858485,-1.2004719147169072,0.3561782469583724,0.34813644606741645,-0.13303339857473573,0.7592413933679194,0.1308192489803891,0.19659535562167896,1.9035329941700672,0.05134405335516312,0
-0.6622575120781017,0.11970597203054623,7.022817254839525,-4.377490239266854,-1.609664104114487,-0.5497258237773798,-0.022757900938948916,3.8289730166465814,0.06835010430157518,-3.9213055488826525,1.613279597980435,1
0.37378150445873926,2.7622690128660485,1.7991417825462672,0.027895986048327884,1.1459579287753734,0.8914947642528688,-2.0610454291563425,0.6476705604538426,-1.4908088556452097,-3.602090657619857,3.913195286376398,1
-0.7591060643236129,-1.4461429365817944,-4.73712655226575,3.6450660598078324,0.4105375645799576,0.37078357257352773,-0.021987942165986096,-2.028463010453777,0.5795042610321761,1.8652689501923072,2.2971611286136726,1
-0.4595917145516566,-2.8622428783732277,-1.2803760124072017,1.832349264756724,3.0970834552984825,0.8090978716332655,-3.268641011989188,0.08699095163414405,0.46453017890543863,0.30150410149145834,-1.4233466685965857,0
-0.6577559400721753,0.2807357112923141,2.8112050810281177,-1.8645010771937705,-0.37583051484607244,0.22455676532739632,0.503856011174219,1.3584961511713454,-0.22126662515573947,-1.582539109246601,0.452369437908566,1
2.741212640930006,-0.9409756451889253,-3.415154715497457,2.6845988310766233,-1.009121692558399,2.9986311432975064,-0.1846514006585992,-1.1429975440749647,0.06814792058935226,1.5744626524252385,1.2869864137291407,1
0.19515010581168574,0.5057976709773192,-2.1735720998141552,1.7872200584695697,0.1411248428536398,1.9997153994485175,1.6535705679132136,-0.1158625561189428,-2.3341268546613927,1.2491199266898423,0.4240641454779619,1
-0.5125824070034517,0.5727436144321956,2.6106445233559574,-2.193720157602437,1.6963071632132931,-1.5649035532480677,1.044425848778689,0.7551121567455648,0.3389658666032991,-1.2072325499572338,0.026088820576030902,1
-1.382131403808728,1.1509626201294108,0.9063365431818475,-0.8560501119716017,0.7979772471117704,2.5759733624671557,1.0733577312097307,-0.6278247521471785,-0.10139142871856666,-1.2747055046184619,0.8167953965432365,1
-0.006314244524021429,1.0956668305338373,-5.230243889396575,5.166905621010902,0.6326696322604287,-0.753787428786576,-3.5317719091862756,-3.385617933494479,-2.225132899362849,-0.7497795656731262,0.9636231124348842,0
-1.0772815466661954,0.26222502149030524,-2.6276041118260838,2.717243356358308,0.5985158431702656,-0.33341535049162524,-1.802554028388466,-1.5438467916026442,-1.8796508150408142,-0.3025214441115935,-0.7347607434307538,0
0.5109182872043949,1.4800995603337577,3.529151268783746,-1.8741947250049138,0.6034830754353576,1.1482781523947514,-0.5766472355120731,1.3542225863695516,-0.5363033537057662,-3.227755140817334,2.134051251642436,1
-1.033382110039998,-2.8837276910053973,-4.883890289068715,3.9355871048645845,0.8805796569598785,0.13582664374019404,-0.33430163480804204,-1.872455004734649,0.8815623994069934,2.0252370283376555,1.8322509338645319,1
-0.8269930141987886,0.3485652799013359,-2.6379390400415708,1.3890041563483932,-2.2166016485828104,0.7407103104464046,0.7441776420309236,-0.2556995124139263,-0.20423932109784482,2.8622255083194075,-0.34793936106786255,0
0.020449178793937577,-0.11512535097327625,1.5564164841314019,-1.5245982975997567,-1.5587739911659975,-0.44801840763373474,1.2860222601020894,1.6332463157662984,0.6812209633500584,0.6589128168323344,0.652763827355779,0
0.17566250945692805,-2.933336746109072,-1.9379771579728906,2.354738100641014,0.43187106511682516,-1.2727386840037171,0.05595708007003086,-0.4337247616870567,-0.895298796653563,-0.04357347968390468,0.5612328510544347,0
-0.23303516121168533,0.007562150466708939,-1.6164142304441058,1.2693587417654437,0.3418000595870485,0.7361346990723359,-1.316647746124134,-0.3615032991164344,0.6957086762560823,0.9185457431051836,0.9377201993360141,1
-0.43393590858747244,2.505176571807377,0.015153989266632684,0.5455561097211613,0.6546957160031046,-1.5796205034713524,0.7690638520800498,1.2953993642736044,-2.7687115674316685,-0.19126378790348364,2.0001270989321642,1
-0.15912809479177728,2.062398583051994,-0.1204892570936861,0.3204154876151851,1.1474134297480791,-0.16240322150211586,0.4256017241741621,0.5322750254739909,-2.160653454471234,-0.03361058595127753,0.2815273071982157,1
1.408924839577064,-0.3985667748484831,0.15593640911422896,-0.790705017751245,1.009868522425226,1.1693997031070145,0.5053348691861441,-0.08473932574425802,1.1612746979212825,0.997694317425887,-1.1671688098574298,0
0.09060413035430509,-0.8781544941428427,-2.3802453538181725,1.913449251475681,0.5016532058188504,2.3308904172791642,1.4492548672231909,-2.107111047454838,-1.0532876125577788,-0.18333805065043218,0.17910999121203452,1
0.3716451533636265,-2.1662972307712707,3.215864062493489,-1.3522422671262435,-0.8607504816261021,-0.30797647749422113,0.9407625676969182,1.2535535460240272,-2.070243983614905,-2.964202367425048,-1.7440228663794437,0
-0.4076297107271016,1.8039797137510754,0.06119152549425835,-1.4588388911200547,-0.6530861863932976,0.4993648429640099,3.5841370327890294,-1.1050718910762996,-0.07735755749542905,0.952187411908505,-1.0948227961550239,1
0.5106205033927347,-0.7441557791516846,-2.7898230144383143,3.29007659460881,0.6385173799607451,1.5024075078910126,-1.3390809329664772,0.15028181992141343,-1.140522279077861,0.36363794503617264,3.3107743202357813,1
-0.8582419299795324,0.48993467460527856,3.2587225350298072,-2.817688342542438,0.5214550929790894,-0.7618751280778966,1.5486185562194754,1.351706641075841,0.4602266555021921,-0.9891039966640002,-0.09045905666076126,1
0.5975512754109695,-2.7795161381748956,-4.019379216849027,3.249774121034023,-0.9288336839445943,0.4685211775798929,-0.8883058774795473,-0.744131824806642,0.8286026364751446,2.5099207019940923,0.7918974591134988,1
0.6830706732277926,1.6053856172119096,0.8244345606761732,-0.6957756362269919,-1.4543789027641967,-0.5211225503799672,0.5427851162456607,-0.26796617528608535,0.09805245747464686,-1.1316283115751504,1.7996801146978176,1
0.1804460624853369,1.305491561952007,-1.6315394188520225,1.2355349066563366,-0.22603394901231252,-1.5692017516141146,0.5503391216840713,-1.1703119095563015,-1.2569276576600443,0.06519963990818234,0.5277587060177047,1
0.24131450019379902,-0.634203932774646,-0.6967197721691809,-0.39721687494534796,0.22294767685774794,-0.643852473727959,-0.1200204721696414,-2.3137316411475757,2.412622499839488,0.15727282964494804,-1.4016433510569164,0
-0.5292312078164967,-0.6185199603116714,0.2730205077901573,-0.7701253097495114,0.818970443402462,-1.2009285156111973,-1.3427245375860213,0.4911499867361391,2.713857594168261,1.2909410820033687,-0.044276484800709226,1
-0.5297458807267376,1.7871949975769372,-6.799063251748593,3.966931805936145,-0.1709848482559218,0.2577804147902845,1.2764910260032376,-3.60838355742153,-0.4694102671763074,3.922765548137934,0.2561552743475719,0
0.5810547069713256,1.140172079779087,-3.355022046614609,4.24396832378004,1.9344238682362198,-0.4552425881976784,-2.7136083309369674,-1.2221848727698115,-3.692499578858821,-1.2046873524922819,1.2876234256905275,0
-0.3386247092150041,2.9921773817124997,2.316359112291753,-1.7530101066388568,0.3282731991496951,-1.2591332364598884,0.7704075283963687,0.59520197470714,-1.1568729111399993,-1.751745832597897,0.9334528553865148,1
0.86085049790238,0.4515195419297626,-3.0395621454651005,2.6519234372802893,-0.4040259283564401,-0.13387819066245235,-1.985087447958967,-1.812307133704839,0.3128569713661684,0.18317552779002466,1.8700658215860104,0
-2.495808193365912,-1.083404405054959,-1.339230671005674,1.3776159499160479,0.4779915726248154,0.3431364844845003,-1.5171617539888573,-0.7422066157804694,0.5944654915269059,-0.017873084564851816,0.42912567297098764,1
0.23460438601510725,-2.5583117042159245,4.148523948398978,-3.8553850124222833,2.479971949732573,2.253248676184164,1.6524829807596968,0.6850970055151975,2.0818866514576753,-1.1833272466261477,-3.2957525344471534,0
-0.8070671717640319,-0.13218893637519002,-5.495431100308831,4.94514749129208,-1.6160100509828843,-0.17699088827976744,-2.71339627505662,-3.2300485312665677,-0.2237991944630554,0.22549210770400596,2.5974578273048055,0
-0.878496980101997,-1.830931919914017,1.789591646706253,-1.5041184665182237,-1.0686970034678491,0.12154167844576885,-2.2142787801451593,-0.19001043147405805,2.5523257078962374,-0.8922324454839032,-2.2471223051408273,0
3.2397090747967705,-2.5429436143758903,-0.7760767082958038,0.5703820734644871,-0.08036841636456525,0.23513346431942295,-1.2523609656106363,-2.404543086401203,1.933601405442607,-1.0931440590565782,-1.4372690416984044,0
-2.331431528520436,-0.8094029471492397,0.1491581137964546,0.6828603166440422,-0.02322169938045876,0.39429633285632126,-0.4229801757381608,0.12829537075942943,-1.5576668969627216,-1.1570029183192223,-0.5681068920661629,0
1.2289440926357944,-0.7050084379799352,-5.592821565661657,4.8175924141123785,-0.9695610121393772,1.5597866791077828,-3.211100411815984,-2.494900129137742,-0.9723164384549468,1.6819208893790798,-0.9460688880595708,0
-0.3310567589185149,0.9527868155417532,4.1102096621482715,-2.2414684619524174,-0.9483696025880208,-0.25518242825772675,-0.030461419276143653,1.8957439593357666,-1.3302736144620912,-3.201579094414492,0.7947324981031536,1
-2.8191266300761453,0.6618600166138207,3.049831338734712,-1.9674477371105203,1.4910575996399498,-2.7413430117899122,-0.27417509729519307,2.0606735939149154,0.294279137924093,-1.334647659203978,1.450976462643617,1
0.25998312163587106,2.063304725923193,-1.4502946455066308,1.291643670266042,-0.3233551802381585,-1.9294208281584557,0.7406650659640847,-0.14178685401254898,-2.2057393922708384,0.4058021906152567,1.119961873691733,1
-0.6637389972263879,-0.3663011247652621,-0.6436497463813603,1.5557808036336334,0.7449382699461848,-0.45049991930217403,-1.1242260017601935,-0.4088666542296624,-1.5641038919997046,-1.5579506412768718,0.8236412578975307,1
0.6060142452330484,0.9476001263566036,-3.0400704756715236,1.708952777621992,-1.963590211376153,-0.2974275185956472,2.4319969788907727,-0.9827874326862794,-1.0609407874582002,2.2310232487798687,0.9807444180212503,0
-1.4223156643591903,-1.902376758924875,0.021546891003015788,-0.0338148100008824,-0.32118793787816097,-1.0148938809072283,-0.004607610428656206,-0.9995593477623612,1.2083598294131332,-0.684299257750054,-0.4505267528646919,1
-0.5396477436489671,-0.08845873331440668,3.2050146857984956,-2.4118581208333425,-0.2078910357139247,-0.00733774317269335,0.32650916797952245,2.6399825063410667,0.987858985813997,-0.34090679755604536,1.129138982636805,1
1.3369575312679653,-0.9771402895613823,4.761563474581983,-4.058362139506217,0.40690003467476776,0.1716596491732169,0.5183531866586222,0.3663464542054058,0.7564625768721969,-2.356673781581363,-4.726661997928455,0
-1.329561479734442,-0.953518905844189,-4.175937651670083,3.194760027792433,0.22961382006085185,0.15828118650170836,-1.7567862383773614,-2.9481497520782636,0.8809327891223608,0.8435091185875885,0.27832123958509825,0
1.8652166958607908,-1.4119452953315905,-7.2181281282012355,5.855756579865295,0.6624054156754955,0.7280980202616076,-1.4024948321598885,-4.521316773816184,-1.010751430701168,1.3638863517954514,-0.15709671641915246,0
-0.37230138137419083,0.6054828199067913,-2.4734489161994784,3.4306603770668347,-0.10203256352789747,0.3864951539602152,-0.8002254136575622,0.6679889827363122,-3.722241679541031,-0.13492241998975418,2.4828328210032424,1
-0.7702936800285477,-3.0767853331440245,-0.6153968427081907,1.342173058932635,-1.290683423345383,-0.660312062166061,-1.965386400843042,-0.923653396014428,0.5245848642318707,-1.305641451512159,-0.682475505383007,0
-1.0560799788349093,-2.801039703040842,-5.016749489397255,4.811113698891539,-0.08080654805734003,-0.290340026297404,-0.7561514690407813,-1.8942230684204389,-1.4078684654944469,0.940507441095187,0.9314923279761326,1
-3.1543253754236233,-1.1525273376234015,-2.617596228633359,2.130741041095932,-1.7023149861627127,-0.6412767432091082,-1.0060074453130223,-1.7363339960983066,0.4077046216364104,0.47697040196089335,0.04581874955787235,0
-0.9568300413466969,-0.8093731801876926,-2.6045453041313955,1.9472969051723377,-0.8651457413358601,-0.5088031832192542,-1.524118973998907,-0.6686631978772627,1.6124469377033313,1.582649924371779,1.7269952691934813,1
-0.5657592468568341,0.1248264231158226,-1.9162993770225274,0.8710328407207306,0.5208809024225217,-0.9715847333887528,1.5109625663284645,-1.4395261684388212,-0.03170375585868712,1.1053579892633048,-0.13873290801522298,1
0.5306205339501135,1.4769435849950732,3.305781270499748,-2.760218239547287,-0.07661038777060607,-0.1600579878968918,1.8970809402897904,1.6402367904271742,-0.7672114569988564,-1.0130258279612148,-0.30187620284583105,1
-1.3239169409384854,-0.6601776863822448,5.064070929945334,-3.5902177008188505,-0.6744296818187393,1.470475452932472,1.2035342485251606,2.7923249508526284,-0.5704164398195806,-1.8642547485390453,-1.6434109839525786,0
-0.10357003267708861,-1.2456278379916277,-0.913831087757624,0.1899282361872176,0.22916770470984224,-0.29075805867541626,2.8459305842162195,0.014859780044801263,-0.8621084557724591,1.6360320860281752,-1.4451333222695333,1
0.674370540315535,-1.032035914041575,1.2073907786965719,-1.0075410256509245,0.8400609306523233,-1.4076437304631844,-1.20069980885485,0.16165791128323437,1.5830324994829956,-0.43051557013513464,-0.9966106132543482,0
2.0640065770107343,-0.7499507523823169,-1.092549574631281,0.6681130100205229,-0.9255354823553618,0.5833507035100116,-0.33174907442312046,-0.6706199158174999,1.1569630728871774,0.5771455698626968,0.6479767089426028,1
-1.3297868932328074,-0.10087645141856183,-4.21471528386559,3.5773061155453094,-0.41133625145084124,0.3467403873129585,-2.622163837578015,-3.7299282449386846,-0.5204522821102705,-0.3257148002345335,-1.077868051332477,0
-0.6138940511897121,-2.602725853408444,0.6266156034763591,-0.4465189075741952,-0.18204533009366325,0.2633189234936286,-0.723922919658613,-1.4767724719257873,1.9852134416193083,-1.52070755377626,-1.1147148031344278,0
0.09623191230208152,-1.4809956826946618,-2.11803816437808,1.9492740757789362,1.2206272521620951,0.6699999030330982,-0.29236060887723236,-2.121106311204061,0.07203289473160668,-0.6472947846218684,0.41615033892557074,0
0.06843617962018107,-1.183488546821812,3.0631363784964067,-1.8557373787439555,-1.566416506601256,2.027897691440538,0.8734282794644499,1.9436849991645717,-0.6224003337587387,-1.384713827311661,-0.5612985553626533,1
-1.0249900157815528,0.854063897407616,-7.404359939232512,5.168508591407546,-0.5389226395147662,-1.7097682808682158,0.27209640573471705,-3.271373326753581,-1.474150106902666,3.658584827357571,0.24217998386729755,0
0.3193190629879243,-0.30712884781417177,-5.172505929078359,4.281264535345926,-0.007354094496455512,-0.6898736381945157,-2.4796553818916784,-1.3968174812561014,-1.1018908308346012,2.595014085475325,-0.7396830398330664,0
-1.5596081254970495,-0.39706087440892235,-1.8963811107510429,1.973932027203825,-1.1952810058904808,0.8308759932472645,-2.8053308143005617,-0.38601896028939675,0.330799378889451,0.48561784238695116,0.5120075704235252,1
-0.7454871792045076,1.375559366240273,-0.7892665525271886,-1.2163658494039467,0.6132074262570386,-0.5370273447004309,1.214011302325326,-2.5091155195902557,2.7308176813535265,1.2211688575868687,-1.1943008219440703,0
-0.6977505461484879,-0.9275229328173008,-3.870734595510138,3.7312278455771546,0.39516810115403167,0.2481121888241736,1.0958061834550339,0.13300010552052388,-2.7877677916938195,1.8340372740912672,1.8171234938302707,0
0.5255490446613427,-0.44430250922131165,6.967537185678194,-4.90973892311125,0.8364946356538232,-0.02887535298592653,1.8769301280484563,4.523214390896905,-0.5788289437080878,-2.1938908385393185,-0.5409274407843627,0
0.6961844574482406,-2.189704768911618,-2.0538428977019025,2.4016619191927893,0.48986221410339315,0.39907483387924114,-0.26986247036521394,-0.7919784617774639,-0.4940189055028502,-0.3409663409595184,1.572290692675826,0
-1.5141104585539797,0.5553441984473746,1.5007770707597492,-1.6964152524383957,-0.5145721082222791,-0.026046413122495376,-0.391474636886139,1.7146370930814718,1.3080417023766588,1.2699209474054363,-0.5333073364505996,0
2.1309614572969964,-0.1376077274603631,-1.8416794630862623,1.514086124801471,-1.1017263418266496,-0.28770902179679203,-1.578489619218983,-1.9142728495613333,-0.18203741444145727,-0.20410599288991338,-1.4449359105503778,0
-0.30856441034954285,0.2438725159978158,1.857708582877234,-1.7130513573591515,0.821401471300334,0.3925760006336299,1.441290505286803,0.27314274160770036,0.6860322386242297,-0.9385253371598687,0.7274136566774905,1
-1.524093375403139,-1.7313747304934355,-4.967290362014333,4.653259565525733,-0.052181217786783925,1.4289844645175123,-2.119794836896245,-1.3548568018843532,-1.6977749548999406,1.7001084810474376,-0.5819621847983432,0
0.7142555074346071,-2.1887142206967747,2.7758341482682454,-2.6078944590885618,0.23919357791186535,-0.023716373084301,0.44252279257459115,-1.1002653792992427,1.689658638582664,-1.9391989810178234,-3.8766066320172214,0
1.0162478025498212,2.019014423804362,-1.8020300480287141,-0.3909157673609694,0.5416373505879828,-0.6315133951728833,3.3117219061222087,-1.6935717536395523,0.38314196986128035,2.480284690694468,-0.9384438617799946,0
-0.8872572867191952,-0.9315960985813169,-2.098160636386428,2.4606403623625015,-1.5964766913746615,1.2173861391689678,-1.286461116483358,-1.5378994298427318,-1.5697146283771697,-0.903251881411345,-0.5303979842551215,0
0.33865058457492553,1.794181088209566,1.8010146779278204,-0.4684587852614989,2.2720370911393806,0.2714376362138627,-0.05751006244599177,0.3003243410853837,-2.076036003798648,-2.9427377306705917,1.4602145632488623,1
-0.8770521729665488,0.22295257494266818,-1.8675660839751769,3.045096063352631,2.2583273845290592,0.19534901839199417,-1.180338188517862,0.7106753557283587,-3.616300825655732,-0.5832022360444014,1.675782828356869,0
-0.3568121685263351,-0.5130767028941812,-4.096118034438056,3.5345054046619584,-0.08234532104111875,-0.15688186529328582,-2.239655075218539,-3.374410165095827,-0.584366511401307,-0.17636892999217801,-0.8991040818250742,0
-0.7177688966903799,-1.3504293154184501,-0.6881925393581645,0.7321563122806399,-0.9663643633571273,0.8399156520724705,-1.229792845815093,-0.7115744827200423,0.9530092894305908,-0.22356193815490188,-0.0654987959231792,1
0.385386017960749,0.09017601132015163,0.35478227364194603,0.43002310691593876,-0.6594883022292949,-1.0473711469739397,0.7857965092171062,0.14669950048124059,-1.7338356463019486,-1.4501165831189224,1.1357530646267797,1
0.8240378881356634,-1.0098937859065387,-3.287607179390501,3.562637922267048,-0.19768917217925644,-0.9802667164270527,-1.4496940452078664,-1.5267813360274256,-1.8612996979244767,-0.3215022473696434,0.5078874446181636,0
-0.17350474828036588,1.0615146364265646,3.678649648836427,-1.9944883349426101,-0.8658097875948488,0.3064597508446848,0.5246543534325734,2.0616465270020647,-1.8154279083866158,-2.6021127718369215,0.6597399657071954,1
1.2142738770578752,-0.8080366138860682,-5.036990446451802,4.429928850994288,-0.2091592294817402,-1.7424045336127525,-1.6822438950075802,-2.4214263280719113,-1.2548623944573778,1.0611099822396808,0.18187244235935163,0
0.7967747748213029,0.4390398677063675,-1.1460085317879984,0.560534756053927,-1.196538645064093,2.326443756122138,2.056521500105416,-0.1000271974082605,-1.261874139268578,1.1816227752514703,-0.0741979546897844,1
-1.0066817029956863,1.2875621025539508,1.209338680078472,-0.767538168276506,1.24424221824142,-0.015214592834562973,0.3269853653581166,1.7337147206844852,-0.3488846074732374,0.04908731518371512,1.9310503125489313,1
1.2688662113207383,0.21850631478444382,3.6864260240082976,-3.8454422090044145,0.7284434414473594,-0.1993587706351462,1.8692498513651101,0.9120930130375323,2.2161151112462463,-0.5341987475246917,-0.6650587787289324,1
-0.4808146154562431,-2.0017885918498326,-2.2657292894871115,1.168776392120166,-1.017977078451729,-1.062438358908683,0.6365789801528321,-1.0814735532348156,2.1434117668737875,1.8170439975763852,1.0288291638143163,1
-0.14750185788293502,-0.5803066622102635,-3.048023664173967,3.2243058352526694,0.42351174629509386,0.7717009552283834,-1.569455411614141,-1.4515174136283404,-1.4598421905682215,-0.24143134764609697,0.7164614406007186,1
-1.1014998551843704,-1.3042195046563496,3.095638541629718,-4.509634035952187,0.1680345724683539,-0.06320617210701406,3.2699181957930383,0.42210036336337914,5.023726280490345,1.3704989455158827,-0.6468442333623972,1
0.3996730167625191,-1.2613794931429596,1.9251964982445242,-0.6306929001974636,1.5821180200534024,-1.520618544915709,-0.05573931063282578,0.4494889991941533,-0.5817611432423864,-2.4177788797081425,0.3106440264899448,0
1.4731062821910312,-0.47237320533875954,0.37495099246496355,0.5793402509212406,1.8713186662089847,0.31381541054174944,-0.7354462110026414,-0.09038866439671778,-1.2098721730676683,-1.728032638820963,0.22671972074186475,0
-1.9496350014207535,-1.0526753226383407,2.4995408700521806,-1.8304739647153725,-0.9927803340890657,-1.0039714094518275,0.25132839712965627,0.29664081048668955,-0.24974293323367702,-1.550009703656501,-2.8558201942863732,0
1.9095857295158072,1.8169762778062608,2.4807491284444394,-0.5677877311035932,2.1750021036741027,-0.40823232409159593,-1.390229043332203,1.8988115978156077,-2.0640508274513056,-2.692155805294675,2.091757086781856,1
-0.5445380461219261,0.21590650552058466,-0.13703660384188807,-0.11697332945034054,1.8869333547790554,0.28339809365378926,-1.0752094686640752,-0.13296658018962149,1.3996806699530018,0.35442242797181034,0.5379868046947686,1
0.49661721819594706,-1.7657459849037447,-0.9052394190205932,1.3352835548466555,0.09713931327864161,1.1013241902483928,-0.38454029119054284,-0.8907142507650196,-0.9527461211758455,-0.8725440652738043,-0.8963490707515951,0
-1.080929914341759,-1.3998737799854726,-4.232078870804354,3.566130265876269,1.0505506880796085,0.9751969989977267,0.09249976507698021,-1.7923740848219376,-0.5225555273746572,1.2177006229625154,1.611976961821993,1
0.19196621463404492,1.4543031645738327,2.943684824747401,-1.2030841760052347,1.3852939922701675,-0.9109473336460692,0.36412814050319897,2.019859763197669,-2.760767774372585,-2.4621299622197403,0.7888564637664296,1
-0.9527473410023491,0.9223728818836403,1.3553802133705675,-0.9236009563699312,0.21705378415869264,-1.3420958248908514,-1.1012251596044205,-0.07350639352833732,0.02653188652696703,-1.2927772922561944,-0.760771193301562,0
-0.5992577909456012,1.2309278565270207,0.8514022010534256,-1.0761164945624515,0.603883617138346,0.05959741889172426,1.2114009167069961,-0.7713479363061744,0.43576196020019053,-0.9461835840042057,0.7849473459822803,1
-0.08314447479698835,-0.8801156517385212,-1.6683001444505015,1.5869722344358284,-0.38248757994680477,0.41647957587744755,-1.5424344591112646,-0.4219711381138813,-0.059649330798545064,0.666751654562689,-0.4990496568947235,0
-0.8422486345342708,-2.842310354196785,-2.4873617969544077,3.039598963152131,-0.061026617825434906,-1.8673967716070234,-1.3011942363784907,0.5970675674445776,-1.324937779328802,1.004773545006763,0.2578174812894489,0
0.4592790165027127,1.313929100560357,-6.136738835671163,3.5400591642352235,0.6636393375420135,0.14510508139660008,-0.8353344481208556,-4.093055601968212,0.849284525309898,3.0824513119845705,-0.7788470449149433,0
0.6266770234422046,-1.5900062692393142,-2.530371348414437,2.667764115397776,-0.17360180224800928,-0.44945682641993673,-0.6232492071766571,-0.9525937928998253,-1.4313219470455685,0.1743287953057343,-0.25127831596574013,0
0.25855027552276016,-2.002425489628121,-0.39087435490136346,0.68240974568744,1.6153082042010194,0.4823380920231719,0.27928053450444557,-0.1505347175379237,0.052376936193375356,-0.3034605144741336,0.2592430267700161,0
-0.42870893032392005,-1.1614483006959446,-4.329426535671421,2.900164103328153,0.4827559116364362,-1.9623218342435376,-2.0612437675694792,-4.677325095772001,1.6571549620154453,0.26028357646111555,-1.5878766107226727,0
0.45505633578137283,-1.8164876056054065,-1.8255316001665758,2.0266713539653134,-1.5000848462537137,-0.18672323176955546,-1.9706138887589417,-0.865416862903457,-0.16930459654811203,0.00838290221621818,-0.8290119890013056,0
1.002566828297769,-0.6422613724279624,2.260004655650247,-1.6967438060790014,-1.7433816383907716,-0.011286451339410298,0.21160917269388513,0.7532376851195992,-0.15798521625725648,-0.9596746566837047,-2.1009814131589923,0
-0.6069633700991377,0.7183892007014694,0.9937552954714352,-1.4946796997434628,0.3754037630592742,-0.4035928605595055,-0.3520044041539749,0.5624739702327339,1.760857573383817,0.9068544388119376,-0.4351809922958246,0
-0.9470430550420016,-2.166104534735978,5.087778948384992,-3.2026979130824587,0.3233470902001197,0.9566706309922894,1.8475547630077587,2.9460906065848143,-0.4647005724435732,-2.422280378232774,-0.260243339523047,0
1.142779489965157,-1.0280327850554227,-2.2710721935354643,2.118452623391195,0.6873255241428923,0.27323245119409423,-1.4373299870707053,0.08245268900518476,-0.4471819597670932,1.48258775442179,-0.271141614293014,0
-0.200368274156375,-0.6048345781333502,-3.3657345425738314,2.5794747016054456,1.8176817398945766,0.139947493858014,-0.6556519257727352,-2.1175233357166086,-0.1650605704815381,0.8792677743400327,-0.19042198974162083,0
0.9705422584532063,-0.5139454815587743,-3.9088952197421656,3.2033103398735308,0.8450371571800073,2.438085626889741,0.4021931338382636,-2.0611945916591328,-0.6060404280952096,0.7707490397617525,1.9766151863282144,1
0.5989900759632251,-1.6631031679995396,1.3782497158585718,-0.8488861790625175,0.9153183771083744,-0.9367104403202322,-1.3365305773041425,0.7410526020708008,1.3468482274458786,-0.46258185029601595,-0.8014642969180897,0
-1.215215872448217,-1.995914269163498,1.4342443261611038,-0.6379249792521849,1.355545517758005,-1.9372600078132733,0.818409907905912,2.378533954083313,-0.308779110989694,0.3720053456447543,0.294369391881667,0
-0.4754193622403734,-2.5440091357600183,2.721571411515344,-2.417791531067791,-0.7142159729261399,-1.7406313225237808,0.5533604499447302,0.042864220033345224,2.4253799385666417,-1.2789306330738313,-1.3912521458125597,0
-0.6667388643078838,0.46781962410729944,4.882128730953215,-1.3190166874249745,-0.49812373297960166,0.27369003594581404,-2.082858717952579,2.579796477266533,-2.3757897887548376,-5.681078723919258,2.996522123218722,1
-1.4832828415048305,1.8930688862498022,-5.342207763471165,3.2597381339689186,1.9136540680405645,0.4365841744054824,0.045065694160332015,-3.2009893094353927,-0.2448997937362709,2.516026670473737,0.37812176007011633,0
0.21442772606125454,-0.8810418878433031,-3.398786604862242,3.1539655676357508,1.1444989607098017,-0.08457554669147768,-1.8639363609709636,-2.5778089257727377,-0.25167287360941737,-0.35899172763130677,0.40622178149592525,0
1.221727334729036,-1.548685892079288,3.6684329509096956,-2.5406858038192746,-0.9168748029087437,0.7193988144900089,0.08047067292501553,-0.3610156111003713,0.23982095423512173,-3.3242693884084433,-2.9302018210921625,0
-0.9137362247636451,-0.6984107278397487,1.1026367214798487,-0.8893494711893191,-0.04772948626955181,-0.7493056187814024,-2.411040962521702,1.4216354741992248,1.8062260864294293,0.7777768109748858,-0.9336880639054429,0
-2.2786501178285006,-0.033584426556639624,-0.7313440191387529,0.702632480862255,-0.7984313911263032,-0.3253981084042339,-0.9164816874778948,-0.5353037001526685,-0.006821885351398493,-0.05908099769342523,-0.17480168369131,0
1.0043933516186863,-1.8057504602537409,0.756112177511608,-0.4099906552723653,0.39722220832179184,0.9857876222759161,0.013349090643020367,-0.6714982453170988,0.6428242352788169,-1.2514219093839845,-0.902586928823502,0
0.04248320790190937,-0.44769778441102615,2.7154812517829017,-1.58768842081135,0.3628737872962921,-2.4647138897081278,-0.08220910047334196,1.756467548359727,0.46293241956780773,-1.4557169735404267,1.4595921836356942,1
1.291509265095001,-0.0941674438742719,-3.527592856330058,2.597745998139254,-1.1200438417486789,0.4449732928970761,-0.06049595990043166,-1.6564333721598135,0.46078449166823343,1.3137498689481575,2.2490434633384657,1
0.7830298730416138,2.5501981709578283,-2.2460966357305887,-0.10180623608827015,0.8901910741925158,0.373975785196982,0.08796301503580206,-2.694447692209187,2.392528072389224,2.1556244879145914,-0.8632254589052649,0
-1.3461580823661365,-0.7768317592602181,0.28596598068634405,-0.08443385460482937,1.7412435825022117,1.2990998713595876,-0.33434207589265597,-0.3992833099713721,-0.07983365056524916,-0.6158046512279254,-1.2455840279135426,0
-0.6560266283512985,1.5078505657517967,0.9577551518697978,-0.6829758232474352,0.011043265097619397,2.092539865652848,0.36796513140672,0.6059753359313953,-0.23290990004518974,-0.5983105142729943,1.64746791197192,1
-0.4900565317615419,-2.0451431852325754,-1.9019381080965425,1.5048224625564943,-0.8951147675931133,-0.6171700612255734,-0.4883349429244659,-1.7667085342338789,1.0014245435203344,0.07041282462190135,-0.15641197656366168,0
0.5656818326610408,-2.1898566220199664,-3.7062357123591565,3.7519018957505335,0.05999457780977354,0.5555963383606665,-1.3196709899356178,-1.6770554264034456,-1.2400884514500585,0.2312477277557019,0.04919462108800887,0
-0.7581980235092091,-0.4092685220650639,1.6594686093380653,-2.9487776315002177,0.3605554332420516,-0.18596189489001527,1.7466919295811854,-0.3124482991611636,4.2765176594170455,1.0437035957991299,0.16920841337723824,1
1.0167812528530948,2.4052081829882144,9.958723387847158,-7.212339669862123,-0.32736155206826756,-2.3772352072006924,0.1631474993323937,5.156486076134196,0.6762921644267275,-4.285842530043008,1.081284365195526,1
0.7282179795240789,-2.3163171710988175,-1.148512969045629,1.3631413152063339,-1.4637426952490293,-1.9641260411858024,-1.853834117430759,-0.5054130506410477,0.96828756120508,0.013055876546756662,-0.14592784419793436,1
1.7235588982946721,-0.6141460806260437,-1.5635743558453479,1.565431267025176,-1.545396826541468,-0.9714249925770833,-1.0761029659340022,-1.201317091991615,-0.5048204393577473,-0.27222493809881343,-0.5472219536513403,0
0.08535299299933675,-0.42337435703668314,-0.5983151513178927,0.6689890607348177,-0.2786119173727667,0.7614252243131094,-1.552619249335625,-2.182900890912498,-0.7364842651873049,-1.4324175583913223,-3.3983856739920464,0
0.20688116846743929,-1.6825540162488632,-2.659569320516425,3.0257810415459736,-1.306675207568967,0.717153627560159,-1.4594087250060142,0.7218269883165018,-1.4610746872556406,1.3661385498822112,0.626645207020387,0
1.810453625539842,-0.18601452166878263,-7.662047580141602,6.322294410393993,-0.5189985264006926,0.6525323434962244,-3.1922028003499356,-4.110565900208651,-0.02993805554156803,1.694818141277793,2.1319174728442736,0
-0.9221166635577857,-0.7637306689185861,-4.067053799816801,3.872909332815139,0.5236968732981749,0.8919902447059327,-0.7454360084679756,0.4392317597064219,-2.280275481299137,2.4664467299279824,0.8331178573277982,0
-0.3539303236071546,1.3657412255659427,0.2856886717345809,-0.05541075482416121,-1.5992667491481722,1.5144558251167404,0.02917033692075921,-0.027165808190829477,-0.31340134663147634,-0.791693954869579,1.7139873284483138,1
0.41628416925532963,-1.8525731513960126,-1.2255277007473255,0.8567846280037579,0.4511592627193661,0.08773067855268608,-1.052951918069684,-0.8276645349645357,0.866655062887473,0.7461964287187732,-1.7554924729067747,0
-0.7872776664380932,-0.5991591039751698,2.237253452490635,-1.3794146159429304,0.9752068350492666,-1.3559346593878578,0.9400558775359372,1.3822876918561313,-0.549214579295149,-1.0825650617833855,-0.014221523157559424,1
0.17068153917014342,-0.7375869176050039,-0.7814745085888867,1.549281741497923,1.3362308098899822,0.5820996679829316,-1.0256168961559584,-0.6590888511998744,-1.9192174243365154,-1.3288392165166427,-0.8001430735025206,1
-0.5496857155857199,-1.747876574633389,-4.694100445772487,3.4734331623545067,1.0142462645453647,-1.667609081951693,-1.6225774840613063,-3.8097239170008237,0.8151589518770408,0.858304139354602,-1.229285769748294,0
1.333875294994839,-1.4545482139997583,-4.6362562878360665,4.695741025314988,2.378685785687854,-0.7736422219778034,-0.8335402404538708,-2.1876209168086374,-2.2254175604350124,-0.0738636303621385,1.3494647515980684,1
-0.20019045755488005,-1.4193188579141862,4.357428685147882,-2.1064047343649284,0.38557141161351405,0.758701046883337,-0.7083906066669188,2.2506327430654016,0.392904745969765,-3.45182062668568,2.088088060417828,1
-0.22644353396598976,-0.5539684525702301,-0.9570890411905457,0.36044308095959543,-0.1619218720852994,0.37251443608235085,0.02235227960251196,-0.1295785247621084,0.7256943335076518,1.345650304461207,-0.4553503701633306,0
-0.4904348703873291,-0.7082829366739662,1.3460275943423905,-0.45201507000216795,0.6269900717133796,-0.33470169039526304,1.372362833375546,0.9596263679912341,-1.7249825595127535,-1.1608820327360414,-0.13175239949018525,1
-1.4241018164625914,-1.6455461479597806,1.3107894132962756,-0.8576196717246137,-1.8729486666359108,-0.425767078035535,0.16271917509411082,-0.23523649509541522,-0.15972405843164172,-1.153830116505493,-2.488718180473538,0
-1.6628864945349378,2.2302008536723976,0.1536348210563605,-1.040516771201369,0.05632523811542165,-0.35376936330327385,3.0395177580705752,-0.32186376162965624,-1.885736306070833,0.8695175606562733,-2.101239057796308,1
2.0378732237982673,0.8334576109451193,-1.4643910113176226,0.12679802569011273,0.23236087464387933,-1.2443657777113672,-0.0900045465743482,-0.9406626419365004,1.337167897742749,1.944100089981653,-0.8723380478724285,0
-0.8439656683418284,-0.6122279733362965,-2.025655228030161,1.8475872426507356,-1.933034298463736,-0.33691547554971774,-1.510748971941417,-2.399263255207366,-0.42341011174069265,-0.7707950754028762,-1.4736709193238449,0
-1.0464582300631216,1.4179527080153569,3.016364214406545,-2.026038341344478,-0.11844074236196814,-0.4350616260368552,1.4703229819449362,1.9085910447151198,-1.8985744901868902,-1.3523342620295922,-0.1852524018154479,1
0.34691444473433364,-0.5428048176868956,-0.8644757771156426,0.6629932895862576,0.06754025577546674,0.4577100208995572,-0.38484748203946356,-0.20027576330335572,-0.1662409122231301,0.6593263054762954,-0.9154366930839954,0
-0.24866967184762684,-1.1161665289791716,-2.6897987392438285,2.5064003231560554,-0.4787219814436777,-0.6075375666949552,-1.399809541742322,-0.9656743569976391,0.1559600245185141,0.6442722745877218,1.1218870482184593,1
-0.20161616722331116,-0.04083395823673419,-1.9702873285489175,0.7697025097485298,1.854828488599705,-0.9497219682365253,-1.4698463556231272,0.15123585820021923,3.0861196869588436,2.860751586303616,1.9235070233188594,1
-2.432338440454655,-1.5881248184202077,-1.455784185899208,1.4080902591305338,-1.829633759974344,-1.5693585321230166,-0.761855802151086,-1.9957378593365216,-0.038157248217291606,-0.8340963279573963,-1.2028425368775664,0
-1.3084819878131597,-0.35460555857691267,-3.104243791200924,2.760190178523499,0.6209809131837967,-1.3786482359139347,-0.516899898692852,-1.564578232132808,-0.7674551776331529,0.40951068882800146,1.1170150892290462,1
1.9339341928312561,-0.8912249869735465,-1.151545486424549,1.079562930433752,-0.38443625441439444,-0.4292390225436571,-0.6124608297033619,-1.5772904476105936,0.5805335231145019,-0.759070231141519,0.5318408438214053,1
0.9815413919571452,-1.8285028171473237,1.8842674915395645,-0.8242019870112223,1.0393914557915402,-1.7171333348633901,0.5481263768384019,0.8111559575035896,-1.504221701069121,-1.4454379857116355,-2.4343882760863274,0
0.24858793254883943,-0.7665988368918605,-0.6442139260519365,0.8528013448319675,-1.3845690503310573,0.9227640481896857,-2.064502614426607,-0.5466548680789289,0.8344799967659192,-0.38090700646354225,0.15316899068677892,1
0.2517707614674217,-1.7141564739052362,4.498831709304189,-2.7014289255113453,-0.18901158660613157,0.9162803969636725,0.733722383757343,1.9514616096297812,0.24784038197163305,-2.9776532726810885,0.5577471460020289,1
0.6458827327068776,-0.5396146415350254,-0.24135289780087127,-0.17050000940031745,1.0811836363413978,-0.19641495495204542,-1.1546410215586138,0.014351502085147683,2.1452505883044797,0.8732314111974454,0.44204656406591175,0
0.4934666095937271,-2.5903549899804945,3.8226121647851117,-2.9664237818772885,0.7506940622543944,-0.8274680574789277,1.191822101823656,0.6646952523340259,0.6478981797379737,-1.9600318807576862,-3.2256165391117655,0
1.6021895631328922,-0.12215023562493088,2.1676747423883294,-0.5835674690181639,-0.7937459047465065,0.0005197270704503954,-0.539029903625923,0.7393783591445362,-2.353761671160912,-2.6677860227409567,-1.330475235429575,0
-1.900141284322491,4.535604188624953,-3.7912735791989878,1.9692205549114625,-0.1782635639061837,0.5074228436751356,0.9495605368315536,-3.2110800463886866,-1.3541843311895945,1.0911647869203882,0.8506906828638409,1
0.9358464826406072,0.41595751119725577,-7.270843629524292,6.692649681123907,0.6583867075939158,1.1540292952735212,-1.0609688969427071,0.17708598756888594,-4.3684343916398145,4.009684785634978,1.9920273150120347,0
0.11986425360704278,-1.2896794161250702,2.6744136170054906,-1.931481714854163,-0.5493775364861597,-2.420332174626726,0.8312174875917744,1.04962775327066,0.003261803245275252,-1.1841438661599792,-1.5204274064539895,0
1.019475086901241,-1.2738476033492496,-3.010044262716923,2.435042750381644,-0.07966750568930486,1.2509679021658662,-1.7984338041265895,-2.7716137515628407,0.5895689903367483,-0.01756650157826345,-0.8957671442685424,0
1.4419703084702589,-1.7003228294769368,4.951877399635071,-2.9100237540155134,0.856717971249149,0.46926331772458063,1.0836148813812398,1.9094041324289261,-1.6804359589680282,-3.3760140167883295,-2.4778235699725037,0
-0.92735754881781,-0.07834113729245051,-1.2509606349348965,0.5003457482904139,0.8682172813880198,-0.19558199288394,0.17794655421449346,-0.6855798115843783,0.7001346122319541,1.1361793943771115,-0.16383006298715186,0
-0.19902442681728164,-1.8175064706402806,-3.1446826980024265,1.7362609944408351,-0.029473683184227675,-0.32497462178184267,0.9047287657179324,-1.6358032059944616,2.348426506820643,2.0810581822251937,1.9240521733591756,1
-0.8957739916153258,1.074037462273978,-0.8095236897041883,1.0559651382693083,0.9699202429111566,0.875647214366588,-2.201065509030138,-0.3454812597856502,-0.5219328029347587,-0.3510550603761522,0.13227072943588514,1
-0.1740873500887849,-0.426161909460139,0.9914830085967933,0.6425560170944814,-0.82628017864516,-0.27191274993169434,-0.43221879292589693,1.499983702403429,-2.1323407502388694,-1.8061213320550833,1.8245081954471516,1
0.25699258172563094,-2.027615571853833,-2.5480628253072766,2.4531201581278412,-0.49691736861521474,-0.29132138616675746,-0.814194280013966,-1.8426660531835728,-0.2441885135765216,-0.1987175217343744,-0.21592757067674107,0
-0.0035966289582970313,0.3891645418746066,-1.2938885253608794,1.4123620775753023,-0.8474746996723047,0.02707013048691453,-2.075854397150521,-0.7972116648330446,-0.0884284093223977,-0.3200724947224376,0.4379053862924514,1
-0.13652592786899048,-2.2270406226622286,3.8811314408827107,-3.2278134030851793,-0.23800685830966015,0.3426217531346276,0.8972925757847308,0.09911494251819697,1.294979248998372,-2.177549922262653,-3.2876026973948997,0
-0.4188797284684194,-0.32368049280440836,0.8601989327759497,-0.8949373652733902,-1.0212555698970553,-0.9551512281199217,0.4584969320673237,0.8924000122475229,1.556275035555062,0.3611321544540207,1.795193919040806,1
0.29946500442961926,0.9882280140910558,-0.9050958615772269,-0.4414171504073674,0.06497508474403264,1.1974522388095308,0.1292625114840802,-0.7608007012740974,1.5834660686511715,1.870265995519247,-0.9920805678420712,0
-0.5514749711869722,-0.23972854535379517,-1.4149238937714863,1.290729255784305,0.594081321732616,0.6405189247856783,-1.4145475818972844,-1.0996336287200352,0.4805858836330301,-0.13846046939991907,0.5261299433264108,1
-0.9811338480640216,0.11122342416197595,-0.6664215995751989,0.6167348582099478,-1.1721840820057403,-0.1541784545909918,-1.4977501399106394,-0.4742959631748519,0.8438510606409709,-0.04815783287833131,0.725512607730708,1
0.8256039486835267,-2.2985492348791876,-3.271889906161994,2.026317166105218,0.17643721523513653,0.5959979866278228,-0.5910704788702867,-2.8462438488589363,1.820246624064693,1.1572201124371109,-1.108454015721986,0
-0.4791399537049363,0.021813793382275293,3.9507476125591054,-1.9716016532142868,-0.3543796158020634,-0.018899075349080002,0.6164248690384426,2.957600525192361,-1.9706822193715945,-2.284180034194314,0.5636063330058945,1
-0.6503276132432236,-0.9974432623147849,-1.2151762145819016,0.7959467833213558,-0.2103463856277143,-1.6959381947442005,-2.283038796609425,-0.3969694981987167,1.2466030786271005,1.2076278460623007,-1.6751580595707836,0
1.629556583131666,2.2181656529544953,0.3849530785620212,-1.8551274216740223,1.5563924168889751,-0.5442264533442138,2.60100862422783,-0.8593511389589172,1.2381482190888928,1.1059128735601715,-0.1754815307015518,1
1.4956178715744781,0.7427810710687102,6.570562244883552,-4.431748371631587,-1.6124870361948755,-0.6464249803269752,0.5674127077617566,4.296782258549138,-0.35295349893481553,-2.50290472671073,0.7667350716548089,1
0.4681953540196735,-1.2228804529681612,-2.2263440873598737,1.837750067717188,0.1382517735014373,-1.3947340506776724,-1.4446892399466125,-0.7079024915647971,0.9751766237642886,1.0702864321813448,0.6759265787737428,1
1.735903899362292,-1.4570622483117168,1.930534375863318,-1.1116428364153186,-0.947872799325989,0.5625346848318994,1.1417224037316918,0.2964935024902392,-0.20655082829190818,-1.7997756093280217,-0.1583551359054911,1
0.5283069465546859,-1.9645070110905476,1.8793107627693046,-0.9312374750167897,1.6443751298612408,-1.4293801736866865,0.1256730927084273,-0.25917816718699926,0.14367671915457936,-2.324310717168297,-0.8797310663852793,0
-0.6350963302821983,-1.6586858816344452,-2.3571763169380473,1.662758277810574,-0.5486775651229832,0.2040900275616148,-0.3378323251353184,-0.8046791220092596,1.401678410982705,1.4741128772505236,1.0812242054832317,1
0.02941325209082473,-0.844341157665744,-6.497583632616854,5.894995303243892,0.4033827686682705,-2.0385330349066044,-0.2613010881993971,-2.4263061870543265,-2.5358055886803523,1.3893779000946211,2.4061277231940155,1
-0.7834166011742774,-1.0890202183249373,-2.294674284567914,1.6748501677344103,-1.357611905855056,-1.0732857099746491,-1.1280951696576644,-2.2773223111586516,0.5859986893409788,0.17669785563935325,-1.252324129063102,0
2.3129776005855365,-1.37029434384355,-5.297617903455386,4.704934392444007,-0.5931978574690867,1.2292412782018654,-1.000472697904859,-1.736995510916573,-0.8295052784370134,1.6166500246619142,2.132069633575205,1
-0.06820193968853251,-2.017025612693529,-4.663100028617287,4.542386196603488,0.9462095492481851,-2.0371210304730085,-2.0764216375222118,-1.1126177621142432,-0.8709917247543948,1.3457469282892185,1.286536771485211,1
0.43862222144278934,1.1405433819434088,2.064403216872975,0.012186439467824203,-1.0811920387785865,-0.3877338868218077,-1.487684971650198,2.518135224786035,-2.2990286490631067,-2.1962708476048,2.6112976170405755,1
-1.7593161723312076,-3.4697946507801456,-4.819508481958573,4.672864049619025,0.8084293173824815,-0.12072936825648385,-1.981481097681858,-1.507965834519533,-0.35234811387382003,1.2733239948516806,0.6764443505958601,1
-1.6011631975280254,-0.05270434893847542,-2.3504800470326543,1.335820288797647,-1.144702802399164,-0.9499592777791844,1.1229565262746586,0.12096848429266538,-0.005091272448798034,2.6141416090576852,0.8676631508663395,1
-2.456843963835007,0.30914264960974824,-6.503742559688916,6.149148172696541,0.35923107240300883,1.6781822221912026,-3.4704455497195417,-3.967084597316969,-1.8289023686942796,-0.25889554983800533,1.6599128961448175,0
-1.5616196711013095,0.2614463302742389,-0.3822616315810542,1.3913523666157155,1.137332026665307,0.022118253980874514,0.15190540863124358,0.25977166938766016,-2.4754085560716677,-1.430482838973369,1.7224151707872444,1
-0.9614418024842138,0.05371214282329395,-2.596789160004853,2.518601149410306,0.3848267263212719,-0.031133876166714928,-1.3496316961534105,-0.9885071327851129,-0.8318684246371022,0.3108368468282878,1.0022041778026873,1
-0.21462315623347183,0.9956078882329829,-0.961204733826975,1.5779209056623955,-0.5156766217002933,1.0109254664738698,-1.2445406658242109,0.4986749684212173,-2.717928348729925,-0.12472354351310888,-0.5045209365861126,0
0.1250937576059966,-0.7736635981226279,1.1704470110727008,-1.222892485139611,-0.016309590370112623,-0.15179750428541236,-1.6310089047115541,0.23327489568382354,2.5787991617465877,0.02177619255235108,-0.4686699154362015,1
-0.6309874387514479,-0.07590853766085537,-2.1093826265705244,2.1480277158574967,-0.6863697692646152,-0.5423353145037462,-0.9251110699575831,-1.1439786799313745,-1.0143993497532,-0.20728795711464088,0.6069054529745819,1
1.7062500137454444,-1.0628601363598693,-0.7112868504814558,0.2661101529516244,0.8534645295791212,1.3485175265833524,-0.4120253723229111,-0.5395116261732349,1.7664737390492653,0.6123567294811817,0.5593685743033512,1
0.911971938497175,-0.7846478232059715,4.30036997498867,-5.008766922879154,0.7652693560956532,1.0610143723364165,4.7765394683028175,1.8453576944225343,1.7662035896363146,1.033787590883595,-2.67354464650583,0
1.8151171684368834,-0.7557728473452487,-0.19362193531600852,0.7268188220940544,1.2358807302939014,2.4130852377223655,-0.5049875570476086,-0.10997206588519759,-0.3633855557898506,-0.8561767171102503,0.808628321139568,0
-1.6441128145201327,-2.6899990938543388,1.3537213212989705,-1.143886131879215,-0.13660615420447592,-0.7875210424770636,-0.3633325052765558,-0.44035346186684077,1.9831149185291341,-0.9028530791954625,-1.61990228256224,0
-2.2223552863401967,2.0892036950512916,-2.8335709191009806,0.2676904682796483,0.5266405486408379,-0.784452553659127,0.6770971031897952,-3.503456585909402,2.4080616628385636,2.0319526611440564,-0.9199280332722193,0
-0.6376666761802806,-0.6125153856744302,-5.008769525320515,4.552099424202218,-0.3314510064818676,2.85917035381565,-0.6080985485750087,-1.914667168416294,-1.8106544070942705,1.0548358486657134,1.6748428324815938,1
0.17839261974411277,-1.0482417237272275,1.0688650439451561,-0.6824014202592114,0.27200260369246043,2.005530042129411,-0.2272309491052642,-0.44575900542775054,0.4127935899727768,-1.2838012903058464,-1.0724112608181264,0
-0.5159602705365742,0.7549565911528935,-0.42186226596950116,0.21822645937253016,-0.9774736602838867,0.7147478028307026,0.9885663475302882,0.8464952907478605,-0.5668561378769942,1.0446513896040037,1.2371177596119516,1
-0.25341295675176734,-0.8128513090377365,1.2377062076438743,-1.1197342955641418,-0.2480189556286216,1.7548102446174731,-2.46149875891855,0.5155430033050434,2.6825731428758957,0.033077110700137635,-0.5330719176470389,1
-0.16445206835620457,3.0329695705963475,1.5107851093502542,-1.5656857073918136,-1.0269746079054642,-0.13718644940470529,1.6580926877780235,0.10546928647224096,-1.2812732465048682,-0.8386271720700242,0.08324094979442787,1
0.7175801502419472,-1.3171262116195608,-3.572943803138268,3.9025719690890472,-1.7573528800346843,0.5983116372045834,-1.1575904883897579,-1.9331254787286984,-2.248337359539649,-0.6445268828687507,0.4293367313337065,1
-0.6249347022954995,1.608644814983305,-1.8643411906105714,0.1578611978387532,-0.5967050055279373,-0.06158300676259368,-1.8507103662132438,-1.850377773529801,2.1534120171131117,2.02938774130016,-2.1238991542283063,0
0.3033048136960145,1.3992257185202948,4.551766493358492,-4.108253910203737,0.16839547000601784,0.0064981398899299,2.240006495452069,2.038714028442,-0.024513092503194334,-0.9340005962920814,-1.3244687843213703,1
0.06067601005787008,-1.2235425488195446,-6.6019065672869575,5.6807171260404665,-0.07814168468101738,-0.19321146387880633,-2.3698361887561266,-3.8998018460288586,-0.6224777464280704,0.9053437351336182,0.9068303978953025,0
1.3892640900284612,-0.10638493087387124,-1.6304003208141822,1.0938802144130133,-0.22074554482622932,-0.8589765069000306,-1.293542038672228,-0.11420920658638645,1.3323789582838081,1.4428451981700614,1.2440646085976537,1
-0.6121564341606128,-0.10221739457186552,-1.3729420170068032,0.7575594905796511,-0.7502792543771903,0.4617090803777356,0.5851585819113787,-1.1467762138895354,0.49125765781539665,0.45220743739455327,0.6883533454603902,1
0.5571590443679966,1.7490988208152372,-2.667262825827316,3.7041279946631933,1.0281505759068301,-1.834555436194849,-0.9909236986467702,-0.12220302318444154,-4.642522234650746,-0.9794544985531375,2.2683125366301624,1
1.1417453859226665,-0.9010810533877658,0.740060860114318,-1.6820589220882818,-0.06527365115350171,-0.20070169326584605,-0.65264165754065,-1.976656576413257,3.3545868152607135,-0.236124487839241,-2.4954056115291228,0
0.7963766893082247,-2.0822220946744148,-3.075344072362757,2.5167556980461008,1.099353311858878,0.3313400798915106,-1.665333943909992,-0.4908592073207478,1.2197483283791508,1.9906070636856692,0.7212930503254227,1
1.4117171489962985,1.6015604820540326,-1.8182707980557693,0.06791970374071864,0.9440723700358463,0.6262459138822891,0.8706257282581134,-0.7586118947355001,1.1701197391407736,2.7587430860755013,-0.36466247239699545,0
-0.5053034230479798,3.3453050107238544,0.17056391786166253,1.179100541664952,0.08227078504107811,0.41811892076440277,-1.9578409387188007,-0.24224358942934843,-2.5699230219190525,-2.9350341822565023,2.999953836468265,1
-0.4619338930844123,1.55165239274052,4.695528283639002,-3.929417950808713,0.266182841509583,0.33661205723417525,2.427637533049198,2.7392584925837866,-0.9517708102033802,-0.932515113060012,-1.053426343012833,1
-0.879690162994883,-0.2626570953104962,-3.343979666882896,3.3167886499483936,1.2998827897296585,0.2941338760630617,-0.5409670665135771,-1.8540045433024483,-2.0483558671475874,-0.2398017318802319,0.6494428843492464,1
-1.1733833128175104,-0.3868956536724998,-1.985753909392916,2.190120485463443,-0.48443588594026327,-1.4215801950601636,0.4751136384345762,2.074280243111069,-2.4708637258969572,2.296534269119137,1.12391806394282,0
-0.5128696701773521,1.4944691403919825,-4.240474810549561,3.133714440804234,1.033039439639911,0.1261199135862645,1.0702481060555937,-2.337191163975956,-1.978022454766004,1.1644576341059438,1.030448868928339,1
0.5808425382688532,-1.1660392595022953,-6.1313464454091555,4.65308417549461,0.5464370942349346,0.17843930624443516,0.7394630448592068,-1.9580707416100054,-0.49492380348069664,3.069593513285832,2.3015524052898684,1
0.8163782106740383,0.24799173409599007,-4.288237847122857,5.0807053458824765,1.573902066832198,-1.3694574907724741,-2.4874682958167713,-1.648641381030104,-3.4950159799569445,-1.0416700312299223,2.075554318817427,0
-0.10804967128560838,-3.0892573909370604,-0.6564242390874316,1.5631822239951152,0.5218500307878426,0.8995980148545802,-1.394027181555813,-0.8031185153359648,-0.028941656451011544,-1.5666087685329269,0.025019445093991788,0
-0.3867226861669294,-0.2557319157646025,-3.3913728271045502,2.9734926649009195,-0.8599177863357025,-0.373485096913091,0.2717385642873771,-0.5167175478841461,-1.6373048396014023,1.5409520781257615,1.1668508009465497,0
-0.31094104545198675,-0.011051993551194461,-4.223575850155451,2.675519197467357,-0.5674273667352382,0.12282571279787587,0.930724490851768,-2.9381551781115807,-0.058421313947142894,1.5457884149071393,0.24439101507815053,0
-0.611603359192531,-0.3352498746092911,-1.1248047856943102,2.106147625350084,3.3081463324999425,-0.21541522234914753,-0.5711653500375522,0.784553033129203,-2.978185226062795,-0.401778784594186,0.5861032166098703,0
1.2440195481273486,-0.18995399441180782,2.0507153237338027,-0.7962125711610578,0.050171648979600164,-0.5671439426266116,0.348375261646386,1.7873963531871364,-1.460483970459637,-1.3279926772034747,0.5006540849183889,1
0.1480918862802869,-1.1208820164636484,0.0020122275168756123,0.7394753654605573,0.9693531678627526,0.47141705207133405,0.05348038220444662,1.3477030554225484,-0.6448294307389257,-0.03926539005347174,1.843122624624796,1
1.5906596260621388,0.08263685116689223,2.195341337767623,-2.3752892481296217,-1.3398372558166751,0.92945279805612,-0.8671159782511434,0.21503099147897164,3.092533538139903,-0.37261827191359354,-0.1057181529798118,1
-0.43410383877821723,-0.9649923086185068,-1.3983928770411629,2.1631546742120804,-0.11048045482119535,1.8555672124335676,-1.0371449805106772,-0.8404040038280288,-1.7156100594225863,-1.3138417519412595,0.46086062584657883,0
0.8487162248113707,0.3491255938778037,-2.4082891932869095,2.886589901205122,0.7587263109484385,-1.6739783071690244,-0.9589236767472444,-1.3468979781677552,-1.9364995162441163,-1.1434642552560075,2.055699072506777,1
0.28149932830586283,-2.245435715666209,-2.238065314640464,2.9927431663178736,0.5340108895720012,1.5939672620120358,-3.4714022382285874,-0.6898738012220873,-0.4355137225219763,-0.49274742066659427,-0.07661579452275458,0
-0.24799366784329027,2.29152098311621,-1.9239349023838626,0.1915466451957557,-0.6479103024403507,0.8072498005832813,2.3947122004295496,-0.8823591848005254,-0.40680496876936123,2.5044753864770453,-0.4046534154780881,1
1.2067020010601117,-2.754484994861433,-2.1929325031491316,1.3954885390066705,-1.866832911120554,-2.0236651238011643,-1.0443649238941677,-0.44762577233269224,2.830355849398128,2.056480927973782,0.9413481243215832,1
1.2355479214009788,-0.20619857024260524,0.5540086138675784,-0.6285818684360466,-1.1681664582960414,-1.2081328233043962,1.8768945290660235,0.38966685325173794,-0.36170601133019514,0.13213664792309543,0.16670332031972068,1
-0.04639937347518427,0.11580845502218551,2.775995018769155,-3.17769120058507,0.769355021696965,0.8822132784929302,-0.9798965209208341,1.344669488184494,3.1278617087016922,0.9365015110337023,-1.9999759545788582,0
-0.39311053650298033,-1.6835513562298963,-0.5983590305203923,0.2341020661722657,0.10033480801541994,-2.540358202740545,-2.3696126813214926,0.04132410247904306,3.182437396856021,1.1484291393111508,0.4821526944001014,1
-0.6004388280547216,-0.09182247726155723,-1.1549272534563917,1.45977711058394,0.8393038562320456,0.5224627916610233,-0.794305724512902,0.10754056329606132,-1.611417299340162,0.17714524939847553,-0.4360635849562902,0
-0.0035736287069961176,-0.3131112618875098,7.0245685240742315,-4.821341640544977,0.9103898503213249,-1.678673987562661,0.616306203828768,2.986266812362846,1.0789508032609292,-3.9385258125200684,1.281452279925178,1
0.7562779669731313,0.351492112437479,-0.6323264971893633,0.4339621238504157,-1.1886171345850798,-0.7907886557644446,-1.1831391943802485,-0.6528736370022649,0.525454144974707,0.046628598400438204,-0.12318351949471551,0
-0.9283031064640556,0.17576511525905414,0.7317125625549598,-0.39914870245638107,-0.09257161553778763,-0.179677869742315,1.6589612723959095,0.9720725807364342,-1.7694195489680684,-0.04783576685222257,-0.45574107246613216,1
1.1735171186994844,-1.3876113720314955,-1.363175843003056,1.0479506635117641,-1.2406433790235074,-0.21271640781543708,-1.9285073356005369,-0.9928316728388408,1.0457039993258437,0.5562697274059178,-1.4958289286020174,0
-1.3697148923134226,-0.0009660432011726616,-3.3009650840363216,3.7231474497791948,1.779856782569533,-0.3079281873688745,-1.896563565923998,-1.1933235299042388,-2.4180955313191914,-0.3577259628216356,0.9788882833471516,1
0.2469603806234366,-1.6878120178787759,0.1938431194964085,0.014192714592928937,0.3101951542942259,-0.8400731267423295,-0.6059802503623961,2.0852842776606,0.3589969103058886,1.7199767692696915,-0.5881782261200512,0
0.052745349842889144,1.211644308245111,0.2335479550389064,0.33604699832407353,1.0387820257206195,0.10915875645939398,0.7064380857204995,0.9183239725959187,-2.2347218739180628,-0.42030965978851376,0.8451853864506164,1
-0.02805623762679394,0.7024149832287949,-3.2831228756572974,2.124280674218869,0.9339977736284483,-0.06688272682185652,-1.338906831052804,-0.34970663312148,-0.06219726902920908,3.0231180631509584,-0.65859405407982,0
-0.564741713241266,-2.3300307794157815,-2.90770886517525,2.862418940402533,-0.5500136884217418,0.8892420416190631,-2.9450994065412326,-0.5821874140911831,1.0398812837334521,1.1054999142172282,0.6746370311648093,1
-0.8042429405480105,0.48479259472032865,-1.0866228270389247,1.2166398088547916,1.9192080974981747,0.11033332999591496,-1.6527441396252813,-1.2856772837078034,-1.7764793728552783,-0.6338296288004097,-2.8316991576473933,0
-0.6976981471994564,-0.8821480268262654,-3.1691221652892887,2.611697083872023,-0.409992448198384,-0.13653316606028762,-0.4012429528603692,-1.28061129299721,-0.04795758325071908,1.0790879864998382,1.1950199875098992,1
1.1071400402549645,4.178604007582846,3.3023543508576143,-2.851041549970373,1.762463211710373,-1.1591081529838017,1.552102119024705,0.8811481101072653,-1.4987044845839574,-1.8269602850318567,0.2961658336208134,1
0.44670824242483087,-1.6251311349862754,1.6326572819440912,-2.2034781223034328,-0.520241154084704,-1.2560548072182915,-1.0960883472982723,1.1086964655747036,4.5935039269728755,1.482781144936558,-0.04518396038052985,1
-0.37969666902969135,2.2624402802212993,1.3507451764906737,-1.34083772612102,-0.897753901834911,0.3115904349930703,1.2859965396720068,-0.07972219359925536,-0.625851472285131,-0.9892641704527537,0.5400372700406568,1
-0.486791484770088,0.16912829385425399,-0.4450109347881465,0.40848442078846925,1.7528398087099788,-0.9990848628054642,-0.9288579715177746,-0.40313610797869903,-0.2454414219953046,0.003231370592894134,-0.9813963521748665,0
0.28826325066761926,1.64899225179626,3.843902308749306,-2.6534930384956237,1.5906722842062655,1.944394461814842,0.2694313614526266,1.600680619990515,-0.16747081931502994,-2.3700784883912984,1.2390776125476375,1
-1.2864213233528579,-2.346481099863539,-1.3544625667377805,1.3874649649132353,-2.0833725494229403,0.2044540613061953,-0.13523038786068942,-1.2856734194414559,0.20048706939077254,-0.40540060865490435,-0.3109508697550651,0
-1.371686746959421,-0.13111241536538842,-2.945900039181324,1.59330596486364,-0.7501961427917745,0.8766675986454713,-0.7582374064309274,-0.7817421994208311,2.464040873728562,2.6022961450997153,2.280074108814878,1
2.122711106323399,0.018852629292652523,-0.775223608101535,-0.6776557178697264,1.44944565757461,0.2186379023286779,-0.33377389189509976,-1.2055779823825068,2.5551299136901244,1.775848594680054,-1.854683468717927,0
-0.815323855209165,-0.09372261786414227,-0.3453322024318824,1.1180873266260054,0.5002041509747973,-0.321878795094157,-0.8529125722654217,0.11768008036073485,-1.7859148418081001,-0.9465927078234673,-0.03586968009100755,0
-0.8952142306107689,-0.32913233271068176,-0.09222835936769373,1.1302757094256006,0.14550786415291603,-1.4698018102603656,-0.9144857106998502,-0.19584770346470803,-2.5439278686834155,-1.6508532196681291,-1.177796818049503,0
1.446463383761318,0.11702501445909685,2.3100836799181352,-2.5428528324808948,-0.10563425780664121,-0.38908609269465955,-1.2188287498167967,1.2199699485806883,2.520587779475692,0.7370105834937135,-1.7643171476679536,0
0.3788098926534384,-0.1680431734014053,-0.8609023173236118,0.07419653747581155,-0.5044856865493246,1.198365578613652,0.02569350601727105,-0.5496023298408157,1.8371465490701582,1.0861234005813678,0.8896937980363631,1
-0.005596554340837902,-0.031217409870924362,-4.574604194965947,3.2347955122146836,-0.42942503573180857,0.29462997718703626,0.5559594453425014,-2.8158215767265444,-0.507427170628167,1.453498708780304,0.6699795592235094,0
-2.752042152390336,-2.2466231102668877,-1.473954407960199,2.1631731192519115,0.8202102676253616,0.9973029861693982,-2.979746235935517,-0.26779299608192664,-0.17297015647631264,-0.3083640326035786,-0.6014405106215965,0
-0.4737766117114573,0.4925334633907699,1.930815200183175,-0.7077400357710808,0.12886181129272292,0.47106906197827464,0.7957109697246838,1.3255770579100887,-2.2977207715323322,-1.7079291486129404,0.13696761587191242,1
-1.4749116274541751,0.16924778170367416,-1.9386079318325276,2.3677878724490142,-0.7153560192740123,-0.39152092045825204,-1.797057556728323,-1.4559890244841518,-2.2948150382859565,-1.015317164525411,-1.242901393333056,0
-1.3744155888304075,-1.3847771176085644,-2.6251845922278227,2.452597058332501,0.1274138020397128,0.006426985599901509,-1.3176258085144625,-1.2376243086683218,0.18541768743969333,0.400937739294773,0.7720545177044924,1
-0.762301058849671,-0.587490565191942,-1.5020983048677623,1.0311063467883341,0.3292015300314193,-0.5222282298691227,-1.04420206974656,-0.4464328517050647,1.3603341173955876,1.030264533041372,0.9846517574194966,1
-0.8746888302004511,-2.7088273302715606,2.5775259011145417,-1.5398886531581217,0.7526586027306452,0.1549065771851887,1.0678950463427668,0.47597162137040216,-0.5669261272995042,-1.9409541926782203,-2.5997532245643695,0
1.3164477907460013,-0.3954419315746825,-4.23707642943769,3.680593410773524,-1.3051641529595952,-0.3177159787228231,0.5565857074977072,-2.0243647670420364,-1.8199146774346844,0.7293277834910206,1.3475947242485318,1
-0.2510411975493619,-1.2177760511795916,2.6150389798960805,-1.2528101939751235,-0.5024931272739718,1.6187559823896003,1.2365861169558179,2.875689409122847,-1.3306018949548286,-0.7150626335878398,0.5586507318769652,1
-1.4931223230367285,2.911287110005091,4.348185586847647,-2.0550575255741363,0.025628021417396667,0.5039119349955187,-1.8959109430882235,1.8821700601233244,-1.0502073503940235,-4.258210899381259,3.037945985776209,1
-0.567597825803043,-0.4747649317982341,3.2166396670680846,-1.0483870475481019,-0.4715372481446572,2.1652818723180305,-1.3071707968211956,1.3554954264020174,-0.5411730633560661,-3.702244327699394,2.0671828529652627,1
1.543512191700421,0.6680181573507029,1.6697929281500452,-0.32525596019603253,-2.0611676320219714,-1.3409055965778967,-0.41168011726676634,0.6124479231433554,-1.6204946464504686,-2.4563215584284723,0.9747768852636925,1
1.773032602742319,-3.7547383656334556,-1.7149023305842093,2.2717708682039683,-0.6343249975720505,0.9045048786827954,-2.295841978783696,-1.5919185375133824,0.5621112457553287,-1.0792688022466355,-0.8414105222638754,0
-0.20103028318503155,-0.22574597532925522,1.1829349555087327,-2.6835370206222846,-0.1656527434707614,-0.6317626804198608,0.6216476417259211,0.4846139742388873,5.339388888834081,2.280046515502489,1.2206430607044854,1
-1.1592976212413253,2.5782977881313345,-0.2707882017311953,0.8016527301974136,1.5262163480048354,-1.8359062642919048,-0.6053989221287677,0.6482571486501655,-1.6689998815343388,-0.5839297762101245,2.6227508312523593,1
0.21890499402614177,-1.2861135604693608,-0.19537627619909578,0.30963027035842033,0.6035693801713201,1.1868812727074103,1.8435088765376044,0.29689870611538227,-1.5029709815189563,0.25511791605392586,-1.0414650632209552,1
-1.3267912430372841,-0.551405863595029,0.5927582081236721,-0.48022452825814005,-1.5322373811492607,-0.6025758270585821,-1.3042788433208128,2.2135911783011304,0.5928694675812756,1.7898234442119705,-0.8929618804241874,0
-0.31237009588139153,1.7843304932170525,8.163340998926854,-5.550900165011992,-0.015355041163715263,-0.22994550839103806,-0.6726270607855798,2.757781046417483,0.8381813599487029,-5.418088893761311,1.4351280166748417,1
0.10897510116465371,-1.1535321619698224,-1.885624173081416,1.9817824902204872,0.8755040557319675,-0.10026083821895938,-2.8754627710091816,-0.19611489358659095,0.8036252712543343,0.691499338667771,0.5914738537868085,1
-1.4064305507133912,-4.573390240569335,3.591808834067932,-1.9146857858446185,1.2869873776283407,-0.19743814666181425,-1.6850043484458714,0.31631440573164027,2.366634522211954,-3.3087459963735473,-1.4105694885184055,0
-0.33542413728044174,1.4402783965035346,-0.0012703840855427995,-0.1638315297587205,-0.005985898266554979,-1.2459777134678354,1.3440096590195973,-0.4955363765305494,-1.0749298835875787,-0.4258471908174431,0.3280617586644005,1
0.46974065657330255,-1.3582325302552793,1.5949141935571964,-1.6011888956764035,-1.2922001270247798,-0.9377855847839754,0.21380359558545714,-0.06990978223576272,1.8503120713221972,-0.5293699947784862,-0.9433872187295647,0
-0.22181205584846625,-0.13591628844984693,-1.842288221637543,1.13343582622593,0.9586076450582943,-0.6434440175091646,-0.2816113481624417,-0.7614048814498641,0.18707964327919957,1.3082107507155198,-0.49813181559886843,0
-1.1589386533376842,-1.337723090362175,-1.4224429948714787,1.4133199013336777,0.7676280180563205,0.9610951111297591,-1.0228392707577596,-1.7464687938809362,0.03176136481043268,-0.7195575401671951,-0.8604335473050088,0
-1.247234683079822,-1.481491946847735,-2.376792402887752,2.0689267919158305,1.8139381618045216,0.4633089065335652,-0.7729706221634216,-1.579899210307544,-0.1216546970999779,0.29496089898022826,-0.5930140040262828,0
-1.675877315412999,-1.0554286549286527,-3.7761537367504507,3.1518816767461293,1.0693330332233468,-0.9568672712099399,0.6744212442306712,-1.9436851806210105,-0.8947625791134761,0.7786275497684954,1.2996478976722547,1
0.8891495320326165,0.7287754190364646,-8.242865117285303,8.09912813781148,1.4602599737287547,0.6294609391599469,-3.231419769025173,-2.1272334152904504,-2.867096540045396,1.4015176510919878,5.780129108035829,0
0.24567172679440274,0.010301379018194945,4.045726990540212,-3.0130084674706326,-0.6990913551250921,-0.44761660646306745,0.7817754605369465,1.2061619377508663,0.5176027105899228,-2.3226245367174947,-0.12303534603866162,1
1.6377548374828697,-0.3410048942383669,0.38576630520691507,-0.21120135860913813,-0.8486027174545326,-0.5336283044488602,-1.5064453587027016,-0.5096527616839923,1.0290840327057373,-0.748879069274972,-0.42482020396567544,1
-2.9278267668063447,-2.4418014043839182,4.085063540435824,-4.304015760567842,0.09399962918554458,1.4550005457866486,-2.7461152030200964,-0.3126028042705581,5.571914473562368,-0.8240974490716588,-4.9527701406048745,0
-0.2709461173637676,1.6445029541521752,-0.6750323880200793,0.1653678278187194,0.5419659884172929,0.12740368239791006,1.6461861623750074,-0.9734416499291825,-1.1251189770108434,-0.045171010993885874,0.22694469250226423,1
0.3170976977132865,0.9039207667943212,0.7599861270576063,-0.17935213768107985,-0.2984711730989681,-0.20874852649203376,-0.7806073438217795,0.7290391580899519,0.008177574260548326,-0.7978626012893703,1.9172697121510336,1
-0.2906491650645053,0.3589095760138752,-2.885137882979364,1.3995043212610545,-0.182497689363484,-2.0485942165590547,2.2026044789332193,-2.265068886215506,0.014306541983429732,1.3650181792831335,0.4514156479935345,0
-1.1751834184744707,-0.07895620816344873,-4.753567119206233,3.6510854990966326,0.8755657848366608,2.2257567357379284,0.11394497082371013,-2.455669372902203,-1.089572971163626,1.5051417210227882,0.6114803574712864,0
