feature_0,feature_1,feature_2,feature_3,feature_4,feature_5,feature_6,feature_7,feature_8,feature_9,target,feature_10
2.711533667479295,-0.22811527952479402,1.2217555588380327,-2.358187180191222,0.8702033984552114,0.1737976077468722,0.2282502884562134,-3.1982908674406256,0.8000976751719073,-2.2695290848532856,0,0.015235853987721568
0.6112361686577532,1.3557594940496047,2.9523535231967633,1.6899093259564835,0.6848730387084727,0.7847350871704154,1.0553021549355308,-1.7293117842334291,-0.8331324909221363,0.756566817320615,0,-0.05199920531202478
-2.0928729070065413,1.9433924271226142,2.799991146983288,0.0026326689711696494,-1.752659153832262,0.9979981201958921,1.0789511993173653,-2.9945919752876216,-4.232972136512281,-0.6605079886943324,0,0.03752255979032287
-2.830688672500426,-0.4847038750968383,2.966179080095011,2.6930326694389306,-1.3724200691515263,-0.15991849870321942,1.3887905156920495,-2.44759851079779,-5.365766406913141,-0.9624306862161456,0,0.0470282358195607
1.1875351290770806,1.4399804137432521,-1.5605641871715206,2.188617333957513,2.3397925819343364,-1.2275006847786987,-0.47548117518906496,2.307418136396197,2.115894073599593,-0.7949840456934234,1,0.9024482405673082
3.8777936698119966,-0.949772158087581,2.700037511603231,0.5330163340535399,1.905275019288457,-0.17947669596343577,1.606083080782692,-3.189730304771165,1.4622707706729206,-0.5586612845865511,0,-0.06510897534311591
-4.894674059288482,0.11275085837824132,-1.28843590930034,-1.7078659863757886,-0.7210673979725843,-0.8994652103830275,-0.8530403525506716,2.229814188082623,-2.9743536955580465,-2.1903925064765715,1,1.0063920201583643
1.209176008548661,0.22544362541425264,-0.9150038312973836,0.4611303493845428,1.314379201729736,-0.35954362740277196,-0.5892685258555133,0.34779080021917297,1.0833763873372952,-1.5699480115956999,0,-0.01581212961717911
-2.763172446254487,0.30300170570082036,0.27260216478170995,-4.263210312243857,-0.6112893498344845,-0.4850621984882262,1.0344335984615913,2.3670478091227,0.7569879389214789,2.6194336910850438,1,0.9991599421247855
-1.6976051615983128,-0.7815828208757906,-0.5119986541964744,1.2329110146906868,0.04141619009685682,0.3656583268680894,0.07692466308233334,1.3112983114201044,-1.1315719655734089,-0.4192474600097461,1,0.957347803621321
1.7854863374728174,-0.6929894482436629,0.4118392780498684,4.073760575306613,-0.6398151977854747,1.2003426575248168,-0.5340983549927271,-2.0295645920427345,-1.0632431146373673,-0.014447871251557554,0,0.04396989874314143
-0.5289917410186824,0.6033756685377838,-1.0331817999185018,0.4334730584721582,1.2255486135564668,-0.34148309707251473,-0.04247136489609486,1.7282600913985213,0.498406329629198,-1.0896679001575493,1,1.0388895967714473
-0.8914314450551262,0.4956445566797484,2.3507342515387544,2.5765348586618293,-2.590247234749256,0.4320021383954882,0.633076362058871,-4.038439961906285,-4.717224296014758,-0.477042582563978,0,0.0033015348780608025
1.0268547752013992,-0.6846635327909459,0.09914945473401149,-1.0668376319432462,2.9894640435935083,0.35093788691770267,0.6848560792795775,3.1552804313036216,4.150503587212131,1.9521653311377658,1,1.0563620603484016
0.6788066238994029,0.47119398707273774,-0.1624134278394358,-1.0188903187505287,0.82374531369283,1.8990607670618667,-0.5959912644301183,0.9600265043143809,1.8472365096970784,0.88205930824865,1,1.0233754671126023
-2.9850374595146265,0.3836772486393354,4.745417015548707,0.013292143630345588,-0.2412752253470184,-0.5994712387598766,1.3051138677031495,-2.247620926126069,-4.1874625877444265,-0.007862961082534925,0,-0.04296462314416191
-0.1209739437331836,-0.19523274153162382,-0.2536039135629915,2.4080982296609985,-0.5231610844167832,0.3119740592202669,-1.1909049882628129,-0.6157929216406479,-1.4807205626197075,-0.7801619056772102,0,0.018437539204124942
-0.20614323296160142,-0.39495672120867636,0.01323824649662364,0.5242350797030393,-0.2075605933715553,1.2606535467604754,0.628088027832284,-0.47094219807175314,-0.8222277342146747,-0.7169250261312478,0,-0.04794413004144995
-0.33553406417932186,-0.17209117181483505,3.4642405042510966,0.9942739930412325,0.5730769726149025,0.338396348283639,0.1404914290590616,-3.280770096888157,-3.047248252268071,-2.129596178845622,0,0.043922515065363626
-2.897251614819509,1.4831397841259273,0.6297146837285745,2.9977012376600816,0.1132177687790834,-0.09796171802406074,1.1200456849315086,1.6608123252451847,-2.363970414208391,0.3731525203108548,0,-0.002496295549312645
-1.1358500450400602,-0.20101613583033465,0.6215021808128607,2.172147384019606,-0.317186040313973,-0.08073469554436408,-1.6987212044266033,-0.7638839643690863,-2.4737100697530514,-1.2446987995081833,0,-0.009243118177263029
-0.8437940177417675,0.9510741853524788,-0.8454637260250844,2.1874603611025982,0.9711500645136009,-1.3181188589474904,0.5028947805505093,1.148878893842003,-0.8781527255277736,-1.8125409970273059,0,-0.03404647722019707
-3.2548000747519197,-0.27381699741966137,-1.3463457362628135,-1.5176641011307743,0.931996868244255,0.8549273943948039,-0.5451506403094556,3.486387125757434,-0.2396900886195384,-0.9543692758920627,1,1.0611270669337016
0.7076093469916688,0.7647558344225625,-1.2395961546031518,-1.7843616746643551,0.47318203837612904,1.5803261070010846,0.008410626781258557,1.5742842844929246,2.478199264805321,1.0319749639786324,1,0.9922735258965599
0.7350486929284419,1.2258852922352035,-2.1193652930274225,1.1079412579239127,-0.7088892605811805,1.3748071660086043,1.3742612265007401,-0.42652541391087656,-0.4287011886951271,-1.8798568390200647,0,-0.021416391108155363
-0.06763318852476385,-0.23535710486019074,2.4361367396294042,2.124557655986499,-0.11074655471204098,1.7119471806726563,-0.6347595412374253,-1.9988262720393168,-2.010917847335697,0.07539250014678767,0,-0.01760667752441148
-0.5814624094353187,-0.3292633259298385,2.02657518552944,-2.5494134480828246,0.5904410670618919,-0.5702598084977086,0.36889247815933096,0.2641524620049523,0.8804164066315969,1.8539401773139228,1,1.0266154592776675
-2.409605481002054,0.37240362997897003,2.494771282927916,0.010871157106371654,-0.04963902162198042,0.3483871837943352,0.24538687520602737,-0.6525227571292335,-2.6295610475601703,-0.13664388753550916,0,0.018272203218203917
-0.5505703111306848,-0.38091293690778905,0.6039049530038747,-2.067104197030189,1.6825837533870296,-0.6143711814353529,-0.2381220787784663,2.654637096255703,2.5557591862939906,2.229174190658144,1,1.0206366305797994
1.6909123315282595,0.40777148556712056,1.2303433406804325,-0.2788523165205141,0.009480173514942236,2.0180426666383604,-0.6243794436351016,-2.638239711858347,-0.2916003393647086,-1.007370747167428,0,0.021541050150394137
-1.6888131858674384,0.23948739380259407,-2.9333189275287856,0.06313582321577171,1.556243290355848,1.214078179854433,-0.8254755984644124,4.043513047443892,1.0223831494683844,-1.6008547162797868,1,1.107082380043523
-1.4006302525327046,0.052380044297208106,1.4849876134734898,1.9868972001794645,1.460183905430271,-1.499804671773073,-0.7404365672294068,0.21831394564197465,-1.7809313974904994,-1.4950661712817868,0,-0.02032075081923078
0.007481488571146944,0.08754538297127755,1.53653408184099,0.9375766126603344,-1.25703511305215,0.8795609130472485,0.9104237411327737,-2.743333737071014,-2.3646652273464146,-0.5468406730978858,0,-0.025612136453576868
1.6514949467608693,-1.4408469541403333,1.5944028169512345,-0.34218146219746215,2.5446060502230803,0.06395899789624428,0.8007031694608326,-2.0582078511005113,-0.044623920107162984,-3.727373377141165,0,-0.04068863641239389
1.1880079478329517,0.10680593227764593,2.015338721147451,-2.791783255462795,0.04735501627312921,-1.4387644396798396,-0.8456540271191926,-1.6940117977037046,1.0771960785163437,1.251208815674155,1,1.0307989711287748
1.2024907335178678,1.4110203672724826,1.3830926549638956,2.8668185341778383,0.3839925309328258,1.2296485833648432,-1.2818421611576,-1.2456558507076534,-0.453622054397111,0.46316828734202375,0,0.056448614636044586
-1.2449853846963865,-0.6191246947354285,0.28236124279531927,1.5917074330301018,-1.0208661207637797,-0.8580501306405244,0.931561154110829,-1.2283329160233416,-2.8576584501447915,-1.5049936149965852,0,-0.005697372882743754
2.7148394703887124,0.4828706012559236,-0.2181796332660395,1.2312206632052627,2.630031236605316,-0.8913265515655623,0.17211346694555485,1.2083990372480897,3.362321967632027,0.46984547513053787,1,0.9579921761518736
0.5331004139485416,1.3330827258783655,-1.3250502665720472,-0.04148608918681851,-0.4905952182975849,0.22102932428135486,0.4902997330464583,-0.666210623247249,-0.3454851391385124,-1.71194900865089,0,-0.04122406078456198
-0.26140483325069364,-0.33734020132138753,0.7031320791048298,0.5045762463134822,0.24652910666406358,0.0715390794529613,0.7784077882486561,-0.5042866273815705,-0.789312301997564,-0.5858812357709495,0,0.03252963939123506
-1.007271523698371,0.6079322606546842,-2.598295436806665,0.7109899701379732,1.24270831486418,1.308593463403332,-1.4327543768739217,2.6225037395960538,0.320085549072876,-2.3653489300958346,1,1.037162708560172
-0.09689738538048176,-0.7868327110666181,4.089678161883159,-0.08124018460638505,1.099222210445255,0.4231978267779836,2.3766166571755125,-2.919676522332221,-1.9973328523155647,-1.1568913560717051,0,0.02715771341525975
0.34834270970642844,0.2385653323096193,-2.150933976094993,1.6172341049721983,2.26482703278394,-0.07783891314464296,-1.2919165216980697,2.8748240881938507,1.7640052139773958,-1.458617692155395,1,0.9667245146355653
-0.4212365827552198,0.3140356648928301,1.7210646851697167,1.646933626290902,0.01776547054606814,1.4888234065525099,1.0015732432904914,-1.181071384399375,-1.6696902927605761,-0.11918737763242582,0,0.01160806615333599
-3.099100930202634,0.1685325953000732,-1.1768952655803642,-0.8857910634717712,0.3325548513421608,-0.49136681747418337,-0.32784375233805574,2.3034999526176687,-1.2893437569372295,-1.6507136509094904,1,1.0058342904570363
2.4124956237472324,-0.7338328730624974,3.5965347913878953,0.7947799050648954,1.207816362833901,-0.0019374039225285133,0.2391718746639165,-3.279363793089911,0.01991298703886665,0.10821829796594751,1,1.0109344298364507
-2.153476586586525,-1.2933586643753971,1.6116826065038343,0.7904440366324774,-2.6512611410355436,-1.9180092848100834,-1.0140102461653475,-3.375340463571735,-5.112951445720906,-1.664481954279729,0,0.0435714388974095
-0.6415521514261928,-1.0153750936338888,0.18624582084015573,-1.9929058586130892,1.152474191506722,0.7832888377186606,-1.5405648471699953,2.3631501046731094,2.109910067079262,1.8791264225024866,1,1.011179777438734
-1.3262290656340159,-0.11268669651033993,0.6869212500927467,0.3554598367103129,-1.4033552798286912,-1.7674963247264037,1.729297670059134,-1.8973687677001116,-3.0511847023277747,-1.5319290827430327,0,0.03394567815359475
1.1059446880331518,0.5048196445479181,-0.956145979551519,-0.9076227044296024,3.1919194139755414,0.36376866985654427,1.1295541036205308,4.044473714705789,4.740012577759182,1.7370781344240724,1,1.0033789534744446
-0.4442100446974634,1.3201866855504942,0.8162396394541134,2.3021448542608143,-0.2607559245005333,1.5095837713865394,0.16526224831680664,-0.47685919517875713,-1.4121820146774242,0.23721017485716045,1,1.0144559699344993
-1.391502802494883,0.2725997157892053,1.8166120690517849,2.62129542164847,-1.4675372005924192,2.075718490365253,1.0773410370222936,-2.0640878976521275,-3.665378121046898,-0.18146184714331215,1,1.031564411291927
-5.52782079556121,1.1348158289966899,3.969530252353071,-1.5407569023761947,1.1812911176695717,0.506022606897047,1.6179991057045917,1.0191126945772875,-3.756211010421846,-0.5344791286260082,0,-0.07285779099278332
-1.6064974549569957,-0.8192970624141723,-1.5903244863387715,0.5809480433979312,1.6644650110417396,1.4027618565386606,0.325080620397713,3.44175275084125,0.718315950072613,-0.8016769316124068,1,0.9840164391821349
0.45710362790362713,-1.0193933189236108,1.8453998579147948,0.5623143452463282,0.9817820467822166,-0.7429851077190445,-0.11579529807478761,-1.2156320326667056,-0.5051843185228754,-0.6009054353182033,0,-0.023518632714639776
3.2329702490945778,-0.14069470338218223,4.089924736835887,1.2211436279176515,2.660714427964656,-0.684544365448715,-0.2076445049634923,-3.563057203566817,0.42928359460463167,-1.1907881635595157,0,-0.0319438924121671
-2.8064481046650056,-0.4311196118354267,-2.228337161558028,-0.18684564356006717,1.3921838488163574,1.2537211195110558,1.5155332823995649,3.892853569681052,-0.0722363111451802,-1.8155507464477636,1,0.9862428874386658
1.9272558495371603,-0.8841716340157928,-2.952391688650843,2.452947124703532,-3.1179766405970133,-0.6625773511706852,1.0586584244384842,-3.0734153950329213,-1.9843518026780018,-2.476228788830267,0,0.0747470655617198
0.8221208251448006,-1.6081677262608265,2.3248550291586874,-1.4490700379898833,-0.317588317519081,1.2624689852612823,-1.1017945680937513,-2.408608413244794,-0.31042490004129125,0.6014901673307613,1,0.9567084442153378
2.321379877216891,0.36532377683221795,3.9199049706190183,-1.2961973872141281,-0.612221582331278,-0.1173070271392953,-0.8333901888827309,-5.1185032277224245,-0.8699280232420933,0.286565413339944,1,1.0484139177295742
-0.5343939046831725,-0.3818763894238353,0.2601631999960671,1.1447843257453474,-0.08663593050433183,-1.3221915372022748,-3.0062118728858067,-0.5717545498988867,-1.4312214311284814,-1.1195692291033537,0,-0.08414348858079024
5.316132010817512,0.11579926652065708,2.3874752425101677,1.8708432520765697,6.930514853492679,-1.3082776841404258,0.0450265417348682,2.0781133423465574,6.9740100828940825,1.5675079694707827,1,0.9832557485007113
1.7163969122240275,0.12983240394264292,1.090472278216491,-0.06640296541300572,1.4132846836561566,-1.0130241600815344,-0.4716179415685313,-0.24995928809108717,1.7704327613236424,0.7252841795807896,1,1.0081376532552502
-0.26830004097799875,1.8493393189456226,-0.8764547239885148,-0.7611600762604148,3.2453127628407175,-0.8878569002024512,1.4306084351860817,5.205944379857443,4.323434002153376,2.2857089879029173,1,1.0293111165679638
0.44669232505126,-0.7512427442184589,-0.025919447585323052,2.4070623666456115,-1.3531628236012736,1.1910049484653709,-0.3692493989166,-2.07662589627473,-2.0955157701184817,-1.0237148929274376,0,0.03556132898964275
-0.4304662999796206,-1.542905916430457,2.270804275481326,2.890488417885841,-1.284583995295351,0.6414383568702494,0.4752961531392416,-2.9937753444320276,-3.4975653246339435,-0.4023636103759102,0,0.039667361759996266
1.5788553848748648,-1.2548997366749415,-1.2448706272500365,2.945927723692706,-1.1649940634628573,-2.112527516380521,-0.5867624813837901,-1.5584956727833317,-0.8592753069538246,-0.9373972086218801,0,-0.01743625361242188
-1.0243549768775835,-0.6346410442264889,0.7482554770864851,1.8669411650563243,0.41552468262796205,1.2487117188070278,0.44526744845436245,0.09535370472536353,-1.4855405955557117,-0.619637506893099,0,-0.02311758963322836
-2.4547390854678133,0.9180920315144305,1.3876578260119596,-2.90673920815411,2.015416624737796,0.665172116819818,0.8179587840774201,3.9189820815261602,2.1092803210618714,2.949236616655254,1,1.0428987940628578
2.8524390933743033,-1.3341941416979055,1.9265604331322292,1.8571562804614006,3.7197471751052777,-0.5531921580017164,1.0191101544696024,0.48163898711131864,3.0313609763253404,0.6391987868712259,1,0.9904347837559192
0.5874696177265759,-0.8383883927381455,2.0482999676285765,3.4930538131258566,-0.8541277563074092,-0.38735195676045375,-1.6312492247867765,-2.621379330815088,-2.3112984721894736,0.35123435319239027,1,0.9362156838331039
-1.2024836818678717,1.183972527087293,1.892770049166507,0.4719911846937498,0.09387461972730704,0.016845547790497465,0.12370131164920344,-0.9298740741533927,-1.8919496627676298,-0.40394096933743795,0,-0.056664360700174034
1.9884823601605515,0.8824415572566146,1.7220898723260294,1.5521822931843454,0.05500953244310858,0.565733030546671,1.0108159431443968,-3.064754818256825,-0.8195861598442029,-0.8237694037488261,1,0.9540273856999194
-2.124280551126542,0.029510092376696506,1.4686052069970177,1.1918108082977037,-0.656748085944153,0.27520123653824097,-0.13037652844566425,-0.9100676092790229,-3.1246001353104584,-0.7883026565057969,0,0.024858037202688203
1.677307275102119,-1.527926934030883,2.6441577069928472,-2.194703498918807,-1.3522760427469462,0.36627413377900664,-0.04503586902643703,-4.5033826374271655,-0.9415881046156671,0.042398220481774884,1,1.0071212868035282
-1.4607039256766954,-1.7584494735783396,1.7768500717774631,1.0085279102891265,-1.9692233319484416,-0.9497286192295005,2.3734269079732035,-3.083318694370029,-4.180872860340452,-1.2657395430362373,0,0.034524267703388414
1.4015240724704272,1.449799144942004,0.460050996145565,2.5450647674808806,0.11035208972757327,-0.8045159355384919,0.37050353601545044,-0.8814772360522466,0.013062059012789812,0.447208007321271,0,-0.021362632316826714
0.08466338713556132,0.8154042488243324,2.9303220416672775,1.2311202989786831,-0.6010609856747993,0.25774434165422433,0.11450963772679436,-2.7295605849371727,-2.068894747899116,0.5072481954758847,0,0.007926984553835711
2.280606620122738,0.6417318637805496,-4.553674706798125,0.5747557113958901,4.812107895663288,-0.5352584289171357,-1.7339183823427333,5.300090733262107,5.562325115996049,-2.7233502505489278,1,1.0312795196983668
-1.64285460917506,-2.5317839885438933,3.0839576342778114,1.820274000556453,-1.4861351419262947,1.7879719072017175,0.8195669747218387,-2.311877633703416,-3.5827406189519926,1.0010350446201324,1,0.9845326730139881
2.6295531982104334,-0.9963472460499055,-1.5643981073075284,0.670306957810898,1.3908249719496617,-0.035609822158477814,-0.27192325412072255,-0.07606887492094624,1.9898015994381493,-1.8105470434257818,0,0.022838761877870574
0.06803979700742668,1.3284652649419515,-1.1519100577214165,2.66017400155096,-2.03324657494293,-0.6298324636048552,-0.5419878421287209,-1.9311159220969558,-2.660996213187343,-1.7105604408252078,0,-0.033096297053332564
1.7894096043127186,-0.8500396845331305,-0.14182950041547016,-2.268423349731215,-0.3899663979583703,-1.5934425303340642,-0.08992279131267188,-0.9135161387627446,1.8213644722978817,0.8774575829405304,1,0.9818473076717464
-0.5336594633816047,-1.0563220838712344,1.5005767477969567,1.1403106377417376,-1.690356137967659,0.6059573458272838,1.2408758179449524,-2.922039692084421,-3.149541101639532,-0.8073998346827755,0,-0.019086894699916455
0.9951742808019104,1.424324653574176,-2.169158005593479,1.48573489551356,-1.6540218385708922,-1.036600389209305,1.6296194830007915,-1.54039769338096,-1.2209292472606534,-2.072915679614477,0,-0.05979198227945198
0.23466847505809474,-1.0846855409738174,-1.138274555502159,1.3354005659634636,1.9887346823426104,0.16131453218766775,-0.42516268029785254,2.356169203622962,1.5404329224820934,-0.5575622844453707,1,1.0243486240392792
0.5069238400893455,-0.7498401330541206,0.0839810223727343,1.8018933799342056,0.9591919105418368,-0.37759366499761315,-0.5034635560026006,0.5084777404611939,0.37932162841864514,-0.039431385542661346,0,-0.023470117010136196
0.09219376768273446,-1.2353082398903992,0.592684084842006,-2.19913596495344,0.2986176438436746,0.1799111320301828,0.4175748462345023,0.6817607092962528,1.5801603628944183,1.7356417868657923,1,1.0006247059363844
-3.450961019738928,0.45835912496248304,0.6860430959889903,-0.2522825890893341,-0.33723759144375576,0.10188304158799041,-0.18529373338268462,1.0012496133858788,-2.5366956657695856,-0.5275441091513194,1,1.0240373329452954
1.7666103306201415,-0.29363973057648207,0.39596875977666135,-1.4091268463617612,-1.2213414830044935,1.6982503163506306,1.2949104310021597,-2.7359336040873155,0.009567704988328637,-0.23738291058578564,1,1.0223265588014971
0.8920414276693935,0.9235668296835473,-1.8695542417737103,1.2627362244238816,2.3284971299044903,1.0230850185135958,0.00558064714429462,2.515513949508697,2.194626483210988,-1.1732509048518265,1,1.0332692554486393
0.37788889180314444,3.185094482159845,0.8993401327082367,0.9720255997141191,1.7752784973735136,-1.3574951593550835,1.8438441323223753,0.06450659565401079,0.15286027119349518,-1.1311446723076104,0,-0.004924274225471181
-2.950185288527787,-0.7003925718068056,2.596587428423833,-1.0107139027355934,-2.4258475235161843,-0.643470079955464,1.1708665899338933,-3.1737609279150862,-5.00203042671695,-1.0985199148635438,0,-0.02116491560220769
-0.8176127946816815,0.40484785670554274,-1.289954700533043,1.2080927228682408,1.7579702347441426,0.5565626671005459,2.316782343902608,3.00139062698225,1.0378877051171778,-0.4260413635715705,1,0.9960140894546801
-0.6277932732493257,0.6063857020339872,1.0182871284084751,-3.6206700283274675,-1.9767539022034883,0.8703040527030829,0.6938840893910108,-1.6517651767432546,-0.6075686675544473,1.2212146211826749,1,0.9156332783020985
4.005520701096272,-2.3947719930737597,0.40564212351740736,-1.4980316676594443,4.429692150274046,-0.5174571950804094,0.7694281045202713,2.3146602318329417,6.6342689344325505,1.8572031905138666,1,0.9276443763788457
-1.2774260767580123,-0.5132899404254276,1.4740827142959314,1.7643263429701241,-1.1760548407730633,0.9623918373901361,-0.9133189375396136,-2.1322899531950896,-3.482028907587713,-1.1490378284492482,0,-0.06613498061772012
-1.464517830110534,-0.3088455568290261,2.5139520613528363,1.5283986853931082,-1.44543732083421,-0.5804286550495991,0.49192826245446875,-2.8385482958510573,-3.9808934381832115,-0.6380733737601301,0,-0.04986234138007409
1.2619150181841796,1.0332987884782805,-3.4248343652822495,1.559283169228745,3.5809717981978304,-0.07074634666239084,1.9860083012183525,4.750983523869092,4.089853026478327,-1.1521492284629276,1,1.0199887113361719
2.194998472205296,-1.227710393084674,1.632332600321111,0.1440083879604499,-0.2788781231584938,-0.17501068910675258,-0.5737900377611864,-2.5266002457018204,0.4093354892293849,0.8259687994200362,0,-0.04527395276800304
-0.7367492118232668,-2.0061127178238882,1.0754265637221083,1.6418671582200068,-1.6875488750808851,0.12485198048464247,0.24607890245950767,-2.520275858812604,-3.2546647547146215,-0.9581298729985462,0,-0.018908127701969486
3.8680916531712572,0.8667791205840032,1.2466331985686128,2.25707937042971,1.0043681606021317,1.365426571919372,0.6937658677343475,-2.0252307002808916,1.8029432357207538,0.8505576985581074,0,0.06496141488930328
-2.0578117132869904,-0.09937865682882698,0.05203096853845568,1.5338205708514319,-0.0057709077063781145,1.6148689250731854,-0.86160286982359,1.2379510485956011,-1.53364794786708,-0.05508654784307132,1,0.9821868014469287
-0.02937040624854781,-0.11092092226460229,-0.03275759309642101,0.7684178007720945,-1.0211945612752438,-0.1604871838538982,-0.017427645998389606,-1.712239240592138,-1.8120113769594062,-1.4437044530399983,0,0.03687577842335433
-3.2748913915809017,0.19812133153009046,-0.27741761777273344,0.6159039872476123,-0.46767335727714965,0.033828082740444874,-0.4218060809737116,1.4525910719488988,-2.4135520058471402,-0.73668855733653,1,0.9533191159995061
-0.29967523581578737,0.6061229339211954,1.2402803776920972,0.9038262574311768,-1.738756676459928,0.870257927822584,-0.7380640164141549,-2.679686882180231,-2.640469454543596,-0.40709884413920794,0,-0.010271877893381501
-0.7774400497015161,1.0873525591224313,-2.3145856539992034,0.41069995019968975,2.021269160364337,0.9471789930820095,-0.31416997312314,3.467290677299768,1.4613626479381918,-1.4789511392342587,1,0.9524988972544709
-1.1965164067230356,0.08426839307487331,1.5512386674757797,1.2535368624574117,-0.5741953558429649,-1.1863109586806309,-0.6316068478074904,-1.1506832177379165,-2.3360541893787494,-0.18945694860632978,1,0.9830483462049718
-3.623381278410288,-0.6263392277447127,1.573121013218474,-2.392245024169462,-3.133103525907284,-0.1508237908282019,0.5589253666391252,-1.4144304153861966,-3.7581080563835534,0.9932934908999503,1,1.0420154068728698
-0.07196288493624503,1.45197253273099,0.03994851733991789,0.5330264927978381,-0.8238498852448879,-2.48047970991069,-0.5849439299742201,-1.276180707650181,-1.3659794918516877,-0.9321047860441429,0,-0.08636602115961745
-1.0629532338876864,0.20564016758436332,0.6585145059542655,-1.5998949398491285,0.28969064711276304,0.2640793335067416,-0.6043921217927609,1.2097012716763504,0.6466021548868323,1.4750095740288645,1,1.021721182177293
-0.3771918042602347,-0.5478573621397981,-2.7629591719175712,0.7444747334490114,2.6938213572640013,-0.0180412987256693,0.17547849720992273,4.248111541619456,2.343518750742788,-1.4248530233666017,1,1.0118867801166138
0.8547180093978581,-1.8891590446648738,0.26671015578410984,3.1838178647327426,0.7096446612618813,-1.3567263616527607,-1.746561737324623,-0.012356241369489391,-0.08608531499915098,0.0817843718600264,1,0.9702925022151603
-0.5760710017561714,0.3747577014187698,-1.0043444544496163,1.3703393359289096,-2.061033856326856,-1.3638253911848668,0.08351093316800991,-1.885685194602607,-2.8882389164039863,-2.067199217970317,0,-0.07230289271942274
-2.2093728413850733,-2.1870188390922154,0.8247833581454942,-2.9247966705760597,-1.0330001763541694,-0.54784912777366,-1.565581399847743,0.8530183933849221,-0.31627095730702626,2.031173245488503,1,1.0036064753856935
-0.8571511120143094,0.9390603469143204,0.7502368000344861,1.3520358734717395,0.3076003376674157,0.3073950339850136,1.1425125139880392,0.3611692861610699,-0.8579751252749173,0.23774045719487158,1,0.9735253645468098
0.1062909074412669,0.5156837291217354,1.6680257626060724,-2.1676935842755265,1.0236012672534436,2.0974422545116616,0.6149508335351105,0.5032799939003485,1.596141243801426,1.7970054513637854,1,1.0116338105677352
-5.302177111781697,0.1901344783643719,7.155025799066396,-2.2410628214369788,0.21953650923448675,-1.1963968132969558,-0.7645247468154729,-2.178491423565957,-5.401047844174927,0.313411285052261,0,0.001092607276172144
2.567129500417293,0.3639317328414828,2.8702093059629474,0.19374991683770992,-0.0200605639965048,0.5888032738973173,-0.5295680453998246,-3.9085290378465953,-0.2512968737619743,0.1612881467602607,1,1.0800889445660458
3.6724904170734143,0.5781415235907583,0.4058830755550379,1.4227375565159557,2.1765078468647108,2.9551605340155143,0.15321431863720408,-0.4899611774734715,2.939355890898223,0.1896883277694743,1,0.9880322186263488
-3.7258831843737727,0.5125529866982756,-2.3420979601716545,-1.0198207645384731,0.26954737006960783,0.448472911038291,-0.207540144982403,3.214059496536357,-1.3640849190452524,-2.3348871678365812,1,0.9488251253689067
-0.4813161192797397,-0.44835057051119054,4.658406262542977,1.6027592562596793,1.4626799778420096,-1.191571065742508,-0.7901158596756475,-2.666541808999882,-2.597613952249776,-0.9455389593137841,0,0.008963781747815808
2.0543387867388425,-0.5905107775734771,0.37966661285721925,-0.021893531557668044,0.8045527922203333,-0.0922689226695197,-0.046249432042370066,-0.6602435777917918,1.62522776765158,0.3487189085625223,1,1.0109998341985882
1.8337917727668311,0.6513600490089047,3.1628582889198396,-0.7922853433164365,0.13086520911031196,-0.029559678965264426,0.7611380783377651,-4.33155895104832,-1.1238933227959804,-1.2250743828363757,0,0.06795937876202184
-2.155727189039591,0.4594379638530464,-1.2448427492703373,0.9435768903410373,1.2225417754471706,0.8792762102322501,-0.23751739447164008,3.062641471730212,-0.21493811506975688,-0.8577752323579908,1,1.0417555622957289
0.9235517375666876,1.3872483201310697,-1.7568106894207274,-0.6502575425660887,2.4261682963727917,0.3435635076249628,0.17240356606938395,3.9825606110840113,4.292261509139073,1.5225075986200396,1,1.0178435529574754
-3.668049686270552,1.2391593657850029,3.0813735328256566,1.0670291723931682,-2.8283779360326395,-0.07076645825709159,0.5116836405113467,-2.745334943636429,-5.824743051965579,0.2019599179046816,1,1.073165144560978
0.13090927707099675,0.40653098464309895,0.9805343798867866,-2.3582351010774314,0.9474593633996895,-0.7177977661553685,-1.8122059702112803,1.0008377017418983,1.9939959732955863,1.8349667803798853,1,0.9405618472838575
2.0348181515801045,-0.30164533002725896,2.5535632822012593,-0.892443606257123,0.880056966980066,0.21723380367049408,-0.595757597918545,-3.19862957211581,-0.03834925979808111,-1.1230224740272083,0,-0.031987576637487386
3.4424793325447403,0.3362447033022621,2.506677846667793,2.773818927197048,0.29009470003278903,-1.959715541704841,-0.2933235554063825,-2.6392077640275162,1.0281442470020097,2.311080263075921,0,-0.04632879707027625
-1.5752583394732063,0.2835332159087708,0.732958153750116,1.5876703648832764,1.751307155162639,0.1037542328834521,-0.7616694815223946,0.7647092175075835,-1.5691563976019514,-2.300671917055822,0,-0.0194904901577884
2.407598335230503,0.37330508741676854,1.0857201855635736,1.8567635057170366,1.2097922535672387,-0.06261706161848517,-0.7121898030638588,-1.3160699491637728,0.9205065969389571,-0.10324775745633596,0,-0.06883430737781544
1.505034511634626,-0.44340352825215545,-0.6464733531842606,-0.3022934061191469,1.7891273768725955,-0.3207679773372678,0.37235420561846644,0.1130522672516889,1.4183923041559172,-2.0412126727783426,0,0.03175754734072022
-3.3758182413441373,-0.8867513377834617,1.5459776917521149,2.673976071766454,1.1474101146832796,-0.468869019700708,-0.8806800900360835,0.7823813268819909,-3.574371744771515,-2.1161657483227634,0,-0.01111113485493867
-0.7858414799276455,-1.1099581079816658,-1.456811342026079,1.1383834625670526,1.1373674295591785,0.4479191418851897,0.43159229891485246,1.9980032400585581,0.15437746956953244,-1.3862092798136658,1,0.9264596852748671
0.4601983179801393,-0.624714843546162,-0.40298508308552705,-1.185755075513472,1.5676298406366316,0.1889326320160865,0.4482587764710967,2.606267387462596,3.097521965105149,1.9792835977274343,1,0.9492210459396229
0.23109182803209327,-0.3149343750576112,1.604934396404682,2.7587868882192943,-1.8741423250329796,-0.04889590601737045,-0.6187852084677103,-3.4002800322716524,-3.2133854149053005,-0.36967194473101606,0,0.015675692372509764
-3.4162426230872,0.42412292539038765,2.974905358610761,-0.5518220699262628,0.12268919466661865,0.7235632040613909,1.4021923658344302,-0.5932176392196119,-3.412277044640825,-0.7387618420315376,0,0.041906328394719056
-3.4465386210266025,0.3736438105703137,3.3174215169848664,-0.2063649578371063,0.07400208681675724,-0.01757167960904134,0.6034412799091261,-0.8082654048751563,-3.662163823526302,-0.5792085642127047,0,0.09983654458458933
-1.8172345339060254,0.3218161383770539,2.4731392717270726,0.8146367359377459,-1.5538402825668793,-0.3635165267436921,0.4220805212906114,-2.8182679187145023,-4.12688638612092,-0.8639473741360089,0,0.1456931233003665
-0.427186863298214,-0.15530242670110872,-3.4247412389767145,0.024605258500919214,3.7252110821410658,-0.7719542312115294,-0.5391632697909189,5.948904906321409,3.8435225840766067,-1.1293766083360013,1,1.0207204716637999
-0.7442803919925558,0.6971494580200001,0.28655748745409493,0.4500519597554534,-2.102521759764646,-0.35159317635068493,-0.4348150524133848,-2.63340277458392,-3.1601126010165332,-1.608472205659831,0,-0.04947690600159321
-1.040862967068515,1.2099280428424253,0.6619700749046198,0.7801712052716723,-1.2495617748939796,0.3918474046718341,0.05036002285043972,-1.8406146022001317,-2.840052121081279,-1.4113613879609919,0,-0.10660231403656546
-0.6786770857890043,0.12924929402027668,1.40032513449285,1.6688194238215868,0.3861944770039831,1.1951003262851103,-1.9810243764964857,-0.8579790300572656,-1.7932807595815974,-0.921438771439152,0,0.01338557311719179
-1.8539815074025578,-0.6065846477620005,1.08712662713992,-0.2528063770900244,-0.26230124111374287,1.0289444223503905,-0.238805678946441,-0.6831052063281289,-2.319499600865792,-1.2704853152247928,0,-0.040647054765516305
1.768046000520012,-0.13168991194274435,0.9512514749954091,3.5789539002776656,0.9476437895136473,0.16241758655152005,1.2277085194861155,-0.6597211441166992,0.32467532328414017,0.5549230230640749,1,0.9792321369910157
-0.24797399443720558,-0.6867643960600283,-0.26461453130056234,0.6145060209977653,-1.0606139315277614,1.3485330117748136,-1.2576773292012948,-1.1294082212480463,-1.4904113522951437,-0.9208425261776271,0,-0.030604839952990404
-0.6113821916887088,-2.2007509424456386,0.7094663041005103,-0.5356988905741638,1.2075463625502294,-0.3675579317753825,-0.6740307919429767,1.6717859919683105,1.1448535706579626,1.3256669234915202,1,0.9929604556791808
-0.5382205042071406,1.397244481558056,3.4391089443897633,1.9142828445608995,0.210422451506469,-0.14199313350066947,-1.0141682361430138,-2.678046812940757,-2.912238970868196,-0.7293652448316748,0,0.053299011539382185
-2.0864144901392065,-0.10270212990490013,-0.6840100157303166,0.5900651598655284,0.2959393904248615,1.679422130223758,1.1080475749099057,1.2322559545630425,-1.533077420362637,-1.665433635283462,0,0.00785242837226723
-0.727272943313997,-0.08493697488208515,-2.6759006946138406,0.6488883703761997,2.2729455822236,-0.1614392729105887,0.46931411454535055,3.658447395402395,1.4906409002128513,-2.0380690091130385,1,0.9920682581480655
1.0665207184662857,-1.3571509428576047,-0.7382981641545574,3.2544249800454135,-2.729259471105345,-2.0713617011075756,0.31286251112997177,-3.4541605873083707,-3.0105424484447463,-1.5423743557578105,0,-0.051782687641290584
-0.2851284524418509,0.9888849462285922,-0.03290904486068613,1.476216174449745,0.4940385973631005,-1.1488154431344675,-1.2420384475778479,0.4034612290931593,-0.46617669085925667,-0.5065160815902997,0,-0.08373414723521785
-0.7464810870951721,-0.08355950984869305,-0.29041778133122786,-3.843532085726965,0.5554542763543282,0.15852794083565547,-0.31871116693839197,2.5394186479703516,2.703788735273979,2.4124680941424037,0,-0.024315395453666545
-0.28386424648782305,2.6515615505754546,-0.5548805413329485,2.919956864987559,0.6838887314374911,0.21039880209572304,0.5708324068450215,1.131557772157035,-0.37024534759107,-0.3181592330546872,1,0.997310872459084
4.070259289074276,0.1546231664914941,2.495712146152873,0.7219833366593227,2.030589088206901,1.214834172197896,0.8062617990641703,-2.6681394767364845,2.0570351616066542,0.07623733825261325,1,1.0883964956789942
-1.0788875507746174,-0.8120443855063851,2.4449694491942617,3.3135008824614705,0.9777567746694356,-0.9007127460182014,2.0299698907598787,-0.6022797233931654,-2.299015794563983,-0.4056604835233756,0,0.006513726073644293
-0.8036862862556211,-0.855179205805207,2.0645745930610895,0.9064720844968622,-1.1487357867248886,-0.38474710054315747,0.6318380668979264,-2.638289715196379,-3.0254386418484835,-0.6796430418457534,0,0.04913697555115288
-1.1929550038617251,0.0473449478876124,1.355711299649399,0.7047443212983435,-2.028543163083219,0.5159749612163815,-1.121079029763998,-2.626265757880473,-3.44422982792569,-0.6605020295027219,0,-0.024964779926957604
-1.2461784787559234,0.1438969527506137,-4.793544030404892,-0.3765252742692593,2.9921022737618053,-0.705306586956424,-1.6673586315895872,5.871261986889483,2.7091747018133514,-2.966421647648774,1,0.9407528116791488
-1.0863757180532672,-0.00993877449916716,1.6916420445303086,2.5374372058244283,-0.8045210636916729,-0.4493799702883152,0.6290507262104081,-1.0801434200977815,-2.4661082232009144,0.6274218787867405,1,0.9517441618883814
-0.46801097406360803,-1.3321990846527942,-0.9223197611761929,-0.21778096154657578,1.050821603786251,0.7447554719969096,-1.2736776294343395,0.5284898421677837,-0.35916815636972454,-2.69518860690202,0,-0.03626130322678766
2.980066865280322,-0.17114888851899596,1.7542348187345334,-0.6351317203568747,1.1703740859424248,-1.7266399644097705,0.7808237382213008,-1.9821383859725703,1.8694924626443334,0.45054234138079174,1,1.1064234866217582
-2.9447926806948397,-1.5928396734344474,-1.3072048428186829,-0.8054065693657089,0.57734027581096,-0.025682221850693895,-2.9699365391712194,2.475909228700231,-1.047219615562913,-1.77181663543,1,0.9589306660387806
-0.08030863725759274,0.005203736080683101,-1.580848089128112,0.3522437283314702,1.4193041452250195,1.7777699125511832,1.3278863510169858,1.7304997970073652,0.8417913334427458,-1.7069065082781245,1,1.0419244601868172
0.20740895297851147,-0.2303307847303069,0.6832692171638239,1.0916296660206233,-1.3392775382495106,-0.08789435804993358,-0.09982611264845484,-2.2694339948740585,-1.947274735681312,-0.5934669901127183,0,-0.04514635890435132
-1.4919456063563328,0.36815494040804525,2.6267903953020504,1.44553111104332,-0.9223050192577311,-1.2511107130647623,0.1280087620841867,-1.9843175281876828,-3.192318569391728,0.14758744548174452,0,0.04657865064371221
-1.2902238967130697,0.1601043300790347,-0.5223977713934618,0.6316170255527733,0.7287093018635777,-0.013219730855827283,0.23408065447194368,1.4304913821578271,-0.48464038899740625,-0.9015905278830046,1,1.0192475483052932
0.04423317977032082,0.9537995398718786,0.009322657809470836,-1.6410470980439997,-0.9795295543102209,-0.5415626384261221,-1.3397286567738529,-0.46736082682761226,0.256181661217182,0.9026483510458037,1,0.9921681051170955
0.6213098027492718,0.6697406256622814,1.5069776794096055,2.6929744185570623,1.2319113043079817,1.6852241192036175,0.24318837093601597,-0.07430031057985616,0.010027169936196715,0.6643186619742714,0,-0.0020381263067717013
-0.4309773614818666,-0.30880819622714817,-0.9249614377800277,-0.7468143258432884,1.6782418678340218,0.1678658715515159,1.3831551191266447,2.0360602932265888,1.2374189564060165,-1.0053871952297941,0,-0.032739384771469524
0.5781980766585468,-1.4664161803536182,-0.45848356712400484,-0.7802550139697095,1.2931656390280206,0.9746620980721671,-0.6177802297072131,2.070322057447043,2.601118326034092,1.5254661113659096,1,1.022303610074104
0.9327556925577386,-0.921200094258401,2.6780464527702605,0.27877092219270283,1.4953938564938745,-0.8645206913521939,2.12517424763496,-1.0851598818224708,0.39522871856266184,0.5369370573118608,1,0.977250825982961
0.8368971926540396,-1.077449950363455,0.7265401509939347,0.6990438398320455,-0.344581248925907,-0.43417976404478026,-0.5448932203723539,-1.7421169764913957,-0.7474283160083169,-0.5366391932579806,1,0.9387197118116376
0.39246460204482514,-0.30961484943164824,1.679507675982154,0.7767841882119367,1.9081513539493873,-0.22165148437435295,2.132645531703312,-1.0772460029520579,-0.7017575514139885,-2.226707329883251,0,-0.06389687871598097
-0.9458243034729551,-0.07034958639035976,-1.2994865517901912,0.8500650590432519,1.547563885861261,-0.10629170571418918,1.4807099375275892,2.5715732405375182,0.6116677665813508,-0.9927330483879693,1,1.008629395886106
-2.0042984790484444,-0.6935294899862019,-4.378453968195506,-0.8234493266847263,2.3867638071490838,-0.36693792764475863,1.475571737072676,5.42252844450492,1.7711636066835583,-2.990421295029705,1,1.0789545628205217
-2.742988724216535,2.2922594984648157,3.4862504090102586,0.5425011800775452,-0.35823303151184827,-1.1155334336419518,-1.2168995942519056,-1.6069067591898503,-3.7832229025311515,-0.25453639308202747,0,0.007999580678671913
-1.1775703602696148,-0.21642872231570476,1.773329396307949,-0.7919850403856757,1.3439155573663726,-0.8047484977378898,0.49326408983200015,1.558041276758045,0.757311240854393,1.8229993643886258,0,-0.005931916305494129
-2.5961999329759333,0.4662859816297611,0.41383887651196605,-1.2152070600611644,1.5136132566458809,-0.15138523874579946,-0.7657856633834874,1.7930222640940645,-0.871899670889035,-1.6307343172399569,0,0.014291306980127145
-0.1575311070064055,-1.202113719311884,0.33344120468046934,1.818413698566231,0.8596287153123106,-2.496939520450224,0.16974443552118787,0.5726373944189794,-0.21806414181257294,-0.14160525574664495,1,1.0653000870853413
1.5000407224910157,0.24204389431908882,-0.164339235302835,1.4209236999820622,0.31961808085502863,-0.2630161056303041,-0.9174762045877483,0.21485627465321536,1.34828618715444,1.2710434200372305,0,0.010969125068192817
0.8296599327989904,-1.864281798956101,-1.4442604437937476,2.2361846913872583,1.3880744081319676,1.0889813027494997,1.9809824411261574,1.2342939730406202,0.8244617032179893,-1.350959568212152,1,0.9794536384583131
3.1498460174732488,1.2907012755373546,2.2469679182608333,1.8273092113608502,1.7651359027806315,1.2938896058438014,-1.3527985214509015,-2.0665341849469665,1.2536173040679714,0.16968750873608718,0,0.05531443550299445
1.5325083434443303,0.20710241370015867,0.7798213074875798,0.9092780238778987,0.5172359201000442,2.159158089016733,-1.0602045728190561,-1.6081001528057794,-0.026286127885686846,-0.882305352767834,0,0.021437821923080677
-4.660438854733211,-0.033465524558903954,-1.569365228941771,-1.344439906664217,-0.14461435859222727,0.343451750204314,0.11206023581217957,2.9423608411265856,-2.291862488633188,-2.039165661183601,1,1.0767877995997996
2.6661310024313662,0.10871652166745947,2.0495232661130514,0.04954451942902993,0.2888435128953518,0.7432260901408297,-1.170632560814847,-3.127431637604311,0.39678018239490087,-0.05210774840817001,0,0.009161721861095307
0.7003551519076219,0.0832339154329449,-1.0776960527190198,-2.3914617292889213,-1.277950358324027,0.9167143143948583,-0.08555907201421552,-0.615218634077337,0.8175867920432844,0.29705329450900964,1,0.938776548413975
-1.1027212922011875,-0.3360186251689633,1.66393866540401,1.7462537336352084,-0.6293086004523372,-0.21013109772900496,1.3749496438352964,-1.6191682748518845,-2.807576815786823,-0.6722810906241858,0,-0.06840795996228326
-3.6317547822681995,1.0423313867621422,1.3336829133233266,0.50721547661638,0.4387124340157881,-0.3733436548035681,0.9296350034958438,-0.7276041456959726,-4.6271955306699875,-4.183224694251547,0,0.08254639661156249
-0.029801669434602496,0.7507300757033852,-2.903335876655351,1.49719740646814,2.4231065946828676,0.17899772903289082,-1.5159589796411723,3.786861396598146,2.0447142811455543,-1.6243063064118581,1,1.086183286039165
1.0350262088000897,1.1876112937950176,0.7091161478970285,3.2528569241400924,1.7024159234348861,0.5034507194269334,0.9573539427894309,0.47283952072257657,0.5396799091871917,0.1369202332707511,0,-0.008975960664130032
-1.3356551380861965,1.8929971978907154,2.524936219811587,2.3509385243219705,-0.6062136237593683,-0.06124417517307507,-1.6329886152641984,-2.0257512826543946,-3.4194394219961732,-0.44728365543635507,0,-0.01915936605679939
-0.1132944535196132,-0.11270554261270818,0.7927145191808751,2.4096536581644976,-1.5052632948690614,0.8234672586925212,-1.8129536648089717,-2.541171106180591,-2.9266199746171466,-1.0279702487940585,0,0.07307221461211011
0.9647333056299295,0.7159124642502951,1.3258409830146292,-1.0846191918499009,1.958991728207761,0.17845863284807242,-1.2789689235041042,1.0347087059370705,2.4980016208551623,1.6233492291964946,1,0.9446477158978256
0.8793729613345252,0.3960466485327462,0.7306763596594099,1.9468099298528998,1.9049739433369464,1.4647029998542787,0.1833940601617713,0.17913941385999435,0.4549771538287188,-0.8450170019715981,0,-0.044736350947791326
-0.09835707436011609,0.41166296693634524,3.6018018151579754,3.1395039107497555,0.42981803395235385,-0.07276987951260311,-0.007779170425073502,-1.3481041171689876,-1.4753177616969337,1.9893058769393188,0,0.03216633973445222
-0.8121944641442996,-2.1394345013921914,-1.6049066503680463,-0.13964879857713886,1.6140910145003384,1.2845196790545528,1.7969999729446209,2.182561764355696,0.5870433257760344,-2.077179934839494,1,0.9802697438570205
0.20682552691586675,-0.05375659968765435,2.2120957178019234,0.1615431267976526,0.6301977499660792,1.9002615667213925,-0.19128545065177502,-0.8768203439627245,-0.16543696314045384,0.8575151459565634,1,0.9997439066639965
0.5218125474382354,0.3138085209902786,-0.9094445144976533,3.5139169707137836,-2.2454850059047775,0.6030644111690748,0.2939420391515894,-2.481008468455871,-2.861809602892179,-1.4859409192291262,0,-0.008172144926225628
-1.7057610677296435,1.2262557376794745,1.8772533526226556,-0.2889748029345909,0.3331107992086302,-0.8930528210236823,-0.3585359229227629,-0.3978388816453369,-1.733394191953061,-0.43002648448484193,0,0.01687872743994668
-0.30182191659752966,1.2750005440764969,-0.2406984807952639,1.3131618944588799,-0.9778701554402993,-0.17464784932108532,-0.14277174609316615,-1.0480241514060424,-1.693673746294392,-0.953629568807364,0,0.07037409306568584
1.4589031577028888,0.14008954542615829,0.7409390441847123,1.9552217409748447,-0.19204375631289716,0.2558874823262223,-0.9756468137461776,-0.4363012310398141,0.8283148783465776,2.2380219497038722,0,0.004529245345087278
-0.7426572947092596,-0.3100295897324563,1.7566268066854953,-2.492030641248821,-1.0088460190976352,-0.40453102826020615,-0.06399059506240608,-1.290991353247507,-0.6766339683013101,1.1763848051072296,1,1.0321969396638428
-0.6458515259263331,0.3517030810931023,0.38645335960912575,1.432411006492931,0.4259273999542015,0.4367501281537285,0.1157411869973744,-0.24457119658919577,-1.3676850805449494,-1.3399482662152673,0,-0.10250860505155113
2.8358395746176575,-1.2934106867513153,0.6995425252904615,1.3501479706243613,1.66143110198857,-1.1698457503400062,1.2572518290611312,-0.3395507740142949,2.341597036038212,0.8101538796067611,0,-0.0024359200965058977
-0.372928576699991,1.324329612394093,0.3966850262283548,1.9690938675301495,0.6979738147306396,0.4359243670857002,2.008824314352343,0.2896598770438295,-0.7417744955039315,-0.5292936864226487,0,-0.04216151351464356
0.6126782900122879,0.6661718697415306,-1.0261201438126317,1.6853378770864502,-0.009121244129262518,2.624550103648439,1.3415262711902554,0.3164428021129512,0.18607135693785523,-0.2690085460753232,0,-0.0609406530211814
3.1418839487849484,0.08088386942316463,2.0521685271056516,1.608748337996916,1.8506773652098603,-1.2224847140584134,-2.020773131473005,-1.993231663985768,1.3167448732441622,-0.13348809222798153,1,0.9560923816535625
-1.2196770767060405,0.25000875877176615,3.177628350834477,1.6902444605716873,1.3924655515949094,0.46146301890916824,-0.705712977020929,-1.8660254317668343,-3.062285793078588,-2.408014260806256,0,-0.016706172035040604
-1.3800873504047035,0.020030797521498816,-1.0668344050092378,1.7982184423190053,1.825682818112561,0.9181901120202064,0.6555794328509238,2.3847698395506542,-0.33174032115267377,-1.9594209413663137,0,0.045795127117800656
1.0040562324315327,0.3262957093474423,0.6246450352091206,0.002055752026617119,1.1614108271393238,-1.2923688530915083,1.107840860588388,-0.856579416224873,0.26283198191974916,-1.4254781768215494,0,-0.0663196358869782
-0.5975291006342873,1.2464645143965682,0.20096251280216837,2.7996652994553175,1.5790601177203252,-0.49459656812533187,-0.061025598572472965,1.1258542905107347,-0.6191090193177713,-1.0694398079049467,0,0.0015315746297208724
-2.6219464806438517,0.4512915420326329,1.1872068359261867,-3.5392057095997247,-1.3919601184726225,-0.08574710475818038,0.29887900447077015,0.253392583443337,-1.0199336835266908,1.64070735368098,1,0.9757915283333211
-0.6487218409049004,0.8500672621058014,0.8937482338307381,2.2122708690748505,-0.24782295734487225,0.37614870492284425,-1.030561820578419,-0.43797316288140825,-1.5543521028496037,0.16988781862416213,1,0.983616345281902
0.1018014348756775,1.9213005376210162,-0.549256146899118,-0.28160244499752685,3.065790253283221,0.9000408150148143,-0.4991413916085261,4.033903246594933,3.5485009350864343,1.3818171820171024,1,1.0501378912652302
2.927578832250254,-0.6185160384349482,1.5901514407788522,0.4017452368229478,1.026082529830225,0.019402828956890637,-0.42900354795804246,-2.451327244079452,1.0011997875144787,-0.46654430026116667,0,0.026905771850196304
0.7204287876048396,1.2864453916707157,-1.0592566569246364,2.0945674383692996,-1.651943943005831,1.8739109572804649,2.8847208468918493,-1.7558563087491244,-1.6182701707989224,-1.152993716125085,0,0.06686990537213719
-2.582316039718865,0.2819154560817764,0.727438125402174,1.5663875145447466,1.3963577883407732,0.6688209749459917,0.5673790973410955,0.44246184080583834,-2.9505534840331613,-3.425428881337885,0,-0.007725283962495024
-2.145667264553086,-0.6580466836474141,2.0493344394124597,1.3053021409948489,-0.9706876491327168,-0.22734829663583134,-1.5155662049054828,-0.9056591943562938,-2.965889624330277,0.5722007341909414,1,0.9652028694164648
4.565777609752392,-0.010422596179275526,2.423508035765356,1.4037296537810895,1.2606845805316502,0.5668549587450205,-0.9855894015516428,-3.3329253723659766,1.8431993779239078,0.6183081400509742,0,-0.011192940844024977
-3.640142120455284,0.7600411319466608,3.20782744733059,-0.28402165068647234,0.22343332519551096,-1.1575066358442403,-0.6548476154194269,-0.29696646717267156,-3.4029255590962815,-0.2942392733003818,0,0.01212483956356108
-0.44564216636131526,-0.11954771054329988,0.5900781341681214,-2.9155514820984862,-1.8865191645082398,2.464970677784709,0.8818170394172005,-1.5416503880156271,-0.6493032655388701,0.829215549702592,1,1.0088286679226854
1.8645589011277863,-1.3030227333934343,-3.3511529749279942,2.191181902987172,-1.7089318607511077,2.0755083725795886,0.044383319707742785,-1.0341325123574807,-0.2923509734575138,-1.8460288128832927,0,-0.054219403611668326
-2.353038540963429,-2.1944569160539844,-0.7306038355795967,0.24089289706114092,2.126977345314307,-0.5737104034902404,1.5951204186000147,2.1266364530420767,-1.1428543160793287,-3.498184241401007,0,0.004524489081393711
-0.6118665136261183,0.3420362406808769,-1.9363809524718678,1.299599117623988,2.4612484832938053,-0.31734797835943135,-1.011186950384458,4.126668900988455,2.0584415918179237,-0.3137531594377917,1,1.0114114165069452
-0.5481776780511465,-1.0285626129891003,-1.3724347990609542,1.5641849713301332,1.8561875903841512,-0.48146185732702973,-0.1758762934585705,2.9711343161880754,1.1591649059827254,-0.4688769381440546,1,1.125873701876696
2.519572154302372,0.12467313767103232,-0.2512387899797335,0.661334841454122,0.9656739690074656,0.0025098098345004856,-0.4917980686959597,-1.1194698848333995,1.2746206864488234,-1.156833310802514,0,0.09384223056408351
-1.705764668118856,0.7638455454214327,-0.3133392517480573,-1.7620621793184035,1.9971011309584341,0.7289638856212398,-0.48301851035320187,4.709621915215143,2.8964588776971767,2.7157862187145367,1,0.957337832472059
-1.2140133462387475,0.013530658450042978,0.5693689026588753,2.858767108684874,-2.618170035302578,-0.07944133590588154,-0.32503427503438553,-2.904059251327074,-4.5391871782457285,-1.390364018839932,0,-0.014369168077458805
-0.9164653418173275,0.16450447990260794,-0.13025643399193765,0.6483611711402812,-0.8404781155305185,-1.1281703668142826,-0.524410111862203,-0.9372785451772988,-2.0545189152167187,-1.5040688947164709,0,-0.07317210009185016
0.5200016999073542,-0.6909000449940504,-0.3487784078159526,2.254975014778641,0.4505256525059025,-1.228348208249015,1.3092417563462624,0.06986789984447038,-0.2213872937113667,-0.6004797640587582,0,-0.029535350698174326
0.9588894226546479,1.4799535512158926,0.42460892384016347,-0.6655069271875647,0.41368182423336386,0.42330602331730405,-0.46800236270774004,-2.1201167310115916,-0.7671711666080469,-2.760954746923896,0,0.015780250179517025
-0.7382501012152991,0.3764114100149957,-3.3062188451402856,0.8758526290460585,3.07543562617555,0.340121790769535,-0.5443360368927828,5.383733010720537,2.809532833084122,-1.2439118721703142,1,1.0602926810444118
1.7419305762984518,-1.200896915316309,-1.4300988230915723,-0.060867312739829926,1.3791679525647478,-0.5001728963344029,-0.966791392143745,1.7165322849077536,3.03959292591292,0.6209991828398074,0,-0.03645419188718043
3.5355814200824844,-0.6081787020555726,2.9729598522364817,-1.9756047402437296,-0.38388931266386717,-0.08898759948318977,0.7105340263394527,-5.451301305880338,0.06468833410201992,-0.6979001459372254,0,-0.03270732200338983
-3.1608516294307583,2.391344960639201,-1.3159681796419225,-0.2027949326950762,0.519636288150845,1.9693455460415397,-0.7004448737178965,2.726579712475637,-1.2209599416561947,-1.496043112271607,1,0.8926355485130673
-0.29463101257562063,-0.35269947900821713,0.5565070049729475,-0.11709756805665983,1.474798330815789,-1.4845541404919183,-1.060182860391957,1.7729304548875156,1.382716282785766,1.1829262286537896,1,0.9918667039727547
1.7907746201680015,2.131089329210983,-0.2592012531159269,-0.616535688554001,-0.28906724246292637,1.8711158251154103,0.7216505977222099,-1.1087530786607587,1.0670579410919807,0.15600778127892467,1,0.9468792794070219
0.029072856014460524,-0.8242292033728156,-0.6975839897521525,-1.6355464896003356,2.5332541338249293,-0.31077134044327254,-1.723215309226154,4.206013259669426,4.101864870760277,2.3084359341892773,1,0.9735280286316963
3.257003371853559,-0.9923821400716293,2.1614699052654385,-0.19803344748615104,3.002985498178852,0.39841467931256686,-1.3248890665554582,-0.42462099661019415,3.4057291827860015,1.063827572240874,1,0.9561569610916206
-0.31956616800030124,-1.9154231947302476,-2.9290511743070926,0.7181560449339569,2.729930035783209,-1.0496546434098366,0.08587038779652983,4.224449993484435,2.340134333122547,-1.7060416445068436,1,0.9952868722873721
-3.2411637093207544,-0.24061278002207293,3.1303332101462558,0.9180037259250484,0.15388131080077794,0.20221816839128218,0.9447098594186951,-0.5788206919701092,-3.6207429472909696,-0.3686798715330857,0,-0.08788641956783157
1.0590109974906863,0.5698017603842577,1.1272278056738148,-0.4501240459726412,1.3859521337452072,0.6415052316875198,-0.925618993350075,-1.6775839430654373,-0.24216984017548188,-2.4588277371385105,0,-0.07335226226954954
1.2915180576281329,-0.2863215745349355,-0.9783909134460138,-0.6545538156631816,0.8647316398320966,-1.0867400716293774,-0.40927984174032844,-0.6616743233426001,0.5772488408662106,-2.5975729474027878,0,0.10646235560141491
1.5902492479059624,-2.101616318771143,1.7342710145104185,-1.3034583684570218,0.16941314750206637,-0.08981623021368716,-1.2983262737123216,-1.954772806715559,0.7070199786742111,0.592372986969198,1,0.9356288709362984
-0.7000349934516878,-1.0476342061397592,-1.7226776405329138,-0.8979362780316287,1.8391927427797432,-1.4850654025653207,-1.2117859800202069,2.54781579296644,1.240316567563907,-1.833342282431119,1,0.945160721077268
-1.7345184178122737,-0.35667894675313805,-3.657852806943906,-0.09335279243449168,2.430278519994757,-0.18276091941849068,0.18362662107886832,5.106892269286962,1.7287986118067675,-2.2787245252799124,1,1.0918456764160658
1.5786493337960836,-2.5297635108922645,-0.5349463163525036,3.642690959248564,1.4889279317304798,-0.3935068046530061,0.3917902028910935,0.6628355862041685,0.8976049215755145,-0.38781716339976,1,1.1452533584620204
-1.2749594795955683,-0.5572645582815271,0.31336932145237295,1.3152115762955119,-1.0904684443824642,0.47701146657114507,-1.2099842592888688,-1.3662268244039348,-2.9217778594625754,-1.6174403718104307,0,-0.05857833144126709
-1.3383311645147091,-0.1230162170899825,1.694697991210583,1.5018307883314372,-1.1466903520604612,-0.5073638399920278,-1.6499193554429952,-1.7778590351957315,-3.060346006943431,-0.3046470087406473,1,0.9815875521605985
0.7966598665292808,-0.8761075269158263,-2.1978443378413246,2.2946925990780445,2.8665632257230387,0.9414946461079864,0.23904472862519205,3.600362662079047,2.6625220955220583,-0.7475026409330997,1,1.0170777775470254
-2.282268879007603,-1.1403697278342346,2.4997271734062694,0.18183580594279725,-2.418809624772461,-0.5011944078359538,0.031787805819208974,-3.5134914533055963,-4.991608435832025,-1.1294800156337081,0,0.08643488222027962
-2.4429609899225495,0.5668072041260176,2.3521362702508117,-0.26111092229986,0.9815767592024207,0.2730397065378266,0.7964870328013247,0.4518603409639962,-1.6943230575847934,-0.13366210227690278,0,-0.049342853921411876
-1.3931177489594035,0.6014490429814424,0.4975901317217257,2.3124408110507586,-0.12753876467921343,-0.11630567794665207,0.29529021708232406,0.5581787044902305,-1.5614813938742114,0.32376697410872723,1,0.9877361077028946
-1.1897351068522766,-0.40869079414032305,-1.1920677545064058,0.03193801994073042,1.5649066370258775,-0.07780336710364141,-0.48694780750307115,2.6114872356151393,0.660621001305048,-1.0516532697063785,1,1.0388668788030873
-2.4155413379152115,-0.6264362526852549,-2.548732191806268,-0.5481663504565357,1.074436534542882,0.1848037378361127,1.0357833718862097,3.1223775495804094,-0.32525423781267165,-2.6816847082221313,1,1.021738303723331
1.2024530044173498,-0.8512453315100035,2.554487901058053,1.5133723092198537,0.8446284402870944,0.9598184971156046,-0.7872112100418541,-1.8257319522716016,-0.3510513836820742,0.4028304506540361,0,-0.018807803561504965
1.6228233373490792,-0.45739173015987844,-0.834933716128772,2.338073941050732,-0.08872828108133612,-0.03471992112849314,-0.299742983877268,-0.236643690295016,0.6301136291924959,0.28409280318460683,0,-0.006691148225802058
-1.1496642396235912,-1.8535410775145302,0.8935903330550229,1.7871005749207118,2.150415224630189,-0.1516908545276689,0.2492267183939754,1.2565857553365363,-0.6878714174527717,-1.378677140276457,0,-0.0687447904184991
-1.2791835936375808,0.2984050191138904,2.4083140044157028,1.6196716767701744,-0.8573600606735647,1.5095394525808317,0.2868039256226029,-1.3654572682660266,-2.4683699321814534,1.0597692993008971,1,0.9880913128012667
0.32340759785277173,1.0675764363437732,-1.09199105141867,1.179842099446181,-1.4146227092216792,-0.15357424668630995,0.3487948831263482,-1.5041843587587749,-1.5752538867955388,-1.5789655123852995,0,-0.013319374500447756
-1.907608927484426,0.26988602779638865,2.7981112272325386,1.369159951250283,-2.6770256428244186,0.9237666411331893,0.5696996707580374,-3.9510182966227116,-5.250178370935715,-0.6408869655385,0,0.011608494481312799
-1.5700758564354356,0.30119066010534645,3.1567648910527297,1.4630164107164045,-0.753220538987267,1.431823830485541,1.9632517053263625,-2.3958152015414855,-3.57011616595352,-0.18069718136604807,0,-0.027766360940950804
-2.5838139782819423,-0.7151482737306938,-3.8367933065249367,-0.6982798103548435,2.6819939297369735,0.9826281933616561,0.15152061450767118,6.189808851817276,1.9496958811415717,-1.975363109673898,1,1.023576926127257
0.2606369300933148,-0.4398316943322781,2.194620195441235,-0.05349146058526566,0.4680742822712418,0.22661743745992766,0.5843382778354197,-2.724609926362675,-1.845961257253283,-2.131791415273636,0,0.05063579089099143
2.3934508053502412,0.2024919906447109,-0.3739066801378388,2.0023125849066146,1.156412287542377,-1.1614555545212504,0.3176548885256214,0.06077952528890367,1.8198689070018903,0.28245179639418927,0,0.007771466383423302
0.6532665513147284,1.063533290106825,-0.11977082796623306,3.1472870125462906,0.9385626914851557,1.2175582967920657,-1.106301763649795,0.65179093649362,0.21227293910356046,0.09018707903230361,1,1.0175878204199602
-0.05208947846086276,0.955292250878225,2.213976991067147,-2.415096964919471,-0.49801349094903213,0.8748085158862177,1.1408885009455196,-1.5922569650423164,-0.18067377364296827,1.231829122375343,1,1.0026577673788934
0.6735691525759886,0.23296815905769874,0.16827092554490697,-3.2485217655200413,-0.43306654023047786,0.7516958329789503,-0.8065954388560819,-0.2920252657801861,1.589377410657147,1.2757043965700603,1,1.0000042196545706
-0.24954970421918143,-0.016786355540569762,2.5197824480175273,-1.328488899019257,-0.33617552055770616,0.28218501272268043,0.5635010457872656,-1.6184853749204309,-0.7047013260760843,1.118639370748529,1,0.9639220983228576
-1.1363167783792336,0.25093469420152625,0.35714451886054044,1.8650240415766046,0.09610150874661205,-1.353692215881963,1.0102661600062899,0.6202692707482155,-1.1494961028083248,0.15229560515887242,1,1.0158247130836655
-4.818721225153693,-0.081222649507949,-2.1328280489538405,-1.6578212708044098,0.9071604374996404,-0.334160373641915,-1.3081124213787958,4.758867282796405,-0.9002148829008207,-1.5570093730530579,1,0.9951356700793256
-1.6631063957457386,1.104352796247235,-2.5563739360592495,-0.3430566683000309,2.4315431730139023,-0.017862328397310376,-0.022347013246344458,4.8835255081654045,1.9747347835304416,-0.9763178341362471,1,1.1046584154465298
0.34379355942470413,0.36178458683939674,2.1224393273451523,-2.170260968565924,-0.43721279060674556,1.3397795213569017,0.3727925969424728,-1.6760307150139095,0.06683159070240205,1.2876716676248001,1,1.078667745123762
-3.345827831409091,-0.7839139321077652,-0.1062364490682961,1.5318455503411317,0.1736162742012477,-0.646323096593717,0.10379032017232058,0.936282157300441,-3.342691979536485,-2.580097359769735,0,0.01929232762782504
0.30409016596501104,-0.7439989782513986,-1.2752133348566148,2.496108208707886,-1.8625105073778012,-1.7155012796002431,-0.6118770680716173,-1.799717438302031,-2.278402847301751,-1.6734679537925725,0,-0.03815286048473838
-2.138554865379264,0.7123212185947232,-1.1013361141669693,-0.14606665498400928,0.7712505384718756,1.3093796097201131,0.21803191318333676,2.286658333467619,-0.5124249239341955,-1.2357788343902796,1,0.9443794264008291
-1.1114655359960244,0.4988310613508292,-0.9904208560239566,0.49890999893468024,1.1286528704895789,-0.24757057739276445,1.0217534457821742,2.050821019061652,0.17446940162445318,-0.9468834770627059,1,1.0595571476544432
1.1353604108606312,1.0921054397584757,-0.27078883937834886,1.7109646118537443,1.617632885342748,2.0971146418260345,-0.6306266596307407,0.3043544643310023,0.7022108801155611,-1.317467392869083,0,0.013137461257356925
2.363162522522732,1.099360036641668,-0.9559574408847508,3.5356675997964886,2.3814757049139326,1.0904445090259018,-0.6072910877120975,1.3563227410170948,2.2319156959358257,-0.37579338952309593,1,1.0240071701695805
3.0853515024843983,0.26942301635665056,4.000020348409226,0.6527158753925528,1.8157311400872387,-0.6566850982796836,-0.03987530991985553,-3.943981549122948,0.1739679793563605,-0.742714841028324,0,-0.08722929934870964
-1.8354829186486203,-1.7206599876592392,3.4771941280562206,1.8923681697939985,-1.3142366584138694,-0.0962821095119652,-0.0720860474570185,-3.127087369282379,-4.543735727757451,-0.38413724808729044,0,0.04637192407790904
-0.39111623756690495,-1.2624546578601303,-0.40161567198344605,1.1832923242848326,-0.21387373621482386,0.10790067184374837,-0.5854296091009308,-0.2489399161351089,-1.1296111759771217,-1.141004010977723,0,0.02272101691071815
-0.8596639698647124,-0.29501254671548305,-2.140392827838391,0.5776932222533229,2.1273851274631186,-1.087362442207635,-0.18354183320245196,3.504805931575282,1.386817706391812,-1.429961349580632,1,0.9444784657792761
0.2748649211655245,0.0007684920721747997,-1.6903265650404706,1.4391325388740555,2.5570844024535906,1.0580527820016339,0.6942886254996541,3.011202470450082,1.9551472157612966,-1.107492427127902,1,0.9764237596275025
0.8536282688163608,-0.8393406796542077,-0.7358518485609176,-2.126330709764418,0.5832046659196006,-0.06769678047648515,0.3455082448419431,1.2568985481605088,2.557571460287691,1.1922492120272143,1,1.013185860217826
-0.16668270537691177,0.7242637388809542,2.5678598558129977,-2.6250771117458007,0.30763484095258764,0.3206625943954925,-0.08920572782303798,-0.6990989546631626,0.6112804184111604,1.871915753090374,1,1.0026233399178122
-2.7703182673954547,-0.6102696324890104,0.7492304516640917,-0.9278961379978685,-1.0428200862950783,0.060177383262667215,0.18142299800633732,-0.7233947603581177,-3.142859394237925,-1.5514923678652195,0,-0.01460855929017775
4.249207524453736,-1.9708683229526507,0.9937843726418725,-1.980508460388084,0.45091441402727406,-0.6715570267228398,0.09556573185377724,-3.9198457586663946,1.6882613933575426,-1.4632304082668643,0,-0.0051744134032980435
0.07787969139372741,0.26126050951022944,-1.5823859072673185,3.3695464470614263,-3.696156714582666,0.4134525485524437,1.433545738570112,-3.5575079573984905,-4.335264465298622,-2.46455096946399,0,-0.01259886891034427
0.5886778742348164,-0.0708125038310483,1.2225641929773916,-0.26574806726812006,2.9388863813502284,-0.17798568229072004,-2.1780716920131042,2.254665048785425,2.845173696644738,1.568216615091354,1,1.0076281256051234
-1.2881324949816113,0.04724024762649521,0.8000304575744827,2.7938435413201934,1.4447482036392327,-1.0663371042790557,-0.2621440807345058,0.6045840918022347,-1.7141524206637335,-1.6745314571657128,0,0.07357459864965786
-0.029036412147937618,0.8895969141210774,0.4720815163375477,-1.3407335096734865,0.5991192773341194,-0.661153571241366,-0.37874581564739873,1.0021205432204219,1.4130424690334105,1.4733534829945287,1,0.8716670779534351
1.5967530170173823,1.1283029234255262,-2.5501223105391717,2.6443622534892803,-1.3872144974468883,1.0310051434651692,-2.2255465004627095,-1.1310553053311554,-0.6542131391031337,-1.6927103095115548,0,-0.011842513225484214
2.4062069659543663,-1.3756192732209869,0.7588018009725864,3.099638011810827,1.8823639282467852,-0.5511604093495621,0.16468413655074587,0.8602188498677542,2.4866714431770527,2.1503833554233425,0,0.008825621068622348
3.5835584274018766,0.752714345822903,2.867123710693486,0.7911560576102943,2.8418525734281257,-1.3072749465211728,-0.5174811419315314,-1.5820465612011205,2.541730054043647,0.651873483892357,1,1.014799699484355
-1.9905066569252536,-0.3055858737208037,1.7201530594930476,-1.567937942392137,2.3141517821495317,-1.674864363551446,-1.3263267651941808,3.400976972938058,1.7445933338432698,2.509094477354223,1,0.9814042709339355
-2.3666729445107864,-1.6970016701598758,1.9478074585259217,4.1091041123722665,0.8429386407491706,-1.1503885841172417,-0.2558157042524079,1.1398342622042188,-2.37848014455513,0.7326956846827692,0,-0.08783608912392914
1.3498630710558237,-0.1782512472455363,3.1299539151633353,-1.2362643988010347,2.0244877603339013,-1.7761292070868884,0.48666374239789323,-0.5965601016069619,1.8579118072404637,1.6876365400868936,1,1.0163997741857054
-2.670674457533005,-0.13908655588167215,1.5629068748304622,0.6935428516391089,-1.0572365443645388,1.4367258547933999,-0.6593470251232306,-0.42681512574030434,-3.0110110191586164,0.27776217573058015,1,1.0863675107082091
3.9231608464253647,1.0544140101497705,0.08029962914391608,-0.20625527787547204,0.5311237679213999,0.2683995406914741,-1.5675851678994954,-1.4787010947689816,2.9185332273339712,1.0174804658040748,0,-0.07669307024580689
-0.0011221682688153933,-0.708225581826637,0.8319632108827785,3.519601436792002,-1.2959395795837128,-0.22627359247912285,0.8209815874219656,-2.504097510853589,-3.132145769596596,-1.15031613326369,0,0.04319140068490942
-1.9068997267027108,0.9966484195262605,3.623535574069036,1.1226710569284215,-1.0950338590943418,-1.2281301248080765,0.8207090933154355,-3.0754723612883654,-4.326987808998075,-0.5095397644584283,0,-0.016426261156144695
-0.06313043275955721,0.3070547362447543,0.1854034998339682,-0.5749436975790783,1.1768867361768198,1.0110098203573292,-0.6326784533149897,-0.4330149246590613,-0.4561259992583974,-2.532689149299839,0,-0.003066217291442365
-4.018788134089743,-2.1065937374893147,5.11025230888709,0.09255519628422448,-0.352268952385833,1.1117934399738472,-0.8630970835685482,-1.987432936086802,-4.988389269398653,0.010794846085151022,0,-0.05264492553519745
3.337469405198017,0.02018770801823166,0.5283392066718139,-1.7090928909806185,0.06600750329652194,1.0038686225910174,1.7456430170595867,-2.4156509549945553,2.0050259509955235,0.1504891056057951,1,0.9832771913822062
0.37915978785233284,1.5620123769592555,0.8226382771719472,-0.701847905867383,0.10239891193591699,-0.4351306900317832,0.9944984014120328,-2.0504263540407663,-1.1724455820479405,-2.183648554918893,0,0.06500222973494793
-0.04065195133472632,-0.8086980818972535,1.7896474758142082,-1.995457729357772,1.6123151190607834,0.314910247137827,0.7196573380488229,1.1268884646207378,1.9357710739583613,1.9338699126340582,1,1.0291327620993853
-1.974361102165648,0.1102921778439388,1.7522593270444087,0.7372415289366454,0.19577793780367747,-0.45880912993121403,0.6861989260654549,-0.11132455813316477,-2.081974921624537,-0.19524544494698037,0,0.0866155802704972
-1.981613070203405,1.075125861666688,1.3870369793803246,-0.26894766433026573,0.7319781710864395,0.2766606581386904,1.4328492261455354,0.44229267121303706,-1.4178712861330511,-0.6294919209821292,0,0.058870594448884685
-1.5114692096098545,0.12489669431827294,0.8672165857374066,0.521760307815617,-1.9942663416609263,0.4455846253684627,0.4510780307788793,-2.8703513545545096,-4.127350269018187,-2.2271522013035705,0,0.02195433394647881
0.9698012872686526,-0.3474135430478375,-1.6578120896203337,1.5100033224187572,2.4134878930240706,-1.1382653130914655,-0.7195594881298769,2.308053998982523,2.0452650790656444,-1.2923423381949612,1,1.0871967263083897
2.0723131245355324,1.467877277230997,0.33589298218420427,-0.7262735399867757,0.009051956952042972,0.8602269756990837,-1.2792021902591282,-1.5561871928136628,1.0924904653119127,0.051327301348406684,1,1.021949657936915
-1.8443311852424795,0.8598639461656044,-0.9676150687910794,2.2424772491988962,-3.6606039045366265,-0.29136252089467507,1.0822952463892968,-2.907468512160507,-5.320436426517342,-2.6064482163982707,0,0.04139940883985295
1.9947104399471138,-0.9538414111732225,0.7094345346812694,1.5215405972306872,1.3094293670390083,1.6463288250625079,1.1994786779241597,-0.4076453417532651,1.3409061670458797,0.3404097738829801,0,-0.014828547676735419
0.565809071677972,-0.0956012293789227,-0.0848324110610309,2.1021438420199954,1.2869196815610966,-0.42072285214743493,1.384122976893811,0.7267098478936492,0.4678264244704451,-0.38624829040648245,1,1.0033272907929602
0.15927855045114203,0.86364170384037,0.425706659260078,1.0781971469703377,-0.22392134556584475,0.8068117942195279,-1.2224257790903568,-0.979712158873637,-0.9712766952584742,-0.5910567275092522,0,-0.034871191165013846
-0.9127598416741377,-0.01922506015377819,-1.4932119960323036,-0.07343322077271686,1.3480438739505005,0.0763968342355031,-0.9329262010424819,1.9687449831016297,0.316534571011428,-1.9640301783397738,1,1.0494791967297425
2.0269589560838246,-2.0371683456073573,-0.5346008401019609,-1.6608809842528829,0.7307899640925392,0.2185457013348766,-0.6829825082760399,0.28345388522461495,2.7925927396829753,0.816536026132479,1,0.9410848188442568
1.6951465854237657,0.4741204131352768,0.4180730968708557,0.30847981939069324,2.1240903403837086,-0.21566335045851215,0.5048237424354047,1.026642192937579,2.5907024425388947,0.7953379486790263,1,1.039117517120883
-4.577461379686968,-0.1652556222392484,-3.2565899231819175,-2.859282583118813,1.045697515268296,1.3226978677382755,0.7712719227434988,4.887725210999445,-0.4680938369651367,-2.913563288733522,1,0.990467447124742
2.9322391336286273,-0.8091062594459979,1.3559606290865984,0.4117390320423713,3.5535918076925315,-1.517771893439051,1.1447560957602296,0.9599199989310606,3.909096643489556,1.052442242629232,1,1.058562354673366
2.2840634237626682,0.6056267698656066,2.3858831328728654,-0.5128494896213323,3.493833544918206,-1.60193089875307,0.6407137955321769,0.7947218870430387,3.6086451375698028,1.657403998683248,1,1.037543449436563
-0.4980463742567729,-0.87224129737441,0.9666100907907447,1.127725711015041,-0.04873617788899831,-1.2540334055924598,1.1513215838964979,-0.47926168886735865,-1.1011662623943943,0.0611608618927888,1,1.09103230788234
0.9536968152036212,0.4260882085859518,-1.3063631845987391,-1.9798334914475206,0.9655291455405098,-0.056251803149435536,0.8328477093089578,-0.5963081581732267,0.5683984163407471,-3.486272758963098,0,0.03653873455693224
-1.632158968159358,0.18441712124191448,0.8688863768895044,1.599641579753926,0.3630671350701904,-0.3440442623181404,-1.2566294118456771,0.07664908864294212,-2.0572111358086684,-1.0684124465278624,0,-0.07860201278266205
0.7035755182310203,0.18796087651631174,3.198927838832857,2.147153771957369,-0.23056996718374712,-0.24405731966866084,-0.8427574090958708,-2.606024517791502,-1.5240871148243322,1.1817854210782501,0,-0.003347658644910042
-0.6085320477629177,0.6213265185481692,1.8325826385541633,2.752961920579111,-0.8377147185167473,-0.7735102916112745,1.8116769785601792,-1.6200229702302869,-2.488908423441785,0.46065573017386074,1,0.9413996403702592
-2.2344770504886395,-1.0109234740983377,1.4949816799824918,-0.3355924746628187,-1.7076245892889337,-0.7174606221450117,-0.12404153447311261,-2.059349212246068,-3.734735702997123,-1.1355094977289042,0,-0.025913992118313734
-1.7825128267808463,-0.18705398272913204,0.7867811838371023,0.2513098309849636,-1.9196899513362848,-1.6278588603264033,-0.6275762290653812,-2.3100401170742173,-3.8259755972464546,-1.7699383234864525,0,0.07556142166383609
-0.9526744883262384,0.12655368608520892,0.3691429394428921,1.8538524610042397,-0.5314256167498883,-0.19718462584855584,1.3742165416920775,-0.969492870057833,-2.4104701833339712,-1.4106660586824904,0,0.0318766905448848
2.9066799256833176,0.2180785729448001,1.0517472986372134,-0.23745844866076005,1.22460709933963,0.5497511461771262,0.4739921275988617,-2.636695011380433,0.8099848246327456,-1.9319688494303398,0,-0.03494652142893732
-0.5887429112665912,1.343406102536744,-1.3177698186885807,1.705590120198301,1.655965757824203,0.6976833959822121,-1.6177869473774324,2.538415626344991,0.689100945272869,-0.8745542942922162,1,0.9493141316779801
-0.1207803342993905,-0.44541632919645024,-2.192221336334766,1.884052808072241,2.314477597653778,0.2886932376089913,0.29087925133029924,3.489667755110722,1.746179944623577,-1.0389024790225803,1,1.0016391046438131
-1.8638221934564665,-0.03255693617363334,-0.8985339917604309,-1.298448912238909,0.5385641231252418,-0.21228238041837338,0.10884043754535178,1.0377289696809688,-0.9891051289510812,-2.445815666660227,1,0.9391719925309436
-2.321102403368718,1.4056764635798342,-0.025817242928163786,1.1627015539016994,-0.3129716238101785,0.7589783715242678,-0.09314576939953476,1.0015683843315517,-1.9189450988182393,-0.3666102214868253,0,-0.03355701386982906
-2.1424057693246885,1.301112928092968,-2.1957200141875903,-0.5832521550748013,1.0202075166771523,0.39715515259243206,0.7061054915045023,2.891408886504688,-0.13000452865916734,-2.175951495664226,1,1.0156004735775621
0.010762187188069872,-0.5200560044612075,0.753990841920593,-0.007343898649599501,-0.20861018769155126,-1.0176146391382983,-1.0077060875558013,-1.0372891709605947,-0.7667166638965895,-0.3833290929408103,0,0.05776560180533481
-2.6395723861175133,1.1164912029458642,0.7599471377302527,1.2361197413206186,-1.2063318204848628,1.1922704571038372,-0.5454567133349562,-0.2908486325840553,-3.2124392829719683,-0.38473068356339923,1,1.030438073611222
0.34104270661710556,2.2239307241901405,-2.4373871672604834,0.9891281994112471,-1.764955228819589,-1.7231586961921481,-1.0820475984032285,-1.3116743220438716,-1.628235397883655,-2.6006964074063914,0,-0.114564475429905
-3.853306494306893,-1.0040814513994605,-0.1660346523625047,-0.3537406272318351,-1.1722334847393046,-1.2983106971783813,0.3832705968091213,0.6258043771892189,-3.43210864267547,-1.5026361252477538,1,1.015218336451513
-0.33892919601202287,0.32759069667562196,2.598987529450188,-1.1431943075443245,1.523900017820233,0.38400454641866666,0.8063251748488548,0.5889733177617095,1.0473263024805761,1.9566089068754517,1,1.0036016786616289
-1.104609958152083,-0.3550730503493899,1.9600252376862128,-1.1108141392476267,1.6156019383178633,-0.6552251665230566,-0.33314899703979195,1.5606857723669454,0.9495962269000267,1.7354092315794767,1,1.0206945142686346
3.572106895155131,0.33580158232023316,2.894252578309106,1.1736723652244794,2.6955567680385153,-0.15279299942871985,1.4950977145155901,-1.9656153860599386,2.061491420451293,0.2312384650459708,1,1.0808104840825603
-1.1653099416960417,0.7939412831248599,-0.15668890900453547,2.302253740541846,-0.1114818661013377,0.1574015125419578,-0.7517308870708647,0.42274787927009355,-1.624593936286856,-0.6488491329190786,1,0.8968380861597629
-0.7485922351518952,0.34954317574885135,-0.021653418026592375,-0.9439398482192636,-1.287627863915041,1.099402136397429,-0.18506892447392834,-1.6160017873974617,-1.9417426345676112,-1.5865495887545142,0,-0.02955517125955528
0.3992035969013752,1.708348680523788,-0.6044583715063767,0.833029319963992,0.328995994013757,1.4247871490509236,2.2328930966868956,0.03945514563434083,0.0031827388128538876,-0.9347760049502246,0,0.029545316139667734
-1.8882717360367258,0.048692987146861356,-0.7663585194171505,0.4372730938119175,-0.0756712866416065,-0.19545861419398686,1.074475105505881,0.8849567944515834,-1.5718177868843968,-1.5574749918461075,1,0.9209202800273029
0.5800619702306202,-0.0717922023775254,-0.7922219118701121,1.8073257679405739,-2.6260312815427844,0.2358802141038132,0.7203886465786892,-3.164935496200564,-2.849258248014298,-1.7980595570383997,0,0.07379745240267545
-3.8401916607855417,1.3463009574796738,4.627958911608572,0.3732729453582876,-0.39794927150364623,0.2098328932591999,1.3667106859086482,-1.7027009357964866,-4.722871697284456,0.08337315573341675,0,0.01841783063503292
-2.563919536203385,-1.014051653121941,-0.6400268451054114,0.3738619407070112,0.3207054265516097,2.359585865975096,0.7033976905766955,1.782268960753167,-1.44630025175275,-1.194422513639229,1,1.0423291992921702
-0.40058780412500095,-0.6256041951782612,1.4133947170970955,1.1944232542848208,0.01978323342572952,-1.393104836392252,-1.1504392179875975,-0.9052797528597645,-1.319929784822239,-0.04962815323483449,0,-0.02854718307608973
-3.2626887248554537,1.3083193925686285,-1.9439718438679563,-0.384494707217532,0.1347511803986956,-1.0884121323260723,-1.3813014472136043,2.482180294589457,-1.6351537856902216,-2.321440829694822,1,1.0406881844983105
0.5931530618375651,-0.50498663442631,-1.3713542420704417,1.980488315047888,-0.8549824501887602,0.2773699744723283,0.8343983606445288,-1.04823487694857,-1.239814396857344,-1.8241899627096267,0,0.05342357779945192
-1.8013994507868873,0.5222547833928637,1.0425755002606025,-0.3768530380106576,-0.30711635043698404,0.05475631132338125,-0.2106492716441961,-0.4441033383602421,-1.9911069859424302,-0.7721769600176618,0,0.011643901006858418
-1.6286589106103146,-0.7772569972948729,-0.9291209528687504,-0.3052864554942667,1.584367285870552,-0.7577579675739318,-0.08781138546579173,2.817808236771918,0.5504360542086386,-0.8180408980417906,1,1.0117200446349348
-1.289599286142089,-0.13454312884105502,0.9765889839746369,1.1627838841056515,-2.0936370678493503,-0.19477841233760926,-1.4924984266796175,-2.543552008460688,-3.7089002541503353,-1.0787349007576041,0,0.013517161964086295
0.9947797518221713,1.2654509070526931,-2.145365960548899,-1.9671555634852917,-0.02545483745296262,0.21765556182239557,-0.31858942706357807,1.6116514460749203,2.717504358169275,0.9313352324504351,1,0.9568327367630309
-1.4443257330692645,0.5876457758531441,3.865020907345238,2.5295644039371004,0.3841222518833003,0.19872693571006708,0.515588993539191,-2.678384703758786,-4.0233910991002695,-1.429936171308344,0,-0.007376434012017647
0.9644793515662323,-1.324747864768154,2.383395463643475,4.170641214950427,1.9820465594430585,0.08102690779508806,-0.7845454713793961,0.013040642840859184,0.14688718993420177,1.2086584639136206,0,-0.00762612662261794
1.784570391920239,-0.75618740167135,0.26678652273299386,-0.3584210675504511,2.5910819019892073,0.34632579734933167,0.22112073902056129,1.667320415227807,3.414647996987397,1.0491224149345406,1,1.0191696932176748
2.3366988090873377,-1.7626082143192456,2.319802265480383,1.6160808664543302,0.9326880038551761,0.5898810328369343,0.3310082345309589,-3.1763943542171096,-0.5332770322818448,-1.2241082226954578,0,0.049991212345514735
-2.1220608508926517,-1.7953955844767477,2.6780706472280573,1.4328540272528905,-0.5081318283120337,-1.5184565646878667,0.309681983463364,-1.4657432055570818,-3.430462711466193,-0.2555014801521135,0,-0.05292680409892047
1.1930923424330782,0.024034520185425103,1.555798280606,2.1066441276075567,0.781205528732546,1.1108389648836827,-0.2627063817449152,-1.24514354210691,-0.2421897546075894,0.056753041980228014,0,-0.006250451515978882
0.557706008145981,0.6197742467358107,-1.3530458030547785,1.4283650112361166,-0.4314907885037076,1.4405186996427155,0.20436505245009637,-0.36308894976045425,-0.49230223500477815,-1.3121548683277169,0,0.07407277738294867
0.6001993145471216,1.6708794039757218,-0.741603275258352,1.4528065528420517,2.0933011173302623,-2.0933353510696135,-0.42751355933620844,2.088181015433187,1.741707621857663,-0.21865885939983076,1,0.9628205885593718
1.5297251422158071,-1.6542680804679752,0.052578106091810906,-2.296787262283626,-0.06536893331286553,1.0935660999739156,1.9658049271119566,-0.4981467481097757,1.9541003587388148,1.0686112261732474,1,0.958887499135484
-2.7862800180514853,0.5528684728413938,2.671545394550595,-0.149620313206281,-0.018081474639803696,1.7900370297739148,0.07709464119821616,-0.8191800881561813,-3.1204308707520467,-0.6493155784284852,0,0.010115309591559679
-1.5857368438116384,-0.5164994129542719,1.3810478177129664,3.555970670106777,-2.809879001165772,1.0448083043083571,1.3502574723610432,-3.506076837828517,-5.507696245365598,-1.3853998997431098,0,0.04221925952426601
-1.2695169026834203,0.28440113485090357,0.6711629563974026,1.8437955255533847,-0.6702578405951802,0.13764301665942075,-0.4536110356830724,-0.6767179104247025,-2.364233038894638,-0.5687959986786822,1,1.000571302778033
-2.3797253941237533,1.9221608350325372,3.566556743719931,2.5210969611249645,-0.0031270665017781862,-0.7052855400307166,0.14051804606206955,-2.044734758641276,-4.460123316614609,-1.1429938627496117,0,0.06644802952184946
-0.16302720530599302,1.250917536293837,-1.7636169693767418,1.0702054885005432,1.8336009077415214,0.09234510234145692,1.2971090715084335,2.619506806579027,1.2883487999571792,-1.1892912819790662,1,1.0428396991283264
3.879672889493624,-1.2774782071448822,-1.2194515877161058,1.0172186578232623,0.9940674237709078,0.5973443385951982,0.4821248501549553,-0.8731623187249064,2.6492966967871334,-0.659194373952039,1,1.042091003344503
-0.5769015378257063,1.4408589489517416,-3.9418454781788554,-0.2393503448178984,2.4894408936865635,0.9895275593614965,-0.32070876906844314,4.287755744351821,2.1666840704684223,-2.9490265593418705,1,1.0277058250662046
-3.205725708239056,0.6250283799717753,2.720606247979225,-1.0450401355855683,0.905324968793886,-1.1486819737250538,-0.9048820237420953,0.3636649788836114,-2.273646984544722,-0.46720914880741515,0,0.11638265501730426
-0.05755294319796711,-0.8805768899804306,1.2977874988111273,-2.8885368340143023,-0.7094874901091681,-0.007135435830506541,-0.9061754462120633,-1.1933047592966224,0.1312622029075329,0.9561721225749493,1,0.9897419155566978
2.4719938953385228,-0.334880035264591,2.7942382589183588,2.808376954589587,1.6526630213618043,0.11586252128996938,-1.01673109146882,-1.8709354032533267,0.5573278802735551,0.7270636678657258,0,-0.1001761146033257
1.3006532935714734,0.7955766982869804,1.2854698068212054,2.8625723354668517,0.6831757763855453,1.1908167937979897,0.9546083581153184,-1.1248134805233094,-0.2983965297376302,0.1451698249263278,1,1.080212718075857
-1.6542991868669792,-0.9411209872148769,2.2616249294949426,1.7277399186779507,-2.7583412171213064,0.9854976046629924,2.0968276994573922,-3.878820172041187,-5.14531024922794,-0.8850543964322144,0,-0.022884971547841283
1.8881191738104435,-0.8261196665176447,2.77482368271432,1.7813016917647455,-0.3041667403936896,-0.26896652134464205,-0.09601315056500097,-3.485640950550522,-1.0658402287786235,0.4548393056575881,0,0.005394022217151653
3.704163425472517,1.1254719619042568,1.27918280044733,-0.16679001774132862,0.630212426446985,-0.739200259267674,-0.44307660295255796,-2.9194130407261367,1.5575322522006958,-0.20859033531744342,1,1.0654775342430263
-0.9188161682464828,0.016133648835789622,1.2858788777468138,2.0660510173782303,-1.065406241133913,-0.27994041881513143,-0.26495934353101847,-1.699098701145636,-2.8174247917053825,-0.43856029064909086,0,-0.08011297705294627
0.6233824674923041,1.0932193485865793,0.23822636393274133,1.4071132200018974,0.722507106092596,0.9402336914799568,-0.24700873838200696,-0.16651857298844364,0.045335958469082775,-0.48264672352728566,0,-0.06258236070530697
1.8678650294696397,1.438102140431454,2.6168804315678527,1.652548575768877,1.2012662056397445,0.1990505996454534,-2.074037093627369,-2.304278378498492,-0.16440215698584065,-0.20977433686321023,0,-0.08006389685594269
-1.8627830929176632,-1.3747486643249136,1.074655375748351,0.5997316572321383,-1.5423541818506543,1.7574237418402274,1.50109226522626,-1.7385220848295797,-3.4376885226425045,-1.0560262837284777,0,-0.0397068145012712
-1.9156963542053338,0.49622606565813854,1.2577751090115492,0.8998779917518165,-1.1194565174205735,0.019562315452243646,-0.8052695482975325,-1.115187752292436,-2.989323558753951,-0.44795099775031144,1,1.0219818303008497
3.0309262908967787,-1.5342767157286858,1.9199120867811805,0.907500607951083,2.110086135446503,0.6055854583752872,0.6325734033544694,-1.4738071052393193,1.8461935327969698,0.05408100351774414,1,1.0262093921406386
-0.13165787359788417,0.9103069625263793,-0.09841371980585112,1.1511305567207457,1.1612403275074965,-0.4907736208665116,-0.18517943855004304,1.0567120488173856,0.3275955971153953,-0.3742497581419254,1,1.0138137089664276
0.19179390982690925,0.09780645085098183,-0.7045314508245979,2.0578121788194927,-0.4698889302672935,0.609259207256053,-0.17791595945172312,0.43076257199873186,-0.12240265145277546,0.69727762254545,0,-0.07063829419461833
3.924755945764779,-1.5956885198176034,2.606177735839308,0.4900568587892882,2.758617454569226,0.6526587637668444,-0.2207529952323271,-2.514101690447672,2.0338599268656745,-0.8657254686146549,0,-0.11550517183163221
-0.24125056959320945,-1.5814462869369303,1.848457563732653,0.06606116540981932,-1.8511081540460723,-0.2968536590681271,0.997343515581139,-3.2354046606452154,-2.6756976658655773,-0.2354961185542328,1,1.0027176792695192
-2.434729307633765,1.8774601674540077,4.511550926088369,3.32897949654057,-1.297811900595136,0.07674783889655533,0.1409700461140979,-2.6986068711842544,-4.947025913284399,1.168320316502296,0,-0.02358880168191679
-0.5137669095912216,1.5699993745307737,-0.5046784045039403,2.30392096808419,0.019910893536570717,-0.7189427701617253,0.13958147863627957,0.9606141916376377,-0.4843565538208274,0.3155907229571775,0,0.02296928858583059
-0.014721624060277327,-0.15523989741856356,-2.281458223881223,1.4398643125080004,1.734382552029178,1.0242916827186488,0.891989739726579,2.27944299687548,0.872705201658369,-2.2310913591069443,1,1.0350976813110635
2.0207780860997264,-0.7525042374121899,-1.7312377572041089,2.439118646591623,2.26939073799917,-0.44129325952089726,-1.3976831285629336,1.480597230126036,2.113357486147839,-1.4693370377228003,1,1.006912071602934
-0.3124540163106748,-1.3408566391346841,0.8635680653177835,-2.0141177357985978,-0.6986096076296027,-0.005921424797771303,0.9813754037000924,-0.69791154769555,-0.0588041380494427,0.8799591058729522,1,1.0380066542687927
-2.322161925094759,0.24627222768729676,1.388267858750166,2.207839996102096,-0.6161784632662772,-1.1758706472642042,-0.39073870013766354,-0.869379094069263,-3.6501773879800936,-1.1450630238332615,0,0.011460568705753422
-2.057020983556693,3.470366830407929,2.766844478007071,0.3634127598685689,0.5382107310415452,-0.8064463666273127,-0.08437047942272259,-0.5222794542974688,-2.234038412517842,-0.09850021105685991,0,0.026503235280073336
0.2601087668065807,0.3222017469895048,-1.0096713657807603,1.765720952380333,-2.3812777332461703,-0.5583722670790192,0.02695230519765087,-2.7281858165083963,-2.8616224100743,-2.1076470798354734,0,-0.035233663143494125
0.13090682867309267,0.3500910081050599,1.7049573721903706,-1.8350160341531074,0.8073902802472237,-0.3070958903389087,-1.8639344040605907,0.002385012347329246,1.0694929716687909,1.3400428127453345,1,0.9910194293084271
-2.1440395923101856,-0.363944772852159,1.3805643570946442,1.2195815066295872,-0.3546111444412854,-0.08208382112228105,-0.9342811853625284,0.19997225417742306,-2.1299185625899564,0.5359044934095312,1,1.009838804832848
-0.09011954154107837,-0.3821698433964658,0.4969529681748005,3.1714613361648922,-3.8986192584396844,-1.2739661854065583,0.49602345083622773,-4.835712653386289,-5.108849993435132,-1.539594414316,0,0.04102642377087094
0.39180962213927495,-1.5983211879170496,-1.7057573376372246,0.10928411539330718,1.888742569726755,0.10057804534065648,2.322017040081676,1.4784062809315122,1.0848079405700493,-2.589662486095942,0,-0.019687058611228606
1.4034528267273165,0.30759330407831975,0.32492608894078523,3.805281542129793,1.3154599683620902,0.48917842571730213,1.3258469244784146,0.3225048410806231,0.5842788122214801,0.35712088443978285,1,1.0260583627866056
1.8456464065407503,-0.03275088247669162,-1.7207442020347377,0.5203132215021293,0.03631603989173349,0.0462238943195106,1.2754099352785402,-0.29566917547906274,1.1164032780599198,-1.0444572205709546,0,-0.01329193959576895
0.692727047033168,0.6835225305709535,-0.16802794855465453,-0.21065467746842104,1.8523834511436665,0.13609987279290578,-0.06958041641661791,0.25771618037119753,0.7506427844813593,-2.10435753693196,1,0.9941228916335935
-0.31499213298492434,0.04405284475115701,3.1156371733058554,3.113825390772121,0.4006468569275603,-0.6536628470652709,0.24155067576713202,-1.1911940143601256,-1.6860093718323137,1.3604043939095645,0,0.04147595210120365
4.0040871287343,-0.7569972506754415,0.4068056016450132,0.23481386245561775,2.3771898441901795,0.021625865324147224,0.045267643345397006,-0.6148403840694647,3.523457809624811,0.029501977251809586,1,0.9003469814472922
0.4036074838861692,1.465047678991556,-0.5624463201074679,1.745198614184381,-0.6687330102188671,-0.5960332970724612,-1.4146216787688792,-1.0820888329924847,-1.214019359681989,-1.217704278624892,0,-0.06482361640373806
0.608260588950057,-0.25470067411697894,-1.399489976204145,2.4317234433919204,-2.2219228754715776,2.2172589051530878,-0.09242615091212741,-2.3986225275179756,-2.4889664207022593,-1.9790467042238267,0,-0.07410926987214105
0.18464300829515934,-1.0297546568742397,-1.9796986286506493,1.4558009863514523,2.3810263981527036,-0.4124123970673736,-0.4433122656093292,3.2761486584942703,2.0581485612031605,-0.8664817749995621,1,0.8833191940075847
1.6944497988792522,-0.6387245662468853,0.3028664173266119,1.1843287895863956,1.161107960019994,-0.48405905790581066,-2.1365736581321126,-0.9281479638431893,0.5048049661200902,-1.2699998138512556,0,-0.033913222007758835
-0.07276142963927501,0.20260907625909577,-2.2910417071223006,2.4473199415861977,-2.0958636509945583,-0.8249678920792157,-0.16941624460425023,-1.3623107873082498,-2.499577856255878,-2.4176049930240753,0,0.03747169498638702
0.8451938977186463,-0.5504088041063857,-0.8177162814972088,1.6324653655782644,2.5369623935747456,-0.10085603895822481,-1.0946891030790096,2.047980406861648,1.8273007747142906,-0.8727515200932839,0,-0.014244203319128738
-1.5712169973745946,-1.214093546663595,2.628552703039903,0.6004277427686229,-1.7352026977034456,-0.43573637428661655,-0.15300490837576008,-3.0839542322927613,-3.975849889585858,-0.5244990555874257,0,0.009889504097092607
0.7834688641970433,0.7532630976780018,-0.8680245469931223,1.482875013515536,0.5564891643292076,-0.687102281640671,-0.7615477820258625,0.3143544645303059,0.39171207200019315,-0.791456099464532,0,0.05446087483553963
-1.4070042599128947,-1.3518470745883477,2.739545241468674,-0.8661105758766536,1.2824271810328494,1.3004485187236268,0.23551944389355997,-0.3075080075841388,-1.0402041371980137,-0.24409098981802424,0,0.06638430661338458
-0.2205595714701437,1.429679628212874,-4.245826265162449,-0.39527533235335977,3.241139884983219,0.5019772515284239,-0.1444852190085874,5.1785602796377335,3.2888490453070864,-2.6588099370798393,1,0.996543103263693
2.5375398462589818,-0.4820195349703568,1.3202587072627159,1.9941501873073386,0.4052934092956759,-0.11793630136998588,-0.0531568472160429,-1.7196459181844594,0.8180312819489102,1.0122391402828548,0,0.06767929447846986
-0.5338702397812827,0.8551102035905799,1.638545588195986,2.6833268392191028,-3.134240304314395,0.772659461735479,-1.3324754385776982,-4.436342368432873,-4.858367610787923,-0.9210942295098049,0,0.0046063329217054605
-0.7789114872986013,-0.38230329175876404,0.6281695164419621,2.6045138368497343,-0.4484420442599699,-0.7424901301220792,0.33866628055830106,-0.6429370165365802,-2.0670932703552323,-0.4048444376281717,1,0.9581300888086269
-2.5986515509028205,0.45783633746765673,2.3853645980401414,1.4099600465549527,0.2402755689224758,0.22254775222043163,-0.4047125489300302,-1.5559097619688245,-4.246554851845174,-2.6376885002205555,0,-0.029720017609936762
0.43405201496404267,-1.7762518595411971,1.5525178414580911,-2.122432104349146,0.19326192906376283,-1.4553110775298008,-0.661412889205809,-0.7413774112443388,0.8165528083951864,1.1644163197278323,1,0.9259731743717492
-1.8849328483062786,-0.11334815330036294,2.7925911636393588,1.1897145894284344,0.2792724909404374,-0.8749902905649327,1.3249753069923402,-0.9417266506624398,-2.665217184380881,-0.19825621922463954,0,-0.044406692686682625
-2.0832285212822264,-0.527112994849378,2.3936089362582464,0.9509789224449832,-2.025493597192762,0.9186331108680124,-1.1433982800558324,-3.0065466722093874,-4.599547258854516,-0.8296257147070916,0,-0.01790083440372146
1.655404910865757,-2.0163950870447436,0.6168654651874775,-3.0480821875072106,0.7606174951595226,-0.3434820159668608,-0.45796349996972663,-0.09274794051582215,2.755854636008417,1.3943635663149423,1,1.04017925096893
0.09295548023565736,-1.5755086857682858,1.2493332178107186,1.616640175979816,0.256464105048102,-0.5798560867032955,-0.12761406828762872,-0.8374859100540271,-0.917055728421159,-0.01762587608026933,0,0.0860384915582992
-0.9600498040928394,0.5896034016824476,1.4983986799652194,0.32198864344779454,-0.51265906119214,-1.2366053993279196,0.21981531494061168,-1.9036487275893925,-2.5522508429314494,-1.4297041491039204,0,-0.069109075768852
2.813291592160458,0.6277017664358089,0.36697738591567786,0.014446780297841633,-0.34405756032257684,2.0866219622041573,2.195697109819277,-2.527404211551134,0.7935952379188039,-0.22474123445815963,1,1.0196413734129959
0.7774468187609522,-0.9712680239033719,1.279766872416476,-2.7653123146137455,-0.5530221719010309,0.013588901529294801,0.5389082757916838,-1.5737339861077626,0.6186564690153898,0.9277316209993984,1,0.9479728030421233
-1.101896509329676,0.37489951711788827,-0.3728297035313838,1.854639861894317,0.7727942142485952,-1.8377072669391525,2.7266256657937378,1.706035764375513,-0.3468907973642849,-0.07544081017305093,1,1.0237348544231601
0.3579197888986071,-0.6980275271582519,0.38020313167124165,0.8539735318154137,1.7424000665003219,-0.7685653783018872,1.3497407120261613,0.18006313750964764,0.14084378702502562,-1.652400404978907,0,-0.00655433253438633
0.6117376141560309,0.36730500594064597,0.4202293519460212,1.0469362337489454,0.5494120187326956,-0.3104866523341394,-1.564789896208079,-0.7468967472717485,-0.3511498020954865,-0.967860536567347,0,-0.09154529129237653
0.20446817866137001,-0.3627087254193039,-0.7945792897599833,2.1451684076234168,-1.6543962356964066,-1.605619899036259,1.715208156475465,-1.806208463439355,-2.1850161934858043,-1.4331826544699315,0,0.04641484957842422
-0.6844676043819288,-2.7934138048141053,-0.7017479733491367,2.136514797421871,0.5269333354641152,-1.4234275242365828,-0.4614644407585139,0.9388095249467068,-0.7809092642023268,-1.0515916241645915,1,0.9697499643595634
-1.7917783102558293,0.0022381951845358303,-0.20944229623764343,-0.42396463586450384,0.08834196559806029,-0.6308644504066098,-1.805243542708399,1.9990086034902075,0.0364550225101559,1.1015125615166228,1,0.9733049880813223
0.6467005068652256,0.34234688122556756,1.1187560057750632,-1.0461981502134885,0.1618261032757663,0.4413064753527433,-0.8991483495658693,-0.8241371629994972,0.5205260788865347,0.6506647386351854,1,0.9465123794355155
0.3688196849511163,1.1394895500501816,1.4801756448750798,-1.7250905058779646,0.0008485697964202288,-1.0562230115742073,0.05569045423921552,-1.0660515586325912,0.3093313332114608,0.7191546302701199,1,0.9672858361656222
1.3661549912390458,1.2621825758304979,0.5135871764317224,-2.300724426929338,1.5121401018185125,-0.39434842042847656,0.42650602195543413,1.1370543156747157,3.2684003099679835,1.8388041888752373,1,1.0213945220347458
1.0496366977462304,-1.587659113914416,1.4601805672491897,0.01883054701154907,1.5402712636247062,-0.7443489454494924,0.4815544676890861,-1.1718722102970094,0.17099423557486287,-1.3449839535527037,0,-0.009462217046820277
0.7863408014698192,0.40921074975042837,1.7422657246416229,0.033816974607669414,2.0009329715069426,-1.936046305615248,0.23313906897550848,-1.7352434736158262,-0.6793450251787424,-3.0060357616886435,0,0.016433100114124053
-0.08292718238588115,1.6665093866982383,0.6666189258509116,0.9956518460815571,-2.172232191261947,0.5009502467909787,-0.756779815496717,-3.187443520931889,-3.021565224843141,-1.1876219563451282,0,0.018096092696442186
-4.17887149337257,-1.319331715916988,-0.24909027298286324,-0.8122632409469153,-0.7417975143394695,-1.0697285874047573,1.7729103175051502,1.6185162954988457,-2.7628635394337575,-0.9309864259486706,1,1.0660330827764084
-0.9029374124694651,0.3444397428732818,2.125674095878341,2.782201463267792,-1.0310584020184592,-0.1543405783848945,-0.675846605428403,-1.7468720612440043,-2.838867867428628,0.6558046683318628,1,0.982860692456781
1.909701985435067,0.054530545345859126,2.9744451700720154,-0.7837273033851562,-0.42837989938878906,1.1730164245484074,-0.16784917527204427,-3.943045148653965,-0.6210015304092853,0.21454989740884023,0,-0.0738428908422866
2.765620109727125,1.5754016416484227,0.946293318185048,3.3056693134267614,1.0262820696057526,0.9787706596397112,1.1238626513605412,-0.4423419807172319,1.7244852692816446,1.935091976676249,0,0.05336112082859915
-0.01659174457550261,0.5012388657189913,0.6499931372273142,1.221973903849897,-0.22225018093292315,-1.092460599312217,-1.820407893534869,-1.111568974238446,-1.2799733495996803,-0.7011961706020551,0,-0.016574408604862735
1.20747478889557,-1.2389113624205548,0.34740422236627444,1.182709899134653,1.0887850956294594,-0.19529340781933383,-0.3208954349073055,-0.08977173964458832,0.8153157294660689,-0.13542098126600755,0,0.05572962222886885
2.6945842549033756,0.7752346693833679,2.4588611569697703,-0.9486682532379376,1.9657289268830578,-1.8168206159518392,0.6646879456724641,-1.4464830953228005,2.249394804336713,0.7938044479261126,1,1.0191688556591236
0.6817195787736143,-0.7733315423477758,2.382701482960009,-1.5588886296094593,-0.44477822361527153,-0.31954276538974585,-0.658928926326322,-2.3107968459715864,-0.2996540069119152,0.9180317924969366,1,0.9934431234898328
-0.2912254228286364,-0.819338979759412,-0.1872877518204954,3.4442954715984224,-1.944870700299619,0.3440426165079377,-2.8564343834118673,-2.452889993116441,-3.5649455485730974,-1.794565447834844,0,0.017438794702314755
-0.5539881185925588,-0.04519098203251402,0.7876565887924275,-1.4927924360311309,0.5399731735091367,-0.5078379159697191,-1.645466354990987,1.1131758303588286,1.0823485414322354,1.6450814832252414,1,1.097550628006315
-1.6205137944879509,0.16205266229086404,1.323229039002137,-0.14266211317431488,-1.0153114424771557,-0.674434018586886,0.29986282161736977,-1.8927247640569458,-3.103314790599906,-1.561261839552286,0,0.10384902645268766
0.15560351578647513,0.5124461701314288,1.955315376013366,-2.3832213860902725,-0.3355783194766748,0.22549585366452668,-0.4417560197701629,-1.4305434132120352,0.10260185618373381,1.1022606035373153,1,1.0034690567566389
-0.5685771991530488,-1.8182008283477074,-1.2660945550358798,1.9426886892113853,-0.6032646169898068,0.33837157974428633,-0.13874091438342617,-0.08013902919882103,-1.5777031546836588,-1.6722324939399935,0,0.008009529665853766
0.8944110428234755,0.028024646534218874,0.4092902676191843,-2.574975399159377,-1.115105570737967,1.4799971180244789,0.36301392883144956,-1.5889267012130492,0.5200037612637293,0.6919084070434598,1,1.0538120078733193
0.6937899479009928,-0.1573326221943333,1.6355695101778553,0.48774720325669696,0.7356295711420849,0.693127530911948,-0.11655689480632804,-0.755335820904907,0.21802250071948692,0.5939405990701296,1,0.9577169483616327
-2.0202476366114865,0.32366084439010007,0.606043048356314,0.7873570299634405,0.31306731982878866,0.24654410372291993,-0.006335223857658368,-0.3403011199316869,-2.7165011301190507,-2.5371438881638886,0,0.016653518630912755
-0.024200978854632793,1.1638918482260652,-3.806749444147815,-0.6356785866186647,3.564346260589948,-0.23865475693609625,0.789184108186135,5.178789251992784,3.6548852285388143,-2.3286506510414617,1,0.9987068576023072
-2.097099475164929,-0.2488988940993073,2.4812580787579974,-2.1872560241620578,-0.5041627415418268,-1.346156823063033,-0.3048175767714185,-0.16973830264394751,-1.050815717301203,1.8635980646129484,1,1.0156954105728777
-0.5563915667013069,0.21114842058304528,0.33736391375015395,3.12709139761027,-0.8521337227594465,-0.42705401145629357,-0.31333752533026893,-1.1999029625302196,-2.549541007677811,-0.9097275485139685,0,-0.04166844029747029
2.2401086190609116,1.029431494057863,1.4649901537918015,-0.21809875786862332,0.9655810590355576,0.6501259768485537,-0.013487317381401262,-2.272945441052694,0.5773519707510585,-0.9937513281341752,0,-0.07947837466544845
-1.007399641529882,0.12475969886159183,0.963315567407715,1.8914832317071537,-2.1631135780218447,-0.5914593510155088,0.2835540767411167,-2.917700162682379,-3.983230262340833,-1.346162317433718,0,-0.1036491717995646
2.9336425217431845,-1.0085120795025382,2.6676919227990186,0.7971337973971762,0.5419759573647781,-0.6552508348371414,0.45026198113007293,-3.8228634234518246,-0.09167663289510532,-0.5233225523709208,1,0.9441307943505196
0.3447021245292823,0.20461469298127857,-0.3344490786265817,1.5505802077401198,-1.433676060723827,0.1507646863583885,-0.09499172120552898,-1.936333548677539,-1.8782291281617363,-1.1894907029582487,0,-0.02293376424696665
-0.41182418815504906,-0.04935238558920484,-0.16147214459987036,3.411731760295927,0.6682701876613133,2.1079120973696077,0.8801789564535437,1.5707524657088017,-0.11823009909256797,0.9161588068017215,0,-0.014659579332438092
0.9905649686465678,0.015747591469695135,-1.0189513900308032,1.7805630979979132,-0.9650925894318156,0.3767675979801336,-0.30660220132312443,-1.1073076618949786,-0.6757254757041766,-0.7752170068964871,0,0.09686155812147584
1.8025543820332648,0.9700523871255957,3.020813001403691,1.2411175379548909,0.1914195848594693,-0.41185222425903956,0.5010958847730504,-4.2539520093567935,-1.7637030499602853,-1.4722216708865712,0,0.05529966849536491
-0.01651056542645346,1.4025779738826796,-0.5939278617978166,1.6821167047543382,0.9522091105787592,0.020582051698871586,-2.5578237262631816,0.9469595569489015,0.07650804767803723,-0.8285346766183035,1,0.9518954441829186
0.11447492270636628,1.574210003841888,0.23289395895145149,-0.6606776078747933,0.6799641724426118,-0.06669275791000259,-1.1126728800642849,-1.424535375029303,-1.1195711580435943,-3.1991769482394377,0,0.017385422622547848
-1.633315193102173,0.38735188537995446,1.241006014311112,-1.4746909806648754,-2.084457176716786,-1.56109966624707,-0.9928192963252266,-1.6135822479325321,-2.279615466998773,0.6198718805836336,1,0.9796460881824838
-0.620289108978922,0.420722957572946,1.5507747070718105,2.2249600576810766,-0.6250052710413021,-0.9320643074206336,-0.15716175205388827,-1.4046922451992991,-2.238076751306227,0.0721478101189561,1,0.9857818080979952
-2.556615679899858,1.456322321559705,-2.4421048691269984,-1.1265570833095722,2.0224117830110853,-1.2910802090850988,0.6515246428447795,4.761863541093304,1.1978825508696065,-1.3328224230270376,1,1.009266282470769
0.7478935894175374,1.463446309757374,2.7358942365973244,-1.8095381772486383,-0.9694581911063138,-0.5698410000749524,0.018001590590386005,-3.3255629997289,-0.9688194313451676,0.5831251900683058,1,1.0309585558487697
-2.029086316297839,-1.0370520360517839,-0.6104406709486663,0.31185196981010255,0.7972038746075327,-1.2479772382679153,0.7759875393068612,2.002655902584872,-0.67965824837648,-0.9510328887019901,1,0.9830370758057992
-2.842572351178778,1.094890509744328,3.15886328092096,-1.1879371314382068,0.9046768177434663,-1.0668992628408112,-1.4894621733959412,-0.15985170737173257,-2.2184529923872596,-0.3448356377205454,0,0.05319257663671793
3.4322074127128466,-1.0665998469424554,2.164428697487713,-1.440939834153275,0.668899022262421,-1.1816065021359743,-0.061094473779857175,-3.2738063384271627,1.5421285256766175,0.11242631560530703,1,0.9429030886928798
0.9896326520229033,0.9009334642142001,-0.13298776590718453,-0.2705661257077845,0.41187747089424387,-0.0459463732265448,0.15225012859589074,-0.8437372359912706,0.25084144674057035,-1.2704493444559255,0,0.0003169531181134221
-1.0184388123557746,0.5539012639539144,-0.5003090285620853,-0.9191178379258977,-1.6949865308975838,0.65091182831509,-0.8805340254133578,-1.532733719675923,-2.2378714423458725,-1.7633500477801407,0,0.1298836863297916
-1.969448712079386,2.4529490355952444,-1.633721231648095,0.23443714259642723,0.5599060771251263,0.596863827990548,0.9985874701099109,2.286453044122446,-0.5580943633683206,-1.480819196982139,1,1.0111539871312638
3.443733539351589,-0.08663221619295278,1.584929907095611,1.3456888297682839,2.6625384401066725,1.1533843252761358,-0.07618539846712236,-0.931603919398442,2.5248781695504934,0.06187056048616635,1,1.0716607253303085
1.996423781695098,0.6101631021813781,0.8946623987738118,-1.3282406437248133,0.7530082921079384,1.7952998499742554,1.1640884672478229,-0.9556061887302911,1.8274809480673149,0.6246290441951177,1,1.0045760089086604
-2.9077892332881974,0.9022099011866933,0.4223427419432455,1.418851686547832,-1.0512735040074346,-0.3912705064869504,-0.07181986182667738,0.1923808518773308,-3.210252848351898,-0.5836003149695564,1,1.02903885476649
-2.342528716598678,2.1611240187932155,1.8348240849186193,0.5975111205741626,0.07131225813109232,1.5406280047316037,-1.2871647702370277,-0.38086025927689143,-2.673171268284191,-0.7594486698656657,0,-0.0028391597196345767
-1.687717790674554,-1.1640459051915317,-2.784066046957377,-0.021084786020542312,1.963852640770679,-0.5348205660811335,-0.5442271762373639,4.1254878154311045,1.1077563142411215,-1.9152348449180208,1,0.9914796209417898
1.9331937520560625,-0.378861272859323,-3.005078138156523,2.641980794777151,-1.8533375610102887,2.458867633898339,0.15174482071902765,-1.6789206628055557,-0.8734796899395753,-2.178889095909031,0,-0.038974119836270985
-2.1333298588718597,2.0176831081114277,2.8197608213636736,-0.9720174549775258,-1.5052347388338936,-0.9329313205063481,1.07216867608296,-2.871003648511855,-3.8868396095283972,-0.8515609902216539,0,0.021515067947877664
1.2594182702381038,0.827618894307545,0.7546399683683608,-0.9145202081988306,2.341367754671521,-0.006488442662873022,1.4951524262249705,1.7337834928446458,3.244110673303249,1.721355590614094,1,0.9574231405407116
2.656132054278076,0.6168230845725562,1.942762794450862,1.1058079500140072,0.6665341298824337,0.5058197292884915,-0.029881305468155962,-1.9531014831037186,1.128921986967281,1.2234137773659963,0,0.03327926181567146
-1.4318858655916047,0.01702595997479192,1.6036241807731635,0.018156545107944067,-0.8178922565198044,-2.1924228382392457,0.36483057984276357,-1.5961509047028388,-2.6019266046583653,-0.7408414061143986,0,0.054264350222295504
1.124560924095828,0.16456292936558237,1.175553066667006,-1.5463752159057875,0.6328237904269669,1.2326702017814657,-0.22518602192551282,-0.5513409242313624,1.4201632901254837,0.9812735395786676,1,1.0183265703618616
0.5942135411662197,0.1922235545830191,-0.8919093274840075,2.9686183280448417,-1.910867391381173,0.34431995085906913,0.013533560687097884,-2.087971360512069,-2.2710812874754938,-1.2263137672462878,0,-0.014312436677784594
2.1097346743211722,1.487136434099039,-1.2433091975505388,2.6887906430684456,2.497302464341992,-1.3507691362267562,0.2915031302830914,1.5616133891345259,2.3160512872915073,-0.8943840582073062,1,1.0226982789654349
-0.7261178628272207,-1.9005028281269774,1.7446994979540995,0.30510556759771024,-1.0540653733900727,-1.0429914018279645,-0.21383239566608503,-2.490805062902508,-2.7110584689570985,-0.9452329676354254,0,-0.01543365277732063
2.409609578592309,-0.1438789640887838,2.8825673702388106,-0.49588519448105495,1.8173874410564133,0.21154950040214843,0.9131977481359224,-1.8156204607407052,1.5680995387064487,0.6748935155363232,1,1.0467773562732574
-1.330411138522243,1.217860152495872,-4.028361852895877,-0.7950868623192457,2.480242445917113,0.46075167472246364,-1.5994091742070216,4.664310068738353,1.8479493816108468,-3.2272618800668327,1,0.9084296957892438
-2.894352704707823,-1.8760597504171146,4.228664773313369,1.8750982412849715,-1.3564584172679242,0.5643771736100383,2.147711363627374,-2.8857915994154695,-5.263630256701743,0.027050274643017902,0,-0.016780368405932312
0.6480054901181542,0.31403772031185895,-0.9626516450869023,3.931307067110984,1.5068877821150068,-0.4589729913092209,-0.5408663068153107,2.0990220335463503,1.0668653343605774,0.46320893320922396,0,-0.09954059975619989
-2.380786258459292,0.28770789211854864,-1.4646725920191364,-1.0023662497012964,0.6967258103999077,0.951085267326976,-0.3520211818942341,2.1848175941797963,-0.7077328154579108,-2.082788515325089,1,0.9252469584886398
-0.3648683385399003,-0.6363726539064243,-0.9672810742583811,1.6578116002018133,0.5420823995953539,1.2067413524432824,0.03236865090287022,0.683757747917809,-0.60478049794655,-1.552440689052193,1,1.0681931114906955
1.8164841064643733,-1.0845459099011128,-0.13166228047215456,0.006348470470403544,0.9815911438999433,-0.8299311200940614,-1.3140811177492744,-1.4809736536402565,0.36665880670462486,-2.433776008750362,0,0.0447592490985843
-1.5293733456143046,1.4061026799489138,2.058628701079448,-0.35348906685315784,0.3205677276419656,0.7329411944159032,1.4330728592278676,-0.6796979158198881,-1.742302593709842,-0.44571526664442196,0,-0.03597401166423952
1.846911396022761,-0.04945071837588924,-0.2675581456352487,-0.3093856600876319,0.6903163527169922,1.311101642278815,1.7439779421584767,-1.4027173943590963,0.5845294413915171,-1.9649948296762796,1,0.9248748271979551
4.478975464464513,-0.7798960257721985,0.5026041244796497,2.9392387021566257,1.7239665740110843,0.3617426417274599,-0.09926587838200922,-0.5379654280790277,3.4203268474823925,1.8840279491523013,0,-0.14822644189208256
-0.8595499842315899,-1.0510859447769905,-1.8040385623192972,0.7518079261241498,1.6493678632116935,1.5698119788129246,-0.3590757412202756,2.8108052566398563,0.8170733619731204,-1.3778525489130076,1,0.9728252246033683
-1.616280028719753,-1.0604792468344322,-1.2958521816990118,1.1302413169604004,0.46781717494511166,-0.7136067841636786,2.320611282443011,1.8326406016174912,-0.7815887106035676,-1.2601092133114191,1,1.1210207506123702
-0.18512124856419643,1.7919805371190618,2.4322877024023173,2.1489315404859957,-0.19210435222653954,-0.5450791736111407,1.450908327291969,-1.0907402323295436,-1.2391703034884474,1.6949019946161639,0,0.02174421357318237
1.2990830330016985,-0.1854783071949178,1.040696693663472,-0.1350452827824249,0.7058881190333166,0.09354542107829379,-0.25446067528543365,-1.8953421819995113,-0.2032491462238952,-1.5708332573551194,0,-0.027978614302474475
1.7307595012431904,0.29998960263611907,2.0633342071807856,1.0691404768132866,0.8916501325038462,-0.33972539290521764,-1.0690240332323657,-2.0704789467909643,-0.010989676283662164,-0.22963271723464707,1,1.0232540104750154
1.7903020423071974,0.5204358280295998,1.2087745598902473,0.015060627108884894,1.00541860586011,-0.21923445440355427,-0.7109901613896752,-0.7528603589087779,1.4284288836383732,0.7659771334946659,1,0.9219520823502778
2.960067934697924,0.3046058505298954,-1.9785532922852092,2.1428852476274836,3.273034660570763,1.0755922654639487,-1.368163224430893,2.185570353001946,3.721752752442336,-1.1894101143213072,1,0.9851338318651183
3.542275259888427,-0.8571950049137425,-0.054056256282919435,-0.9011494279770049,1.0449930301223722,0.00233424749214466,0.10067168042665374,-1.6578111535437814,2.4121875816954796,-0.776671983454264,0,0.0049738736507869245
-1.1458623956651377,2.120034731628444,2.239318553822496,2.055679180654914,-0.9376174437455266,2.6343574229334563,0.1937604665532309,-2.207133433928497,-3.3226341037788694,-0.4155203143858299,0,-0.004305032591052425
-2.068531167001485,-0.9234410916129469,2.1983022899062177,2.3998915182442975,-1.643354765248438,1.4287731641518437,-1.9158844550933154,-2.845372782744981,-4.990052424633497,-1.4811138243091229,0,0.03954030608450403
1.95502813305735,-0.3036117965088469,-1.362694322046468,0.9763138593071927,1.6495981630303853,-1.0608188627317061,-0.625380451260628,0.6738994359516348,1.8991216680263834,-1.3754713334634294,0,0.01723226131180262
-1.6061823349129443,-0.5233648116065697,2.7363050007062704,0.15861594018756187,-1.7690852916251505,-0.26568578034535245,-1.6426634244990312,-3.053464781342292,-3.811653325520617,-0.28566909752253333,0,0.03341630090539985
1.4752990206618315,-0.14230409569909994,2.812166950198457,-1.8427974870338166,-0.08638650677181126,0.4217114626004865,1.0739751182651243,-2.987270098314194,0.06871787622157491,0.6411794039591591,1,0.965581385888462
0.24791531053340188,1.5045158627843784,3.096568183160405,-1.1836642969114333,0.4507679091116391,0.44872988950665094,-0.13322005650708416,-1.860726045889656,-0.3975459561133678,0.7731076028921069,1,1.0448907704205275
1.1061622851827178,-0.20795404827050892,1.0175984187727611,0.11691714023325273,-1.8333684804597818,-0.06713788813139746,1.0004269881194074,-3.717925347985497,-1.9012239448121533,-0.8282332022887031,1,1.0814468473811996
-0.15812471798330585,0.5256897839134448,-0.8130878629220324,-0.46232413515576964,1.1444535247092291,0.8689630979160494,0.2754977228889725,0.6616008054318385,0.21029447056065576,-2.099380971366615,0,-0.04850747598257063
-1.0409507837062726,-0.6240508751987934,2.0492283807224894,3.0127395663583356,-0.742243911919517,-0.6665516497434043,-1.9615805428545177,-1.0881966663568727,-2.4804865729442462,1.0757511149371335,1,0.955615217214272
-3.933704917635173,0.9955378349281169,2.049828780247344,-2.8917958546344034,0.5171581019130258,-1.3992862142068692,1.065578030444382,0.4916427967875225,-2.5123131849378613,-1.3582140115858934,0,0.06678921681601165
2.157214452956329,-0.06753111340072018,2.682628077478425,1.675393846430031,1.787892525205105,-0.8528225089290052,0.08512629046558606,-1.5700724023951078,0.8028102536811573,0.5412698831225107,0,-0.009567199334753015
-1.1899618821105045,-0.3977060380161431,1.3873165255804263,0.581224881470765,-1.463843806939555,-1.300799263194699,0.979500734192805,-2.423024644844407,-3.2827163525959833,-1.1913803980437612,0,0.07019106960332785
0.9070848608980963,2.0540792057373447,-1.659841218064618,-0.41508725009809244,0.7347443178621318,-0.011026139324065017,1.1553722866103862,0.4999629761119387,1.052183543251392,-1.7445013211234266,0,-0.022126785594609195
-0.6909955811085808,-1.0091703608004736,-1.3217066834549946,0.2301504698147272,-1.6650320414838988,1.6579969179276763,1.7230830307671023,-1.1103105743740531,-2.0473913853496755,-1.9189962020753908,0,0.07275227881353556
0.07810885225671949,-0.2237164544032837,-0.005267443655753379,1.7526754099373847,0.7708567586601253,0.061648559591326195,-0.002561537813347182,0.3596395764489153,-0.22640761026263692,-0.6036483514463635,1,1.0065742908402726
2.0635721032647876,-1.5287771743988197,0.9809072147083115,-0.28968594631010236,-0.302264964893574,0.5512964833540425,-1.213305460408733,-2.5108214947980927,0.2335473032540304,-0.2031941917668456,1,1.0129114411661349
0.7869871607819423,1.0889519658617786,-1.679828321681346,1.4843698979226638,1.768397523026578,0.2625148866642362,0.07584535994468508,1.6933752870812055,1.3377748585575373,-1.5474583834483582,1,1.0782359010834952
-1.3928919978752594,-0.7286984632866909,-3.0376008502190013,1.3502086327642768,1.8852089973167425,-0.12426460888905268,-0.22383161011581826,4.105017239937134,0.9316250106894434,-1.887054143794013,1,0.9819114761277914
-0.9503630511826389,-2.0333632233050167,-1.5677150279103853,2.7037732506769663,0.3461701478521776,-0.41163987269191477,1.132413093868646,2.4618816711719615,0.03832890697733812,0.3882911957961901,0,-0.047056104796247916
-3.285999776448235,-0.5334353436194836,0.06558780336201431,-2.0090874028231296,-0.4104408121233696,-1.1179978873308987,0.23462938668001856,2.750626487810419,-0.23817999152141,2.0292507657844157,1,0.9775717895985823
1.6566281318816967,0.6869996289884529,-0.35434043163712836,-1.345065397358232,2.4760102476269825,0.7919755221664541,0.4439634436165658,2.421126817451528,4.16810724815136,1.551157550725685,1,1.022616697532157
0.9015377560229142,0.5327766091780473,3.426148919153417,2.4065835225746004,1.2607958197504274,2.107121458314908,-1.4798984079184998,-2.3410370545595227,-1.2958895131362427,-0.2917066133132137,0,-0.07828795360902573
2.0742371749702873,-2.458026386166303,0.7969373349810353,-0.9962504562508507,0.4921779952897253,0.14338573408497643,0.6363366263318996,-1.2995507765542957,1.4849974749016515,0.3849869906796777,1,1.031873545132556
-0.20355711727336545,0.08248608340371594,2.4110154926333074,1.6771224458472345,-0.32764569898739926,-0.46025397030941906,-0.47090997398087625,-2.7143601686449506,-2.704026171320167,-1.0205502472471653,0,-0.026938565880887163
-1.4741525033396314,-0.9620363364058191,-0.1842046967171147,0.7593320638781661,-1.7808130209479656,0.6660866492584665,1.8986000224109305,-1.609038007802959,-3.2412810719095195,-1.8390363668910443,0,0.05739063303667818
2.556978145694341,0.46248194827463357,1.7332145367243652,-1.1156029564520533,1.6991439884419424,0.6215203457866668,0.20364574699238272,-0.7034329595284471,2.7214177861670494,1.3497635772925436,1,0.8802869847549764
-3.7815578605762474,-0.0966004429357512,-0.46500391482513237,-1.2496797986427102,-0.9774442006334292,1.4194561832338413,2.1828252714756933,0.9035488557453223,-2.913876629861381,-1.6733244996887864,1,0.9606717112447916
-0.07674399417961686,-0.43901917185633166,-0.29812087591983105,-2.4821025100958236,-1.8409012365581012,1.5623544204169286,-0.3147356733103721,-1.0829702167088622,-0.1754382788526227,0.6749574568275241,1,0.9156765924382949
3.333531961362889,1.0623195851087386,0.2283169968280666,-0.18458418241592933,2.622150697822484,0.633022396495308,-0.526294342279468,0.6539828081699711,4.071397241045855,0.8748628891444505,1,0.9586885266818024
2.010126349914365,0.14937805120063563,0.17073764327008134,-0.7160160052259099,1.196594587968138,-0.7638905921682415,0.9680189897663312,-1.0421867504159745,1.2922933093260782,-1.3332856102916577,0,0.012383295055447156
-1.296710488903991,-0.7466546399173061,-1.2919763694405773,0.8157684740676794,0.9906883173764514,0.20560736290873502,0.8201411363585664,2.3543672064380963,0.10675049050530161,-0.8318278988046736,1,0.9910386687275122
0.6006856491399328,2.1126695380712013,0.8758613683574594,0.4945248164985223,0.7723035376031562,1.1071449997852822,-1.4815485945140003,-0.8396873212420378,-0.19104147513212763,-0.8392607153014622,0,-0.012668878447400748
1.4063851495179844,-0.3260518812937068,-1.3269506419158938,2.620879633915295,1.993956554417617,0.5844170878195535,0.2748880171344688,1.7198342082036073,1.765388217648932,-0.6835261342014299,0,-0.00795924356900304
-2.5109932350654662,-0.751140382386483,3.573409603004366,2.492980233867457,-1.8082837910234182,-0.5951861949232378,1.4456070207804923,-3.237222741439234,-5.487576624547726,-0.38584625069146394,0,0.010169412030997173
1.1191043118234676,-0.5167100513874642,-1.0638894653963615,-1.7896735821631289,2.154018177803965,0.5538830154001746,0.6622168587417092,3.1476721830845924,4.277019087211491,1.748422504778209,1,0.9495731979028446
-1.9206133709420183,-0.5599349328742413,3.060213025187347,0.10430023667437083,0.1378723902783594,0.07542097132263344,1.8802071421010702,-1.3396377922946243,-2.6635167935082165,-0.29761977752282465,0,0.03534248204495254
-0.3611022504047774,-0.2546785692690531,4.192607186787674,3.18839868446401,1.4503694486634329,0.16812886589060091,-2.0989737278400504,-1.5489848182362134,-1.9795131747258663,0.49102627364857176,0,0.0331332985192742
-2.3352494210554626,1.9775589715694024,1.9487956115989968,-0.015943473739717495,-1.25022359085143,1.2255419295396552,0.7486491360125581,-1.8626666226032405,-3.697420804783316,-1.0040360281464933,0,0.019251896882805052
-1.3246440814691236,-2.05865680955306,-2.697868132342528,0.6800996668558308,2.081354863707942,0.9206684924951465,-1.0370769662021402,4.15984415951362,1.3345980515525322,-1.528421532573375,1,1.027826672137563
-0.8838617161813292,0.8363457203028474,1.9255874596945208,0.3590669849351925,-0.42701122990034057,0.09882671681189056,0.49470477651909195,-1.8322562093456691,-2.3016020532909436,-0.7329818953633938,0,0.014820900040432974
2.0338224761941026,0.8666385368892272,-3.2344166934625322,-0.2810830615384212,2.958470674733703,-0.4840024649006316,0.4845010694048341,3.005335752933585,3.949381100011846,-2.039807345427517,0,0.10175366513655337
-1.219158347136216,0.026203203586719227,0.006105135049657595,-2.3342358072135765,-0.8114353838342612,1.6627548627657207,1.2976696364732616,0.5558879968694665,0.04595411211438838,1.0322049768066948,1,0.9956452914473745
-1.4468861717835337,0.2795055892113017,2.155711196792238,2.1588918286964587,-2.2183004396063573,-1.515329221394499,-0.10610794810181849,-3.3862205774746017,-4.676415119617383,-0.8401898391783025,0,-0.015354160916728837
-0.7413285243585084,-1.4499035877067523,1.0920092806891057,1.6037245339043693,-1.2935699521665942,0.576687071934537,1.2691160417549106,-2.151433590019675,-2.94122679567062,-0.9395056431404382,0,-0.0376763790178689
0.04396199653205768,-0.8116013797721876,-0.3881278649913631,0.4318776001399094,-0.15231824527067017,-1.4608474248394605,-1.1200929450968198,0.3775508810800457,0.20359065266018955,0.4004368548018541,1,0.9483868664711081
1.301762864577194,1.7244938673542376,1.3714715695873188,-0.5611144902896004,2.106336963846113,-0.27487405549591154,-0.5087628646817622,0.742831816993429,2.4120055402021987,1.29204864899769,1,0.9377764106199462
0.4654011176790478,-0.05429976386289679,-0.6305316178224891,2.783104555072872,-1.5359216153230766,-1.8303042691939262,-1.082593763823832,-1.7100934568771078,-1.9696919873398662,-0.9373270113285074,0,-0.044439865661545924
3.7906696851246595,0.40027116595352397,0.4391102696728294,0.11273963410141785,0.19270667486171833,-0.8005986784902199,-0.07942096116476208,-2.795891844379679,1.5230571361733536,-0.39686550483514116,0,-0.0035340190826035657
1.9373508573214324,-1.3078836198708454,1.7293402677580554,1.5344863888777787,2.919417362133214,0.05667329813201983,-0.07406545958706583,0.476007212087696,2.176870863254123,0.6543258983714269,1,1.0167147564248857
1.328161517612778,0.2688388479892765,0.6946017261218862,0.4651104197515763,3.9607109144848165,0.3736107550026215,0.26029145625800587,3.3487007999936074,4.214364368567817,1.8544892023328727,1,1.0025571029276081
-0.12179553838382606,0.9502046158704233,0.8325788126917568,-1.4072922724236427,0.6541466755074664,-0.7310859989638512,-0.1641260659242232,0.7089143660311692,1.1326456078652827,1.283666633581008,1,0.9617232361285144
0.9049612022232818,-0.4290861877162088,-1.9675501790664565,1.659309627639019,2.666377501713053,-0.3564760547827886,-1.3103642119848287,3.0659342717278433,2.5488771207527803,-0.8935243923471904,1,1.0450092282009982
-0.12177468109410561,0.31488232986315096,2.880503522491444,-0.8322869743823084,1.3421286283033707,1.3627359615792993,-0.03971574878053483,-0.3455317367048751,0.3766241630723253,1.2444230246428074,1,1.0369706336150473
-1.4257357217612332,0.696159202767002,-3.4565404966421993,-0.010114858616661504,2.7961643089060804,-0.6754188569757826,-0.8583591808210095,5.545763415044685,2.480092358511653,-1.46546825979181,1,0.9920175846288991
-0.3947000917363046,1.3570135215758277,-1.2427621903508772,2.357398913242642,-3.066662382489425,1.7904256233640405,0.301017130352459,-2.8597073589874924,-3.8627900221724834,-2.287149886398291,0,-0.0326458072332356
0.9166708638306851,-0.3355438460132539,0.8137944696816275,0.3876293786279985,1.0544079011963179,-1.0201740902853922,1.6785957425432867,-0.11625253175252961,0.8482857777348238,0.2476482401598986,1,1.02742139604149
-0.975466430857846,-1.6597252199722006,-2.435688374618683,-0.2182313334426531,0.3512532489163003,0.5993336857696194,0.2973206236844861,1.463914440707055,-0.3138306021838327,-2.647851590606714,0,0.009398679374305224
3.6128018103505593,0.28712439548858054,-1.2979798625999668,-2.5630259430247286,0.5252062983329265,0.796848122828858,-0.5234863420799338,-2.5071960678619334,1.9002141929342944,-3.1374087116868417,0,-0.07240636297075238
-2.0800843922383327,-2.3989978732003516,0.487869888019997,0.5689341447372713,-0.12052328526949108,-0.7706277428369726,-0.27954310772587554,0.3618953170022099,-1.984524785721974,-0.7932680720982117,1,0.9966009872007797
-1.2912349961442688,0.7406643369550555,1.5424131117471251,0.6733162108301762,0.36912255575884534,0.2548649134112178,-0.238761427987731,-0.33420372424058736,-1.6067113298554212,-0.4199756962539507,1,1.013101790603719
-2.5395176588608916,-0.3594624603642399,-0.008006699670439321,0.15061115890690369,-0.5568200097960543,1.7849316996979976,1.120771106736678,0.40685838787944034,-2.392680896199041,-1.2203910787762755,1,0.9550152606756123
2.693891235748639,-2.1001635656146505,-1.7657766079408908,3.2732363911447426,2.8889636367567793,0.18092581286502857,1.0487779902738144,2.0362785703072404,3.0466946413499243,-0.8227935807231624,1,1.0094921696418722
3.0238346843890658,-0.6102531601419365,3.2999230329678233,0.2261955081332513,-0.36730364024525297,2.1643936633251406,-0.725180882356598,-4.6930899654916445,-0.3515005304463382,0.48764717682066117,0,-0.07274112426288946
-3.4343023785583426,0.6787246950402256,1.162338880501379,-2.143366887628947,-1.6582970070558947,-0.7903630994057708,1.1374289224658856,0.4968045842788031,-2.0843519617624344,1.540875227081488,1,1.0668093050006084
3.067323124713029,-2.2688978033936578,1.2676268818112142,-0.39338653951841174,1.76053424794281,0.448876542408239,0.018772721341306434,-2.5841620145897415,1.0648760966234032,-2.23462244154783,0,0.06239749925297159
0.3670278640792962,0.4667643429409529,0.4151251474739788,0.0610915815869304,-0.7713325204053374,0.5600555344324889,0.3017019518880703,-1.2764372974752238,-0.6322931596019483,0.03520978288117105,1,0.9873741332848518
-0.7627880334611347,0.23550389306795966,-2.539663107649237,0.7220891365476314,2.4103185037973685,-0.2616008480111576,-0.8834687943316744,3.8506326752269873,1.6347788473438825,-1.766387641837606,1,1.0181727168919537
-1.211936188918835,-2.0250485272198944,1.8104493463173768,1.9288955718470553,-1.2416121591936142,0.21377260368754086,2.4190236231011744,-1.7883019937498466,-3.0146018386325006,0.1398836674776196,1,0.8795039017100063
-1.773325717539561,0.7179620978524269,0.01278369679255631,1.3600561528620192,-0.7743918596061781,0.27319931178497286,1.240310556162224,-0.20781419036890306,-2.4808761045084817,-1.0827280631928085,1,0.9421826169867333
-1.4241042043476368,-0.6574570658806853,2.360631522099407,-2.034309579389322,0.6362486515741212,-1.8640468669922665,-0.8407298718828605,0.6406813115642607,0.2387744880375499,1.9794230593867541,1,0.9853110539923935
-0.023016889738167512,-0.23178052790236323,-0.017037953125976335,2.8653208242104498,-1.6046411578737865,0.23713757698760984,-1.7958986514077622,-2.1663137828118475,-2.8084326569769966,-1.288575517787613,0,-0.053606651071342964
0.7462538746146491,0.07019287113357324,-0.531146241991826,-1.631284621396672,0.07788693488600074,0.39376282503299637,-0.7937595206786632,0.4496342624922075,1.6233159597241296,0.7667751428288887,1,1.0357198241315329
2.877669460416693,-0.5259109403461858,1.3020063772293624,1.7605372320399302,0.7725810583876229,-0.9622320872002204,-0.5003665843713873,-2.5432302859514175,0.39160397628169524,-0.7125191808116547,1,1.0998648265373996
-0.6769784710255881,1.603249572330991,0.6762154076430629,2.5279581693561286,-0.08334096521580858,-0.26484609670052117,-0.10875770449777901,-0.4038576646565827,-1.7377413726020552,-0.4024474827470539,1,0.941169264028535
-2.4431567344965868,0.9185438073233004,1.1832326173161127,3.5924453403974312,-0.4609699247461454,-1.0310982238742539,-0.7250259470192656,0.1689746461009352,-3.270667975371749,-0.015753110219717592,0,-0.04187317020425964
3.564686723205988,-0.590088747004416,3.4015842261628366,2.9438226340701217,1.6963926631263084,-1.109283644262149,0.8116491564279975,-3.2422672914847643,0.5420060323355733,0.3267892726974899,0,0.011772418415496517
-1.5580317848664111,-0.28366767167934925,1.3597687569832204,-3.3643852839491433,-1.366288702039986,-0.44199299436537626,-0.5271463339236685,-0.48290227142709,-0.5706467478073054,1.7330045879431992,1,1.080555807424981
-2.5308962007947704,0.536141066736355,-2.6474684178095247,-0.5808539935574721,0.99224484727823,1.1889516118851997,1.1545187938448846,3.351050843123531,-0.2322391456079889,-2.410084323329064,1,0.9388812843730049
0.6791938985492489,-0.9519218880124557,-2.4560150557181717,0.7490594944328456,2.4342427286149046,-1.3814032347343752,-0.07567388488626572,2.6998492824466758,2.1172322329436937,-2.112569263133868,1,1.0124518061153471
-0.9431748379169927,0.9899720112860351,0.4561689112600802,0.979067873854795,-0.7002874004522082,0.10432808566929617,-1.0952042341253967,-0.9336358319503492,-2.040990151880928,-0.9077680896855487,0,0.09106494254065545
-3.010345763247507,-0.5349749682568379,5.600942187173654,0.21368017592300925,0.1356431347474898,-0.1348198612624556,-1.1364284464858552,-2.4786014562990255,-4.326157937824513,0.17220385524228865,0,-0.08258795740896337
1.998075879750469,0.6344297651488165,-2.0323158102355903,-1.2051538072729544,1.4444104538228393,-0.8841558081919275,0.10095196138947897,2.1841017732009207,3.964130424624226,0.773949646770949,1,0.9359465396577084
1.8104150013223954,1.1431139588843624,3.444494913303733,2.1754294464749977,1.0797514000031798,0.7848947052772758,-0.8880270903243329,-2.5827763968720414,-0.41446204501049017,0.6368606383053566,0,-0.021180330323041913
-3.7467449296753434,0.22500728668494507,1.1369496222160107,1.1244420730755516,-1.4757782209593047,-1.3195030421767049,-0.5898165315788343,0.09551034167839251,-3.8823911392563044,0.06358516613556553,1,0.9739705793572294
2.424248056012258,0.13204678286250765,0.4399689626323767,0.259958142569098,3.661317016600116,1.304445275106985,-1.2424440764739204,2.3454952572805694,4.485351711589151,1.4310575741887277,1,1.0406300643876822
4.1873150107649675,-0.9907420830588062,2.379602613467144,-0.463879142388371,0.9477725055277971,-0.09830292689648013,-0.4873886297395573,-3.6412044601861333,1.733834839185916,0.13759600536033445,1,1.0120829859910419
-3.013658622003918,-0.11477166086883968,5.928100579373219,4.358466644753772,1.0470149627367684,-1.0892184984396958,-0.45741150977522504,-1.6417699306194606,-4.843830188577597,0.5343083313291512,0,-0.08874810298210642
2.621593008773679,1.581755115730373,0.9060670260092097,0.7283025277851272,0.7737866445227171,-0.45616667760416807,0.3853159413350007,-1.8338758168558227,1.0169577886624912,-0.2975862114461154,0,0.025770520145040544
1.2343685213546522,-0.4721287696027456,0.5013930783664468,0.004267646075609255,1.4854887040908633,0.49025848653326254,0.8510618461252044,0.6578022598579157,1.9313407902268764,0.8150781046358102,1,0.9711230556322175
2.1736075674111452,-0.8681343247780384,1.4947625225874717,-0.1678081558428408,2.796568179103174,0.8772216595261796,-0.4458627565970467,-0.9702209366337003,1.4923750496203267,-1.7670661164604753,0,0.06372236084706195
-2.6539127277188768,-0.897651394565641,2.161954580709538,-1.1447775309811892,1.456670631149056,-1.7140916731977962,-0.4583967355796612,1.0607202366183255,-1.1820598349076752,-0.3420088561301554,0,-0.03137937682184599
0.8251669838846167,-1.0037848309993436,2.829915779531656,-1.497263774543737,-0.9663199167064123,1.4389097894987928,-0.6320933732939041,-3.605161367429488,-1.2303481640269471,0.29757363142387505,1,0.9681692358448882
2.7426121924144304,0.24067055355457698,-1.319707207531394,1.3960444727283572,2.459121018077843,1.7251422754907302,-0.49652912899686646,0.9321241969043185,2.786187707817132,-1.3271922447705637,0,0.027056580540226572
-2.7324422853791974,0.4479933931799433,-0.5261708066550299,0.5307672453753892,0.018445929536143546,1.7386898648733926,0.1247028969537463,1.4918853173173836,-1.890240759246757,-1.2326541300298275,1,1.038146324116847
0.5368437358862939,-0.15134793702941704,-0.4634344017309213,-2.0715523664474698,-0.049797255410499064,0.20202478848923575,-0.2938408618503565,0.49359066503364185,1.6093295262360243,0.9311544976185995,1,1.0224049681968101
-1.4323754961661184,1.7481808678791368,0.4629786550483963,0.921620019814128,-1.223595294161276,-0.7116505753171767,-0.019940036232129713,-1.6211275177179645,-3.164048007290198,-1.7996848460408306,0,-0.08427986586924041
1.479237772469104,1.288958640298848,-0.04929749424100072,-0.007887943706666567,0.30232920551303744,-1.3354305975969731,1.9079669266368087,-1.7375858331637775,-0.12765050000785982,-2.0132553927318924,0,0.026901721996412553
-2.4948486603480804,-0.789105102146942,1.1193054534909268,-0.01440778632267481,-0.5707825953692878,-2.2763487067438724,0.032971136409000165,-0.4173189064880742,-2.787744259254475,-0.959463273285034,0,-0.051715402583719955
-1.453051230432319,1.3178272648752556,0.9023731923767248,-1.0359194296369663,0.7742677813424275,0.2817497331384047,0.5131863141392523,0.25601051472473885,-0.9167640696757724,-1.1333703755307036,0,0.011763805579413176
1.13398135030483,-0.9828019392809652,2.2905027143161356,-1.4393185590968791,2.04342856936609,0.9193354872504388,-0.4516926603235413,0.2667745769452966,2.2951675376803595,1.7252794737545307,1,0.928813278230047
1.725560392086876,0.05030737514781821,1.5685766101298209,-0.22861987974555475,0.8139716222151672,-1.3840161850691584,-0.9452571783109591,-2.1656961201149034,0.16565532521029733,-0.976362058237891,0,0.022316107377153185
0.515786409239809,1.4583611832801613,-1.4830611504815816,-3.157537885024851,-1.0537909556691996,0.8301192686650875,0.10459325606556627,0.36182276137200164,1.666644170767443,0.8780835413923078,0,-0.04032994521536863
0.27881684159402265,-0.06680937118791132,-2.9380013665712372,1.9286298705506053,2.270097942885334,1.197379470492559,0.8566353118613014,3.3706244025221985,1.8579685492025766,-1.822658865647047,1,0.9358682674869739
0.11312546582946903,0.6190245191695966,1.0098939803363007,0.3688765212552392,0.40507078783552064,2.009433767536038,0.16504691999589596,-1.2977683504873807,-1.0532126653734135,-1.3928546456294257,0,0.03569100682411998
1.5146677099978159,1.1012247435315188,-0.40566072568414446,1.7342969780820203,1.5350148905864773,-0.49816958518333687,0.14882500429215328,-0.12162411715836043,0.6721732371855947,-1.71048134247309,0,0.012082226083837565
-2.682667567116316,-0.4858480641962549,-0.9096867034062022,0.6307143930003696,0.1639380305722542,0.0206825926950563,-0.8720447837669989,2.1447901832022715,-1.3507941251365798,-0.8194614150498883,1,0.9693011599303551
0.8778255617053237,-0.27684647815948726,-2.544603399822985,1.5892570144926559,2.547987535361267,0.7490847068222838,-1.4487327556319372,2.982886765436893,2.3147876484926098,-1.720337945000785,1,1.072558942451053
-0.6479326575428033,-0.1282663154285292,-0.5175219781164302,-1.3534056728985808,3.197108553970635,-0.2885970544801196,-0.42428761348051314,5.312821104625741,4.29812567602656,2.668034045946511,1,0.9779673789215129
1.6278699591494328,-0.2592450245218205,-2.6570958680503884,1.8079921753239059,3.580196205517435,-0.5319823289136031,-1.0022913018789739,4.025886604997851,3.91966668388509,-0.9102494505652907,1,1.0016053836985468
-0.30085719737304684,-1.2260184097443951,0.261625983132454,0.6745668786333365,-2.7011148152446607,0.4738558503001141,0.6375082458459307,-3.5204262570682463,-3.5239594062566484,-1.7306094431181467,0,0.013445672383930046
-0.6239033530225007,-0.5817075585924909,-2.341124543030133,0.891471035890171,1.7151022559523057,-1.1790595565794677,1.502205951463685,3.006151313360351,1.0684679869638942,-1.6649069528208944,1,0.9690167032935694
3.1706910298691655,-0.7041913444726992,-0.7650502794513554,1.1254295079679326,2.4549499753834954,-1.038461602786839,-0.03635387128408412,0.5743274731555413,3.1508553636067975,-0.6561627941676315,0,0.02355681466999647
-1.0393055651628627,-0.956396344590414,-4.415547160330259,-0.25386987225240154,3.277915112650778,0.5734480783388831,1.0018687521198386,5.92824617708247,3.019044668002575,-2.557313868476686,1,0.9733273826417638
-1.028297101853235,-0.37623333600957254,-2.447199335998108,0.27979220614592226,2.319396617521118,-0.8003597699252337,-1.6464055694911706,4.121859744471641,1.784771368320549,-1.2845804866980246,1,0.9794180838891895
-0.5671077908897388,0.33324561734818325,2.8923521299400976,1.8766526041834157,1.2289398169274903,1.307022264114787,-1.2405290658895236,-1.0958594874359375,-1.6837032627425694,-0.4449437479135502,0,0.06813213199016706
2.027011155573047,0.46514386036510913,1.81569088276317,-1.1283581672230314,-0.15484853749436134,-0.21564637520496124,0.13057899112302251,-3.7351494375630514,-0.5468167288229103,-1.4352925908954735,0,-0.05202930262562166
-0.24087099986260463,0.08566708492606677,0.918315101625326,2.6490012761936605,0.8361121527510887,2.936194489791256,1.305534003206364,0.05659800751907901,-0.9116690438100119,-0.2753069769287,0,-0.12063901654647452
2.6612174676378055,0.17815720143831465,0.898267510399335,0.41131320975539265,2.3292549855540106,-0.08646473651401143,-0.9804283795857616,0.034478607539678366,2.7577931366584716,0.47281599724748535,1,1.0805468497505948
-0.04633738070272175,0.5504734465910978,0.09014988078265196,2.353800610584809,-1.2429847627369568,0.15635928799410412,-1.1904247627777083,-1.8430707150490162,-2.383236573885417,-1.1758884748794498,0,0.12746639763035014
3.627821249411808,-0.5300180969716489,-1.2826274724618596,0.005556359269289879,1.9498815438770252,-0.7459503436493445,-1.7582980880968264,-0.8920215987395208,2.4934572740735885,-2.6511593814084957,0,-0.020263463272466593
3.103726925045591,-0.05664905176941217,-2.3394233103773012,-0.2422819319490519,1.5646727134758156,-0.6003795341704863,0.17397294353016196,0.2828809313208712,2.912284653052308,-2.046007150215931,0,-0.09684190203100927
-1.509818851178121,-0.2259233598985263,-0.07924401789322921,1.301424139839762,-0.34951017714244736,0.7588885630542699,0.5720552662254521,0.06381578788861657,-1.9934522323064736,-1.1461636680292684,1,0.9844758011902028
-1.2511771530886937,0.28521300576143915,1.8922925472020347,1.3283846903637928,-1.6882113289913807,-0.44811329550262297,-0.41497244623003254,-2.6772101979154246,-3.656956985540528,-0.6116173916821607,0,-0.01431114749203346
-1.2192035939862236,-2.0113984486400076,3.6106447429857242,-1.4425477452291617,1.7232119388312441,-0.7495776147558637,-1.34428648772755,0.6470927479091418,0.4678417087623466,2.2252422219270382,1,0.9905038079488871
-1.924760987944622,1.545089295716459,-1.9102006665305042,-0.06597598831970264,1.370318934264668,0.8402826101150894,1.7986381307680102,3.218994762208732,0.3007023087271643,-1.5227908720359602,1,0.9443305979039076
-2.662025175139929,1.6426005791640472,-0.9784707626220865,-1.6098921079868305,-1.4754330895866046,-2.172398364627394,-0.020041508553499624,1.7401016117818406,-0.789096282484936,1.1712342425011537,1,1.0289780571238238
0.17472399555842555,0.3238519808028495,2.9088106077530718,-1.088020181555751,-0.6000128316088822,1.360351164991525,0.01730634366913262,-2.7685612881090425,-1.2922345640452422,0.5519371969080292,1,1.0262253687643044
2.3254156629500544,-1.019272345163995,-0.24901711633167944,0.39031711926936674,1.858744078982002,-0.3220760750544589,1.4645823098486312,-0.37204812620416633,1.7396319054881855,-1.5286143906891159,0,-0.07472028099096532
-0.10750376971470943,0.985322912683895,-0.3654734574063334,-0.89394261896486,1.729251602806245,0.4006463502853555,0.575560720787581,2.7966059638991365,2.546086208295256,1.4572312570004986,1,1.0349598365847443
2.563568442429286,0.8978227439900389,-1.2672192791975911,4.3233834073100645,1.0858402188798981,-0.22998705150149223,-0.9101888117340344,1.2675110762279458,2.242369485592068,1.389627414990215,0,0.10263424909729456
-0.7189655263655585,-0.03918702075101654,1.0334112250734224,0.8888832870165855,0.876677040486194,-0.899534765346044,1.6534979115506607,-0.569549581140469,-1.4919735633902478,-1.7969819955249533,0,0.008598016621852993
-0.58547540990775,2.0420831412707177,-1.1777153514841525,0.836688091124742,0.7461934363672096,-0.6316751790768173,-0.028047600723756602,1.1105812015751761,-0.26526756260352913,-1.6737775821310694,1,0.9831337418965747
-2.1704192364816084,0.5421103000786189,3.509977822800232,-0.5096933753670734,-0.9414668364098119,0.2694929715592388,0.07257460988656224,-2.3465337643743904,-3.4489268579055454,0.10340779098546315,0,-0.0071001607203760655
0.4892485531595975,0.8770285187025794,0.17098978189387648,-0.9575760209532851,-3.766959033021706,-0.57590707716895,-1.5570900405006,-4.78185591422113,-3.2379123595132127,-1.4070598648717985,1,1.030762838348428
3.149033144778074,0.1455056555924607,1.5500159304277232,1.5732046315907189,1.8550766527732652,0.36458051210069764,-0.43712855701900205,-1.4279977355630977,1.7531436268955938,0.13985263728254793,0,-0.08653358027536091
0.31942430051454207,0.03575161328347533,-2.4713509903359583,1.5197942627176153,-2.2634096641784653,0.15631741662296098,0.9409583731916757,-1.5318920398857294,-1.9651543241317062,-2.2437002177290024,0,0.008219535148865113
-1.0998535965392398,-0.8424273679155861,-3.818377778445319,-0.5238077453500989,3.465502162890175,0.26272287602192024,-0.2437863174338131,5.826185557333098,3.072363805953773,-2.2396765598946446,1,0.9804768025268595
-1.6665100115455203,1.1738477803491825,-0.7462747886678882,1.2253049017064823,0.5867003602973222,0.052237581749636545,-0.7185921868261744,1.989188110766785,-0.576723759482677,-0.4309912644532101,1,1.0923912506478022
-1.101222824843139,-0.3682325198203251,-1.7206665535345562,-0.5076985285728026,1.5986894788245767,-1.1950445333952509,0.4737501144213275,2.343758462792932,0.5081858210873268,-2.252291445707611,1,0.9912913633097521
-1.7995260128047668,1.421424743954631,1.632960182997705,1.0569680080903607,-1.2335477154229637,-0.7676450217688875,-0.32437899127426617,-2.130522784709691,-3.7894018345546217,-1.3911910370634528,0,0.08339438055597599
-3.650142800618928,0.7207744651796019,3.3885402159573323,-0.7984599554064706,-0.6949218784253799,-1.127876764308901,0.6159239068757248,-1.4873250089526675,-4.234499213114049,-0.6172291290332621,0,-0.055187034889100366
0.36877555039666565,1.32615314293943,-0.7916595694582174,1.4953568222860034,1.4704246215858643,2.299318545632966,-0.931359667759277,1.3730320299731278,0.8478989108852274,-0.7878258969599965,1,1.0293629583401396
-2.03450987747609,-0.48794770815075783,2.471765382283327,-0.07684305054613172,0.8294367784264758,0.720737886077977,2.003419661981568,0.1483349799174111,-1.537989006207387,0.21202832961129703,0,0.01597001318956144
1.4133822891447618,-1.2395355155045358,0.6151443130362282,-1.794127532519141,-0.5892644377163758,1.0510724284440394,-0.2692187710667651,-1.7989372444998504,0.6227338613222025,0.3081812216560953,1,0.9565476376067609
0.7867278447529132,-0.3794194871241935,0.3595479428006121,-0.4459447505990777,0.7456122333625681,1.6032061409627332,1.1852634351379223,-1.5813994180166722,-0.5658900871833815,-2.6490866585553556,0,0.008869805731847022
1.7414798800169913,-0.8567604220241312,1.4693085191608606,-1.0801020658643212,0.2852620503987352,-0.3703875574639123,0.8606765054114242,-1.7285209411327969,0.937269854469626,0.5793623542250009,1,1.06062594184158
0.17348782749080494,0.5581863365518622,0.7989887905026218,-2.0840109726201206,1.80424342890212,1.1944432492470953,-0.30832053837031714,2.065985747819212,2.822317516648585,2.0777908131347296,1,0.98381041478567
0.1507757295314236,-1.2043184584802245,-0.2380448629171612,0.8832140660523039,-0.3210550000598945,-0.813482756403065,-1.008347901805038,-0.4744125051602204,-0.5913262289886088,-0.5065070694839855,0,-0.08459813245848817
0.04146429792908535,-1.6115213730790858,0.22094307925925316,1.9526493294216039,-1.1868688243768781,-0.2551562248100404,0.09616089427802461,-1.8809651345184841,-2.1701864647448454,-1.0384358074492979,0,-0.0008781413238722956
0.9045147346471406,1.4691937319712376,-0.7797059824385446,0.9303972196192416,0.7102691568680439,1.606201343378517,0.2798730314768611,0.09618800165745088,0.48298250397488757,-1.161486765276998,0,-0.045121154739625635
-2.4444046970760245,-0.9642423497080396,0.7075485213565085,-3.011269368856053,-0.05495035927864511,2.0224568050199823,-0.2815443528334699,2.127752253782315,0.520349400261113,2.2335681342133125,1,0.9828829530668058
0.5052135486985525,0.5705875937190856,2.1944071431723238,-0.5540769840010806,-1.500388115066325,-0.24707523624251682,0.8315870471515594,-3.52835774603983,-1.8981687678683072,0.016342583951902245,1,0.995920611515744
-1.2555046638239293,-0.6379100458798016,0.7053102415927337,-1.1749386954995749,0.3465235413101896,-1.7324173525265325,-0.5483787165190593,1.2362498651593283,0.32988428696688626,1.2702488268595609,1,0.9147173891992242
0.25728943440821817,0.3334334458061784,-0.12821965946558822,-1.6521727841071354,0.18463447229854002,-1.2260471315643908,0.22837897974690588,0.7903042334575264,1.5172963276098186,1.2369637694765256,1,0.9192170830339661
-1.0740572845234855,0.17246993218866769,1.1065492200361555,1.485261311425664,-0.9239855535098395,0.4946751982119047,0.7442067245823087,-1.3380561597218208,-2.525972023242222,-0.45768741399134394,0,0.024103341776276266
-3.6688669574909887,-0.021049459738007342,4.117435213431458,-0.26036025403672114,0.205579744947741,1.3562905015815894,-0.8797112033525907,-0.852284502089417,-3.7331500895014136,0.04706735907105131,0,-0.02613593480848402
3.9408560721262162,0.7323000627727059,1.244429580959324,0.40031176652615097,0.10275295886478919,0.7596108910399549,-0.7485147213918408,-2.655468389724944,1.9811745071502198,1.3513030318555455,0,-0.12823721709102837
2.9103662642091397,1.3054047145151966,2.567457647398993,1.4681842497732225,2.370555318855174,-0.12105087795872624,-1.096161649471815,-1.769778560470937,1.3849528686000159,-0.10694864733482445,1,1.0392422018304068
-1.0690590883686926,0.16384267435528735,0.19718927858935054,0.21449960451633876,-0.003242946068101271,2.3911583531809915,-1.4004217712313483,-0.17781712627378163,-1.3801730333236293,-1.2329528539504069,0,0.013618487763711993
0.39946735061828487,1.0490660210112492,-0.8694354999245577,1.3957826289065995,1.800001059377337,-0.34887348928392414,1.5083027913596405,1.832555709711336,1.2932920023433665,-0.5969207942267323,1,0.9643062587981758
3.6543620522699887,-0.7225541124296513,0.41588954977535586,-1.1293357370254973,1.3576459949873334,-0.5485691517435648,1.3170689359060672,-0.9474156819131317,3.393439598510948,0.7895858010673127,1,0.9341584894470879
-0.6979099356221519,-1.3313718235964564,3.7695615125671154,0.8893143246431425,1.0067659966594888,1.0362369478754943,0.22174228181392033,-2.417531738927112,-2.548404830619274,-1.272724978221621,0,0.041790394815716864
-1.4439693491540635,-0.484833187016143,-1.2061431590794478,0.47244338655763807,0.6957240114690533,-0.011673550666015591,-0.4661080424283177,1.8036285609376814,-0.4246251595054277,-1.354520824306661,1,1.0174675311280215
-0.060505200316004704,-0.13802840027903032,3.4020627047212146,3.080499637823992,-1.5515873581235846,0.5297464666749454,0.28008599198688305,-3.556661985503828,-3.3397351275856857,1.1149610172855926,1,1.1191301141342036
-1.010304656255681,-0.9159797733894037,0.9417845842682366,0.8036146071225286,0.9177254598513713,0.31637601819286965,-0.6019389378470857,-0.5607496629820988,-1.814347716374517,-2.3116407540282577,0,0.021009429936246868
1.4937783796515591,-0.06582372971465345,-1.7387388974619302,0.18435019401089114,1.303818089647839,-0.38710199089218844,1.5497871286573641,0.30124313631254257,1.211084989045796,-2.518749173127218,0,0.019385157063100743
-1.4186755258046193,0.7021213527382739,-1.7354575452308465,2.3043826761753303,1.610152674874846,-0.30991108744292295,0.7076285353028037,2.802887525405252,-0.2720572268967058,-1.8872478151780108,0,-0.008346396505428257
-0.0010617834868736908,0.10493173722468192,-2.9613805078852034,-0.376432859405218,3.3111592917382944,1.339089703047203,-0.5727464515071383,4.617220873334875,3.322677255911954,-1.6447389761588316,1,1.0408387933600396
0.6145918080056265,0.6768739827196097,1.2584186043829615,1.504076630588278,1.5693091183559749,-0.2618578602261557,0.7404290172488911,0.01975212657781703,0.3413512489204667,-0.08205231867581209,0,0.03125426006240769
-2.927565775551701,-0.9419562055686498,-2.2180470181387726,-0.20390453945674558,1.1995793734409153,0.08409346127968315,2.4198903511556504,4.2133587197394,0.14866452647704154,-1.0416068513756842,1,1.0625862504282597
0.9646437880182894,-3.0675679052146356,-0.14479902013877366,0.566624165029048,1.3845911547311174,1.0904731679783315,-0.5727231446676828,0.9405234382815143,1.5695250665878524,0.22441156151898112,1,0.9739338540681357
-3.0977902643415813,-1.159811888917295,-3.2683924906520354,-1.7498551427316444,1.781887002978547,0.015461953417469572,-0.2705079492627416,4.983232627666801,0.8125289724824385,-2.3463689675123103,1,0.9782296263528019
-0.21452666468312653,-0.6975090007935679,1.5239181320803412,-0.28990385617223113,-0.1879886551731753,1.1572982598055128,0.7064377069327786,-2.134239089319319,-1.8025925003019858,-1.4947349296418213,0,-0.023955158545599008
2.6038138425859243,2.2997808229864214,0.5719082020721449,0.2899010213664934,-0.4668664529189912,-0.35057288224800476,0.39940643185931857,-3.0362455669179287,0.04785473627676857,-0.8686001717765296,0,0.03954008605894946
0.9271775706757861,-0.19347133392383434,-1.8142157980498381,1.7905267048584204,2.2074479194336663,-0.11338227296142317,-1.106257830099979,2.624792934082026,2.2128257339215085,-0.6648193042115118,1,1.0749187220148366
0.6372354380016569,-0.4974038896797018,1.8002113718949921,-1.6254719345076492,1.2032360512977454,0.341633635390885,-1.1726352466796317,0.04618355146897621,1.5765154051375752,1.4620671081843197,1,0.977057975342535
-2.885993015179009,-1.3489252144932555,3.2192063352980416,1.039530713035213,-1.2655981935900014,-0.042302106479992344,1.3495680662954384,-2.3006841797416153,-4.714026762704353,-0.5368815679401746,0,-0.021238686389654565
-1.9341280830886558,0.5351006285348897,0.025719398486204526,0.7034587002156468,-0.330194920157032,-1.5472379795664268,-1.1187768074121722,0.2667765576433634,-2.054005899299582,-1.1286966970805468,1,1.0157038611934899
1.259146444729717,-1.0995298972638714,2.5557755779542335,0.3319308673992658,1.8335209660331262,0.5046333884396077,0.39129951433868243,-0.6910170848023439,1.0446905824439443,0.8619749305326642,1,0.9877119249993549
0.42593932569998993,1.3642645500158141,-0.24159718940664843,1.9729225261479393,-1.6114814012771241,-1.8286267525593716,-2.031955393546234,-2.2706722217733746,-2.1951330463369616,-1.269079963674573,0,0.0476026826569945
2.9583207243200587,0.30589319289142536,2.4515414342147492,0.8713445580060812,0.6664308053859547,2.3866892391545793,0.9840836527539558,-3.394256297045914,0.25624053360964943,-0.25745577272855624,1,0.8874111354690477
-0.7489262700489456,0.12656175084608648,-0.49032882409987777,-2.839358626358319,0.9630747894614315,-0.3435732247260903,-0.5086369483935369,2.9027985642014618,2.6271176693399516,2.062171379190045,1,0.9586647476541552
-1.405500662961901,0.8215281183856231,1.5538851557704576,1.1186010583133277,-1.6295590936874902,0.3699320070485449,0.5509768802949291,-2.4028903960555956,-3.5971442157356956,-0.8869638895221972,0,-0.0391208166980723
2.200617805973103,-0.9869666704946912,0.7603928468177017,-0.584337519921913,-1.3985907529302612,-0.9712733567879562,1.490869877043675,-3.699883378239684,-0.585318516011624,-0.6534989237853555,1,0.8839821993806928
2.6719983593081933,-0.6279783202330084,3.6060643358510283,-1.316119039964636,2.1839594150536503,-0.7344126237659614,-0.704935955846811,-1.9461495521558236,2.1317811341329946,1.2026546081985856,1,0.9518180777815598
0.8791975869594593,-1.404486967812381,-2.9390301345757397,2.192684830981276,-1.522984788382793,1.0201799953350636,-0.27646765000714396,-0.598207533049399,-0.8753302737289315,-1.8854081340858033,0,-0.04575780579229631
1.4087371621459104,0.3173859359903058,2.8751335784073646,-1.0370128452515097,-0.3148694110847001,1.8409193802032255,-0.6519798816462198,-3.515217477579031,-0.7242780078364303,0.08242858164098477,1,0.9899447672740584
0.4043599248634093,1.1071297146067134,1.722140886689404,-1.392036756754689,-1.8553464916436067,-1.5143151627463607,-0.5122981026038843,-3.3241914388580964,-1.6243703522108024,0.18487790731861498,1,1.0556482945830132
1.505685042858924,-0.38681050086213625,1.11075317867251,-0.051853978941755585,1.7310296594309178,1.004668483096575,-0.6181531426624772,-1.9936387928197847,-0.23981279812614897,-3.129633590861664,0,-0.012253032559535118
-1.1898450204892401,0.4529212960536265,1.6384605861614712,2.3622999263930797,-1.3503847603902928,-1.675419268111498,0.6989607134501,-2.1112340097786384,-3.475211888574125,-0.4909651387618791,0,-0.05154068601355769
1.9949565803348044,0.0008338917062271256,1.727135283673449,0.05946456217633567,0.8974340016315665,-1.4218815971778893,0.6218700724910032,-2.551140273997921,0.026717867597569715,-1.273497677876997,0,-0.0028477270606764495
-0.98339948565386,0.09037155667083333,-0.256559834824881,1.1825961476727684,0.5801897521255803,-0.06629335200905871,0.06922102297716334,1.0689834985831521,-0.5725890099606917,-0.572712449088445,0,0.05245868107206747
-1.0719532588032492,1.0147423010912036,0.9429845958911605,-2.145788598078777,-0.9121756174828286,0.416172021601468,0.165573786978252,-0.20927417520074984,-0.3258150823076235,1.372870985014448,1,0.9512020591942547
3.1220550015770567,-0.345418997781439,0.8565834000263413,1.356800954306364,3.0379174184398043,-0.4266314312240762,-0.26582499435040274,0.5378615121476469,3.3515256477144058,0.6244737224815313,1,0.9544712558039276
-1.3422456032113281,0.4600115382617309,2.063734541062761,0.19968560454772477,-1.7035812549763811,0.6583633306638047,1.4374097115286597,-2.880053848842192,-3.5578031063035085,-0.7766469930389397,0,0.027927447963711174
-0.12663853474782816,-1.7405680221379598,-1.7449496932845163,1.6441489843114268,1.7999536988141311,0.7382769297595176,0.05778692255120951,2.572298028537528,1.1144711176183848,-1.1601641506824691,1,0.98892319421346
-0.24968796417040806,1.1748285105177256,0.4571104149095939,1.4816321600611524,0.2993176205310224,-0.2568663594803652,0.5165384597554799,-0.31348294689034806,-0.9687863327996054,-0.7011134326036041,0,0.032374234535473716
-1.769101277880123,0.4193375792131293,0.3213763044057014,1.6140954280731998,-0.21069980319669135,-0.1597792502636419,0.5854209804978556,0.5794845046875702,-1.7793454797989439,-0.16801250490978126,1,0.9993176604102352
0.10948088126213062,-0.13671626263011977,-3.3113611729737182,0.8816438669140116,2.8151068769020444,-0.20761911363956928,-1.2795672974540413,4.4562896543245625,2.876578647889151,-1.5154117196695145,1,1.0350831824044784
3.454055771952823,-1.2213847079293647,1.2756425759717884,0.6863923659573388,1.1414909210476185,0.8716144095407541,-1.3308567296820417,-1.7906374432691519,2.0473519476444793,0.646494410304794,0,-0.051753905702032046
5.120133933225141,2.5255883187937327,0.6055539528062776,-0.9392211574235643,0.2839858169835817,-0.6979902095237519,0.9038732660102881,-3.208355673779481,2.958400403384268,0.478891094902667,0,-0.000604232539413372
-1.500859601957079,-0.16451931446197146,1.1393622396213796,1.170984803712688,-2.14723263211628,0.08900571624850534,1.0943079896395371,-2.7236512799308485,-4.071170910224442,-1.3100308845581101,0,-0.010534500718157841
0.794448743248873,-0.6787349134437749,0.04098258253910114,-1.615131142716597,-0.03284539754787086,-1.263808775707268,-0.1790585111092706,-0.11026883536217442,1.296679420993848,0.8467273940326142,1,0.9392054537947935
-1.8359916690984082,2.1144119406902906,1.3668822194347119,1.8083172360415651,-0.33582405530185233,-0.2696710720708144,1.117715132880589,-1.017041575593181,-3.18013657412407,-1.3534663252127535,0,-0.07817389739343443
1.013004592752367,-0.6129485015827316,1.3376794888734445,1.6346819995057535,1.2275361130705789,-0.18118678374728647,0.6229959204181222,-0.8256345997961623,-0.01408089383833827,-0.4559885794789945,0,0.034287451763733094
-1.2986618260047316,-1.5908203678238377,0.2655745137673773,1.644347701546109,-0.02830585079854875,-0.6997631336682775,-1.0651117977716056,0.3602499049742661,-1.5253168899694014,-0.4169607561932257,0,-0.017547619110898905
0.7827667770855227,-0.8203086606408461,-1.9043585129011324,0.3281264725295301,-0.40406600055556674,2.0315948764306495,0.604512397290908,0.14553705275959222,0.44482605553072097,-0.9836876128927792,0,-0.05111401408236648
2.6239356292816582,2.050496990626267,3.0944635158682066,-0.2578838456598117,0.9618182063836385,-1.160405269580228,0.5617248575447243,-3.205496158463764,0.5543788950788341,0.1743097595409414,1,0.9951910531538334
-0.46043642688773767,0.46236079258158996,-0.7955987855516045,-3.363833745754121,-0.1040651177056604,-0.9748027835793848,-0.5260766462106742,1.6479651274695208,1.9551847337588801,1.4964354297092217,1,1.0564009428674652
0.6277435863911598,0.6502203365105566,1.1026973043887676,2.1547940659544906,1.903669474967064,-0.03190744557485037,-1.5249490256829483,0.18399340042393955,0.2190499447176682,-0.5757459809902925,0,-0.11403689226859615
-1.6591400283442272,0.676263469889511,0.8225617618611444,1.0504866411691152,-0.6613005754185861,-0.790116148510994,0.3419350632287131,-0.791465045652108,-2.625002129425027,-0.9901937987736354,0,-0.07483193449516633
2.0281700918075667,0.2201308037285313,0.06432204581148504,-1.2357984643711006,1.2991451550706974,-0.5307189996057852,0.5832716596564892,0.4359307454427276,2.890333861986572,1.0092717494246206,1,0.9538556779052366
0.39817061925885,-1.8615755253907564,-0.4129382735833975,-0.907367884340708,0.5786656966778274,-0.2809583081597834,1.113250758371778,1.1044237666243948,1.610837776664659,0.8637458658711153,1,1.0730589433360165
2.531901592640056,0.5947497098544426,2.0890562865716804,-0.20509503268660012,2.4912622061780154,-0.07195196514032248,-1.352755603715716,-2.9385831292352242,0.17216996932323,-3.4932068832399312,0,0.014129349145964826
-0.3121865816438347,-1.006334207868098,-0.7832822966077972,2.7827341226017257,1.5653296310003835,0.7125337994102924,-0.13147517695449942,1.9114364413672738,0.2074223518362535,-0.7667981145364913,0,0.038365862023061345
1.2262930022988001,-0.011210030134954155,0.5941372802347031,-1.364834409632575,0.41886000069037266,-0.211338157137044,1.591886568132791,-0.37282192964171884,1.5246049483571675,0.9157517323160114,1,0.9429919540436885
1.4222726349197292,-0.17914016447392206,-2.2687377319520454,2.776466684830254,-1.2088815051042152,1.537322766084487,-1.3834227323617618,-1.1304409999363323,-0.838812780854019,-1.7765694393184663,0,-0.055976793763526315
-0.905320498924451,-0.40847470276012987,-1.2437664681260145,0.24128963854307617,1.5029792415782937,1.399169519539802,1.5377292440188557,2.3910055845231346,0.6902502099705669,-1.1008939351748563,1,1.0223906858361356
0.2936565939430784,0.01836531216916581,-0.2278072301201337,1.0758397859003082,0.38416838127455066,-0.6218232343296848,0.430678185137504,0.4511375056684405,0.3143646044637162,0.1374166758215134,0,0.0029137165467723277
0.7343395113717948,0.6775637803108632,0.6447907515029736,2.1163474501358497,-0.18189702489821846,2.0988601806498806,-0.47709190923052713,-1.1896931333435732,-0.8048571450420399,-0.08650880590231846,0,0.02743694094320633
0.7335954425142754,-1.1636156918408669,1.478222459100124,0.7680031907973224,0.4147015971394915,0.4940606501468605,-0.6508867330520183,-1.0875319399914585,-0.14635415224822615,0.3465414165867461,1,0.9906164504535774
-2.780409032301592,0.2778694659933112,3.153371050859746,-0.017030281224011956,0.5024893758803406,-0.18704423472664133,0.4722707451579004,-0.5671428102718066,-2.8533474378554065,-0.3596295534526668,0,0.01390718632273135
-1.9139925921970056,0.7961829643967598,-3.33076121166006,0.35118103975158843,2.158498071642361,-1.660402819293569,-0.695957025788982,5.068426390067264,1.4876064508165707,-1.6229386787757982,1,1.0079059542452555
-0.4094440988703021,-1.4548240134453456,1.5210587344754418,-1.6350078452451633,1.6466360886486258,-1.3156355724993027,-1.2852732593959424,1.5945456083120102,1.793722163330675,1.8938469065418686,1,1.0388883694542463
-2.031336860587911,-0.12963052771572095,-2.620503008241357,-0.006206922747960197,1.737265386702413,0.8028380422251917,-2.1461398850795312,4.140280838700707,0.8163552053909371,-1.656908568949272,1,1.0403504140972235
-0.16338585055405042,-0.387493992927473,0.3441701624681891,-0.6811129302251961,0.730947272859293,1.2176440924858842,-0.9423480846788468,-0.331668230816658,-0.31885607100421726,-1.482317754836105,0,-0.0809935997195885
2.743646077943696,0.47667576782150894,1.9400838507161582,-0.5199204029124036,0.6355821381604614,1.089065980737688,0.8275632284159015,-2.615311032121301,1.0809151364405571,0.21964106540113437,1,0.8876365722329572
-1.6668310733558638,-0.5111200617429545,-1.182753146353995,0.7278464203305552,0.4191964657635313,-0.3344050182454876,0.038064673937808165,1.8263677648821746,-0.6795639405499445,-1.0727599602548081,1,1.0500872698825754
2.8023698934160866,-0.22993543336592584,0.6758320619647136,1.051293323821988,1.7959741467328896,-1.9823984186677817,2.3883125148704045,-0.7725560612212574,1.940496319881513,-0.2552913899061585,0,0.05938625466309683
-0.2411710984011276,-0.43181784503780013,-1.1762252029769082,-0.29415902929615334,-1.9957663012803273,-1.597410564251381,-0.22256889981163228,-1.897361309321653,-2.0672531689231213,-2.0389452061769124,0,-0.05103115097566688
-0.547100125494774,-1.1713468568417562,0.8964980686749948,1.4446025279344736,-0.145477243139993,-0.3551118237978642,-0.25378074724385274,-0.7889967188568279,-1.5651889419945055,-0.49458575503033086,0,-0.09299177032728144
2.102371836039301,-0.3100481575684606,-1.704984158253421,-0.8034941811349106,0.2901310849943225,-2.3741362038255165,0.11838031606942333,-0.43699178504546426,1.6385705144637852,-1.3830145414629589,0,0.004951741050360046
0.18206307889812567,-0.15294489032607442,0.01932818351820198,0.40255649162573104,-0.363870466118436,0.1791975058599751,1.597415311910902,-0.7590230909979373,-0.6093759473775145,-0.5201998841391486,0,0.04654191131752647
-3.0328884744796287,1.1676564172921096,0.44166111342239445,0.2075071616108799,-0.7057127048865859,-0.9355487939746776,2.5702209929164055,0.28609653864231493,-2.9304052039868806,-1.0838894534715435,1,1.0898797261217157
-0.4500896701067151,-0.61475902762173,0.08462663449186947,1.099145619830235,-0.7186757188763979,1.8528987412257751,1.3088626323229147,-1.1453695064657166,-1.838908639764371,-1.246934305200021,0,0.02581487860507255
0.7250429117422048,-0.0944019000033603,-0.6100330150586974,0.12788670044349748,0.46623810381792685,0.5036099386679256,0.3782033919638095,0.7138427774156941,1.2299839228409148,0.41323085964857564,0,-0.018585834829284748
0.357735320488898,1.3737209622841335,-0.6874306839219537,2.3762090321706126,-3.2257452431662226,0.5337408646816035,-0.34510435016188534,-3.9340509950297196,-3.9100734932219257,-2.2751657256272106,0,-0.04465653107924314
-1.1030783193458542,0.12082771344331586,-0.6988000219001034,1.8959193206914096,1.7369028066889913,0.31144387429799153,0.762741156841582,1.870123368997522,-0.444404552766544,-1.878666071581645,0,0.0005725645835327209
-1.396483428921092,1.30432002082128,1.7340292437490912,1.3505601501147553,-2.5698892711289347,0.09290961929271939,-0.9012978959687661,-3.6314690168195005,-4.673978429245354,-1.2356099252491866,0,-0.01496323519426282
-1.6691981622849918,-2.4318123826658717,0.8830373458781253,-0.6594851528309924,1.5287864886361975,-0.6848201895569715,0.18746832160045113,2.7040400617447737,1.0212988998875776,1.695024758670523,1,0.9492466047135592
1.4326635672587753,-0.6965523131478767,0.14428412307021266,-0.2286352045772705,2.9881471059772657,-1.0003233279535162,0.39482274134286943,2.6352109421330088,3.8412789749971714,1.5329968651540142,1,1.1024377825431644
1.2424291731590669,1.241877315616028,-0.9577099267515294,-1.609604580679945,2.18354443013951,0.8398612265792508,1.4417840585960686,2.990482912149838,4.228330802963604,1.7097323871264192,1,1.0892584201036066
-2.5587155394101155,-0.5100442803291613,3.641157364502343,-0.34164262979834725,-0.9726064390032235,2.099083673376434,0.3997897101404639,-2.411006244500301,-3.9565940124147887,-0.20832343183791635,0,0.05680243417777142
1.4074029850831233,-0.5612225364476682,0.5574445948988533,2.925645195738505,0.9898258369076696,-0.6154375708146617,-0.9287661602998989,-0.5507123182616676,0.11549172057130429,-0.2934263394274653,1,0.9539574801095436
0.2723269947364445,1.1985851801753986,0.20707041537282944,-2.656227579809306,2.392810132858208,0.9893963651399512,-0.9607724946584025,3.1073251089963456,3.8804423235014287,2.2049909331702215,1,1.042750966214864
0.9438708614443065,1.177171382097027,-2.4083336865261473,1.570154949446735,3.0901409685619736,-1.0739442915201614,0.4740796009486188,3.7236819483237658,3.079199984682804,-1.0305359658803102,1,1.031981320474895
4.052269282149932,-0.06295939731317521,1.0932109370439664,0.19213206031090624,2.1620719621671416,0.12819151659294734,-0.9427641613537361,-1.3327603197042475,3.107556440823805,0.1711347237483578,1,1.0221272812102027
-0.743702702078068,0.005381577851465367,-1.203729709739306,5.2555509209974565,2.1481312567682025,0.7732295556572114,1.5524828563397715,3.810167270680605,0.6244336158178029,0.4943866443135734,0,0.06248326335218886
4.261565029805111,-0.47589140042187705,1.885044637904905,-0.29518082205478546,1.0003080435816716,0.7645387442496782,0.3439004646328668,-3.4908853974240204,1.7655323466233652,-0.3279712159778001,1,1.031768557143064
2.4392280849368344,-0.25566436531289205,-0.6654914719623106,0.4222987267042161,0.8231901473677297,-1.0246668185919239,-2.380093285291376,-0.689494006008098,1.5909488383507058,-0.8445306236598571,0,0.037000711815216775
0.7458635576028049,-1.8277020866571514,0.7316109937514474,-1.275693336049463,3.678844218985967,-0.1380708456568432,1.1147436974160705,3.6927543848579485,4.501313390517739,2.373218492633425,1,1.0318453141686106
0.9362103767927958,0.3653681595696196,-2.1333124514635324,2.500786951037037,-2.6463495025139645,-1.0808888493582638,-1.3757417132624483,-2.552012924525923,-2.4346787901192095,-2.2511526848026975,0,0.017039570400105297
1.9252366473990228,-0.24753326765505312,1.8063451680898388,0.9853832046880597,0.5701263488460508,-0.32326563032312156,-0.17938977987528987,-2.384379232229644,-0.09935800991213457,-0.4079738888609111,0,-0.08918055648570918
0.1294386929058733,-0.6201598921148957,-0.21735961733175202,-0.9462507861156624,-0.5227275382830407,0.6244814615958727,-0.20345208192067094,-0.062140199139612974,0.39955258694657364,0.610397150655065,1,1.0041810538705278
-0.7270570237814191,-0.12013240723886687,2.00903363037094,2.232248101713231,2.1726455288635025,-0.8539075408311863,0.3886043797536375,-0.41385829790172046,-1.6971950879417195,-2.293015658190961,0,-0.02780959794245626
2.510374924929687,0.29742467984410664,0.005867882719390316,-1.785181959550429,1.979434040829085,-0.49671191961681715,-0.6378085938883524,0.8341126727752181,3.8683323760215123,1.049755848631806,1,0.9360079521179989
-0.4500346130095705,-0.41447154621382515,0.24113693428098948,0.5986241811207361,2.84074201519777,-0.608754246118337,-0.350450969547262,1.3318518767818368,0.24331919348485428,-2.5462561414176714,0,0.0840908309650412
2.6570972488357185,0.5073566596839123,1.127400474835699,-2.213313334217432,1.2390908522165702,1.7704098280437341,1.3964572493372047,-0.9821102297450293,2.801774983697654,0.8677423685314317,1,1.0864497670442852
-0.5198921314188978,-0.6133763250506071,2.2101713042718396,1.6213942554643315,-0.25783977483691034,-1.1033362106566873,-0.7420041272300062,-1.742505203816053,-2.145836764410058,-0.05253683600328918,0,0.0679610300147806
0.8747273702981109,-1.017901262944518,2.312530051017659,3.4991791680018283,1.7705415308105894,0.18396771916023558,-0.159029224642325,-0.922157551705523,-0.6561249144783998,-0.29930115877636043,0,0.012760670842793732
2.0632076540107165,-0.9792335046756597,0.23836430505235873,-0.9468364666130347,2.124559320704948,0.03589139003679363,-1.7365677341319292,1.062330673061857,3.376532395587075,1.0345399597871772,1,1.0675312560476329
-1.789399386587864,1.1624755677515546,0.9564138193329464,-2.9213655112655355,-0.4194227992393438,-0.33222219335215364,0.7579623025863673,1.1639098289859287,0.39815255966567,2.2255360471011203,1,1.0006026590300914
-0.10709368126307228,-0.6780292009367669,-0.1316177568683914,1.4359326148244682,0.8397402101028817,0.2235086745318283,-0.9804658237483009,0.7432247859458049,-0.0016875463410376218,-0.4222109359601084,1,1.010139863844889
-2.7751919988925176,0.9412947902797055,2.9987144509549757,1.4704363626182795,-2.9066521321127317,0.6893746134047377,0.2979523574224369,-3.644685963285677,-5.854012921328646,-0.3952412473018815,1,0.9453264314769009
-1.4058408424679407,0.3556341076350514,1.3845768761182147,-2.561219209172658,-0.6119885290842753,-0.8800776576681595,0.16054438839085663,-0.0015141197087699821,-0.287606169567424,1.521176970088077,1,1.019849565224942
-1.827920158881291,-0.05490481936139689,-2.661436350335778,-0.2532018267616907,1.6922662185006874,-0.39766904766582545,-1.0227251457787887,3.8045562661623733,0.7837032149976122,-2.0068471394278276,1,1.0030192964212208
-2.982145722747269,0.031882222634571994,2.83158403141777,-0.6078832258831233,0.5027781039916273,-0.23271470532485608,-1.8945824114389982,-0.14061047245029107,-2.5633908655381297,-0.2868380672909475,0,-0.06513260584172323
1.3021568695009973,2.4684693440769725,0.7073056504384356,-1.5694648487444427,2.7396022838030696,0.6533141120125204,-0.48119681505642015,2.155947785815736,3.8362189923771313,1.7998442708006914,1,0.9974401444091702
-3.890479299348786,-1.3473251100913775,6.154101046920436,-1.9276868388319204,1.6144830140718116,1.332101139411996,-0.6947422288579232,-0.5769483091045599,-2.8420614970642943,0.9529744764949943,0,-0.003986478192840424
0.5864067407491813,0.8572650300155625,1.4174507403852181,0.006749810475251694,0.37319806841148606,0.7689972664010317,1.5168380958098062,-2.1469157020642498,-1.1327858418966794,-1.716245154310649,0,0.089878058332232
-2.164761130488578,-0.5473275129570055,0.9933929805977548,-3.407422717420094,-1.5006791617475135,0.04692840224979621,-1.2018880995171837,0.0840801885757517,-0.7551700565772389,1.748978177030791,1,1.0447106664256705
3.4656703553507193,-1.0748193720415729,1.1008245518030744,1.898559127532002,0.7928590111898655,0.03630021557422472,0.7754665991067247,-2.296249244054915,1.1897230510140921,0.05979273309467725,0,0.0005722719545733008
1.486467092202933,-0.24595705136739915,1.597032388435773,2.1755675099538694,0.8661705007817891,1.1056475867588516,0.8348705013643479,-1.8521832438895445,-0.5387436572193283,-0.7796081443087973,0,0.012439365490054151
-2.208432540732696,-3.38457825577631,0.6461479199022766,0.18892843389169944,-0.43107879934563376,-0.7242786867482066,-2.23447474979274,0.11866676449428852,-2.156228654737634,-0.6121303750323792,1,1.0022106189052098
3.1551026311480013,-0.20402374008217683,0.6279244207360914,-0.5062444281178682,0.35649688405402147,0.145959191099021,1.463817080701161,-2.569811227873691,1.2565628710978354,-0.6949380832826505,0,-0.010145699239777387
-1.3829238861888224,1.8998144800129761,1.758811753176253,-0.2643555663215875,-0.1651358509372025,-1.8374330599438253,0.8700026940618596,-1.387348519116706,-2.3134744456303413,-1.1727716957510126,0,-0.05412135986941435
-4.011327247572295,-0.6713876463656838,4.221303426577458,-1.6811431048663645,0.15916974990704902,-0.04790958869421323,0.29791127747850904,-1.1006769886118861,-3.8829778673299327,-0.5243973942497191,0,-0.007552593880346463
0.9975671069889687,-0.17902796588550668,1.1235050485681504,0.5997052852529678,-0.05775353040849107,1.4483281387108378,0.35207955370693533,-2.1375000277790144,-0.8625874538907132,-0.9570408790827737,0,-0.03730491283262567
1.6554361043552333,-0.799291587452493,1.9917926600615425,0.25738998692429205,2.4121233373858466,-0.6582583061752676,-0.2452151009571865,-1.534360704012628,0.42469726729102153,-1.9935343440362208,0,-0.06251577694615733
1.9707564384304204,0.24658715743754112,1.1736900670729242,1.9520111712250694,1.532584796228171,0.4541486278418283,2.4955792278548445,-0.8441158023640418,0.8433765359153342,-0.16668700756274935,0,0.025561090727376737
-1.5470534097823356,-0.20602200110711955,1.9442176941350287,1.554675044316396,0.030882899813520215,1.9423537776587705,0.38418277927851247,-0.968078397984528,-2.6264651965778554,-0.7013464903556514,0,0.01956323299666175
-1.4837236788193855,-0.023199164248734295,-0.18413541538660172,0.9988059491813874,-1.7979926992429567,0.30174862663278634,-0.10976950333191929,-1.5860905431329038,-3.3009375272547916,-1.7847230365234066,0,-0.0893353755684039
0.8261792950517846,1.0385223541097572,0.7364330678767812,-1.3509502533252764,0.47986693468212716,-0.6320763818628885,0.16316803512041958,-1.6634282668516651,-0.17321819925613552,-1.734252919014584,0,-0.0061342318747563615
-3.2935754012521854,0.49388164474838747,-0.5057759767276657,-1.4513695818982013,0.21658571287402806,0.4292374104098454,0.841076385503312,1.93439991015546,-1.4885808835786123,-1.338031361135143,1,1.0497850692949962
-0.3547321247350965,-1.3379363298006917,-1.1735784286817124,-3.7754586729176336,-2.605809976475965,-0.34890530287928573,0.6112984431766493,-0.725615826894766,0.14584501383493048,1.0209104296997724,0,0.052961186944816045
0.4611618824787225,0.7588528748712475,0.7377109029696898,1.7518773698920764,-0.3866608733019419,-1.2736858040568348,0.14145339709474164,-1.6443022644272896,-1.3875344410928372,-0.7198761051995917,0,0.05129184214426194
0.08895390122739077,3.141346174406342,0.21999696425787862,2.576147268302705,-2.4756407163398864,-0.036934611033237585,0.0604473023350759,-3.357176043343542,-3.566083047649763,-1.4759383523434937,0,0.0019456603450729902
-1.0008666109163258,-0.1940439480928939,2.7529536459010795,3.2009578811498467,-1.6705369776101135,-0.07090503666508197,-0.013803746894885793,-2.715768681368651,-3.758507618962526,0.7993100785390748,1,0.9577477336015424
-4.075728717205189,1.9311898476979854,-1.6841108964518383,-0.9736724487530211,0.37881179932773934,0.07797277368547396,-0.18818498156850552,3.3469935297451654,-1.469848301229336,-1.7096606354016193,1,0.945815058632097
-1.4136413397520338,1.0023510029313085,-4.883712630178977,-1.439312345526179,3.2931132408640487,-1.8796756144380062,-0.01380504331714365,5.872057880277083,2.77992216001659,-3.7696015391142783,1,1.017230245237518
0.6229615480644811,-0.7922711910044781,0.9299101128872758,0.2032478346084864,0.7115679801049271,-0.07664318096893138,-0.21229860744558404,-1.1149242223464308,-0.3230733273115361,-1.1187763987286343,0,0.018964001718258152
-3.92357273141239,-3.3946806076170346,4.987272890096112,0.4274932031410458,0.4248598116101763,-0.07077824651640995,-1.2812323449833933,-1.2323058679986072,-4.397749418231053,-0.022428194413142033,0,0.06436655558025327
-0.5961136338924908,0.15956821781565017,3.3791828106215016,1.6582303682617814,-0.2667632206213404,-1.1194340052362721,-1.834185840771083,-3.1082687864713407,-3.263602925390153,-0.8465119554454019,0,0.05499898251710418
3.6428117686231984,-0.1258926754959257,0.34313392425254907,1.3249998430571457,2.028138329147433,1.360893677117648,2.052798683326181,-0.6669613924608707,2.7675150746328825,-0.0015697548729731725,0,-0.006611432826558606
-0.2151891151079417,-0.2134209543484186,0.5742361926642547,0.020377773029765067,1.9426945959011768,-0.6267245708915488,-2.2983061801538542,-0.5737008828605648,-0.9631525882440405,-3.6792923119202463,0,-0.062210293943043476
-0.7162715205905477,-1.00432952941944,0.7555416207627915,2.1582430881254044,2.3743925989661796,0.5767839623359914,-0.8182886435718353,1.2120082572313848,-0.4381217132424982,-1.5547331485550244,0,-0.015955329850544892
0.24024365254937718,-0.35118576508535765,1.9058899835317513,-1.3736923994637251,1.5779175646924557,0.8373065934412116,1.8510096188804241,0.46335510215608644,1.4376970959217277,1.2817074408900027,1,1.0108615597405262
-1.9432205166353107,0.9983152608970064,-0.6200880243826966,0.8715602759970837,0.11775275497669846,-0.30132689496833154,1.8196118019236625,1.4571513572413026,-1.1917278885812161,-0.7153524349425363,1,0.9898958377305298
-1.7355574846506694,-0.7469420898002969,0.9003875399110064,-1.2336004866810257,1.6920620485680906,0.4932752848379085,-1.2766813984967598,-0.11103057430005228,-1.6811087853636606,-3.6443884845866457,0,-0.028894705403882795
0.27620343208990716,0.24516493499330202,-2.2084429006280946,1.2755281867077892,2.259690931194541,-0.3957711482667141,-0.3837443631026351,2.9013271022700473,1.8005598272327978,-1.5617513129557083,1,1.012644240748495
3.499815920567805,0.011570591472661481,1.848892094135714,0.17052893631392207,1.076600105364797,0.7032484458087049,1.4683606531466296,-3.459801970401324,0.7787277787199333,-1.3220906553023588,0,-0.025197887070530525
-1.4166333844729824,0.8214888586623154,2.8665525103040927,2.2890673057536652,-2.529173236175594,0.8513861003160959,0.6001164233280122,-4.349680982057103,-5.386863082395421,-0.9644428896046604,0,-0.0314033041862687
-0.6901594359992176,0.413640758379922,0.5737953436514005,2.8642155913305025,-1.1702425696212453,1.9433562842562973,-0.7488554330681972,-1.8581420215588635,-3.151180449518743,-1.350811465010987,1,1.015572641715172
3.3522799595664967,-1.438909950748658,1.531464092196283,1.5591069219519564,1.644458138503219,1.1872662433724968,-1.0245088355436334,-1.4470618059193052,1.994005258116524,0.6610327145318884,0,-0.020099629006460243
0.8128520286605642,0.15634430622011902,1.7633533714881042,2.6404080385584745,1.200625613834289,-0.07406980645602018,0.17031254970457166,-0.4325811323267471,-0.03720751354057669,0.6705659967611259,0,0.012205219448917608
-0.8536945509435047,-0.5095186144407089,0.9898577860764346,1.2953474547531378,-2.0422932397393376,1.574469089697874,0.29225137511617855,-2.963156610637316,-3.683135741736142,-1.40552649886446,0,0.013660201142606136
-1.3062431076096919,-0.36830864390567786,-1.219527755110355,1.204718470116553,0.4553247986703026,0.2546041616938449,-0.8144382301291553,1.5266866942622939,-0.7378934187706063,-1.3251954805489607,1,0.9430285499454213
-1.7271939468456663,-1.3323271735938402,1.9260358804934061,-0.995350548032575,-0.12525131790092536,-0.7389508119142079,-0.15612663879164212,-0.7981788470890508,-1.846927998132402,-0.31557478125073646,0,-0.02406205619327061
2.3368437276251397,1.4076607764388902,0.282732513468095,-0.9157412426672435,3.362353193760337,0.07014514510285082,-1.0190775706532058,2.3234803537943307,4.735005212564413,1.586429941054602,1,1.0718888469958232
-2.1110302434607235,-1.2441856906587745,0.7262240258796826,-2.7887425895954667,1.5203359329963964,1.4014318552511704,1.4278363329808645,3.685829811847572,2.118674097050194,2.776187879933291,1,0.9418960243632857
-0.7252394998796774,1.1625339024496788,0.008672425355801594,1.310578043822472,-1.0826990563416972,-0.4297142873689169,0.6486333571301651,-1.4191814175897546,-2.4459621093114716,-1.5522795770763662,0,-0.10583272244852655
-1.0122392639629545,-0.12951216879438188,-0.6650212325486935,1.203535209559171,-1.5808151489478135,1.1882733963330556,1.3314809098029632,-1.3680550103055713,-2.792412667259014,-1.9376456110023237,1,0.9069077423378744
0.9048409139661846,-0.47136374152109245,-0.8200398257341897,3.4565583328370617,-2.7948429806927066,-2.3956534069719164,-0.7848927015247182,-3.5141489845343132,-3.325753240020351,-1.8461367816073666,0,0.0014554973288334603
-2.7692674618861606,-0.322961049232862,2.37426762422587,0.6219034657302627,-1.874101854011814,0.12402406456108,-0.35368286932423004,-2.658345523694339,-4.948236286410187,-1.2572726600200468,0,0.0015458639016349455
-0.7276456681088509,-2.727878958751334,-2.2562801163554638,1.2790005491165153,2.0596022724131355,-0.21838731040859818,-0.10905619546544534,3.876257615286609,1.6619936003341347,-0.6881699091071232,1,0.994119457228744
-1.7096261552978755,-0.5649235681979309,2.617632320766065,0.1548609516400261,-1.0762519850263086,-0.7822135473135419,-0.4815501469144813,-2.2693308685900315,-3.294132468351008,-0.33693292394617924,0,0.06070949144642508
0.6294441916515672,0.18704819554871527,0.9561335892582223,-1.6160058783995297,0.6075975817567523,-0.05331305075918374,0.5192016018651802,0.05711407263657937,1.4334444176168293,1.230736022472094,1,0.8663582783448531
-0.787322579485937,-0.640075360165657,-1.2052187892080868,0.35767310517106055,1.5934178931250216,0.15881433734870623,-1.4680352469798619,2.3919814212435595,0.7831648033664537,-1.0632363678692938,1,1.0197966937215412
0.7819981527433872,0.37944349020639484,-0.8267719119101415,2.6853834998307855,-1.062956667983731,1.7301720557716402,1.225623143619753,-1.1588177344146888,-1.1711242870346794,-0.674260476693461,0,0.07807191009017866
-1.922496422376271,-0.5201120536283088,2.2039788510248606,-1.1406108440443394,-0.4273700171493934,0.27574936560039187,-0.07427304034485137,-1.2691977433890693,-2.359447576356225,-0.45985307541884324,0,-0.0563890382445857
0.6101812552744184,-0.2407165009018888,2.7272277284713464,-0.48435094544783586,2.0269415388362853,-0.5633990815587697,0.613597821797034,0.28685633397103055,1.5588702134957262,1.8203036024912675,1,0.9810096744105052
3.210530646450019,0.5109866551210646,0.4720496132700813,0.4192551729680488,3.1369592163507716,-0.2814469186233805,1.9641413489560264,-0.33450641760988775,2.7545319996879845,-1.5459430234076343,0,-0.03764459586143105
-0.19750961845374881,-1.6094182526400143,0.22562465740971405,-3.1667773548718876,1.9516160057792704,-0.9622397433620875,0.09885345132280321,3.0862710523506887,3.5694937635144433,2.4138939475081678,1,0.9552826976961235
-3.2850715246656574,-1.3816086874540272,4.167559923708486,-0.0806496765786604,-0.7370858568703286,0.6733251084517826,-0.022865266239233854,-2.3911150005402275,-4.7185314645394225,-0.6188891605488103,0,-0.016313100251152
-1.4847415213391386,1.61976619930407,-0.6282098898787125,-0.7385195225915545,-0.21116621649984668,-0.6978916433061416,0.06409971007322489,1.8596450431656348,0.26918309769902393,1.0919680091757415,1,1.0713742641842252
-0.5588091937232422,0.501314736970307,-2.0468801257301967,1.7008930970877927,1.6320014204841882,1.3524359487614455,0.9052699347748738,2.9228291249892937,0.9031162643579039,-1.1849258868099468,1,1.0918693337743761
-2.6571545350459544,-0.2625989265947586,2.9220480920915497,0.42106750266625625,-1.304327939307464,-1.149122502795193,-0.09374953573864972,-2.6167566608651884,-4.656447921104924,-1.202522923177673,0,-0.016796961252007386
-0.17685244161440672,-0.23704630073775002,0.7112973685542832,2.586599106488808,0.39981625569117607,-0.07208411182433246,-0.28861177788437525,0.2351591149140315,-0.6326259524126466,0.5439981832688958,1,1.0952530107032235
0.39580328815562527,-1.544900042914613,3.0744065841826678,3.2909460883915,1.5988445733529706,1.1871104501729601,0.9108887812295875,-1.3885651719735463,-1.3458684784482842,-0.2617696599752398,0,0.0017788238492312432
-0.470480244621035,1.3076440001109773,0.045302491917401766,1.6573831351798853,-0.9553585665650026,2.63919381774011,0.5631630920307474,-1.2291128685863835,-2.0913161141091505,-1.091812795700728,0,0.08768455133505405
-0.3231728006595247,1.182803751370458,0.8317506455785195,-0.34375599643657706,0.46422044305575794,0.12571631683539317,1.2831217158792125,0.5559559689546039,0.45597119226451877,1.0791307094326057,1,0.9953350675173254
-0.04462565991954537,-0.20020426355961868,3.4636490279600034,1.4555386363041123,1.039057586828401,0.5859005509160579,1.8032181539210548,-2.391373970306129,-2.0603999922381195,-1.00363367984314,0,0.006552891302307216
1.2306742086570588,1.0618120314516393,0.8069775990314261,-0.20992239322831818,0.2276055611161948,-1.5651765795771992,-0.5807789388891164,-0.9560274511148882,0.683810087956362,0.4891819832305393,1,1.0182737236321417
1.5963346562933403,-0.9950365195893506,0.5788151910791619,-1.9486861308094525,-1.5513737121043016,1.1206684040777217,-0.13583051908794858,-2.7907727511110627,0.03709207803893519,0.30481496487444115,1,1.1589426839683767
2.6457323793115624,-1.6297338578389546,0.020826416295466665,0.7070691404680458,0.43211504867991846,-1.0377260078689665,-1.1247550071224177,-0.2967291470814983,2.3771508682409954,1.7476509517241974,0,0.042564278742239454
-1.6341027761512157,-0.33184608735744975,0.5779512195996475,1.0572029882264606,-3.1103089042717738,0.16032751445491347,0.7754693861272454,-3.5348090443664235,-4.991248221980927,-2.117919090531831,0,-0.03536322649757318
0.9179543503202499,-1.4452869788427736,-0.3283212588726947,2.4211212964031326,0.9377598546322556,-1.63944671120283,0.20731957561040013,0.8444371688334532,0.8656081231931949,0.442342563043467,0,0.0484498935137929
4.41244645834731,-1.0935412082393519,1.3155948311712695,0.5757496240952438,1.9402905407741926,0.6450758120195788,-0.7693115391543387,-2.086511484729696,2.7425464448932093,-0.07811480258395087,1,0.9819083731457829
-3.2312511516890194,0.5585670797703945,-2.0468984263635672,-0.29061393248224254,0.8334638787246094,-0.602000444845622,0.7496263894368789,3.5504922321574397,-0.7127083263901373,-1.7016270700298084,1,0.9755124908549395
0.24555006621432507,-1.25991672882874,-3.4873622007145544,-0.75939321030117,3.398339988658857,-0.13779221225364874,0.30535391373526427,4.391435251919415,3.331751933664782,-2.680822237881899,1,1.0454300679946056
1.612059000344344,-1.2198494117054783,-2.440183298314326,1.8279392079096757,3.3150428249472066,1.6192756481675328,-0.08965282789863484,3.5581907510968054,3.536395094957484,-1.0009425593012053,1,1.0015542793885577
4.934805097541739,-0.4866512612852037,1.5637047700497322,1.1440293148487688,1.6500135625318144,1.0947324333283535,0.08641531339620093,-2.25399011741362,3.099507364421358,1.0516152061717445,0,0.013928795725590304
1.6708881039299976,-0.1189393297204874,1.5416259993867238,-2.0515467729768586,1.935754682427011,1.065351199758869,-0.5276883976771911,0.30894806810368486,2.9331954283647907,1.4989380090522797,1,1.0006992610932646
-0.30974153505622204,1.0263380504222128,0.673305233260252,2.0612443289095266,0.7769550311476554,0.8746427903200078,0.315312740415205,-0.02782499130332947,-0.948849747748185,-0.7528884525610141,1,1.0168291563302718
-1.0043908287436545,-0.21760984522651372,0.5469605672482929,2.186254181871072,-0.9106059475108028,0.4698399223516051,-0.4649890156641468,-1.4551505097735875,-2.94150746650772,-1.4465374626827083,0,0.02124829487180746
-1.148287856029185,0.5474532689353105,-0.0258007311992966,0.9469741735826497,0.45618825781887895,-0.5420080657111034,0.002716856634272532,0.3776284219211786,-1.2828230633211344,-1.4421492893567938,1,0.9031516533647292
1.6622415191350142,0.057767484593237106,2.6500193604485736,-1.0926662380742527,-1.156877882665298,0.9526291259156612,-0.6580521213675686,-4.642868335559245,-1.4685820213198253,-0.5644028484230226,1,1.0333286334304768
-0.15656791872698927,0.3624424546266285,1.6686362812228652,3.2448597548942333,-2.6665170732690147,-1.1553054619634031,-1.3021163267112463,-4.045097524959022,-4.290818110784618,-0.5472269546043008,0,-0.04910097099151503
-2.148352360902661,-1.3526493694211597,2.671711659425685,2.0520292827611333,-0.9917056723190381,0.4833729748735643,0.20862528381311443,-0.7385374561125857,-2.8572263016479145,1.8022311259412511,1,0.9278850432220295
2.2399868618069103,0.011872610490717079,0.8264947716592774,-1.8894880831596765,-0.07661904462369806,-1.101267063329928,0.3813814901781332,-1.803513427560022,1.5482265471788739,0.6860578897397451,1,0.9970794378070659
1.2455106168827201,0.9313863885961402,1.539641196947033,0.24672208791662187,-1.9778044231442844,-0.6995287584719015,0.15926063257154846,-4.236462647583619,-2.1291944747267286,-0.5909139076195904,1,1.0041990501657228
-0.4147855861398815,1.3470736419400882,1.6211341096328489,-1.0446470798994256,0.6749118627426746,-1.250100058996631,1.4034482995184177,0.3828908294397256,0.5886867919474725,1.4870934197179464,1,0.9653246917713859
-1.3770539946275742,-0.42624053674237544,1.452178723309438,0.7468890116687765,-0.5744776886310132,1.5273482276770054,-2.307724685632468,-1.3947128809382525,-2.649405921449817,-0.9639666648142095,0,0.04155159288339872
-1.6101570794317042,-1.555990660005793,2.3825989196023647,1.7421918649133579,-2.3054327915716746,-0.45036820989888243,-1.1690193383214587,-3.850287878583901,-5.110626593343155,-1.365713996815798,0,-0.06710875831854535
-0.45700560051628436,-0.2860375610518277,1.1386974905972014,-3.51858710869838,0.10771028768298063,-0.27504048524467173,0.19071909317104002,0.5533127703414716,1.4341640618789757,2.0346924944876448,1,0.979652812561372
-1.317243400817279,0.512719430840835,-2.246414052831303,1.1470618385888849,1.7818314349893218,-1.3032958018056118,0.2920249140541728,3.7955210562111756,1.0120338112067162,-1.0150812646048621,1,0.97075629325335
-0.7060834105537118,1.0361896550824798,-2.138961999042844,0.625402906436458,2.2831693384384133,0.5382503207488929,-1.1964353951895708,3.873665776548133,1.8839550784526409,-0.8577352684444761,1,0.997670636483033
-1.8694076304004472,0.9738954512175406,1.3831513354198648,0.4658819908590779,-1.211476268496075,-0.2644986714512517,-0.4065518491952715,-1.8968144139890946,-3.526205889256602,-1.4447913714519534,0,0.01394321423236194
-0.2741763157408219,-1.5796027909225994,1.3368139269199157,-0.5502045882184318,0.17278644382000263,-0.48462243196962657,1.0320470013704224,-0.12492524166593215,0.08972504823389663,1.1525858219478053,1,0.9496053525188227
-3.8300798642595315,-1.1361387891189456,5.3173969831811085,0.008750786035288893,-0.829123222736412,0.2559965216932986,-0.25476902186252937,-2.570966906225956,-5.194625773796631,0.28637124281839754,0,0.03621413387281141
-0.6034497183109477,-0.40155801845194533,-1.20619679100747,1.140724469745195,-1.8262044131073294,1.327226836138859,0.7464851889292684,-1.563953480295687,-2.6233622385177338,-2.208840481849053,0,0.0031501184167349867
0.13350830600346242,0.1235958292886187,-0.036849857053485424,-0.6205517660497204,1.7130381098535763,0.31288803679616195,-0.6845798782725795,-0.4287584123904019,-0.3663841848042685,-3.527086461346938,0,-0.09459731266559553
-2.5714578546510554,-0.16088842031825684,-1.2762073316798253,-0.4948924440992899,0.7423969500128977,0.26130644945084397,-2.2380733722306,2.3372823404648737,-0.881774793268209,-1.83537856288679,1,0.9020704279801485
-1.9130318662710302,-0.39475753420889964,1.6427691419253756,-3.632582665061734,-1.39868665765511,-0.8018414650265947,-2.0241072612082074,-0.40867922492192604,-0.7253828254759462,1.9403423316573538,1,0.9993840353535345
4.118301864553446,0.09548230454618435,1.702360554858562,0.8040911527600356,4.6447090801910225,0.20982422774625137,-0.782446855099248,0.9313997275272922,5.006151729921511,1.0125855223433216,1,0.9889516341106823
-1.0975999148959283,1.0261959440478423,1.7227524356614554,1.9930505684922069,-2.752161047755854,-0.11583983587609313,0.7293538201370755,-3.635758183860694,-4.518314687574901,-0.6299939936484649,0,-0.005171005678731675
0.779947853297561,-0.5212119282911013,-1.124002262238487,2.4524694148620063,1.3638735538912505,-0.704669636813022,-0.7080828852223918,1.2613037867625585,0.8224018377663774,-0.8521373297629907,1,0.9986008771734891
-2.736719880988672,0.908532272387234,-0.8959543793942479,-0.18957194891262974,0.6383162868737546,1.2011605098524738,-0.4186487612045154,2.6349266052901363,-0.7430770906809895,-0.7633671766084997,1,1.011277991975509
0.6240839179673731,-0.1855574439969022,1.1592475833944023,-0.961321640693125,-0.47769822509967974,0.08909613735853837,-0.5893346385279693,-1.7623943016113703,-0.34596553025580545,0.07865866962553314,1,1.047382480492415
1.290328226954236,0.744340184729223,0.4302310282244448,-1.454029613108204,1.654180751618003,-1.4038863250220317,0.28508475280407586,1.0984059994999535,2.83615877644576,1.306973098351274,1,0.9444447549541221
-2.113365761855229,0.3741286524354697,-2.253132551558289,0.12935711404313488,0.3885338312810622,-0.20492064326031884,-1.609053751436337,1.7562282419779145,-1.357614637144106,-3.210829392579723,0,-0.05859857964503974
-3.953751700417,0.038851831692523583,0.3994099766027088,-0.6019070700126676,-1.2513393239840118,1.9627971137317244,0.22736082059558502,0.309609291304069,-3.608302306213007,-1.212667166311834,1,0.9453338071056309
0.3994021024998545,-0.9132327612316895,0.8837876942008853,-0.9624141895275603,1.1971144507180753,-0.21285074454593514,1.1213019891473632,0.890303877197399,1.683366584185219,1.3523407890739636,1,1.0144458333584354
-3.254326047949169,-0.2842299828627126,-1.62098560276532,-0.43638791997391024,0.4751372117844407,-1.3881970190663901,-0.09806084584278955,2.9036798352499704,-1.1561407307144305,-1.6540302892005718,1,1.0622473689323222
3.617450656904148,1.5645472183572295,1.8952910316508969,0.385679981553243,4.0418319569053125,0.9649825207966115,0.8100474076250823,0.4727563961048804,4.27381101260951,0.9301373911824481,1,0.9784330280880245
1.2437971853459144,0.38738358306242887,1.2201142045730289,-1.6317850314116555,1.479751850124921,0.3000160415871554,0.8630718477962528,0.14423297338379545,2.145332172105597,1.0062907853704117,1,0.8749150077920173
-1.0938784258972274,1.1367937194288356,-2.671143832103677,1.09120661653511,2.056945122664567,-0.5905306305456164,0.9703309320312556,3.7792295748807274,1.0992231737230105,-1.8758739572044658,1,0.9148003568694812
-3.1177389813817498,0.7480546242946579,2.996121820741939,0.7796505850931631,-2.1855288978936884,0.21851395724092693,-1.3133175914859276,-2.1219811641096618,-4.630898183494341,0.739614948806405,1,0.9583481638601994
1.8997984833092287,-1.558353703945795,-1.7070686625940548,2.724473410500189,2.744280906781183,-0.7313994853236765,-1.144218816784922,2.362105005102361,2.6927829780148693,-0.7972428222368657,1,0.9721135556252393
0.496816983379349,0.9656342670490364,-2.318210881415089,2.315009670105236,-1.0702046535345806,2.1735634508901627,1.1497090238167955,-0.2261071755604374,-0.8697764755050732,-1.501382743957572,0,-0.020419431362736322
-1.018996173293,1.974454610878722,-0.3900015144019502,0.696841905644281,-2.4301022543508433,-0.6286461258650988,0.10514597246529936,-2.612253519585181,-3.6605581072268936,-2.3304866577497356,0,0.0019290561490458533
0.1319105513190213,-0.8941646466589477,-0.619447415590084,1.6584086589016371,-0.7808184719530284,-0.5880120760155623,-0.8933349115072666,-0.985247277826318,-1.3926653692182842,-1.245492701459757,0,-0.015587316541122357
2.221444462672534,-0.8481214220310356,-1.4047428189916333,-0.2664472884527539,1.4483494285542575,0.12144634214509743,0.44582432059164173,1.4750897405425747,3.396004084743878,0.6562057853006422,1,1.0524669805271705
1.7059715006210205,0.04084007757290579,1.3655708722128932,-0.14642502348167574,-0.32284452208259684,-0.38330607423433033,0.6798632546300614,-2.5130125629731284,-0.10090425653639587,-0.013917783470067335,0,-0.03380086528406844
2.832837978681627,-1.0702450537354926,2.2698972630860252,1.1751141007096122,1.881304595059015,-0.1386282085656348,-2.0323368744398986,-2.1215540911719284,1.0358873303693668,-0.4342445291951442,0,-0.043115897973777156
0.04300071730801691,-0.3547787050316738,-1.1506928777793908,1.2126051126594706,-1.4979149864395396,1.6663159684204873,0.542678824979433,-1.2825452727134685,-1.682376555938669,-1.4468016568921525,0,0.02394377692602308
2.270979140617497,0.2537726866726249,-1.370456936449798,0.09735381783796726,3.116897671829136,2.468951857850532,0.5548351347799824,0.35215890842487724,1.9700913067578272,-4.045987096051499,0,-0.07678210349630597
1.3785438347220096,-0.3268079384769257,4.414631171553772,3.472807209671162,1.9671158519419958,-0.6242136754840819,-2.0951376546630898,-1.713765894831385,-0.30891466924722877,1.6141781007871985,0,0.01948458526600011
1.1243066773454682,0.8494623348848521,-0.5858632160270858,-0.8177282960821312,2.271377460711188,-0.20201830819916383,-0.13257023511774227,2.7416333092701333,3.6946083831823557,1.5152988546470683,1,1.0051276591863134
-0.9266154219040135,0.5614777762234244,0.6278320987470227,1.663423550088372,-0.15288471025429895,-0.10458596407970579,0.661887198650856,-0.3115715652007576,-1.65887157107927,-0.45664535713065946,1,0.9926278755040916
-2.4966690873305124,-0.6298641171798656,0.21678307054094448,-1.9973080316966159,-0.6056377602891998,0.18276324952559667,-0.1537899930261336,1.7903010466396454,-0.23716578872949126,1.753526468289325,1,1.0794138053574631
-0.8678140748581086,0.49187605784483485,1.4444718966903303,2.3626989104495104,-2.26301970091055,1.7303629615720189,0.15054703356368992,-3.2399567804422196,-4.141456907153911,-0.8994572265542409,0,-0.031110372264735897
-0.6828959210518906,-0.7496327567938149,1.7748598581364634,-0.11001151219254157,-1.2739934266305264,-0.8772329104366287,0.3683272616093666,-2.3503057624409553,-2.3511110064960516,-0.2244942373191251,0,0.10301490852620393
-0.9000860831475282,0.31021572041506784,1.0520162437656393,1.4307479980875066,-1.4635462520305669,0.8337484614829611,-0.21372211568508248,-2.165758223062864,-3.0629609929471444,-0.9147282576965889,0,-0.011271572461404965
2.304911227962563,-0.47586989191341394,-3.304253324259408,1.54621820092448,-1.4913806259812699,0.36532007522167,0.43750851283635134,-1.3596472719395387,0.0560872403167333,-2.2133760157539832,0,-0.06385082224851141
-1.6293036841606048,-0.7327933890115963,1.9097174679271693,0.5198784727871381,-0.20649556568135374,-0.04004314728491762,-0.6088964888973598,-1.098223788684324,-2.497173904523529,-0.6589859933649327,0,0.003495979049741265
1.7223904409152455,1.2397730966418963,0.5617698153363453,2.833359308663563,1.2456351559006722,-0.5413953621169514,0.8875982573353384,-0.050427029536247586,0.9512272174266128,0.5350872974973184,1,0.9461877399840616
-2.0229948529554234,-0.42839659224553,-0.8275418505235589,-0.091003949728244,0.08927618427159068,0.491827210165316,0.08812381585699042,1.0396301045649146,-1.4485175053204586,-1.7889589374737849,1,0.962412207609325
2.4115138814047192,-1.241528468128827,2.4142873370202578,2.1666015175361624,1.2278820555865446,-0.2567191688609454,-0.30774404406623757,-1.580172205633831,0.9380265618559505,1.3445044117048552,1,1.0198516650007745
0.7756110481055765,-1.3942759721669151,1.4207584239917534,1.183755210118662,-0.7836844604234965,0.21493001280696775,-0.19468830011139254,-2.3820553494272976,-1.3343368070587658,-0.0029608473812416936,0,0.02777910443250624
-1.9999691064423233,-0.5594974217284707,0.4480143943542938,0.5853040584558177,-0.19460712329942953,-0.08150388525769463,0.9281303794913812,0.2672032349526391,-1.993244451919729,-0.8067456342563246,1,0.968891614987287
-0.5893838547436112,-0.5341441497478677,0.27495961918714185,-1.2354853685505809,0.8901489568950501,1.6467110468075932,1.119013989030705,-0.5664170186356324,-0.8993124546483674,-2.7396114770507802,0,0.049370257252320034
3.1705124874905932,-1.8611268247767867,-0.33539525746265,0.20156000876140023,2.6045802181203346,0.8111938253067241,0.3065930301075776,1.0423912309170913,3.9979524575741507,0.5783942278762191,1,1.0578753879010567
-3.5464858315561543,2.442341427687235,2.2978768034690598,-1.1186026238833553,-0.34759578690583026,1.3139749588768896,0.7640724126301026,-0.5625271152760837,-3.4664142942022544,-1.0261572690398737,0,0.07181508782816455
0.42941704247967594,0.6869472940876248,-1.862373764989799,1.1135207175881412,2.435311633103727,-1.8090472970279752,-0.8630184443320631,3.1408250964986166,2.3282412204995047,-0.7438230527268455,1,1.026470670356286
-0.42800637329722035,2.1975272699479738,1.2169905565810586,-1.1653222454414298,0.7896139942239172,-0.2728338323501325,-0.7592724664145605,0.7426296411208978,0.8354085311010861,1.3312720731835017,1,1.0681714356042848
1.345949214258905,-1.139744360802288,-0.041266422563613236,-0.7023644038630156,2.373387071572118,-0.8533610471297108,-1.164319407670386,2.1502040430514295,3.4578406610567805,1.3357834509534174,1,0.9059600786012971
-0.170312284690475,-0.6885082072853568,0.7282774917197642,-0.35538337015681565,1.6238845878826154,1.5081784253317096,0.36049877311107603,-0.642471015862772,-0.7700254146715185,-2.983596324346137,0,-0.01589532743142313
-3.048131788014703,1.1837982983878772,-0.09892626481300826,-2.283192018483867,-0.7306916243735906,0.2886647105838619,0.10127221812304017,2.2742244149145376,-0.353926969079428,1.7471128424451257,1,0.9566497371838287
-1.9431233486963482,-0.026977616004766326,1.4323539196762223,0.4419870128774199,-0.016853224278042478,1.0754001192959948,0.4483387551632711,-0.437766270164457,-2.334347180183208,-0.850822342188162,0,0.005961293056369605
-0.2635988152914732,-0.00201904714436951,-1.3002575763283206,1.5005034310580156,2.0401231608046198,-0.15437393277090344,-1.1460947691321506,2.963573138236571,1.4801016373313542,-0.362194739225266,1,0.9714275390401631
-2.9220035648809115,-1.7919788975005975,-2.7626695941235284,-2.0212418485731294,1.6437352562213674,1.0513915597233665,0.39844606369195423,4.487552577875056,0.7669763244562847,-2.0536412809847056,1,0.9916921079025134
-1.466147889578869,0.5744938087727522,-1.9316640263701954,1.4573958864101058,0.6165686503700989,0.2995938051514847,1.3024347106127274,1.9672171261360931,-0.7851140592356539,-2.0400186646215923,1,1.0941087440102024
2.8524519777644777,-0.5879841331636343,3.1767689844633984,0.5603552676658832,2.2663143849778185,-1.7291275491339726,-1.137265242929425,-1.849542415322549,1.711612719811161,0.7729431030347883,1,0.9915140101789811
-0.5085418133857282,-0.9358597138817558,-0.5746793514629216,-0.4121670476044793,0.29892992841603594,0.24730984688886237,0.12612673228711452,1.419930634827744,0.7560305684170531,0.6255182284410667,1,1.0206896158595107
-0.9048314180455077,0.7822187123989321,2.698492088115235,-3.3083845840905424,-0.4713583531971275,-0.4591669478439551,-1.421359364060231,-1.0613039179939125,-0.19759428614328567,1.9028103897636548,1,0.9883865335037882
0.9511400201794247,-2.0765408759666335,-0.8316881231094302,2.32795153796693,-2.221387397066593,-1.4979703208918778,1.0132342344127079,-2.7023226666341307,-2.2148066532129107,-1.299417985338485,0,0.003785664397841684
-0.40918724954809726,-0.996711871584174,-0.3247432864223847,1.2308953550335318,-0.3049475721988668,0.23201010415979434,-0.7796849853579039,0.08265886545543172,-0.8002846619061198,-0.304577588655346,0,0.000300834021803573
0.6336055474411108,-0.20670107682233727,0.7982766926749914,1.6465689617094323,0.4542108772416529,-0.5233075666240563,1.698298396059252,-0.7685722826834731,-0.4130396167142601,-0.2790065935697884,0,0.022416203298657976
-0.04844762937920555,0.7989369140950777,1.7423611293389871,0.7288463270632686,2.0783095791518527,0.06931901985229082,-0.9114874251948596,-1.1012972761064388,-1.2124080800827983,-2.958946460663737,0,0.05826537677735885
0.07197662457142018,0.6192924306076605,-1.2611018804328706,0.9984260077353339,-0.6590953819450319,-1.1826310753110179,-0.3405701536963394,-0.7028624043076681,-1.174917846722124,-1.9420973182077659,0,0.08236969988016647
1.4581772849843408,-0.18903608269240085,2.5861106292287346,0.7306107396804898,0.5374891370965578,0.7370554217055713,0.5004489664830519,-2.5743694424481336,-0.5050535113069289,-0.0691471266135194,0,0.015481004095458342
0.7055562793217374,-0.8039192551326393,1.5815859837062005,1.814998153540723,2.489163505470517,-1.954116604431236,0.3817893891683507,-0.4011966212070627,-0.12636105265309958,-1.8039288249682897,0,0.029477344301780107
-0.7209393289141312,1.1474019479085544,1.6335361156732437,-0.6408255227606305,0.4978481322312278,0.4769731692525787,-0.7680271391894837,-0.4471684670891547,-0.6682267619716278,-0.03400484656049452,0,-0.05754322545927835
-0.031246957013845833,0.062179376566069255,0.7475990550636147,2.4633012700117876,0.28710745434205065,0.2525563677161317,0.32745857091635683,-0.36822199497286845,-1.0005821495552403,-0.12478053091813046,1,0.995606162879219
2.6901631994869977,-1.45009010801945,0.3844553898566856,-0.1481412275226417,2.550267319746167,3.292169397891673,-0.24666856665458262,0.8881677455403824,3.6289321612935597,0.9163037290623561,1,1.0470144732441795
-0.7233333551835516,0.0845785755895087,-5.193659313322234,-1.4851495995963164,3.9361195990859805,-0.005238546391732276,-1.2041772697679547,6.631170102859161,4.126088508534561,-3.166633722144703,1,1.0432984319208576
-0.5534739233811118,1.1243084323048917,-0.7474504613347331,1.3774436751324937,0.7855898820364982,-0.5808188513203794,0.9376239057495132,1.0977484545658645,-0.2956098855650618,-1.105339008226574,1,1.0105804866397525
-0.5738907127872357,0.2459864621848263,0.9215074916201573,-0.5934207396486826,1.4351791558479225,-0.22758902769451578,0.6497833191499514,1.8013757381555255,1.3561561599325798,1.5306404004609064,1,1.0443196979783975
-1.4385311026172154,-0.7512254373397971,-3.263174105365008,-1.26489042166757,2.910286496485793,0.484804355118255,-1.130277683337571,5.023526169414844,2.3752526163143455,-2.294890071689023,1,1.0245383354496909
-1.1032535882216319,-2.1800408536555698,0.1871745763760626,1.1124674782194994,-2.152097666902839,-0.22648898458438413,-0.45884230634740836,-2.466508168732108,-3.621682088109103,-1.7914877060601804,0,0.06001531291296608
-0.7220058857651799,0.1898612175683834,0.568713757324802,2.5469135912017897,0.8792572544702534,-1.0811674928118649,-0.7394303447468146,1.061812886990848,-0.5276257997244791,0.3934362277030521,0,0.014467957847855557
-0.315732841241117,1.5736975832722844,0.21859719049237458,1.2559094934786976,-1.2895473707079823,-0.025347251990888865,-0.5408006048959406,-1.8119916071507303,-2.268384766543207,-1.1358223898374447,0,-0.017784915778551732
-1.1116077426733126,0.7728081033526184,-1.4988273009014197,-0.5629524564138508,1.414929613302902,-0.13351434247895425,-2.0948100264609613,2.3262744982161125,0.5882256492419337,-1.6603996537994319,1,1.0167920628466511
-0.2368346821632452,-1.445854008826531,1.3714171615286932,1.8700992943974113,-1.2731974221924824,-0.1963680748860464,-1.509208466838082,-2.5670375630462323,-2.7967190843026146,-0.7416076195290554,0,-0.1465297187926388
-0.4868466506152511,-0.5073528666726129,-1.71183518379554,1.6191373268893732,-3.6197569236837657,0.5201133096455337,0.5791390514368334,-2.8446405835305835,-3.7648254570276225,-2.111853574839995,0,0.019144286819252475
-0.04392363423083823,1.179763381798567,4.103798930659892,0.8713135870511067,2.3758347039191063,0.7604105018926068,-0.15439277402181664,-3.1838626044269644,-2.695724182270811,-3.706083071464393,0,-0.1824206412607392
2.2966171745699144,-1.5412661245644934,1.1318333310934203,-0.5136853316923943,1.5118599505324752,-0.5454597552890308,-0.10068909647051154,-0.7669956494189516,2.0415083000012517,0.36095242961215057,1,0.913826829629729
-1.5465479498127623,2.00672910613354,1.7929729922075592,1.0718757936311387,-0.3330438283754207,-0.14647301123318604,0.9916841559352769,-1.2496427483319048,-2.738826881115891,-0.8064844971368899,0,0.022588430047049208
-2.859266038848628,1.5427580561010363,-1.3393233655564405,-1.570392458436587,0.31825459438865056,-0.47925819031978506,3.1707385881252526,2.0990725281628224,-1.0544603645243253,-1.9462581674484598,1,1.0238764668633398
-2.5901053463855837,2.341176678913024,1.510118789005126,-0.591090969055734,0.8440142090904843,1.6296173926646156,-0.48423600866959376,0.7218511335572148,-1.7037160056212972,-0.8172421321874443,0,-0.058121439006996525
-2.5947971106371694,1.865906978421022,2.1819385869496717,-0.9949868864949978,-0.11923637949386989,1.1359652502160158,-0.9907850957299263,-0.9339004903878838,-2.8789352392616516,-1.1710605403880403,0,-0.03560510209394694
-4.726798690406626,2.194324860377352,-2.398122239140246,-2.34388657937711,1.1102784665511147,1.752084918390347,0.6110280636544579,4.862535390270337,-0.5888131846652997,-1.9845072939226518,1,1.0685270494307066
0.34005592782487626,-0.5256439331064787,-0.42767835182813396,1.6910629014440461,0.9249094971899393,1.1748937953802054,-0.203868687326539,0.48431041394744573,0.06512639281389875,-0.9627896676117027,1,0.9757984934213662
-1.0497556878483587,0.8149265451248067,-2.9319387456996813,0.4676247302792548,2.58311161650758,-0.07600816462122584,0.3175419764875972,4.742312160330588,2.137898070274536,-1.3582293933448062,1,1.1121460156201493
-1.9931414077261258,-0.5224833467303333,1.7221386684387845,0.6895075864346288,-1.4881620516879979,1.0770321280921011,-1.1086109478920856,-1.878582714273651,-3.576263580135699,-0.5947684634080036,1,0.9999040073411827
0.2814048456527891,-1.6034744703728168,1.3328477972927777,2.7554714477059745,-0.32725544993651634,-0.4665467116030743,0.9313283571589965,-1.5506943017894665,-1.6496632195491499,-0.0007931741367129819,1,1.0204018088440634
0.8552126196522658,-1.2154554568456706,-0.8284079990821418,1.739055904463503,0.400500206809723,2.0686192043748113,0.6603392985133321,-0.08086568159250812,0.03715892342888258,-1.1019408547370984,0,0.08084371992493039
2.7678232767450766,0.8235512859379315,0.48718838735120573,0.9860923279942431,0.9697122259393448,1.9152156346220306,0.5475460900496965,-1.1674777570385169,1.6103698776974469,0.10895336345363038,0,0.006551355809670978
-0.9528370189366169,-0.051705163595695144,0.5928632693544669,3.516919256351952,-3.5073528084709285,-0.012454367036384074,-1.1259190752819137,-4.258903989197663,-5.644168248859039,-2.0042915369790872,0,-0.050117199034540066
-2.31333299732229,0.07843739191061112,-1.8031495491780745,0.32960665836791503,0.8591239673418941,-0.33678657375982485,0.2651158067617392,2.8692667582872593,-0.49035434321190063,-1.5799627585350486,1,0.9945136274152855
0.15989500767793985,0.9234559414673909,3.404778458288552,0.9788522055748992,0.9852083271457512,2.5514942146782857,0.41749211714646367,-2.280755564992295,-1.5823814681740982,-0.5620879049389935,0,-0.0017805368095045468
0.2444861345175322,1.3133141424109558,-1.0385238190176762,1.6549093922084834,1.0540231483179785,0.11660468646294302,1.1861430416780872,1.0166273578760943,0.3039655708713335,-1.2327334872351599,1,0.9317629173899218
1.4506414724368613,-0.9743292830825013,0.8716200646554133,3.173469915430756,1.0676480810530817,-1.076305931216242,0.7265861518843691,-0.3253414602581104,0.3856706926704918,0.48405475956782973,1,0.9872083964329589
-0.7027085411469189,-1.1579249522310102,-2.471963189064396,0.7509030227658695,2.112607370122097,-0.33623910591121886,0.07140078868516184,3.533396633878035,1.4455930145133964,-1.6675286175704538,1,0.9628903953001282
0.7453578542000956,-0.9750541626824901,-0.9022442415204617,2.1101120573845034,-4.048157782885847,-0.4221140997819177,0.2882305234409022,-4.7298997232859605,-4.11113388485497,-2.191579156641936,0,0.046217887859371705
-2.0579842509397164,-0.5890971119145776,1.7607184335137949,0.0014475644358439288,-1.1472351857975644,-0.0638056993295312,-0.5236615918046289,-1.9475921213186045,-3.54667427938668,-1.292051372598157,0,0.001730593709262781
1.5812021864495236,0.05166824910060968,-1.324698366903252,0.03777482527647802,0.8912108386477882,-0.9224323131894809,-0.5417468245737203,1.1406830093267355,2.3672826275140713,0.3815715845239761,1,0.9858602125426215
0.9206702550590607,-0.45844226538911725,2.0446668007612696,1.2172705225528242,2.8517413740955577,-0.6701090598200949,-2.008498151402746,0.9383457886396378,1.6974368180247188,0.9158750976807969,1,0.9946909034688712
2.610386823395943,-1.7412242653615715,-0.39130090123538497,-0.3292183590139903,1.8110692859091404,-0.5340399728154657,-0.38708304642142016,0.6693685958315995,3.279558851949387,0.5381160840979857,1,1.0111561009203083
0.5968502598439587,-1.2568250516627937,0.8758902322984973,-1.4271748357828618,1.4272875535347016,-0.9597480393972975,1.1837868430122966,1.0186522982696182,2.1362828262010867,1.4163402567638104,1,1.030840709984489
4.615460681463338,-0.5610128470480462,2.8423237747737593,0.3376467964444063,1.6411739587425702,0.31547494971059764,-0.29269739855589355,-3.766194528792248,1.8583444254889145,-0.10060110696554136,0,-0.04998561143346907
-0.26135508596439117,0.8426896694709319,-0.4899196686351859,1.5812436693244112,-0.364831934034445,-0.34321015899541263,0.09388715300779017,-0.24530027651002306,-1.1055655848803692,-0.872789752173882,0,-0.0520793816310636
0.6291216508364783,0.6329229280845974,2.072993556989707,0.22628869903779836,-0.38751388225799044,0.27828681346660994,0.41985302743900904,-2.323122817839028,-1.0217723241259293,0.2503284485617313,1,1.0552339607701264
-2.2736144450750864,-0.8310225171001897,-1.5478854626752467,-0.009445306875055737,1.0927585346782742,-2.3305312612755844,-1.1910782737884185,2.954475054362603,-0.22182958788516474,-1.3927200847967365,1,0.9793831563897635
-2.558919231564011,0.8491683817263308,2.45078335668252,0.19137362517585577,0.6885393155035313,-0.925072269121875,-0.958379701140151,0.18960679562374103,-2.1493786299320154,-0.10601059395526635,0,-0.07084210462984371
1.424414491423893,0.5917713733668883,1.2553497241640181,-1.7666505181559176,1.109959975117007,-0.9218358976156701,1.5368106423414785,-0.08350511237359723,2.2325447204548547,1.4773318467718908,1,1.0221906354691552
3.0652745441769267,0.291226025509456,-2.831976188706739,0.7030686175801504,1.8354212155690086,-2.026236774070083,0.2913332573842779,1.3907758297719564,3.489973229811404,-1.3065453720041733,0,0.023168490301634346
-1.1974179277080008,-0.841113633496003,1.6412404651914616,0.8536238884693921,-1.5606587688909213,-0.09467227850521907,0.46344754549430045,-2.4317592188757766,-3.2974700543906454,-0.685613340995483,1,0.9234642371371646
1.58309423826341,0.9941497904090733,0.779441424433231,-0.8756644837629223,0.4059080697207891,-0.8982508073743277,-0.5208043969410096,-1.0652177987336358,1.139930612923358,0.365827392415186,1,1.0114740857731803
2.947257457787736,-0.31264320589213723,-0.014657085585661145,0.09567005121275018,1.0293413845909822,0.6578916924011994,-0.40855510509033893,-1.1479899541145295,1.956090066393873,-0.47315219091553096,0,0.03677915462141868
-2.4465398146624593,-0.5301174181336509,-3.2522777512641854,-0.5600897858644345,1.8996479746913368,1.5215721651013632,-0.5988698500356013,4.997814693369871,1.1698971375101632,-1.7828213708355105,1,1.018719322585313
-0.575196467002699,-1.119856518006791,1.2962966718644227,1.4564806083146202,-0.26912143345167383,-0.8602765715219131,0.8291347054643042,-1.295727472228342,-1.969463150661742,-0.6371548097802651,1,1.0315990741880698
0.079550722959428,-0.24674761377467658,1.2938792769560177,-0.4139006513458826,0.29771039615597483,0.6265078659416911,-1.0459514917431734,-0.3857010225791638,0.1521818317581499,0.8108421697085978,1,0.9297865450954625
3.2542587195194965,0.08269163040121638,0.7246334546944142,1.8299716629392444,2.396263371361245,-0.9342043984244687,0.4528494864520516,-0.9073188413622573,1.9873980929468933,-0.9356915798629478,0,0.01655200774980978
-1.0362657298433158,1.0116821627188128,1.7565046510516813,0.2940390067519604,0.08202922987181371,0.09687050705253403,0.898560836564361,-1.8501014980322847,-2.59808567752312,-2.0367556796702777,0,-0.015130987973522329
-0.05599866398044695,-1.348855244497053,1.250764558975754,1.9060247103863794,0.6562467665106454,0.846177301211969,-0.06534478971692108,0.11785237113553412,-0.291452105986929,0.8471321544300945,1,0.9758604920637678
-3.277765251453924,-1.6321822586024632,5.190188763858402,1.5639979881834942,-1.8201803029333048,0.2598989010423101,-0.9161032185141404,-3.9432365661488404,-6.296796840319336,-0.09870250816868009,0,0.04352778047098633
-0.02625219033974968,-1.2657347396794414,-1.471584547032664,3.2229114837765724,-2.5819193644579634,-0.9056205764697561,-0.7864356005578694,-2.3984214197219136,-3.4058578065126794,-2.213043940133732,0,0.0739637255337115
-0.8442315990416188,-1.0798413238410987,-0.8758597202329929,1.6797535406291226,1.0837690990584927,0.7421061750501907,-0.7263961576667599,1.9251647924216833,0.020794523487158878,-0.6497920391489267,1,1.089718502730018
3.3780294978833947,1.16665686234439,1.2714025929322792,0.560321276447914,4.237161395475297,-1.2347262148642406,-0.45693679010824567,1.49717100155377,4.759218426630473,1.2425157072345545,1,1.0657403935752952
-1.035650296824306,-0.6796578943040206,3.386267715835618,4.395824418275696,2.088127494595939,-0.7986992657656182,1.138176954952262,-0.20735027701551834,-2.1090534531596465,-0.15075661941898,0,-0.005486709081509184
-2.5063327742059753,0.9866312953154119,-0.2375306730806278,0.47337101298248363,-0.12332024496025751,0.6920006667783609,-0.2530781474785956,1.1526435540878648,-1.8518151217831433,-0.9208062576363979,0,0.017636008151317155
0.06986307625934862,-0.35134625337366227,-0.20741236087144566,1.7224874099045149,0.21753861332689617,0.5482558609047373,0.0005033209646221093,-0.32871414250461056,-0.8758219157762452,-1.2116508632791332,1,1.0383411435892123
3.2008741725278544,1.2854896436250673,1.692003581584984,0.5358850840018003,0.8149744129192215,0.4958798289313351,-1.8915145217239222,-2.483435923608336,1.2952209504172627,0.28510353925180154,0,0.006058897464973099
-2.2992594432717994,0.5315322789535631,2.237089250275896,0.5856543442070778,0.3659744581997706,0.7551208233502893,1.1651885119128809,-0.5125179396236639,-2.6853916441321934,-0.8483601940723758,0,0.006538209395577219
0.44551632232151417,-0.3206916823736813,-2.0404490258199983,1.9576129334533843,2.2188050520369416,-2.3707239021834945,-0.3115668909774268,2.808240527579673,1.7392260572307228,-1.2352696239528154,1,1.0411876565938092
-1.225012294293879,0.3797943351783261,0.5002563033713877,1.8946480201694558,-0.8990431997242954,0.48821448324336225,0.24021032691302796,-0.9867280243526463,-2.648634249629261,-0.9410081358651474,0,-0.002964132301296611
0.0818899566565201,0.291794271072261,-1.8045270509929954,0.7346163873933549,1.841291545861263,-1.302265203178577,0.6560645410696365,1.9996064601842762,1.0399578419999105,-2.08644554088053,1,0.963535653181317
-1.3708838979808642,1.0178075737868184,-1.2417615027602373,1.3138640624884834,0.9251739049946686,0.38133467178704583,-1.0074867347981262,2.1357649988593765,-0.32261613740661405,-1.1323228321160839,1,0.9792763467082071
-1.9491826578580713,-0.8492675103656522,1.69656942578581,0.37572813778081904,-1.335140235073103,1.9519281093121963,-1.8752921589109264,-1.8057702294399178,-3.3892378355063255,-0.7028294062179361,0,0.03169551888668712
-0.4949569213713434,-0.018218637610737227,-0.28685425404742915,1.9110582413043002,1.0243371111781667,0.2856269314974422,0.5178736499737164,1.4513484281777966,0.04514390424913849,-0.14182500120398023,1,1.0001496645599979
0.9547547765573934,-0.5546414133728195,-2.0581146946986086,0.7777137357767392,2.8552238253791455,-0.5644238864966603,1.0374034799111278,3.0152560315494226,2.7727249772068103,-1.3597721082342629,1,1.017010498843417
-1.2688600496608617,0.12329128270163621,0.4002230230931776,-0.010738007086022572,0.28752465885298517,1.2578160071217905,0.8439678518581111,0.21423873019108708,-1.1346196998605234,-0.9426102257407354,0,0.033503962110109496
0.27936744563716664,1.8577618554689812,-0.3768055526619962,1.2391644790746033,1.189903578113786,1.2577019596504813,-1.2160703185831854,0.23929323265861085,-0.13263311131519975,-1.8291586695068849,0,-0.01874207314488048
-1.9855140084090341,0.06448406907108492,3.2021851117106293,-0.8479788668026547,0.27247258097399274,-0.20602236709338081,0.21268326305371618,-1.2465999843148952,-2.3294592509107503,-0.20272773019187784,0,0.03781240818149031
-0.1912444142348786,-0.6856990470047358,2.231083587449137,1.4086481148836671,0.40087085640862585,0.07942334942961432,-0.11984968328419424,-1.3100791930358717,-1.3842626875205986,0.021899630915606316,0,0.01894213017291972
-1.0522726933587514,-1.5081125299448854,-3.529988859191767,0.19975121385896455,3.292209893540765,0.9581495256946474,1.63295088317722,6.097835961778176,3.278169216716191,-1.0012360082027216,1,0.938259345654426
-0.6446983871323413,1.694746101861578,-1.1255820360860596,0.9498319904492902,1.4179325469926332,0.6632635278375814,-0.960772236758709,2.2378299884928716,0.6562178405818191,-0.7784136975603027,1,1.0721152395593123
2.5060465973882824,-0.06602544421137865,0.29675147088861875,-0.13881818674239477,0.5436719265542969,-2.896924637097998,0.4438360460406357,-1.8753653151062306,0.9818394336059313,-0.9942836544491677,0,-0.02503723718784581
-0.44756907330885065,0.745088920113885,-0.17919726276605719,2.358408203691413,0.8026417062304163,1.2450756191058967,-0.05922977485822174,1.2667945424647524,-0.15793121559560447,0.10270504988440354,1,0.9172452328407408
-2.010605774488577,0.2435944859314612,1.2632668868662436,-1.1400480961631145,0.575398711345509,-0.8257842257577596,-0.7498122927305824,1.6286405014915044,-0.015324339285330583,1.554532515854135,1,0.9477478145206849
1.2724455376280734,0.46824825371193163,1.3424788661900633,0.3332383739197664,0.8397261178227409,-0.7806706380176773,-0.8880511182730212,-0.908705748560071,0.6612426042862523,0.3710346975840606,1,0.9489477419660839
-1.84793387461957,1.2604690805882326,0.5794644117826866,1.6255267951824597,1.2175236499361541,-0.6436567640940334,-0.9245706538869116,1.104073690045134,-1.5074221026954122,-1.3340772535024623,0,0.0026086659328766735
-3.1448624720439096,0.05037417673974429,2.2736070672628825,2.3850218707350566,-2.455905639333749,1.438787991334818,-0.49606873745771796,-2.020134267548404,-5.21946647885219,0.25073469497675593,1,0.9863074747226881
4.595309062841551,0.6824105435616915,-0.10051567607031786,0.4643065567799336,1.9905029645053898,0.06794409529252465,-0.47115835023582464,-1.3600008174212481,3.2939049686864497,-0.7362159660164516,0,-0.016841598382029643
-1.0017996461205037,-1.5080538107792165,-0.5154402574335466,1.1677452073867423,0.3196043162730765,1.0520515540962825,0.3484489572358165,0.8509717215378857,-0.8354230665124399,-0.926220468218859,1,1.030985098274124
-1.4761103959624282,-0.3407842716340556,2.888971969147014,1.6761850519004418,-1.4918166561247392,1.0465135504219905,0.3882288830746572,-3.299576291804211,-4.383081575692262,-0.8489465218825395,0,0.01699376805963519
-2.07386604295324,-1.0498576804950404,1.9288225763169051,0.5123536254540413,-0.6267858131338649,-1.4686308752998163,-0.2458163198777646,-1.3074115359970961,-3.125623428517856,-0.8017955445040849,0,0.015802393532214312
-0.6003756940141347,0.3987442448991859,1.3967378899129061,2.0646192985235636,1.031693719118716,0.7028748699171831,-0.0934586134504327,-0.1877052566344556,-1.2697945249842244,-0.7305943235359607,0,0.020491422866434635
1.4298015516377443,0.7325778590957543,-0.991430144752159,3.8209390633320788,1.4739667455090844,0.22784871949665128,0.9594940161521518,1.11792631186174,1.000335433462418,-0.3919329534257743,1,1.0308067334001119
0.7073172342179666,1.8831378396059653,0.29329993837891655,2.023756415400487,0.8276598058824657,1.2996241994247448,0.7739226479046662,-0.09093446682843992,0.020835710710239545,-0.36048678524121003,1,0.8946023329111279
-1.4223753791685034,1.0216620095392026,0.7721209803795828,1.474092051979187,-0.5476791364116884,0.2364729810237871,0.09212742857810191,-0.36196601753139657,-2.0996959503911814,-0.22883018559537627,1,0.981778087386777
2.19946399966332,-0.18172144478669283,1.7247603638394096,-1.4768032928644614,0.928590793053443,-0.9136743373609826,0.8378487739661251,-3.4155286483111045,-0.1283836968684407,-2.611766328436779,0,-0.1090105032244737
-0.02764619425412984,-0.28335530008851895,-1.4849785751127271,1.509496521764495,-0.517508059021885,1.070920815994527,0.5760292585736508,-0.2032458520133977,-1.036219720038259,-1.7383832905434882,0,0.0018029963398897707
-0.6589528204113724,-1.1444940066011453,-0.2963172439380106,0.7870528919695094,-0.8906936239599813,2.0676725069386013,-1.5127304369027523,-1.0202066237668528,-1.9308841634986889,-1.5241862742803884,0,-0.00023164861121726602
-1.8186375582013672,2.2784742374389166,2.054879957967895,4.5676151961680915,0.43974733874338856,-0.36817716017793317,-0.42059397596562076,-0.029731322326741968,-2.9719496848069378,0.08581089244786644,0,0.052276613739484015
3.204485825648096,-0.1972470122305827,4.8417020395840265,1.7694428842543215,0.5184493440509448,1.0924947525413211,0.2948343021026958,-4.664102371070329,-0.30872859973100997,1.4932090919970666,0,0.05938171963605604
0.9372408534310622,1.1947682541296711,1.8489916005509903,1.83180882104583,0.43452048186937586,-0.2458942729902455,-1.1399316249471727,-2.443698791619141,-1.490533416517052,-1.355615982598115,0,0.010138752412618367
1.0748252934968061,-0.39411581847636246,-2.1191135914753882,1.682827646774364,-0.638144800041867,0.13482124768320206,0.4101338322970431,-0.3516988843267031,-0.1652652345981057,-1.4924402431015202,0,-0.025018053869844993
0.717628181063716,-0.49331080562412916,-0.9143336817635392,1.882829048990652,-2.044943716900543,0.6172083325202463,-0.7067921907198587,-2.6321314604375403,-2.3191164203358876,-1.8456907233321822,0,0.024258055627286893
-3.760107626242229,0.8341174336999961,-0.2887091610949818,0.07350300411308552,-0.8024351178786435,-0.7102743295959507,-0.518008773041593,1.2366443613862246,-2.9500211870835438,-1.1147576316519074,1,0.9736041181337843
0.4032239478554126,0.3116094418200283,0.4864783557044444,-1.814136783734153,-0.2054180465923845,-0.502124724695571,-0.3698123323160198,-0.39206858428584973,0.7958014693187356,0.8494860298659997,1,0.9999303674278326
-2.5368723599672807,-0.6981500497595202,-3.2521123323789594,-1.655435802173442,2.98010149890814,-0.6831955990681112,1.044372933347294,5.911031545625826,2.140609404930036,-2.041935424542687,1,1.0493068158480383
1.4459173237137013,-1.7702540104508557,1.119098945742426,-0.2580157879093381,2.363946978722807,-1.0346636700484777,0.4462006992941518,1.0204707434779472,2.6413063443847298,1.1422268058054155,1,0.9721114327005288
-0.05634361822860967,0.1639056103568167,1.7303772051428747,0.45768631899719725,-0.5181269548363603,-0.4246134170066385,-0.7162270303480159,-1.237752313434484,-0.8604712857935004,1.126454448864886,0,0.04028393196212505
-0.9878832930772788,0.1901340943933096,1.1471377574631345,1.1293971598320496,-0.5736508894615824,0.7179581503441853,0.26209099789881857,-1.3827687540575158,-2.4079459024789287,-0.9606017845267935,0,0.03387006843461512
0.05949377879451734,1.0895213799498717,-1.280856748968332,2.371626725055587,1.6456768586989674,-0.6060428859788046,-2.1413288754134934,2.390737941826907,1.071659642738307,-0.34871064351379544,1,0.9522604091434589
3.609802306016757,0.18840876038926352,-2.512993344665353,1.2852763358488823,0.244920836108811,1.5681306936805184,-1.1951244941416745,0.49974646292658265,3.3790659854782494,0.8382013145095708,0,0.04869470641087005
-0.9313489696494364,-0.9321138477880471,0.3885710306554565,-1.7402253446726292,0.03090437074831487,0.48632728540897896,-0.9196653496976216,1.0862555256044442,0.6804190589368858,1.442875095222327,1,1.0349283172685753
2.195631465376193,0.37359062630240514,2.348441963658786,-1.0854174879028315,1.2885189140497748,2.208059923029206,0.15960892438204125,-1.6122010779593166,1.6480261656579362,0.9100406787858476,1,1.0050962943686328
-1.2540252375050165,0.8253702883721594,0.14811640245917257,0.0023684224914886087,0.8342990310271591,0.12414949653241675,-0.586619495981042,1.2091183150480416,-0.29594752323561463,-0.43563755248100466,1,0.9618838270986174
-1.3811354530713227,-0.540822184216582,2.6754308281550756,2.9670200344309143,-1.264218912396998,-0.2786572004780372,0.4119593461042339,-1.8789939298682679,-3.3690432223168076,1.0747994958561962,0,-0.042960300928778505
-2.0505923401369044,-1.9000979724950118,2.7112005411289837,0.8309082974723752,-0.8483409604127288,0.19950101655099092,0.49472098721785446,-2.2483968057707995,-3.874332306533214,-0.9420947230514539,0,-0.026883128845151122
-2.0430065836559126,-0.5056132492545877,0.4951171457196497,0.47758358842291626,-1.1291740714713647,1.347622752082651,-0.8636788536268424,-0.9468107992826927,-3.0465312166824927,-1.386436907538489,0,0.027129723164598003
1.4726614152528243,0.5647807995829706,1.329061149983566,-1.2391139009858387,3.942738843938849,-0.3093447620573118,-0.1186207134918786,2.800895338163452,4.5447208627807125,2.03503427646796,1,0.9522187416299301
-0.5411128274343661,1.5036536036694734,-1.3964386690564485,0.2574386216730883,2.332563073660598,-0.42691386977220247,0.9036582229708261,3.362567906318012,1.8777325477069848,-0.5692240311840335,1,1.0218756124309936
1.0123464162645062,1.5769303192952826,2.1290014965263477,0.17708463435803867,2.4644774080784693,1.1459404226025305,-1.3699556620469897,-2.186253211625747,-0.8831349536657699,-3.768003468913966,0,-0.062087776443919634
-0.02312770348694837,1.134664496861119,0.5721649130847699,-2.7309035175565066,-1.1280775671010548,0.011604221400530305,0.9020816591057053,-0.9080612027480688,0.265732937007754,1.136823955386591,1,0.9897965707780576
1.2208434259997263,0.3301591646328637,-0.5136157947295807,0.029424008450446237,3.050337483861714,-0.5159862911779304,1.3787154528661005,3.358696350946028,4.0454988807905305,1.51049334775103,1,1.0054823877287005
0.44537287701265627,-0.6693619319397288,-1.7971811848648858,1.4446976020420164,1.5305970442699826,-1.3129619816913958,-0.0997770334789659,2.102239156163468,1.3782898433810133,-0.97579701671365,0,0.12225650725294585
-2.6404073167136266,-0.17346418487566562,-1.075930516533014,-0.24438892385587518,0.8234621201541403,-0.1589824587038694,-0.5354385289559915,2.92650444387791,-0.41019252914099813,-0.707405881326843,1,0.9311342172239816
-2.7335439353859465,0.6556527467898757,2.820606018897484,-0.4371478459508922,-0.15076693966771781,0.31847131125953815,0.015563834414181478,-1.0929535731592506,-3.1799533474938375,-0.6318145629050228,0,0.07360072832450668
0.12054599101233854,1.8632436630198348,0.7665185631500785,0.9606428713580407,-0.7364079443759077,0.5711805511040146,-1.1512236946642909,-1.8054158767795447,-1.6172845867480485,-0.7479098200400836,0,0.007492120699364002
0.2117928158847684,2.0011030815317374,-1.544770497280597,1.0227338667238022,-0.3657053114254897,1.149967865971224,-0.0725149805759982,-0.12684206055467084,-0.5830595425449348,-1.6642656745264381,0,0.020558595900798157
-1.7791849789602994,-0.6733401388232417,0.08500930010139529,-2.165766830200831,-1.248029949574073,0.15872358355144162,2.654506986251325,0.41088087971560794,-0.6831781998578977,0.9854089423737523,1,1.0059173956694103
1.0786280875635645,1.4113331389185952,1.3534652538580643,2.433619414601436,0.1883673446271945,-0.7397923769493204,0.3935335228645757,-1.3963845035738633,-0.5834678476066393,0.34706210491449574,1,1.0222363409097617
2.525846910641708,-0.4682800935701761,-0.08781743720848034,0.24443218923424925,2.190603000839748,-1.7935090663559552,0.29801628058391205,0.11185342282356901,2.4798973431823432,-0.7545364682719934,0,-0.007684255218100887
3.318092698960226,1.229902635218236,-1.108565395134081,1.0238870805318183,1.2659561704192495,-1.1336723806512614,0.4605502678476396,-0.6820512710115512,2.1971193775598374,-1.2442635715577381,0,0.07270250907287291
-0.7473170640302993,-0.2188998160960605,-0.26394010854417393,2.935066980986529,0.8696904536534433,-0.6938095791961822,0.6683240763496509,1.5800721227792154,-0.3963887908207923,0.07576744856800888,0,-0.02282355721123612
4.112956814283919e-05,1.305955984797965,-1.1584130721470514,-1.216390014107128,0.8391007739543156,-0.6392484517984667,0.3226899823041894,-0.18584884994545411,-0.26563240666285626,-3.4151679876726737,0,0.05661172860896239
0.794821488082111,2.1366025190820577,0.026973838028709562,-1.3768543733442358,2.0387850164938564,-0.838079660888257,-0.9117537330725564,2.3118435657614085,3.284823170524388,1.6769190842940596,1,0.9677816439893488
-0.6924035314570756,0.013357262424754704,0.016224166809306606,0.5008292504280203,0.25594585401643233,1.3662311453671958,-0.18525796828312216,0.24475743520956722,-0.7228397024949487,-0.7590123566650718,0,-0.003012592320064348
0.5943831950996012,1.342515613146499,0.08425387684228303,2.6168452441330716,-0.06966709136194804,-0.8159894016095455,0.4780535050137442,-0.846028626630096,-0.952222966324147,-0.6519557676093952,0,-0.053598127614510965
1.2164189886620487,-2.0094190910812286,-0.3045672145947458,1.8751674113179888,0.0033120625527550684,2.09808518884186,-1.2933264465416436,-0.11821564351991673,0.5719525177224468,0.6711135102791879,0,0.022751186017375996
1.8799793782524614,0.20410322555505422,2.1379289192909514,0.1481554809951473,1.5531875614136395,1.8544117418406365,-1.1500066272627953,-1.3313821890162578,1.0885354603345352,0.2782848387110024,1,1.0722562978463266
1.762023722603711,1.1347147783600553,0.2960537289228653,-1.5976238179586688,-0.08641299720436812,-0.2838188338109742,-0.2338392154025494,-1.0130379556625386,1.5584505445516579,0.7900802143073256,1,0.9961321910089573
1.3554170169752022,1.0197148149680835,1.0339344625148565,1.7806107392848936,1.6461553723886357,-0.623356696315004,0.15020286930002552,-0.14358182368958214,0.8454193351122694,-0.0019193176750543772,0,-0.009844284935195478
1.379892968972813,1.2341081459693235,-0.4380430489925371,2.060878903756767,1.4915370254602334,-1.0948157427907002,-0.7820325307227537,0.4704218789628621,1.003869900962135,-0.7863252685503501,1,0.9442691518466036
-0.48452739317596083,0.24755955484730666,2.960775841629399,2.5898174012797472,2.022203572959457,-1.1157485103789782,-0.5613305766230074,-1.6175400568529648,-2.4369192775021857,-2.5262751150832803,0,-0.011464632677615405
-0.7504571627528384,0.09217008158401377,-0.10497451877003017,3.135587606811744,-1.0839852329927022,-0.4624346543112036,0.05686358885520516,-1.0957311223526813,-2.7531336976755516,-1.20407816120978,0,-0.07963971298607639
-3.0927300278549503,-0.1180725385810382,4.197557506554968,1.3822835764091193,-2.365093504858839,-0.7878350656776226,-0.7103433115056387,-3.805541278753958,-6.089613949693329,-0.18546170215386792,0,-0.04564389933594137
1.2092179201317472,1.6276666981485703,3.1671568846879303,2.376404653434355,1.1412357681527379,0.3303437898113395,1.1103735990755232,-3.157146308807779,-1.8043121583745219,-1.5816887948679488,0,0.011339302305456772
-1.415735100264898,-1.7616839606911177,-0.47896523148121406,-1.6624978875085437,-2.019020364423797,1.2451932885308923,0.2741516446298417,-0.3040960074901516,-1.1767906319077932,0.5718438330377791,1,1.0659506598870698
-4.12744530817616,0.974432707802486,4.138746455116857,-1.9061611861035566,0.6460709494966337,1.511889932921915,-0.05162897937512779,-0.2993164044444551,-3.2507170400962195,-0.1567144081618289,0,0.14046054306147515
-0.17987770084479715,0.9895498705484363,-0.15304117470129053,1.500267970952109,1.6237168353959706,1.0842495499941747,0.6418004420200656,1.922859797982418,0.9330452973737132,0.25629133981333885,1,0.970670745746455
1.8330698181388043,0.6278589760828536,2.7842306046437324,-0.26849661384728696,3.3060759935674904,-0.38837837435133415,-1.1264064695385974,0.5361026027416265,2.915320455397939,1.581505206089533,1,1.071765007832272
2.9438479775790096,0.16324071979047453,0.22053678916206754,-0.5374723729886455,0.4915383340053161,1.825878857441737,1.8628630221037947,-1.4582650228747909,1.9941598186282283,0.2279561966412479,1,1.0121876240200824
-1.7562187198803678,-0.5335677004279848,0.5149553320838549,-2.5335711998518153,2.024531397162411,0.08587952464217677,-1.1220870964208167,4.185264278105625,2.789690365947824,2.908365413500113,1,0.9924376176626812
-0.09100008635923373,1.2539499214703709,2.539430493875273,-2.832789919852133,-0.757490741222268,-1.3887460614100258,1.0658782473700936,-2.0239682459027635,-0.3884597907770127,1.3379643966154386,1,1.0216297225863076
-0.09420574218658662,0.4239822257616312,0.7788653039105646,1.885281085473065,0.4229555122390306,-1.2134459342933064,0.3886753001769222,0.055371141696001484,-0.48494342517090483,0.3905511620710993,1,1.003095824183998
-0.35058348531788674,-0.9759895105877032,-0.12145049239571559,2.63542254707678,-1.9123271999618972,-1.001751634283028,-1.5438852794823321,-2.3080791569678065,-3.2231566564510943,-1.5446405332237534,0,0.0055197862806109265
-0.2356100728746804,-0.9383146967261886,0.9672517355835769,3.5600430055344945,-1.3403578095806137,-0.4793371492894499,0.5214286810986274,-2.3373415470889185,-3.1963455705283854,-0.8447046762082747,0,-0.020416658141333463
1.0140866047467187,-1.2970962682035159,-5.289233081957608,0.21398415080077893,4.344528849482934,-1.4379807181595075,-1.0812707038708222,6.138808236506611,4.958250978674942,-2.9441830702986533,1,0.9300945170100574
0.3728734725954417,-0.24326265190664015,-1.7333204586650042,0.24064427689621415,1.7674187957409608,0.6312112231699204,0.09378642661837694,1.5131161745866737,1.068811299274971,-2.3888571540095294,0,-0.07718126012610409
2.228755980055316,-0.2722195827646288,2.5465702490799575,0.35971312899886065,4.036563044323469,2.3434955750767528,-1.3581660776503393,1.1613849298690861,3.5969576316709353,1.5592481349089709,1,1.0326622441640614
-1.269687905288365,-0.38767234166190107,-1.2029420538795765,-0.036329600358158576,1.4614231989639999,-0.10449747819677886,-0.2806915776438352,2.5099283429996935,0.5055622116575287,-1.1644842785663903,1,0.9861649954957143
-0.5339839310183712,-1.6375964617963459,-0.8092511152299775,2.263064057729156,-1.259518792020985,-0.7432107368434728,1.2718175027098468,-1.042273355144758,-2.3573765310828443,-1.5874168196665228,0,-0.029804444982808334
0.717863140908662,0.22870921745755982,1.4987012438972913,-0.9582706553189421,-0.6113476656595427,0.9941969198371566,0.5163843535359429,-1.8976835446063038,-0.25925517471787646,0.6653122176034996,1,1.0004252813361576
0.8423026031283696,0.5950403727190641,-1.3309399486506068,1.2766564109293754,0.23842893462462267,-0.7578258991279403,-1.8008488371144606,0.3755995584394733,0.5027173454707154,-0.7586577950940026,0,0.03974661264578138
0.17067573762682764,0.8191175560822653,-0.8049314386467608,3.0710342556840993,1.4790042678163324,-0.021562339754564785,-0.39222128705447507,1.9614067016829113,0.7140306648811143,-0.025647232937655584,0,0.00901819715131991
3.062079213811089,0.34415578088440407,1.7874516713078066,2.1095560659903727,2.6133764262160977,-1.2668457388109242,0.26266931013533473,-0.7973035841399724,2.059048586705156,0.23580091243238932,1,0.9671972531679516
-2.7758407571822223,-1.5003629423045366,1.7882644074021028,1.5404902557451696,-0.8618943858930191,-0.3702335301257001,0.5352353472373665,-1.0761267242002592,-4.002036645157742,-1.0136979471608767,1,1.0613146477824476
-0.9512090036057639,1.5128856205203929,1.2048870631987532,-0.5069113846837408,-0.9296751750732013,-0.21216639580294497,1.169132509534248,-1.908867770527677,-2.305801035656901,-1.1450145730244952,0,0.0789592751490816
-1.732092026456731,2.0859676922284396,1.280172505902681,0.864932561058505,-0.07313780417375104,0.6884555977240172,0.5437809101018732,-0.27536190024799156,-2.1033315658458314,-0.4602984641809229,0,0.02472783276614267
0.27665620862694795,-0.9526705312576633,0.16934625848835838,2.607698863784824,-3.359652774835156,0.8475008659614457,0.25624337961071186,-4.331349670529068,-4.203305544352853,-1.5979847383111085,0,0.04868317556720451
2.431320516134784,1.8618102747487555,4.553100378447462,0.6714810229723827,0.6730133903747559,0.11480595323445157,1.8122749265077545,-4.857562252250828,-1.127902432922583,-0.3857217660848483,0,0.06209799984069056
-1.7585702584394745,0.941923762694393,0.8503669965681293,-2.2081217733600234,-4.103241664747988,-1.3254957808915935,0.1361642807130289,-3.396436554537408,-3.7429560753980375,0.1174518686641719,1,1.0565049658202257
-3.0986142894670077,-0.1865876097459461,1.4363316225835778,1.1818781847467663,-0.977708575079303,-0.40659121587390146,-0.7269455639173675,-0.9129323271129831,-4.1699103368687265,-1.4021734524502822,0,0.03070495885563118
1.998592148358839,0.956228740499316,2.2361527233586687,-1.0038211806554507,1.5053178581209337,1.1837520505010803,0.589468158679542,-1.1860196018647733,1.7581755398684809,0.9191129029459767,1,1.0299173523537442
1.2790228275402844,1.1680809822914533,0.02636901922943935,-0.13616951944220723,2.2062975697384655,-2.9995261606654773,0.759690027938037,-0.16138703393154744,0.9654597121220804,-2.500309966686744,0,0.02598302866732513
0.38025577390347287,1.5193015234489577,-3.513901332705565,1.7907960441851691,3.556755972998523,-0.9709273003792803,-0.42094303520425447,5.3073187188958855,3.5629057056467777,-1.2481026109011133,1,0.9451331162726478
-2.3763872472846583,-0.6990715468427194,2.1537596273968083,0.998717851698911,-0.049343780500435086,-0.15141893486459262,1.1135997837529805,-0.5602390983299841,-2.9042037578309436,-0.45537162585848256,0,0.03503615784297929
1.219248107670288,0.5798265362589572,-0.29851079676955106,0.8776053772535688,1.6139613539330797,0.2308726200608537,0.8822662004107062,1.249922639808958,1.983374638405571,0.44801063776094674,1,0.9322093014436723
-1.344177528003276,0.09853656269852921,-1.709126914617132,0.4400925480874728,1.5364789203313491,0.8369449921177599,1.3633764147283114,2.8779626467159365,0.4841109705165565,-1.4699428013561047,1,0.9602700272437472
-2.715747571844778,0.4647504566436925,0.9312053164574416,0.995203633675374,-0.9846102586705947,-2.4798706521096903,-0.7492780374204742,-0.17739138250763672,-3.0975794127524217,-0.3831771117793913,1,1.0651782533904044
-0.8272459518401771,-0.4540460076049783,0.7019841325764684,-0.07690780500190897,0.3201423662299072,-0.442349095051345,0.8548253297710801,-0.1335904167350065,-0.8855422759122389,-0.6756809552777139,0,0.04201100813470988
1.8218141684780753,-0.23721326100309761,2.233787130755843,2.321501998053224,2.190163147086725,1.5190065863804083,1.2085809090430115,-1.4424839295759877,0.16324412652712073,-0.9553923953479715,0,0.07436991448429313
-2.996938015867371,0.6797843587148624,3.140318691309671,-0.6036449407241866,-0.6652914084030723,-1.1807627271446355,-1.5649618288092981,-1.737258314374302,-3.8876743150997,-0.7447611446249367,0,-0.013583719184364613
-0.2705471322468369,0.43348028054757837,1.2055019939114389,1.3160232305858721,-0.8231642193593566,1.0697994087722587,-1.480358926443502,-1.6942441145356275,-1.9170393603997768,-0.20749891077900573,0,-0.05761244206383838
-0.4986710958236573,-1.34554387236667,2.231990330260718,0.613626813264473,0.4456654709214056,-1.093499843923897,0.8755982437030458,-2.585715326102287,-2.749517931208725,-2.6612367223787623,0,-0.012021859853517142
-1.8809021362032778,-0.09065129318133296,-0.3686211223406344,1.3165135512236383,0.17669002551665725,-1.2001149429401126,-0.4080172085722301,1.2365821403682642,-1.4174165877891824,-0.7772058951737608,1,1.0051015648620287
-0.9295054509970131,0.18990202504683115,1.4390524941927658,2.8492121639008134,1.0758106121370175,0.7714758008195429,-1.1617499265549405,0.19465041596720606,-1.497936239064869,-0.4463838337033095,0,0.003949435817000485
3.0856940519643072,1.667270218331228,1.463925631177271,-0.42799115529685405,-0.28266247660553634,0.8031919147029065,1.041591918427906,-3.567704413962169,0.5045765210814,-0.25822493693830206,1,1.056684023937835
-0.5718255413267044,-0.034834565809366516,-1.1884582582612393,0.9569845005814547,1.8244614996627733,-0.841683649237043,0.17210511218021743,2.705464439090241,1.11544719758454,-0.6345974502941316,1,0.9819364787498277
1.7837863034865633,-1.5411028050824367,1.4559020028481093,-0.07270033694435174,0.15802921903399558,-0.5229135055032638,4.015577587568882,-2.5358190701699135,-0.11094141462998841,-0.641323194466583,0,0.017601723590146213
-3.0294540781118346,0.2702275405874733,0.37246159941466805,0.11767002236935464,-0.13569606889695396,-0.8687663953933338,0.6490223434198841,1.3205997187825256,-1.9855179928414546,-0.28723718373239915,1,0.9505686425282697
-0.8550824687101897,-0.11172350487125782,0.00288878299998363,-1.6337070506675881,0.3869024564477992,-0.31984103681125725,-0.18382882449149665,1.8571569510070525,1.3299158164593807,1.7406977511481148,1,1.0225158639021907
-1.6069552436855075,-2.001197507482435,0.036892442894657984,0.701118217617829,0.40047027446515016,0.5154712310121666,-0.45706386530089466,1.0233250041048942,-1.0529937013302804,-0.6160678982318402,1,1.0001554275092819
-1.7813059947363756,-0.8348601611353348,3.3200247406728427,0.8076618210107557,-0.9624651763461114,-0.7536753670449282,-0.05490954122377237,-2.7987413095920766,-3.9215676593981508,-0.5352541348395736,0,-0.037490666914225874
-0.09636489556586958,-0.7329051794629308,1.0963533337162976,1.1109500578578388,-0.36656628058557605,0.9241498811618153,-1.0419230560259762,-1.2874829854387955,-1.3599846035416818,-0.20574212158139338,0,-0.011791468108742641
2.226813249947239,0.2921519288411906,0.706999718579499,-1.451538883992623,0.6654053246434801,-0.4437109120251578,0.9827277305372696,-0.9297363679774664,2.109832708514975,0.8043463521410209,1,0.9907912126742389
3.9928311157802803,-2.0468394754142314,3.343974395038631,-0.46114267415607313,1.6281951918580404,-0.9179815653380345,-0.4363477566161217,-4.721346937278613,0.6095645714796497,-1.7345634761761066,0,-0.01350775646685481
-1.824602904428129,2.3186361455856903,1.2345881038486093,0.5386365153942193,-1.3605497999183138,-0.7054183479219049,0.763906115115755,-1.8836005278808454,-3.5036938366639947,-1.3405385789126103,0,0.08856706211338418
-1.1121166423250384,1.1880009956142605,-0.05227059153034519,0.3859859792335506,-0.5165717774914849,1.0999599218967866,-0.03300780331046229,-0.6116919347217156,-1.8990287898863785,-1.566226976885425,0,-0.004922300115393982
-0.46432711951080763,-0.02613741870577022,1.4895798590059717,1.0261733792133836,0.05324558492207998,-2.55987542718476,0.2919217515636107,-0.865377414780493,-1.2832212350768466,0.008910241987650558,1,0.9878051944911331
2.2726726122100507,0.9247196754898139,-1.0786026581610555,0.46060509410615,0.11543010156065436,0.841748457232266,-0.9418308852503129,-1.0425241627158153,1.0406504588134007,-1.0847238891447748,0,-0.1048725478805071
-1.9668634323213903,-1.4755162967133701,1.17008961225722,-0.37711548285018304,-0.9411493433066273,-0.16739122412586824,0.3163961127908567,-1.2380395429718771,-2.8242015440108696,-1.1272701871375024,0,-0.04471036759897387
-1.1435708564050722,-1.2448555552711726,0.7206968308069228,1.7261292581894079,0.46831900869891807,0.4300855996754318,-0.09585428886570539,-0.6146758953730962,-2.293642458355175,-2.1484341158188953,0,-0.013153671222817643
2.5962056410116787,-0.9745008151364684,-1.4629604085892947,-2.0841837577575086,0.27052422474052196,0.6890311762782637,-1.1132913124878523,-1.5061154719522132,1.6012938064992808,-2.3215506380950144,0,-0.03429263380883214
0.8456831231287624,-0.5637538531431389,0.7210099990491176,1.0107705526136455,0.12359777851933851,-1.5680720738630813,-0.16902069801321842,-1.7149616753989223,-0.8840122481673763,-1.2769613935092066,0,0.06908537966888985
-3.2846963386816257,-0.33080499295534427,4.370026143688815,-0.621681608604864,-0.3028271194207012,0.038697818211871404,-0.9046192503999592,-2.00096706909615,-4.176304026730929,-0.3410753098560705,0,-0.008246888769810931
0.26226934507125743,-0.04400403012602271,-1.0454175809216397,1.1504847254522614,0.1676623229083929,0.042710875400821184,0.824224236236397,0.1853833405778516,-0.20223021360355722,-1.2123525302670137,0,0.06442221246591262
-1.1943216907834113,0.021464668600064192,-0.3832181223418969,0.7482161492262382,-0.9403505245394016,-0.8651788158489997,0.2970847709910457,-0.8203685665883542,-2.335273295289286,-1.8149772352007747,0,0.0030852317025184014
-0.5726149621627044,1.027153226500257,0.1694955785545511,2.9210661976792753,-2.436862077732652,1.0434421065418118,-0.05271054877555265,-2.8689680523921677,-3.949201053867618,-1.496401758025421,0,0.0018613918210788319
-2.20953912212865,-0.7621261590455147,0.4706674591167126,-0.10140063945272448,-0.8031495740450914,0.6031525267991301,0.3115945929281678,-0.3601131249831982,-2.530886446978432,-1.0971044883367598,1,0.995560177614375
-0.8911114065709891,1.4434947913831038,-0.8839407468033891,1.7873689836081663,-1.3528353207790709,-0.028813953214141007,0.25174306264663465,-0.9320437356149117,-2.5052310005684357,-1.7373817436708143,0,0.00018981258107295663
1.943555433967493,0.14386337712856498,0.018772076588162934,-0.31850513707809835,1.8001493735570293,-1.5494119940313682,-0.8327558872513702,0.9497645392887185,2.926309189221166,0.9069882727575915,1,1.085939750152493
0.42439707337742216,-0.36629427569012724,0.6892512242319104,-2.6634556146210535,1.8927543013709691,-1.0224871831083295,-0.04301958567366843,2.122939491807702,3.2939123363848726,2.1646321901664436,1,0.8840194636624391
1.904765443406736,0.8819975854650839,-0.19292630970506486,-2.5750451629284967,-0.7908069209574276,0.9273718292850589,-1.0929764021420512,-1.3762012127102,1.6373015342506052,0.7838607032649563,1,0.899922712778066
1.1962237262058257,1.3775157333245878,0.8025841227674295,-1.859358942468567,2.1460992360642717,0.14285198258438137,0.49450855724379483,1.3550543404873454,3.1371932634782134,1.3899905360949663,1,0.9728414584471943
-2.764836605131409,-0.16218025176471992,2.3104793112138657,-0.41353541648411096,-0.4254234371885772,-0.8052922904474608,0.09874540460436455,-1.0382026341144677,-3.26765260215359,-0.858937918883784,0,0.0007263940968784442
-0.6032959394977542,1.366253699695454,-1.070349249345495,1.6941730870984748,0.44019808417354966,-1.1821333103709928,-0.22277818666782412,1.0910088071764839,-0.4919958903601325,-1.0754896785335983,1,1.0345052212382007
1.5295600163865797,0.6853771387812901,2.9373864329820405,-1.382189756541249,0.8806784855004872,-1.5438452022475295,-1.460937130620306,-2.000454869780783,0.8432949947174103,1.019401829759339,1,1.0236543599013737
-1.067446446438906,-0.07956337260359206,-0.06698887237394391,0.846477097861223,0.3762757922226778,-1.2195248166341732,-0.04309140641473402,0.605985222336987,-0.9341814827070267,-0.867693436070646,1,0.9807877043559715
-4.010028850183047,-2.7527941232091697,-1.2057960989322005,-1.6742638695852685,-0.2657501586365947,-0.1305528029038239,-0.14768252312149982,2.2106416349974776,-2.0656388058531965,-1.868672393193399,1,1.0509521846620882
1.28877246334282,-0.8775650822222872,-1.655830340653568,-0.4985296503887967,2.853637483581478,1.087359881608106,1.1318274953081064,4.013281679036672,4.643338002903384,1.4185444350655214,1,1.0515097701576366
-1.7593447598415324,0.11167470687731688,-3.7100858069855236,0.01444756517317547,2.0418114668016427,-0.17854028275845477,-0.7887195031594811,4.755508568440155,1.3672453479467688,-2.3623292082989593,1,1.0092028915635782
0.6481312113043445,0.35962924962432685,-2.553551495894227,0.8366593019927211,2.9482119198370818,0.43276592324138075,0.14121184341973608,3.532497575633366,2.7696925987764676,-1.6666070466877243,1,1.048132878624342
2.2426451642567287,-0.5545275110498058,-0.06868456337731654,-0.8113902570196923,1.7655572991678463,0.7882159650817011,-0.3567721026879102,-1.1440660109292677,1.3224669651425567,-2.5559694521355425,0,0.013632263171606441
2.9880027917950445,-0.41654043713703526,-2.5222793958696297,3.757873832480909,0.10437435018519237,-0.17061128265311254,-0.07718234703969987,-0.14281612892211332,1.3002593575816255,-0.838301751215597,0,-0.028074151339144184
1.3088157336748503,-1.0829147798061058,-0.8034874531557081,-1.95468743342955,1.7527687457769319,-0.5425312358363638,0.06267540072671632,2.176081515981802,3.7160550832404997,1.2852086754202958,1,1.0348908419500003
-0.749193739442005,-0.5061737580330335,1.8133105181998075,1.6666567235799818,-0.347226284824112,0.23264635677408474,1.520703940689394,-1.5351141286167327,-2.3080300694994142,-0.3749123306239591,0,0.005530656128933886
-0.7812531825916584,-0.007583246222278361,-0.21933934685993273,0.3407807797651117,-0.4343244537086286,0.22471874455592186,0.18404657871869992,-0.5396439814100646,-1.504433052112906,-1.4465522328372276,0,6.699233772434645e-05
1.3369413556678258,1.4942291598794328,2.3485424144042297,-2.4053319355099303,0.32393409591218536,0.4460746005055021,-0.8310558889419843,-1.8457721578717605,1.0226960758037367,1.1665488686936054,1,1.0736476786094786
0.018184124617188657,0.7675042810701164,1.9235444973714175,-1.5850404926593304,1.3235962495927678,-0.2537238128444454,0.6318112150629391,0.4609519926618172,1.2987072140548563,1.4831130287621388,1,0.8774563935729957
1.3139092380107944,0.674668278189803,0.17287963987325117,1.7659917626930237,0.8683302039698928,0.26774635805890895,0.652127180943675,-0.770723633042228,0.06513923338008606,-1.1301355917675004,0,-0.07088420850797848
-2.551626699416418,0.6982788277970271,1.190624917049653,1.8988899289212697,-0.5536713526253192,-0.8136835421860547,-1.062339438179345,-0.44489976320153335,-3.4558632739631285,-1.0347174706472733,0,-0.05935352131871851
-0.7570393135837327,-0.7441806264614472,0.23526349998044493,1.932598912807308,-1.9411882000316987,-0.6796876991236342,0.11034845518126885,-2.4256217723870916,-3.469820207021218,-1.6268751091493652,0,-0.01816303237844028
1.95484911623472,-1.4970071067284834,-1.416688983283453,3.5666504504643988,-2.1838755853186087,0.3098302043560331,0.37340265011406726,-2.8138423920736453,-1.7601937091677868,-1.3129123193114425,0,-0.012730408488301507
-1.5124450630020667,0.37631230694996326,1.3944904748953326,0.9788493567536188,-2.1803474695829568,0.2138101476351535,0.37053983851897987,-3.082677719743036,-4.30259211201458,-1.5302905986123436,0,-0.07536628238865238
1.0195188572642697,1.0342432932295218,-1.3222243208036613,-2.063115075683313,1.1185791301666486,0.6693013023026104,-1.1472668426306034,2.299789167286065,3.504618346791312,1.4825116308583524,1,0.9507420983844587
-1.6249439978980649,-0.5015749202643052,-1.0619590297131358,1.2491627572178636,0.6478010072041285,-0.5293186454515697,1.796789456916086,1.8448773887372636,-0.7790902239681804,-1.2083885571678497,1,0.9569579160738215
-0.1705434108399615,-0.02676747829523694,-0.7586776384568636,-1.3883604074014035,2.753755894822426,-0.192455176767814,0.8998877172009936,4.5030744385513355,4.04370280794265,2.1496898990260545,1,1.1228712046037945
-1.4893584348317357,0.20302703246719755,0.18663463211741504,0.7074933121025484,0.16291254955734735,-0.7886531694967231,-0.1527832040032005,0.4748407383427824,-1.3863515132697934,-0.8451656170102168,1,1.0900870973873573
0.8706447283313787,0.17084745245859206,-2.6044284206794845,1.2478500032594626,3.3403994695241814,0.47239550951664644,-0.9812892195649797,4.190081041945294,3.464011323253028,-0.9810726700569675,1,0.9794125291157675
1.6962306940654357,1.6026557664248922,-3.566751875139338,-2.8843375859915046,0.33072300162024904,-0.24379159870197403,-0.11883078687770636,0.3526264603975449,2.083189145572736,-3.1923117595240043,0,-0.018179164515339945
0.45496815381552436,-1.0472126303290517,1.6218533264634751,1.2571422336202134,1.8163628272633265,-0.46008917456429793,0.05642011934591153,-1.213192142255957,-0.9173734881890877,-2.3394391883804486,0,-0.05746019985941471
-0.007304799968884446,-1.5887384723805513,-0.47167992976712414,2.351159736405019,-2.811439677278769,1.5075111961666396,0.7621160172985044,-3.3548912489522347,-3.742244941852986,-2.029360345376338,0,-0.09540652066126334
1.4100600030853454,0.5699599675524344,2.125202278159256,-1.3275946648972514,2.757242749751941,-0.8998951101966419,0.12266835850388248,0.9926607632892778,3.1263932047568535,1.8922447092399493,1,0.9941559906795738
2.271412617541005,-0.19595087476256584,1.5288203536696057,4.201175637404983,0.028455739628478804,0.9252721640059354,-1.0947292923119474,-2.4308155793444426,-0.749998715092182,0.33565861141361775,1,0.9501074008377988
-0.6712657226667553,0.5949236301966542,1.2639233596376571,0.6279636449440804,-0.7842287573301133,1.2366981530495211,0.05603527542709608,-1.7251128891589789,-2.1708555382971406,-0.6804953408570229,0,-0.004242526583100489
0.06450022861853377,-1.481546176428128,0.2379670982455444,-1.6575715055989877,1.7952951689706325,0.8093794337815596,-0.7742669525383836,2.433933592937063,2.7758018814874905,1.794445617803622,1,0.9199897075478262
1.7123798885212587,0.4867278860430274,2.449165560095909,-1.841350138730406,-0.8033506445821152,-0.7659689968516306,-0.12323745426512878,-3.6374372485248867,-0.29795321887357146,0.4154491670690673,1,0.9619012770844871
0.6293207746330631,0.6096114857031956,0.8055283362305043,3.115412604735819,0.6570485814811292,0.1361101380081241,0.3713552321886011,-0.16003335199497906,-0.3026307765245856,0.44465769414397815,1,1.0074313547651415
-4.969294781799752,0.12215825831651496,-1.2451021198865604,-2.19072964703201,-0.2323386147985267,0.0026609535430515744,-1.3760386163693628,3.0482761993840515,-2.1635707848162604,-1.558365334550747,1,1.0183104798891969
-1.7291579872935432,-0.14902269254229675,-0.3343743394842247,1.1083764613759661,0.5717541592280002,-0.5495631224002513,1.3134392417362548,1.7256498576498176,-0.7528501930212068,-0.33997197427645853,1,1.0208735979371006
1.3117819302910334,0.16904936326638906,0.12495150246514486,2.1865155464361994,-1.0547801418669775,0.463809512876498,-0.7464226059539452,-2.2715955103054126,-1.2593179934050676,-0.6698297439370182,0,-0.06602444920785187
-2.0526451585391836,0.6410897387207227,-1.3701526461076357,0.7924733322525731,0.5710516192949147,1.098952490692836,-1.4191153488724682,2.3858097402739884,-0.6537771314831358,-1.0398438609779919,1,1.0427342865067781
0.6144764408647694,-0.5995706273004704,2.1056048815391746,0.31289928360517294,3.1794173339980145,0.12584839080548607,0.8152830776430676,1.4554313321983727,2.1131804098080145,1.0524253889896844,1,0.9599894151699074
-0.6772732608174279,-0.6977115198860081,1.4791409904560617,1.284085702205131,0.7968502204964295,-1.5120819721115084,-1.2653285362218054,-0.8919452389885236,-1.7491715091812143,-1.5451434008271612,0,0.03164289573036532
-4.466720654066686,0.7042238539543089,-1.8924051639836845,-1.7781390652676379,0.3565179912389843,-0.3740438130218085,1.3451773589282285,3.61400175597193,-1.4470993437343773,-1.9265294064077454,1,0.9994680661690903
0.4501492282388697,-1.317986587363662,-4.280933649620554,0.41554695373524486,4.16492036506947,-0.3301895130586277,1.948234995333758,5.757784620117228,4.201274011922681,-2.4829915976201082,1,0.9311806250461026
0.9819962456975235,0.7062056361176571,-0.63967155005013,3.0319830095349376,-1.8328548203807227,-1.0257824217710318,0.744764088542523,-2.5489393649620644,-2.255505850135933,-1.3735682659565844,0,-0.0158098852290594
2.1611180834587964,-2.1729591478304005,2.1841280649068557,2.705815059829085,1.270110480448335,1.5632937479441191,1.0836839547997996,-1.409008182582125,0.5887461049772408,0.9481570686411789,0,0.01826818710318838
3.341613562327021,0.6867709178905875,-1.5289269528136042,1.5210686292540079,1.6323746721091892,-1.1054579147516785,0.22863727001558692,0.9879668567939204,3.544568030320921,0.5237588697180038,0,0.030648269023729954
2.666840309557889,0.5936690845593054,4.015922691196479,1.26093895178863,3.904225582503491,0.19629318146307248,0.8689682661136148,-0.5015572960457318,2.5948022654146885,1.445528999513185,1,0.9929506051277791
1.3884783518529387,0.39394321507866686,0.5784919831472399,-0.10819214649673936,2.0682989772158695,0.931352404363791,0.22912723980333663,1.0772163288562735,2.4819373988572773,0.8770567082791852,1,1.0765889445300527
0.06411182248301106,-1.9275278247405399,2.971489050998537,2.9473511837723216,-1.5023085828262537,0.6675224006934214,-0.48410010377848545,-3.5774288696210306,-3.3087515117033353,0.5060921654318704,1,1.0503755385493279
0.20018998189902293,-0.41552881940626324,-1.0176641868580893,1.1603191731202211,2.158028991626698,0.7001980373807634,-2.5672872936686733,2.3852278034052867,1.5919949343189181,-0.6475683419895719,1,0.9871672941800124
1.663778165355457,0.8406316058993933,-2.178344868951525,2.3539808149107095,-2.4659976001268857,-1.4391966995545158,-1.0089161381156169,-2.4908728557312356,-1.557752964821139,-1.686468845225066,0,0.03750609060684723
-1.8911759675493445,-1.5205009029478165,5.002480704327835,0.4911651357893725,-0.8459963850079497,1.1335661150561938,0.2819999114172222,-3.553435884577114,-4.238011774453673,0.2753284110494345,0,0.09668967425940934
0.46541445533424475,-0.9539513369003719,0.02842550719363135,2.0120077535304564,-1.1211378991775371,-0.1372159635400764,0.364067511157832,-1.7053866367256052,-1.606244149703868,-0.6406099998983219,0,0.09802423003915135
0.20653108826359512,-0.11047350416309443,2.0077541469357385,2.6263464652837754,1.0142990225508004,-1.1138701214589335,1.1781410759591413,-0.5831242163437355,-0.7601984071721646,0.38905654894061703,0,-0.061399994041124874
0.10707103004133944,1.6203509475040954,1.2300584605605804,-2.089112381373151,1.228703428250686,-0.7448884028201093,-0.26628449904541823,1.0953291083520238,2.002472521344145,1.8667951798626885,1,0.9536733444421425
-2.3617007456004444,-1.2730505070906624,-1.8199881258993842,-0.8449844684678212,0.8542145739459679,0.5572522104045328,-2.8131716469892774,2.647635217122061,-0.40248328119573024,-2.0235463099789768,1,1.0742459393366925
0.9535118433746177,0.643305459590274,0.5096788044562959,-1.4710192983552204,0.36955080908133064,0.9531991185071911,-0.7141944703777431,-0.10698092287602896,1.5002534275281045,1.043456981417998,1,0.9470859474581181
0.17531645210817048,-1.1723451061029542,0.024786680579850895,1.0917730272882338,-1.1448628644235184,0.340120440527759,1.84073227557307,-1.5937965856350083,-1.530864824325121,-0.7159173155140565,0,-0.06612705666458395
-2.4333104702927573,0.5041791637643696,1.9720670439249373,0.057252945937558475,-1.2153162587419593,-0.3577958084397025,0.38741273586384506,-1.6268362828625413,-3.595323860289496,-0.7192261332388565,0,-0.024309706534952347
-1.0230690657190507,-1.80222186921225,-1.3711211942191284,-1.9393603369519639,0.5484076334929915,0.3164213941695969,1.1328370165601243,2.915725987549572,1.8725899339508292,1.1590544894448964,1,1.0210113354737294
0.3007651251939347,-0.924763921160249,0.7007167999727117,1.4700590437896648,-1.4341699343523617,-1.0590252145411259,1.2759641396294132,-2.757666166839319,-2.4237365228067485,-1.1830501088023955,0,-0.005119835330554819
1.441237262791197,-0.7492191019250112,1.5005516948919384,-0.9843662494643185,-0.8008056911754167,-0.21545596588572052,0.7867629049946121,-2.904398068144375,-0.4089294651538463,0.004086210846706351,1,0.9674718189797203
0.396195790746533,-0.8480880834096289,3.7603475577055367,1.372215626368664,0.18410512073679008,-0.5441253314456943,-0.8046593122973089,-3.1082116415128653,-2.0316273955067428,0.08332918020522628,0,-0.03371062308622545
-1.1100942404253358,-0.903912253357971,-0.027823760142090315,1.2911157792175811,0.28779165528161155,0.41111468826661535,-0.08758257143280362,0.6627643685425119,-1.0386757837270875,-0.61745600781469,1,0.9643831467793645
2.107795959207686,1.5528584983416687,0.6647177269207583,-1.4805196988544338,-0.14935791568323897,-0.12162155476586851,-0.6277953523595325,-1.672608499860703,1.3691666028135832,0.6468288747603588,1,0.9560245185670528
-1.3500558590509582,-2.0881408032680624,-1.1703064662596505,0.6417452197654093,0.9574272751854022,0.1851801597112903,-0.41498265781766913,1.7111976884168199,-0.49560441351803985,-1.8028481752798746,0,0.1140816438638031
-1.3320213213380079,0.20134822870453922,-1.9428762297454922,-0.4428258215912153,1.6037204606744235,-0.032638878430799365,0.13499000669543906,3.1221575879760506,0.9372910000621137,-1.4585452232437452,1,1.0148755535592777
-1.4542032328115573,0.19614960565382805,-1.2313574124496491,0.6931288187397397,1.3513394233252864,0.18938925585734243,-0.813881063416992,2.440713528564453,0.013913507717956505,-1.3680811294460709,1,1.044337952720237
0.7518965486984954,0.6156741453384391,-0.6769562390978215,1.3722867455025696,1.2192918061659854,-1.300232648112902,-1.2246521213550066,0.33187823051726845,0.35602201807667117,-1.6234289436253073,1,0.9755461265940538
0.7998722477749594,-0.02090106586707629,1.2735618627575898,2.8840819866431984,-0.843577071283427,0.5991167907037375,-0.7099536442546672,-2.404876058945941,-1.8902267973536624,-0.16600319162706612,0,-0.009297833859302444
2.4475216118733263,1.3841411209927028,0.9898131052400947,0.5569809947171123,3.478157793420434,0.6309440464729315,-0.40307312668415507,1.4918281155778002,3.758199072511004,1.0412465153140562,1,0.9643223009314823
1.937859734761852,1.0253819886388493,1.5723430574785957,-1.1264549055232789,0.8698690995576596,-1.3426997301827934,0.3868812252955427,-3.0201843113741105,-0.17163864618041844,-2.3332759193957036,0,-0.1325854167459601
-1.5898768106020793,0.7593069946271371,2.2937523141525933,0.36700298745248483,-1.6623828174582447,-1.129655141214544,0.14941730504314255,-2.884249901886901,-3.8323130906494822,-0.7980180967953242,0,-0.06890046384239332
-1.3157825458614267,1.524215531596387,1.1298122518401275,3.7780516562262405,1.9197295145089353,0.42231518589144934,0.12846233461437462,1.1245605130529897,-1.5195745186001501,-1.107985835386374,0,-0.09053093399901974
0.7926265694731169,-0.5924839485638885,3.218361720840347,4.3133051563297204,-1.204242313173534,-0.7848721870664077,1.27971052512462,-3.44530043023609,-2.7674813198177173,1.4001169565465594,1,0.8875108111024196
-0.9518910517279875,-0.7826919291264294,-0.8471129967074162,0.9144067614891633,-1.1862335606203203,0.19884733347312314,-1.0159124636993253,-0.6577067741443748,-2.0465164173404595,-1.5236675667574069,0,-0.05976794871490514
2.3346356631925946,0.5561711908934679,0.2252619918941099,-0.17897032547860992,1.9875846152109333,-1.9107350930878735,-0.13183397850538675,0.47255108266778745,2.875461529418085,0.4823933042885623,1,1.0662477839690816
-3.9318703085761766,0.9113882579143598,4.276252175155719,-0.7549408117960061,0.4849317090067782,0.014689994348803474,1.0523491862578123,-1.1614278752750002,-4.178897126853843,-1.0267500459860066,0,-0.002221808385217721
-1.1147959983075446,-1.7079482517315348,1.1335520299113235,-2.924697820847082,-1.6216230070329307,-0.6467062554404048,-0.45705296907294835,-1.003240801393338,-0.7502087216413926,1.39051821112233,1,1.0645281881160586
-0.2037604284585327,1.261793665314341,-0.22228033050512597,1.1511751722602255,-0.1445207228041402,0.2649594993492538,-0.9373276277283905,-0.6138162261493413,-1.2321522447422388,-1.4334458666039962,0,0.020549128845043767
-0.1443870633375236,0.6856453024794908,-1.7299831564501194,0.8635674436503838,-1.7541457774811795,1.6043342012469881,-1.4200428667461893,-1.306949263458796,-1.92922614860538,-2.1164751586688473,0,0.039127941285757965
-2.3922126093899365,0.9898596436798431,0.15951203401362757,1.5113855159539675,0.19038221706702307,0.9711351867459542,-0.45350081384007357,1.8138331291542995,-1.3312662645366111,0.42585389285705766,1,0.9549551502347713
4.750464934383691,0.8704435975068793,0.46775048946397657,0.691438267064608,4.6320069525755505,1.2451953201423038,-0.5916355841775061,1.5540036450371006,6.017780839478496,1.0478669008492412,1,1.0261975477096335
0.17730838513346914,1.5362131093834697,-2.6493392138436667,0.35812156185459887,1.284208681352637,0.9708241492380655,0.9569169659325949,2.805534258937032,1.912394657284287,-0.8394262599660375,0,0.036435711703717295
-0.8064799132858017,0.27517674629345545,-0.3661845700578965,0.5466771583142976,-0.7610860798493643,-0.669888656312675,-0.17031584250799384,-0.7963360894407633,-1.8396987218264147,-1.6057926768901538,0,-0.028832364611684647
0.8044789922309863,0.7933310350134581,4.474951566241951,1.5802978898480327,-0.1642065529104031,1.3528921264591334,-0.6379644185831196,-3.6480068740124523,-1.9179839852553886,1.2089896705823362,0,0.02797701853080832
-0.7392987633292885,0.06325598055174447,3.443859254430091,2.9070786283706678,2.7071996154737406,-0.12206710920791,-0.7826310840358215,-0.7578501720001926,-1.9428598121421838,-1.722671494535441,0,0.028309387928741648
2.001345150993972,-0.9364819529237268,1.9203822156240227,0.7071158190468543,2.2188540918797233,1.4586108407200908,-0.7070182778065158,-0.28843374579813613,1.9147474923970145,0.8320228596648355,1,0.9725223689434959
-2.155287935087788,-0.6340647570421305,1.6613223732229794,2.068391084291018,-0.7793287882158396,-0.3635941439928184,0.3513275050703342,-1.2368532335391453,-3.6812805740641115,-0.9359072875430006,0,-0.056138421613549754
-2.20212644451504,-1.9246482911788885,2.3108343622643037,-0.2616222620801578,-0.5118071725168407,1.3875788172393004,0.04721793491655743,-1.5667849685786157,-3.195797169582909,-1.0258955583370097,0,-0.059206416594913616
-0.6658775343649463,0.5866902165538467,-2.1991790700645,0.030725171496392423,1.450406799855855,-0.24234966248529272,-0.8269753338636444,2.274987090770042,0.6478901175489186,-2.3490710741051974,0,0.004325277096073089
-2.822440637298288,-0.966272705150785,1.6813967769243319,0.40005422306255,0.5161345749596857,0.26143303222526776,-1.3766463255529322,0.5639228464430505,-2.326916162933662,-0.5802056955030646,0,0.016350493439465742
-1.3060176173108833,0.8142210070791462,3.601892317591804,0.6035850394029778,-0.8176895376416151,1.7677280107020554,0.6216409628847904,-2.8181314209458828,-3.2905432286001384,0.14188186810337844,0,-0.03962629152289573
-2.250681942633677,-0.9127059136108538,3.300646461514618,0.00456733801717113,0.6436009787167036,0.04472086121037339,1.0725366635398839,-0.6890021599646697,-2.370366882081589,-0.00013347589895340572,0,0.0013292670663049321
0.6307196968424058,0.0586754127247405,-4.3722962767405225,1.317857158760539,3.7661750574235984,2.0688909755189395,-0.2841982855711989,5.730506988527954,4.133397440262312,-1.8120281792547082,1,1.0285268518069244
2.41335558744001,-0.14593291414156653,2.023303692403855,-1.2473430295164412,1.5246137559721094,-1.3130070631713815,-0.3810417700776092,-3.2933051105513766,0.1487636100996745,-2.716794936914261,0,0.030909535733265044
0.24368839430316047,0.4662125146334942,-3.0223069507786855,1.108746557947024,3.295594621846169,-0.10785550620657045,-0.7855789174058082,4.535939762013624,3.0391613138192897,-1.606699597946569,1,1.0775940060061244
0.8139042995919961,1.1758756932599348,-1.1928119841416325,1.6922671565258294,-2.206080271120382,0.8018974655550206,-0.3441981372532307,-2.4221046696605497,-1.9971492702904183,-1.4972310085655371,0,0.06384904160990217
-2.007409844592413,0.13525333319457702,-3.56173483659576,-0.4269693658394613,2.7220691727666537,-0.1222676615449781,-0.46020974044790797,6.0880578761492306,2.479145575975763,-1.1752703534316955,1,0.9499354283621728
-1.2655495202774412,-1.1731627727671834,0.6180709540757071,-1.1825156082928912,1.0447790226013394,-0.88089438771263,-0.9938306714782873,2.0856053880900514,1.0253793912554918,1.4780160758165497,1,1.084179310476901
-3.2229262711115316,0.04167185394182296,3.9742843183287535,-0.3836475536020265,1.2572100305997433,-0.4299250165137645,0.33545946385524644,0.10807548870845322,-2.4549594679142763,0.29567098895367794,0,-0.02654882522778574
0.8477485611938151,-0.6494580326366245,-2.5005860883124766,4.091625853042316,-1.319605634757305,1.4306450578684862,0.7942400867012512,-0.6409577496742694,-1.4522182982129195,-1.7317170930011603,0,0.05224364062272138
0.7170694574068734,-0.31937171044041696,1.7132521223945179,2.8528469589267775,-0.45118334197718,-1.3576527211083744,-0.3743705652262956,-2.2932319198633535,-1.8015084490179163,-0.07099416186140872,1,1.0033993313025544
3.460043128796414,2.0917534363926493,0.33824667515344,-0.3537415638220346,1.4420114884802961,0.12988562466435957,-0.4904858793859938,-1.2135385447634812,2.636743453365761,-0.17578004241739942,1,0.9793925310771516
0.5981655487695317,0.33334700596629896,2.8256028801184625,-1.210461526377192,0.42531957739340853,-1.027815005314486,-0.4497379411308418,-1.7857143452819106,0.003888218765632728,0.9474124025807525,1,0.9096151570112534
1.4820473354594563,0.8581958262129572,-1.1566036316868566,2.939758351807173,1.5701933858374082,0.4006738261483986,-0.09859518860548676,1.2080847824104417,1.3599665746017284,-0.5582902200323712,1,0.9914217744891826
-3.0690362381106993,-0.47707387136391316,-0.9113775673172535,0.6465335044024838,0.08615515898923631,-1.0683884599410405,-0.3901146449994606,2.204797277877523,-1.7157313288625244,-1.020686067270597,1,0.9220308382347195
2.6474121279166,1.0876724499788384,-0.24361117026495616,-0.6721893119815656,2.80139895799664,-0.8160540589074607,-0.1528654452711618,1.9983090316379337,4.625837594594705,1.5179433939796065,1,1.0483649617921387
-0.6800130208081727,-0.5890469533680605,-0.43908220418654753,1.3458911014239043,0.5338560563493304,1.7002208238995928,-0.7113207328752016,0.8488466606734475,-0.5464096401750013,-0.8173073535739397,1,1.0758396328569624
4.174875675498525,1.0176775860983247,-1.1836312271304021,-0.3131262641674454,2.7765794327004727,0.02508244771156228,0.30553316949926845,1.269566278494753,5.237968216856698,0.5934217279087424,1,0.9601544505351655
-1.2799835107456083,2.706500717463089,0.3061187202956168,2.2155911507388986,0.0727996926792851,0.04391144681053571,1.019534501527942,0.8104156784325119,-1.2413400706690119,0.2869379782309276,1,1.0150985371259635
0.3359919694828606,1.0707398422249086,3.793636010580026,4.180128705702722,1.4899257856659782,-0.49769579998508295,-0.9500831733080524,-1.3636177239611993,-1.4446640704190568,0.936583787802846,0,-0.03626957610039877
0.379862757258432,-1.206392163450729,-1.312042649163423,0.6254437962652883,1.44350386339366,2.3199920212525873,-0.16013228564958135,2.6532025121450795,2.2553893217839462,0.8091536112080355,1,0.9685757634931605
-1.2571444511519556,2.318724827479106,0.23704792474924463,0.32241954321244504,-0.4496800703799828,1.1282331943734116,-0.016648696511257933,-0.9989154515752611,-2.3536586745962285,-2.107297473128728,0,0.03872473519326857
0.059968326014426476,-0.07143298874365092,3.2582592600905103,2.7084907246597196,0.7394625745213443,1.5779556250558142,1.6664917683916414,-2.2854443343306223,-2.2382014495505107,-0.5210590780984183,0,-0.0019269130921706257
0.7042802104591688,-1.967421669348742,-1.2210797479834534,1.6724278572393598,-0.027728218433665464,1.258026736761186,0.32942218633563486,0.07104068896612442,-0.0023445309572873393,-0.8588993806950366,0,0.08698240209655059
2.96727096136477,-0.09471884189462633,1.740566879617856,-0.6891703638927383,1.1618130666336057,-0.9524292382715677,-1.569778432812619,-1.9687756846237017,1.8827513770454274,0.45531282064208356,1,0.9758883760648539
0.0914565368944742,0.8101390742688052,-1.1838826307930979,1.8748470578093817,-2.389849923459569,-2.2791535170457053,-0.9184436023325534,-2.470356566652342,-2.8763351403911623,-2.0811346972604845,0,0.04996681662372446
1.7710990558664035,-0.2683373899407859,1.36430125226149,0.7246005834029041,3.2172653415643357,-0.5414385642118853,-0.17914647752746682,1.3701301320550645,2.977515134765972,1.0445674118515278,1,1.0048706706478892
-0.0780087064997621,0.5527673995839918,-3.3656207543861285,-1.049664047604593,0.3316071288395248,1.224170042282331,-2.610904858735281,1.5342642854319504,0.7577562163097107,-2.826152260624726,0,0.03978890048721166
0.1211397424479822,0.4213402883141452,0.1827818933828449,-0.8804167035641706,0.023040976404810287,-0.5015750867455815,-2.194162865135071,0.16649935695146856,0.621413771992557,0.6814309548156596,1,0.9776421171335027
-0.37177339001895937,-0.5151279010281712,1.6080402889146703,1.7182943902202237,-1.0486460390578485,0.6960076575125617,-0.8259515223559756,-2.347455245012859,-2.6522184114317766,-0.5273084499615888,0,-0.0024779418775791357
3.352327660384061,0.6740267552688337,-1.8319322394186495,2.1015241736305654,1.7411641262305784,-0.4556698049513796,-0.3109781292522395,1.0763659481322525,3.360953435466802,0.0548469594793175,0,-0.005774943964946738
-0.7299725998506004,0.9418643766345903,2.6921324084166356,2.6048878869783136,-2.9420711850510077,1.318515297946178,-0.4095916391434302,-4.984727943691832,-5.329917318758733,-0.894620782878036,0,-0.04180285574228936
1.1170530594567665,-0.05837211176391386,1.8901085400659323,-0.17967780658588062,-0.1366661871104904,0.6103002551532336,2.0883931140652114,-2.3251053542024183,-0.44431916653508746,0.11644753954027731,0,0.033104076729087634
0.7661236442889445,-0.8164958825846508,1.3157907550127328,1.160284393124853,0.4328617527514913,1.8137458253774852,0.6295666324698411,-1.8762103219005388,-1.0609894106895583,-1.3021969970706886,0,0.03251245027891821
-1.1781786754060124,0.9623706244959842,-2.3587176274861474,-3.1487896991563167,-1.1982951826008699,-1.665909543211305,0.5949609355955138,2.1238922275133367,1.2931459484207761,1.0697080279176434,1,1.0296777347452784
0.5117615478237705,-0.7964958609735494,0.9885596219132792,2.2841565754788675,-2.1912767753568727,-0.16439217167568815,1.4216885533096189,-3.5071453472794607,-2.9809408100154244,-0.6084690909734041,0,0.07684828269588223
-0.8913322221318123,0.9284313052697122,1.2107872051273942,1.547796032036104,1.8035497332639225,0.559564602889939,-1.2202119209380877,0.3454577474012182,-1.0820171421579259,-1.662696592617842,0,0.07246724006181518
1.026955768842691,-0.5316497813181443,-0.25019270847022423,0.03708608150802328,1.0486003253586846,-0.7148582690030898,-0.07923879283798917,-0.6647789510232324,0.23925563794653515,-2.1537904241759023,0,-0.018747234492456768
0.4843065510609844,0.9149140019096526,0.4086369536965646,-2.208300989567645,-0.07591321430392739,-0.19896556643885563,0.025378371774395895,-0.04371698942271453,1.310969072675128,1.2396568874335125,1,1.0186526159217089
-0.17536444729631862,0.48434075917321606,-0.14898127711701237,1.6688700375096333,0.4630443627834151,0.7774062262690696,1.1673243914686176,0.5198299049934151,-0.31606784414012196,-0.2972271962561105,1,0.9688199655370894
-2.681138149550087,-0.1221799284814335,3.535373634958467,0.45453833552901424,-1.0376544180933351,1.460597297685411,1.5320262520981018,-2.3773771476382297,-4.326853074425722,-0.34860495032867256,0,0.0011677658057277728
0.10551245941477472,-0.7052611797416963,-0.687902122067952,2.1159000463757023,1.3596169687020203,-0.2903610352375887,0.40811468038246285,1.5680372418092192,0.6009363892342527,-0.41083609517936026,1,0.9700125275440568
-1.143902039544906,0.9995344536513355,0.8891203243892641,3.5576684749224756,-2.533663797793772,-0.13699499395809828,0.45406231144894393,-3.0612686366145763,-4.757300236894214,-1.2778458413601337,0,0.08100351545680257
-1.9158058383861603,0.25496958101613576,1.9244886374829815,0.3129569797124647,-0.5834847129410301,0.5668630101879366,-1.431704481912999,-1.2409519569938148,-2.829551485568384,-0.5797145541966451,0,0.01818490751714814
2.552242451304117,-1.5907709956374665,1.6321495351954445,1.1745822230161633,0.3591025226947412,-0.24139537686665083,1.7030847535597402,-2.2232485570155003,0.6859947435868311,0.6811727486658647,0,-0.010901456405221107
-2.905713014927028,-1.4394647190728271,-2.0946910124931675,-0.05995449991788315,0.7800622683397842,0.607382584781083,1.770669381062148,3.071104968523111,-0.9002487899513165,-2.1758600978133886,1,1.0596809285928188
0.9708891604994953,0.8750488249460842,0.20474187988861448,0.11125940836244008,0.6762694655556589,-0.1218985334916686,0.13699104040512078,0.13047760788389234,1.127982292252879,0.4939213353197106,1,0.8914692295102294
-0.8398035401551929,-1.1552429913695974,2.717090711515123,-2.67720177402088,-1.3202504922789982,0.09760418689314385,0.6227744629692797,-2.411967138574445,-1.5168531882191552,1.0008835490132768,1,0.8992948702567355
-1.1824695221105395,-1.0572325673423668,-0.17373243248648818,1.359216172845521,-2.6558812259470064,-2.0889853940432808,0.6816153669025939,-2.480999166389393,-3.822183196081864,-1.5977055062484644,0,0.0397919327609887
-1.2601874047507398,0.7940283759656163,-1.516918263263054,-2.286874578932685,-0.21110232467167633,-0.5881051480036826,0.7349099403006897,2.7753106338388713,1.6572938406618622,1.7060140688392043,1,1.0030234224058685
-1.6456070704728751,0.9271870744465732,-1.6144333965162896,-0.3532489467705615,1.353167167663628,0.0532306575419456,-0.25668013074227913,2.991598207053778,0.56257463550234,-1.1450830899970466,1,1.012522315013038
1.2670341785432073,-1.8804219738779089,-0.10721894639929119,-0.07900686289534453,2.040809060446395,-1.2235079629151528,1.588489700772107,1.9144004330974684,2.9772167643523666,1.2735469528277839,1,0.9336801948340726
3.469298749806585,-0.3970429415802741,1.0683880538538935,0.09319665053365889,0.17840026417187382,0.5455029173549144,-0.8448006587847874,-3.2182743461162246,0.9316732842178841,-0.5651649834470207,0,-0.0011616855425183102
-0.009792366028254063,-0.1851221526924232,0.47389285387873825,0.3105106112561349,-0.9821124800625375,1.0431382128071245,0.8247683101284644,-1.677239535822645,-1.4769137445669265,-0.6712771917790966,0,0.1001754705200671
-3.6849623899083066,0.02240487587724293,4.880511865148131,-1.8367636871627764,-0.31504362302226707,-0.22116070732402665,2.3893601056092875,-2.033859244961271,-4.132461032748015,-0.05697110958314566,0,0.041209980989793144
-2.297837792302582,-0.6696446279157141,2.487340909160867,-1.2993461112321558,-2.326586981436963,1.0800110259472744,0.6986236090257387,-3.6130492901116833,-4.665285966816308,-1.4681359824528384,0,0.008485327257140607
-0.8975654397846065,-0.07154506267199397,0.3225337341914636,-0.5475247262121281,1.9283482258480404,0.6187812356331595,-1.7102885737630669,2.8370567770223167,1.758090295527511,1.308216178508619,1,0.9780473044947531
0.4194855298070741,1.176305321768407,3.205646211797691,0.11126006333219252,1.2347255502376964,0.791046075834093,-1.7728347852985868,-2.4331368230065475,-1.2695336024361923,-1.234679941363133,0,-0.019728642593469695
2.1558687216954815,-0.22912479630450694,-2.2047243983918703,3.346095332074404,3.5650712657406785,1.6589258175423633,0.6506677503137213,3.5359006363971,3.675807069927077,-0.5304181155310533,1,0.8935401055399991
0.1484928787799572,-1.42376926334566,-0.5496948222062152,2.600501717324205,1.2064282152593984,-1.6906848051924566,0.933089431274813,2.0255566423035387,1.01435549127246,0.9048540679461807,0,0.01288202104605803
-0.11170152485652163,1.1669559475738227,-1.2278989051015747,-2.8866541800091894,-0.6033090773954195,-0.48627243416300586,0.48433134883109386,1.2311186158380756,1.741878933617319,1.3373757865207878,1,1.0422741554240926
-0.7480286520552284,2.3069441253953307,2.383547611650378,2.5906230488599,0.6835969870965877,-1.9768455703926857,-0.5679308850113388,-0.8701621282579365,-1.9402768331249638,-0.09381871447874501,0,-0.07878096635853077
-1.2747079854956525,-1.3551419828012365,1.5110794986917817,1.298816100755113,-1.230798720894388,0.8700691391490101,0.4385106687357562,-2.036519281338758,-3.220365880349607,-0.819602986183618,0,-0.0330708446153408
-0.41397366392792156,-0.28013662385916344,-2.086258434337199,0.8974547893074208,2.315541251989706,-1.3192382584563314,0.19351050534749034,3.4528741532807783,1.7187711550892615,-1.2619458415695324,1,0.9421267683883289
-2.8703246485425202,0.47240399537698663,3.3492299122345113,1.1808385824406895,-2.8189347486610736,-0.8908150317774555,0.6083504269627975,-3.4328669848044315,-5.576021701692267,0.24939672116636058,1,0.9517324402595618
4.6985983783441405,0.4184141408355813,-2.605591679420998,-0.7637299442874983,-0.05422516391536458,-2.3932112641244245,-0.3847025084751059,-1.1911332413059603,3.58015736042867,-0.5474443791689925,0,0.002674081341095011
1.3256946182202984,1.072876695191463,0.09967133277453544,1.7478879551497537,-0.15283540219331238,1.1526718508091924,2.3160830467035494,-1.2328468319146382,-0.2307888521489626,-0.3384630052394876,0,-0.10422010774942372
-0.057044421309958016,-1.006075295496682,-0.8002118179705834,1.885489272094543,1.1442606946637779,0.9006171221916933,1.8624831130456256,1.4450215313360686,0.37217192060450227,-0.6135240469102488,1,1.0307135219178531
-2.2322340637888,-0.7028236456517628,3.1766873864424374,-0.255399781667103,-0.10991340424208129,-0.2601324168037729,-0.0355469211015544,-1.3887113509087872,-2.8758087453303456,-0.14346633056601232,0,0.03769275349668411
-2.519074551073791,0.006486813548670892,2.1291607138759634,-1.3162728384714,0.5230494019414693,0.5915258327063165,0.10484852910849965,0.16072293720393074,-1.7288336598847172,-0.27783363088089685,0,-0.012555129401845624
0.17719050335253228,-0.1556833330265392,0.24989881122872803,0.690860743781192,0.17616731647583428,-1.0261581358630567,0.06251213702137615,-0.8257590208630112,-0.7919078692128098,-1.2167558053788876,0,-0.12403542549922708
3.1031455670476626,-0.3593612700807574,0.3104994011445792,-2.0238937650049893,0.8287153066286937,0.0320299300165147,0.03487774835812371,-1.0484977327536231,3.010975457660604,0.7363083591421731,1,0.9501790686998806
-0.2226072615228104,-0.3197078820864067,2.7208942370457496,1.6005062810870183,-1.3259864127734282,0.7954765224181162,0.028717132077571438,-3.29272884388741,-3.02711324222479,0.054339190506631496,0,0.06164509670513483
-1.0484489282821101,-0.08968154079952961,-0.6477898954217692,1.202764381234465,1.4551336255814158,-0.09964175712395207,-0.3918366629572664,2.370498577046353,0.3865605951032275,-0.3625342372723409,1,0.8611002859635714
-3.059537939463444,0.05563748690207932,2.3629391607910577,1.162228729480638,-2.565405475007223,-0.3824286029580213,0.7887843341043501,-2.606530717580273,-5.281724067684885,-0.36135226559506384,1,0.982623829390324
-2.2157449876161484,-0.6043723507073192,4.751884597504038,0.16597268400073206,0.9147286659838456,-0.4944892841129454,1.1404314359799583,-1.3845656102981951,-2.704940153324541,0.4711871434897539,0,-0.05900003892336295
-1.424329373740161,0.21153079482176754,2.429541984837534,0.09124757621691792,0.9700101265253032,0.961673961545163,2.745835945406744,-0.24747504261134387,-1.3350231288300816,-0.1073542962076508,0,0.04022851507924183
-1.959848582776233,0.30536598007976673,2.5796788125503953,0.8868999540288179,-0.8019440873125897,-0.47021911850660625,0.34915056616430223,-1.7847242132617467,-3.37602048848676,-0.2836049867217565,0,-0.03375569760717307
3.207449749846432,1.0276449137069796,4.468465382891462,0.23943319499941085,2.781786647389906,1.4093326071308507,-0.4464148010047224,-2.6574557523080475,1.6892091590420943,0.770560149515841,1,1.0201977010367806
-0.3531347558988327,-0.4494703367087129,0.5733386185497,0.7556619466784477,1.2581513091470402,-0.36326541214571517,0.5974862990819223,0.27480533363634324,-0.39698609902284154,-1.1884532738609814,0,0.028273020958454655
-0.9047838076199859,0.6058212230973024,-2.033753278888234,1.566922268561285,1.8916269220487347,-0.7411389231397691,0.752757372987819,3.487266756770708,1.0792431842897947,-0.9802080724725297,1,1.091811291986501
-0.77913224676356,-1.2500459376454442,1.8554289212232917,2.4365819038714873,-0.5101626078169721,0.9736806121172151,0.29725778473991177,-1.0632275586866606,-2.075967682745746,0.7536854171916183,1,0.9898529028162315
-0.817608355297428,-0.41823002801145037,1.0493647380990732,2.133910787146397,-0.3535936602311518,0.1368231447053084,-1.1268028116167328,-0.6025475550348838,-1.8207217104241782,0.09275439221541748,1,1.0188022184811305
-1.1329435490397097,2.215660348131944,-2.3677632534368556,-0.003735114609423773,2.078403057795945,-0.236023398857503,0.16262229963007435,3.7995526219787035,1.497996552674711,-1.4522149626302348,1,0.9257472260436282
1.1124630227728836,-1.152250950050175,-1.7948273647137845,1.9953832913246214,2.8422203571853037,-0.726320912475395,1.3859664723861518,3.301948888030688,2.9300942066501197,-0.2854613584460449,1,1.059520678164687
-0.5927728612590839,-0.01604674795113676,-1.7695402018527182,0.7330798989236778,-0.5931757428170621,-0.0002971864320664997,1.1779984468125044,0.2669475581121501,-1.0284653728209758,-1.811980263505823,0,-0.038025442403568234
-2.584282392430691,0.7242299321456123,1.96866471996724,2.49627742957521,-1.8053979601980874,1.2887238294839356,-1.2899351507020314,-1.4650779464638537,-4.268674375692233,0.3345407316903315,1,0.9719622917956128
0.6923407759076434,-0.5652157984523618,-0.8453790748574381,2.010083102842948,1.292427382232898,-0.48416498802639557,0.01770868416990335,0.931467050703244,0.6255180142269235,-1.0023276391842804,1,0.9988876102575395
-0.4408073816228929,-0.7014309706133144,0.6070932099144042,1.0692473266044535,0.645298121466491,-1.7763773794047137,-0.9027533193163249,0.15419316055787183,-0.6042799425859479,-0.43262719101468894,1,0.9218557827330075
-0.022281318171111897,1.9428415117091435,-2.629199012348434,0.05163917755796865,2.6386263039307734,-1.5788798913497046,-2.1429441427308893,3.517092766999834,2.278203367680274,-2.027338207235216,1,1.0114385014464469
-0.30924888610484746,0.10156898463164311,2.1264856274550916,1.4199669415510938,1.6590227376407143,-0.02737385257683141,-2.529797714478328,-1.9497035067524497,-2.382895409431989,-3.5155021434546505,0,0.04837331364625054
-1.243092055502033,0.2515850762981675,0.9271949300178125,2.9572964600865426,1.118770534946341,0.24312183944123858,-0.4444782098947873,0.5676368509405365,-1.6633868511927268,-0.9599987901307937,0,0.01464669117486458
2.2759100725696975,-0.19672183491442002,1.4715516017613257,-1.3934858426305192,-0.20225452093422502,1.0181654307489094,-0.004853774414023502,-3.5948796213485212,-0.1369453596191801,-1.3247419578521749,0,-0.07944487820893625
2.619744774196518,0.9267078956884002,-3.4072518144835957,4.415631318381541,-1.9929461030186868,1.124705374865954,-0.009030639793703471,-1.6241576756759206,-0.694978001941488,-1.6985519474497883,0,-0.006190464716482979
-2.607361999097944,0.7524343390934083,1.3504660965996655,1.1898405433329968,-1.001219171537847,0.3623008107733601,0.3623026511189925,-0.3683281858212411,-3.1054359963676763,0.0378886531384488,1,1.0371014451489746
-0.26263088901949405,1.5284009970729833,-4.059821806269977,0.30910666861491665,3.239739314568256,0.5521838286664363,1.4342161147956642,5.135742522025546,3.0330891170933985,-2.5211861848375974,1,0.9061005617017046
1.768384914581147,0.7057937451091258,-0.20119892464956202,2.451819667925629,-2.109691973279089,1.3343552712120847,-0.6211614085175513,-3.1600404359703793,-1.6343515100594161,-0.4583533195676287,0,-0.0537383006908857
-2.0073233968197246,0.3191906230894803,0.047143680561492096,3.0024989759182574,0.8282636173851581,-0.005082773992067994,0.3709787874390806,0.9877522220792759,-2.3160468891827595,-1.8787537293121548,0,0.043827180204076
-1.3556406456824026,0.06339506252055285,1.725919861817776,1.3502168688754383,-0.27404060690496046,0.3136798956039376,0.25765925591994093,-1.2197206346870333,-2.610897421436991,-0.7405305773912442,0,0.013504771709864328
1.0032971051936714,0.624282849077559,-0.6167120151039653,1.809570772622997,-0.195788784605341,-0.7324144715268928,-0.2767377877026173,-0.645931984219641,-0.223764815050632,-0.635487146527151,0,0.020598579106337694
-1.2057707879747888,-0.48991295506260213,-0.05830113363806244,1.3347071320880621,0.31852648527511396,-0.7307453811673441,-0.03631601864704567,0.7393544819334629,-1.0967373929214281,-0.6857389550706714,1,1.0929747403811656
-1.8724206910627919,-0.049050329495430124,3.2471251162176205,-0.3277046074723138,-1.1268442893356478,0.4022877811600206,-0.09494615524202364,-2.5903936734966075,-3.4584269038166364,-0.07504071589822792,0,0.02342763892531013
-0.8067480211002868,-0.3430878392087785,3.174107319961101,1.48165268340302,-0.5665232798887545,1.7612257744591835,1.488789296467824,-2.708603692282321,-3.058177430115617,-0.16582235565180858,0,0.03289440052165897
-2.1857557202131366,-0.24844274590583254,2.0016564994807218,0.9166443317188491,-0.6536767171512234,0.673205647836425,0.7417729714305786,-1.4643398940633978,-3.5067185534944527,-1.0643149098524964,0,0.1355372763609163
-1.351725307749893,0.13894860168427173,-0.023137093096691874,0.3471978045655242,-0.9474681499852757,1.2905222368712008,-0.6178621788903066,-0.9134946053752984,-2.3760743579878363,-1.6100885115921284,0,-0.010690227904524535
-2.7980710104903825,-0.5451230630464143,2.6419990695536644,2.508742226394604,-2.567483341461259,-1.840619168056789,-0.9262541543990599,-2.370217874170249,-5.095730117596122,0.7423459469304745,1,0.9601058618190752
-0.13544059742279702,-0.1462025090522256,1.7633534177941077,-1.4068112603288463,-0.37772756563031096,-0.9355739751994041,2.4713840494773356,-1.1410423884717127,-0.28664248953560706,1.0601984976836698,1,1.0213898199123566
0.5258467508500393,-0.4931636500888528,-1.2411313247896942,0.9413750361469811,1.4749326388000061,-1.0891184309187179,-1.1177350002634832,1.0721303137030227,0.7705721655124526,-1.8047984128226433,1,1.0219495514694448
0.29493444858713147,-1.6864424979176282,0.4431830886778485,2.174383093041455,0.1191790194526483,-2.356195173816054,-1.2944265666309835,-0.8338039915900167,-1.0661109751521236,-0.7483677384436457,0,-0.02633576959731041
-2.462630557206676,-1.3364935140440128,2.9325540501067042,0.6392557120882496,-0.5876347405549773,-0.8359369207020703,1.55716945263293,-1.6823914449340585,-3.6940821646472397,-0.5039189014593752,0,-0.05161985097774238
-0.7575891641502617,-0.5782593527556564,-1.7979679714828753,0.9696398780765678,2.1671712499151017,-1.7075344300929318,0.4439621262125852,3.699254157508562,1.6613057815182144,-0.5389680522786526,1,1.115492221104504
1.3482336223233293,-1.524844170573756,1.4866798898104538,0.8223344208954699,1.0726151525202585,-0.3708592610180637,-0.8017845576690782,-2.3436907210101423,-0.8227903008270174,-2.2945241786169825,0,0.016342173519401145
1.3767233974734214,0.19650654401024706,0.228561449871436,1.497803209033317,1.649282770475684,0.6030667274729125,-0.9415995966385358,0.4525339578788482,1.3199613320918948,-0.09579755448333382,0,-0.03661426907010378
-3.285245721804719,-0.06740744564874504,2.482625303883725,0.690628296449939,0.1254086182626356,0.4862550743850754,-1.0508331749455584,-0.8657531636345961,-4.060836081009156,-1.8300732934958754,0,0.04579651511397993
-2.215647699006862,-1.7593058647173911,1.38992828266652,0.012440100499809259,-1.044930741310294,0.03177848909324528,-1.2279276464382702,-1.1231435429075474,-3.0309372637625613,-0.7136967928122417,0,-0.005457257578066726
1.8958749629496432,0.9005935867286816,-1.4757980881411976,2.996610088419394,2.499619639151952,-0.27462061828260576,0.3413037837933394,1.9491513711178596,2.2993206001915443,-0.7950065440255456,1,0.9873559276841084
0.3327719846945727,0.7542383809273345,0.41036859591621966,-2.153880596697296,0.7703689091019003,-1.6099527307822152,0.21356529222880202,1.0488201414439209,2.0712374175461115,1.603564436851586,1,1.0281136435957248
-2.8435090229109727,1.2022008209470407,1.5476170344989515,-0.7628916298847745,0.6281469499219439,0.7874142552665052,-1.8565336578780276,0.7707622037724156,-1.8397788233894992,-0.5956173179834543,0,-0.0645941134115845
1.2615345429060183,-0.4019125267741908,2.3065770719473835,1.7681165610137048,1.0233498251369904,0.1273926175542019,-1.0251422255166194,-0.9666231670617753,0.38754232382776604,1.3352519106986187,0,0.01763136019585862
1.5954993441265972,-1.3014106172374222,-0.06695267478856537,-0.46701621570019225,0.5268942046705567,0.9633229201938674,-0.9695317575450001,-0.29596220493853237,1.5305467736986929,0.29967912911232353,1,1.0956477403865876
0.29166821621890415,-0.21886378767228715,-0.07904994283729061,2.913992410954945,1.2108062593658673,-0.9209438759999115,1.326488684387761,0.7968997993749939,-0.0073582044318424005,-0.45030256781750067,0,0.02330888310986554
1.8327367182238923,0.19415327497959786,0.43193213214268456,-0.06969420134495907,2.3440467936561125,0.16373562008086287,-0.3553717615301998,-0.495291422377763,1.3246318328828979,-2.1083402200586363,0,-0.018810605189173227
2.9693195970431647,0.5828797294777077,0.6880358904179862,0.6580877337919302,1.703865448293283,-0.26310038485036735,-0.12299787692671595,-1.1345480647764592,1.9090634976870915,-0.5334013799877355,0,-0.0253552640214121
-3.5610145088935607,0.38964719148024834,1.2958306254621417,-1.0976038397816947,0.05130113046804463,-1.0311265276272892,1.2292618669057696,0.45699004202173754,-2.8259084134885875,-1.3622726786383625,0,-0.020516998667255468
0.5472120882071794,1.9502482988601848,1.8152131789637038,-0.37997273356759187,0.20863835530112596,0.4855502315558765,-0.9009900141891547,-1.4862638779118835,-0.26442277464941055,0.2871580538415459,1,0.987301866097611
-2.134314297323936,-0.8776830263119137,-0.5698417321274756,-2.989341135496667,-0.7307477545124075,0.8972072385652194,0.2152182006305076,1.9817983303173201,0.4639820139036934,1.5782594627654194,1,0.9811096733620864
0.20949374663753717,0.28929380089671103,3.481425431597937,-0.8998852095664549,0.3563022297575942,0.04970814455331118,0.15485644587433614,-3.265405408160375,-1.7952777754845872,-1.0611358746159403,0,0.04581557205372834
1.5038534181961385,0.5425504194667361,-0.98337085057224,3.2465806697295907,-0.4488680194701623,-0.0488965673427238,-0.8896821990423662,-0.9815537758334709,-0.5064401674996928,-0.8132767497711697,0,-0.08666045516044917
1.2681266703101102,-1.427021574820491,0.45703535643219384,-0.7174233632651947,1.7727011484191681,-0.19874999329118861,-1.7059156902526054,0.8798609100501024,2.354738466482381,0.7177469311278445,1,1.0431000025206068
-0.34527734711570646,0.0668003181111249,-1.399304609429197,2.3929940342475042,2.0646011250221865,0.5899661341936419,1.8002690856065182,3.2081899383860972,1.3217596504473876,-0.22168655844924712,1,0.9810156737428719
0.658888821988108,0.11424936788569923,-0.43107707781976123,0.9534663601358877,1.5221978415213087,0.30935116945935026,0.39542376259930456,0.2235745722278162,0.2959720356388734,-2.0598215945667024,0,0.018847389284768614
-0.9950107327214314,0.42864714846303137,-0.037027526767929864,-0.2939817705338661,0.7223800209641097,0.0606612692340581,-0.742793976135728,0.7936594746634229,-0.3599556400684318,-0.9639820395992587,1,0.9436506044899569
-0.5621942276944749,0.5377378993520171,-0.022575458006617644,1.5756666943650164,1.370162848275361,-0.32365685659011456,-0.4587341166495702,1.5244580552941955,0.16576071525609629,-0.27166917930081047,1,1.0664315533424717
-0.48330649412455706,1.1227462597238032,-0.8324444791669963,2.121416926750214,-1.759422284678249,-0.4633242549260031,1.4750828328710994,-1.672345982033808,-2.8068892222320767,-1.849266693609494,0,0.06228174800859365
-4.02465158233267,0.01248849115807649,3.9809126158083057,-0.9078885490855704,-0.3311223416703759,-0.11543431273196439,0.32897222852636815,-1.4449716253204072,-4.468191654908959,-0.7013642863729074,0,0.04797952628750368
0.018908924896446022,0.16984912419064793,-0.35477864044720064,2.6172871150019787,-1.6823840253617912,-1.4713438530175507,-0.08519657620120137,-1.8781386530990662,-2.4819415455035814,-1.0874901584199963,0,-0.07573773878967698
3.0754408144244247,0.7149919620324696,2.1893194255542547,-0.37685552323474913,-0.053636441650635414,0.4713361241978799,0.16570406398175713,-4.0338356308802314,0.18342543427796107,-0.42155685001542387,1,1.0414560535533026
-1.2572548705618511,1.408207420136728,-0.45124618118520765,1.4321261357901942,-0.11718322633072709,-0.47979541647365975,0.34180519802812076,0.3940931786407477,-1.5670514074585113,-1.2095900533182542,1,1.0202427543817854
0.6220664238520048,0.9945420009003302,2.847205275006038,1.4432783237871083,1.3647754104487788,0.5771412491448318,-0.3844408369092258,-2.0883723008729174,-1.2378829730718297,-1.1612177500054917,0,-0.08026356235662839
-1.2449678575084695,-1.693438818512106,2.413853803141432,0.9791922163688495,-1.3934769346021314,0.7988160519257722,-0.3740590355974225,-2.7776683603930996,-3.5412722674502173,-0.5048039603863934,0,-0.0012148691885407745
-0.3686329247304142,1.1698794002341093,-0.006733885738666512,0.5229336636747601,0.6158965859035042,1.2058248298049858,0.6902085743556179,0.5266024142179853,-0.1533235779609901,-0.5275701302074758,0,0.018226724451663127
0.9866757541062825,-0.5328016372806637,-2.1646739721722335,-3.3190456979598175,-0.00502982075716063,0.7525186047160175,0.23330442749185157,1.956538954301431,3.4612841066978968,1.502463898111249,1,1.0278037636911574
0.4039745931368306,-1.2549628558906116,0.25437059188004674,-2.3580390112042684,-1.5891820437006183,0.3379195441506335,2.0175045805522993,-1.8585411021625045,-0.32958466593144964,0.2194506424584125,1,1.0088630683474429
-3.4761230841521757,0.9776047702045654,1.598774970563308,0.8417166674724202,-1.8443982280890516,0.9652058867367916,1.0594687959801121,-0.7998534914664207,-4.189563368118613,0.07134090118912129,1,1.014561570842369
3.295627078301044,1.4320615828510137,0.8856800713812107,1.0150282325586828,0.8318310772237322,-2.080489115117936,1.2060446718294164,-1.6632291779507964,1.834184062317506,0.6347899998275581,0,0.07368056961265478
0.8167524323039757,-0.8630774903485878,-0.8379438748362456,2.6600403281279394,1.6213780994293256,-1.5714258861280297,1.2721453956438762,1.5349670715438208,1.1090796159112355,-0.33721447575728625,1,1.0613016954955339
1.7847075497595388,-1.2898171337260176,2.3082489766520675,0.7419231910499159,1.147235965856225,-1.2286440893040553,-0.7733934408619441,-1.665127417562119,0.5801137698628593,0.4932427377843509,0,-0.14335274768913717
-4.9824399494040446,-0.8822412826425028,2.089060486964758,-0.4120810219891464,-3.117727108324395,0.3830549243600665,0.525852901140747,-1.936668495459107,-6.265047376818118,-0.7800903721565506,1,0.9841280722581159
0.8903988347664809,0.268355824622907,-1.9514625421103902,0.345623256548365,1.4304662350050688,-1.1082323627606778,0.7828727246523963,1.4276739947644312,1.5218878765446935,-1.7155151385724106,0,-0.008232551377197564
1.8022141617831973,0.9103035963769524,0.9836546723463466,-0.6801100601956056,0.29540112060004964,1.1639167682711786,0.6875534584954869,-1.47997684519655,0.9884531700580945,0.3534976747136571,0,-0.08760492863634856
0.9133464640510041,0.164457822597054,3.6793119790563953,0.4647315710384209,0.7410675183639038,-0.04193920804188372,-0.1426013155939268,-3.634223509355078,-1.8044555782725307,-1.3068443003262837,0,0.004709152911615609
2.2504780151394073,1.2470747516086254,1.2888576666261107,1.0073263869477982,1.676982861965989,1.3041243863279979,1.203151223058464,-0.777383504620465,1.5246824903672715,0.21410672364884842,1,1.0624378886205252
-1.046366139004975,0.4699388998158728,1.2428354606155296,-2.9614648773083077,-1.611046750001957,2.075428852538187,0.45536127307056407,-1.0587923511656299,-0.688303730055042,1.512041311846633,1,0.9456716070204705
-3.0477142458245776,-1.588965878086682,4.183583333089049,0.5977764226099346,-0.8074854357856309,0.9041877729608494,1.9558742796096447,-2.4097927041224265,-4.667161742259443,-0.25644119584007063,0,0.016820046934493616
2.764920267397692,-0.5689511212118574,-0.8100758186254068,4.530555414166669,2.1109904764904157,0.5784601743234904,-0.08688582319878747,0.7752748234862072,1.880466595578216,-0.31259007632720137,1,0.9542088261351781
-0.6570089257884172,-0.5976300791065546,-2.084063257074738,-0.29182142534484634,2.0521211926058873,-2.4442531629204263,-2.5924121906915993,3.3886853472712195,1.796327826929574,-1.1825879875040335,1,0.9664043988160161
1.44149030752691,0.6172948822079091,-5.562273610442609,0.32854617647070183,5.38498843867107,0.5102958230043365,0.5799906738639232,7.212121306803619,6.218829256799863,-2.691556057726769,1,1.0738696817085018
4.422524998094445,-1.3567432290068953,3.2121967328001033,1.0156201351744478,3.267184777325476,1.0479137986298228,-1.5087274706973186,-2.204545177922336,2.821717289479216,0.2764098890266534,1,0.9728721089944088
-2.0466428221763717,-1.0566606441907747,-2.0403404596380845,0.2782147583500444,1.9633433824802813,-1.364975447937789,-0.964921008421229,4.274855325634148,0.9710789798648547,-0.9660707127883207,1,1.0231106244505312
-0.8782786580056617,-1.2051627030410443,1.114945980759102,1.6137338734270044,-2.074713306524191,-0.6291771142424596,1.0915588831698395,-2.9972206369443137,-3.8028983329377564,-1.2623734599141232,0,-0.09356090580304936
1.6390763106817112,-0.8287480105689264,-0.8772334430714617,4.321798596519191,-1.9784446770996045,-0.1193753112509022,-0.1149479233861559,-2.6654303214647546,-2.0817054563472044,-0.9709200176567184,0,0.09311587806974402
0.8138602784354797,2.1092081630077955,1.8278300518628643,-1.730296076196562,0.04968299289793643,0.4752800714982347,0.9067916526835439,-1.6797866902464633,0.29047970849757476,0.5540563602223263,1,1.0301326223153249
-0.6570799491837682,-1.0976455588868745,0.1703599779837709,-2.3829464653427905,1.3473435249137067,0.8220418209145389,-1.66478347960597,2.660740438352419,2.4726908056607124,2.051040133794257,1,0.990875007867487
-1.719600016392948,0.9773359003248977,2.074319413483641,1.99117431916205,-1.5267172609062498,-0.7275722154562111,1.3227752484251132,-2.5148248593500298,-4.19986835419454,-0.8664661100897968,0,0.02877732549999474
4.132577467214171,0.9978251713934443,0.8851242221399098,-0.5875625779578215,1.468845410887201,0.44194814182841924,0.1811339967971638,-2.155419311165402,2.677781053653018,-0.33625357697114533,0,-0.07049097144739051
1.1985850196480272,-1.3019541002768131,0.26443350722922776,3.5256056389540835,-2.850016073301223,-1.2795644486762443,-0.9168291903363391,-4.105057548375102,-3.2901445815675285,-0.886085631997483,0,0.05912653708763286
2.7509029136814496,0.17099155764796833,4.709982676392601,0.723145997312,3.6657994580476525,1.0814637435332477,0.28142689171865,-1.5700705918465614,2.0318244326952684,1.0616000687353169,1,0.9838007612251785
-2.935362267912242,1.024965095804072,-1.0630285595929239,-0.3328090276090452,0.7831754076756359,-0.9419322901614371,0.030703033644829066,2.677287948750219,-0.9485408125986494,-1.3970995410062117,1,0.9897965242475782
2.217872634187266,0.18918569107628447,2.1408880001154746,0.18803030680727129,0.05130630318773022,0.7457797579722505,-1.4663953295387349,-3.374795776456762,-0.32783620528768254,-0.4702301301835228,1,0.9754172192517258
1.4093394535932329,0.6956664633839181,1.2415263177281013,-1.1041237374720605,1.3022565354245574,0.6359548668204679,1.4797819662864016,-0.3340860960069723,1.7271931458922536,0.6571139476375689,1,0.9709674298627208
2.9211409506868584,0.807338635527659,-0.3709253670668562,-0.050837462316312365,1.9587062895005225,-0.4896020565361259,0.5584022831375668,-0.27407852550612005,2.5885317397746537,-1.0192852659512537,0,0.03473353058142043
1.19592806072498,-0.06887222262839292,-2.09103119189987,2.505593692393292,-3.7820816799998895,0.6310375731823286,0.7485606973228963,-3.9125124571626584,-3.299108178276461,-2.4231610905076097,0,0.012795342505211145
-0.5822628979303,-0.05005935470979146,0.3670919453000574,1.5133258605131317,-1.1895478545470992,-0.538845178017135,-0.4487743713533039,-1.751306499153509,-2.560125784105133,-1.282691981553295,0,0.032587407070152
-1.2577022875271764,-1.1218525504533061,-1.9110213768154845,-1.7438068793250143,1.9424230969474707,0.6999528785086878,-1.0212434992209247,5.382954027703326,3.616641076492572,2.1683764888837094,1,0.9995602655257214
-2.044226619449107,0.8125951866741056,1.157801547742149,0.6508733719103919,-0.5841463487932192,-1.3023436480332742,0.3960722564144511,-0.03711183829038935,-2.1022803323545025,0.2937432101894173,1,1.025659990553859
0.3884106426119901,-0.5758141300459375,0.8307877239169899,0.6518290603799247,1.4817505589601059,1.540130669860402,1.0555289801264016,-0.17223133746332514,0.05750231384829759,-1.1446364939110565,0,-0.02094243719625192
1.1549134457613375,-0.8764640767615414,3.5555683070783615,0.16277743672939737,1.9461293437020268,0.03198950232859051,-1.0359148784608065,-2.8001273022715343,-0.8428898634045028,-1.7393538284127508,0,0.11148659207047742
-1.656341549098027,0.5114039108715825,2.672673347231929,2.359824867384127,-2.147949880561339,0.9741193762048105,1.1098763519334147,-3.70662916829153,-5.155602828690335,-1.0112873230503012,0,-0.07839652082152493
-2.64529500652384,0.6783280765696612,4.939656310420889,1.548657156185969,-1.9375717079079586,0.4666190645210961,1.573570577050647,-4.441298752644029,-6.130480483537849,-0.44568861778962077,0,0.06304686617814922
-1.2752083733492197,-0.8915993752020086,-0.48101611989488413,1.472955477746122,1.3150894029970512,-0.8264920724285644,0.5876918668528253,1.159553520401378,-1.0795655405200533,-2.3069544095299115,0,0.06839537253604853
3.347038810454399,-0.8852103348087168,0.9888565354349735,-0.750722526154852,2.0288111383326335,0.4425301708096553,0.3669570207400814,-2.2737939350191545,1.6740793131379335,-2.2165617432500166,0,-0.04260794029827969
-0.5265550460095278,1.1701221014094325,0.3201333130509163,2.2073410968830744,0.06334955193818159,1.639211839196674,-0.5835827102252752,0.0508088326363531,-1.143829203450152,-0.1831146618416386,1,1.1114636805277986
0.5447412203084632,0.5947210013160685,0.6601563074971816,-2.891659655076759,-2.071868176017429,-0.19091977849869401,-0.27886947540459933,-2.5828431178029567,-0.5320043496785698,0.5000062409741071,1,1.0497745141472659
0.6794273878348598,0.07617859106232294,1.8861548745341594,-1.2597964849785488,0.7064236018028678,-0.8020427843757453,-0.601446751620055,-0.6897041400669848,0.8853204787750703,1.1466994283384573,1,1.0485569503411456
0.2927617495753716,0.3401399400603365,-2.922787425899142,0.5281345763559813,2.463371984606274,0.694702350055138,-1.065284794507929,3.3609978398696185,2.2727653603177687,-2.0977634990999183,1,1.0014011093512938
3.3737506852181585,0.7572141794131814,0.26999188115198103,0.8224125123978054,3.333111983629414,-0.9241312258745524,-0.31889573299190915,1.2466111840764647,4.28781083493989,0.8287198467845129,1,0.9891386920890661
-1.2434967211519585,-0.07902759874319971,0.8634399882008992,2.1915712583339992,-0.8193196890820491,-0.6793666524590211,-1.1107623829815847,-1.146804340927228,-2.830555614060758,-0.853771209652136,1,0.9895295586480196
1.2078958709341983,-1.430655347400926,2.0922903597022104,1.2603903018826221,1.3823688760865314,0.7897908650703533,-0.5221596976095748,-1.927779250283988,-0.583235105632072,-1.3481403833135155,0,0.01952652981597586
-2.7629904408091566,-0.3725606152485554,-1.4701348125631206,-0.3813409140897628,-0.056341021343940145,-0.45728085648404776,0.9287558311261435,1.8896847263041154,-1.5007387691929577,-1.7997663509162858,1,1.0700593137516947
-1.56911751703898,1.3639470327002352,-2.2067124694043185,-0.6525381274572652,1.219298704125426,2.0287790405804897,-0.5261415410265657,2.6316208221994226,0.2395962316374853,-2.341468202808688,1,1.009065710893071
-2.8371699796109304,0.9635721034584281,3.3072191916537648,1.3349522546676367,-1.6971984860460103,0.3880949927216057,0.18685579778186162,-2.909153894362498,-5.259733740684898,-0.722016909826058,0,-0.04557218115686452
3.1723362990951554,-0.13160517876210734,0.5840041621849851,-0.7581807583449981,4.552446095342561,-0.11858064026152865,0.8068430637033425,2.72984782196441,5.915487637184677,1.7003199759155003,1,1.041221353119249
-0.21051994692171583,-1.01705279472882,1.0681055771235917,1.117996147932018,0.6548905785793149,-0.9623523300126562,1.9188424222559943,-0.6395467538019177,-1.019623684535888,-0.9303367514824274,0,0.04605753731973961
-1.8875944148316508,-0.6536974222076047,1.9537675500758638,0.20103077525167012,-1.1774907407886652,1.4046368066392239,1.0498968509191153,-1.880231436499659,-3.2927004930307473,-0.6492056830319052,0,0.03273297642238931
-0.3071362805194008,-0.7927251591167073,0.27796558887481404,0.8515395123038452,0.15819152928965607,-1.7018938342502383,-1.7412895751587751,-0.3848079344247594,-0.9354707788640538,-0.9074886685640626,0,0.037274945326249136
-0.7140398911897436,0.8688216424092361,2.0189417003183405,0.9138710915156962,-1.0258678997385926,0.8090182247210163,0.6130731592410917,-2.363879840585499,-2.6885869586095494,-0.3614239982726447,0,-0.013546406507890405
-1.7927282829021722,1.036209231483165,-2.8356360987964297,-0.1938331417905954,1.9135271021798315,-1.2616892984904,-1.1900919972468207,4.377655022295998,1.2872820386347656,-1.571327732766993,1,0.953550541643471
-0.4471291442689962,-0.40013894068970784,0.5876723293901736,-1.8934560439850348,0.17860787874362904,-0.6512083076158791,-0.8124123034981601,0.8594065927981361,1.07657531371221,1.6320654621738173,1,0.956590328467961
-0.45127655689894164,0.04199361218699376,3.1580000136228517,3.4937266401003484,-2.1617976317952756,1.7568195485352984,-0.8492020875937866,-4.133873129623425,-4.446770792151926,0.298812983398717,1,0.9182268375771071
-1.7085856527699093,1.107727393493229,-3.033920894802838,0.425130951698491,2.790354608181139,-1.9188300970842695,-1.044829168047802,5.552810618209033,2.155785713282468,-1.150149794022827,1,1.0118474305772975
-2.2849428962573395,0.5787452189963656,1.255049929562737,2.469627917312377,-0.9082313947043914,2.367733106526023,0.15858803998240717,-0.11004482604823565,-2.9294305458728584,0.5415848967189489,1,0.9958275608386703
-0.310334367296909,-1.121944381535838,2.8662878132109633,-1.6510479179321729,1.307653042801948,0.2666418129867615,0.0325668507517885,0.11847920370526745,0.881291256169307,1.9135806706692775,1,0.9780006147735145
-1.2120082620003896,-0.4635513009164375,1.301107277915538,2.088501378189936,-1.521147836915577,-0.034299018613123004,1.1919546532339402,-2.058712869910888,-3.430475959131417,-0.6261471337058258,0,-0.1477809412172535
-0.41593982332740276,-2.564751661229019,-0.4373594032251604,-0.7908213545891998,-0.9299594619742313,1.0914370876780308,0.37850740174485975,-0.8667962787172048,-1.050677346421412,-1.086032347704995,0,-0.06236587348470845
1.3397367349788791,0.5718539508158933,1.0037572622042017,-0.3757254160725626,2.7452189916764884,-1.0393434151127896,-0.6655339448154767,1.9118808099675595,3.3480659328501963,1.8086441228438404,1,1.0560420325701583
-1.4010473715926093,0.20576616001021297,1.4373176834704915,0.9870678613898436,-1.1422808867626668,0.15278537135275586,0.34505548296724636,-1.618558590666501,-2.8858122810065803,-0.46610589741298625,1,0.9667686999968435
0.8603443018359896,-0.6787129615248737,3.351408783771897,1.0105375734138948,0.72707103385809,0.12697025738428683,1.752768461739569,-2.8349072270103735,-1.3323473314671166,-0.4080664988443532,0,0.018029583882842072
-0.6364389027662094,-1.1981406115555093,-1.631850536003907,-3.462726931182108,0.050546177052222974,-0.12784167146455253,0.2742535207122606,2.858765060963632,2.7276314836301,1.9749834889996618,1,0.9304657285012372
1.804384918451924,-2.4445789017349173,2.7533953234565955,1.451683208252924,-0.5146957611285856,-0.3195269243557479,2.280297638668623,-3.5421840342079185,-1.0851982200111117,0.5871849916491683,0,0.07193527411796156
-0.43931956127986893,1.2551573545761385,0.8801888406717582,-0.07596738878666609,-0.04080714326177437,0.2681848481792707,-0.7937623561225059,-0.9134794046237682,-1.1166682681908973,-0.764423227141853,0,-0.0072013830027338206
0.33780116591447296,-1.7612857666994897,-0.30380583955909346,2.6888769465863995,1.1227959278167883,-0.17968491818279805,-1.0474924190729773,0.9391293675312837,0.20570883756045732,-0.32242932062468754,0,0.01450201982417676
-1.3120276480179374,-0.40283780562865446,1.1173511937591425,0.6886563297872663,-1.1206088114159702,-0.6932032109568204,-0.7185839423609123,-1.694211986036364,-2.8619866115916226,-1.00116153281674,0,0.11628898959408425
0.27422548829274807,1.135831450569967,-0.28396283319690174,2.15868073814032,0.7613738048128798,0.23396056982444136,0.6603132145154289,0.30968125639397287,-0.2599782514655745,-0.8731552430871174,0,0.07582200502947019
1.1186740836805669,1.144940325032735,-3.723351149486438,1.2210996059518406,4.227280144429542,1.5829030080261968,-2.061621096162579,5.737110650786569,4.823629217583171,-1.0671152397106878,1,0.9846717189356471
0.5779194859977386,0.16852020532161188,-0.41998766579199986,2.771755053882962,0.2978063405943221,0.07884845684997051,0.45136071903635927,0.6633408176329665,0.2742564248365001,0.6658510557498005,0,-0.02966100924351796
-0.963573900978201,0.3537188491042081,-1.2041905962116994,0.641594217489551,1.2619407208409872,-1.3411153797973248,-0.3483437486325194,2.019628895776539,0.1829346115890537,-1.3758901155673358,1,0.9837227494240234
3.8147087790601018,-0.7536024526934025,-0.5225227757962589,0.674655656661955,0.9358730272121336,2.370068975660139,0.3130856139400979,-1.090570540662485,2.673452798247256,0.007219139179617917,0,0.025494912423826784
-0.3425100335935478,-0.01330399380962096,4.876231761749462,2.59217088195712,-0.6330729150113019,-0.7827592676193803,-0.9017571605108504,-4.390824299767148,-4.060309984708858,-0.05693657962783616,0,-0.005261206712543556
0.14948770908014186,0.43552716940361924,2.5688132756894086,-2.547695042043834,0.28290842560114626,2.173713403065298,-0.07849209810056258,-1.158702503357202,0.4896349477371169,1.4490519858647537,1,0.9802377927498264
1.1335967656100783,-1.7754261406346643,-1.8046538196559698,2.567817279277376,-2.209151129036058,-1.6078621735261287,0.5306450706147033,-2.3865659233125465,-2.0488473398127685,-1.9840351499516249,0,0.07335906253545212
2.1236652532659064,0.7256117715234132,0.46197561511842444,-0.9966165713271014,0.8147771182905957,2.6435633841095605,0.11653340569831018,-0.5450401756428531,2.141140801803401,0.7558390929662611,1,0.9942895054111082
-2.604510564213652,-0.5066093920417097,4.057914271675445,1.6115560084868652,-2.6155416760266945,-0.2989008836739238,-0.28911397044721243,-4.673501113067921,-6.473955749427311,-0.9749050466483205,0,0.11497945465186597
1.1536543534078652,1.0445641811570543,-0.7494759433949374,2.2673299188442426,2.487111843056284,-1.1054734834032434,0.48785281276985487,1.839489822742018,1.7951724616681501,-0.7259602458582255,0,0.004537128187608651
-1.8038568904335541,0.6629344645745268,0.4622694632585489,0.32993680106770695,-0.11062311730571439,-0.07593833306404671,-1.278936054240895,0.5279708103066274,-1.4462904531258345,-0.23443251064665482,1,1.0892659197112364
0.8955911505324031,0.8720143354845803,0.41373008252890886,0.39507974183004824,-0.4159122902243084,-1.2888241393940127,-0.6807593933921241,-2.0973169236624867,-1.0154784649543276,-1.4387503472902747,0,0.01786597113553134
0.912625705725445,0.1429518765536459,1.4555000165687662,3.399335716528917,2.254707011996379,-1.6903489237650033,1.4727324645227837,-0.2654383618493412,-0.25135617920490494,-1.1516948700314258,0,0.04814802866247239
-1.8871509590559936,1.2499909607026694,1.5280782924482148,-0.700255116934043,-0.8828452227376056,0.7962926164427437,1.1640255121268541,-1.4725989408242959,-2.7754835396088726,-1.0216932468575008,0,-0.03623055257588622
0.6007224703076892,-0.5473966650918181,2.2241751371598526,0.4769504389204462,0.854766665334445,1.3972066891244086,-1.1079354827820118,-2.5278993741250293,-1.4899967570648578,-2.011768304963553,0,-0.042687961129370594
3.47734402468806,-1.0621587880209766,0.6329627687475206,-1.7428725476046876,2.405996350122039,1.147622120184531,0.9920325163111163,-2.395372769266745,1.8472982928682888,-3.4216980797450205,0,0.022985297750749378
-1.30709995136114,0.991519063710251,0.6721204068455602,1.709788173552968,2.1896224985464343,-0.9256341336769174,0.6309242503928535,1.0404334660564685,-1.122049221209938,-2.3318322299154834,0,0.04942766212326576
-1.1722518671342121,-0.43242699112078825,1.6678021545743094,-4.186072100782868,-2.589526377749329,-0.16068154979699614,1.1455770242369467,-2.541485675520312,-1.6394558565539128,1.0098049947410241,1,1.002012825100023
1.0395247132533432,0.973228385202868,1.8512915387847886,-0.1898200732464963,1.3181702185575492,-0.25253084036146656,2.351928342996157,-2.089725732645294,-0.5381772081259919,-2.044967769528287,0,-0.06431966675418486
2.4729149461684923,-0.49922869770809075,1.0042367282733626,-0.9969222239546296,1.155995259458459,-0.9207832287586921,0.8944989605517507,-0.7534901516019732,2.4228836664453848,1.002402799124014,1,0.9319870816855337
-0.5171903750289482,-0.24179078541136242,1.3871888189658876,1.943776592254146,-0.757119244780462,-0.6447113858148609,-0.7169486466129759,-1.4749475311326807,-2.129989396264667,0.04964310391650928,1,0.9286431798906879
3.5320037064827017,-0.20863304238805255,-1.144880933389509,0.49186703894537753,0.9917464056059463,-0.9615886473756089,-0.5341300664163301,-0.6424070008452158,2.6741448359087463,-0.5154501591191761,0,-0.08838110564696905
-2.3844263315748853,-0.6996483831147634,1.5573099223053966,-1.5297500614923054,0.6423285498579345,-0.7239336314141773,-0.5402846070166989,1.8694837735336884,-0.001190852580073573,1.8904435837229396,1,1.0054742679723543
-1.663137549176489,-0.37873262985791784,2.1828434049919196,0.24208420974447187,0.6388834986032843,1.780863021580365,-0.8851878960167492,-0.33338687695116603,-1.750017416044829,-0.34081215616724003,0,0.05625219608540127
-1.528874932140194,-0.3098619094765263,1.3727382911081598,-0.9636684525175752,1.2384740369519287,0.50178045878036,0.8476472422544772,0.7646100052145309,-0.4624724008431357,-0.3988209204085801,0,-0.0006707893462404384
4.0026547172590385,0.5760332984958313,1.828794214709486,-0.006929306359248488,0.8809919248752386,2.3672054483504423,0.3680150025208298,-3.3642540783353807,1.515420921313664,-0.2823626180257064,1,0.8869792621331074
-0.14278219475058895,0.25224989621184213,1.8890384710304229,-2.2118487040316674,-0.7892423834581384,0.05824583189383293,1.64268739920044,-1.593134117420371,-0.39083889242709735,1.134547338017165,1,0.9904619769832725
2.6742888023082694,0.6850831864504441,0.7981531871900466,1.8544092797139768,2.2461723514496086,-1.2367952485781566,-0.6925715866988381,-0.08570911697553828,2.189974043334597,0.23636964425039508,0,-0.008139949831630355
5.239995394942475,0.09571420709270953,2.4861933609527695,-1.735218048153237,1.6943927267571222,-0.1513825677355871,1.5642813694308688,-5.0967047275006925,1.774710237958626,-2.3434123529099695,0,0.10479993751127198
-0.8470876046743494,-0.7560124088850924,0.9131774322550009,1.8681049371078016,-1.2716422537709753,1.0982045953874306,1.6614688409024336,-1.94752496181081,-2.993515031356079,-0.9993125136902888,0,-0.07285689564597782
-0.9352312518337148,-0.5597898441629595,-1.953498691857435,-0.10540416887853676,1.772971968500283,0.1770328227603528,0.16176707462407253,3.2973017152289903,1.4186648531346528,-1.0039284547068945,1,0.9804661198700402
0.2138668800958511,-0.13339316151681835,0.7015041480663746,1.485795549072568,1.58065316349761,0.5493684067168111,0.6217997497991662,-0.30259413026384235,-0.5777717947430966,-1.9465859595735773,0,0.08529263402722821
0.5292195196157004,1.379771168380874,0.1756869883204576,1.7869035300088467,0.09057281198504796,0.0762473518052348,-0.8121493216302653,-0.6287930886011064,-0.5519038814205711,-0.4551615805967455,0,0.022498917067327404
2.7529161199269954,-0.780558537552541,0.9686574995182133,1.4255848472220605,1.1078952004783458,0.11544848616950126,-0.0541907880977308,-1.0150092801240418,1.7213242832176952,0.8314156643988313,0,0.028165653675821235
2.779569218332171,-0.4181995040455589,1.3322378572758136,-1.0371201817174787,-0.18196390519711292,-1.7107178169782733,-1.043642451317968,-3.019615141616073,0.8413832180782441,0.025259305282263056,1,1.005729221851194
-1.7082032923133448,-1.6003632083550927,0.23592465121574524,-1.0036213985890234,-0.16737235469033962,0.49532997123797984,0.4058651906757535,-0.11175257815270227,-1.6125724751442891,-1.4799817184414799,0,0.01649717693286323
0.7599428124197873,-0.3423839795103596,0.23927466875082648,-0.28323450304847264,-0.3190355700485532,0.04168545444279082,0.31052210877539976,-0.8104418090094619,0.25278735405812564,0.30154707602303443,1,1.0388804765139268
-2.1381220390928037,0.6530732932277291,3.1189136038627385,2.3257984680198978,-0.34865902956346095,-0.22527545342764435,-1.2036906020455553,-1.7344681747558364,-3.8933663881737357,-0.39097309163061866,0,-0.04047431594463832
1.0062334895813283,-1.5070489168193049,-2.582065181695667,3.0945503953989038,2.247294654291662,2.532939708888838,1.139731063786046,2.901444956766889,1.9471304718439906,-1.3020606465582856,1,1.04390292894541
-2.2743986286580054,1.7136422838797887,-1.615633147418749,-0.5604236475925997,0.623046764744327,0.10813979226002883,0.5885302467704535,2.318155809198021,-0.6250882078394598,-1.8316843614814808,1,0.931349849155723
2.857797945152617,-0.5882345361100775,2.8507978717151152,1.182414809970736,4.390664014465243,0.0893727662206937,-0.1786427286295293,0.5946133281190015,3.511648822040159,1.0939259480338037,1,1.016418398641577
4.562760427082532,1.6662184062068108,0.8404473928773569,-0.7141094531543066,0.8168770335621074,0.9055533340413967,-0.8055712587634938,-2.940424400443974,2.5122073227594446,-0.22371697036414373,1,1.0089370481643163
-1.380023570054314,-0.6889244460391708,1.3895101446210028,-0.636222861086216,0.8859672084650521,-0.4690798949648802,1.0996212685352185,1.3795604783663582,0.27146903787613313,1.4762001636634097,1,0.9691853455903946
1.804615098085487,-0.6611884974620391,0.3973996104154983,0.6128725689142559,1.757267584786695,0.01322872352272356,0.6375744213321859,-0.9446701912097519,0.7204247739100441,-2.0238448473633293,0,-0.0011342637662823368
0.8978421007493232,0.2918953969802052,0.7815777450017924,-0.31789598684126197,0.1987332898926093,1.177608219477032,-1.2162941816228117,-0.7380855098878432,0.5589212590587143,0.5161276452059673,1,0.9688729923667223
1.781226763980331,-0.2814922929884694,0.21375767006179314,-1.8497055624203034,0.40871545064154,-0.021698333751000894,-0.4323518539987325,-0.5133576162959158,2.050438505821089,0.7587596032887166,1,0.9464149336569128
-0.6443441705516564,-0.3885881887962518,-1.789940276683712,1.0775255221872528,1.7087831234562627,-0.32688064983929993,-1.0245947084673348,2.8542686311391585,0.9935621463289451,-1.1427284798110704,1,0.9823192629193178
-1.9802556240701836,0.19935498442488148,0.4342912657876178,-1.0642571220765413,-0.012341381246725347,1.442433462576425,-0.5522814971865071,0.30660666194015834,-1.4524471241566541,-1.006882772564028,0,-0.05519943176858308
-1.2572358335496163,-0.6833621011658825,-0.790358587139315,0.9837447107906679,0.8667841535211863,-0.4083134658662695,-1.5177871838368304,1.5462103233464126,-0.540198584469001,-1.2896298642577921,1,1.0161398732046625
2.826337273994002,-0.05385598813707613,1.776544347182056,-1.7750331951427212,0.9602896845648394,-0.6296359223531118,-0.8613857372209218,-1.9432481718290981,2.130538444642206,0.7539675730596695,1,0.9424957252923818
1.8836435497422914,-0.39402474224177564,1.319428215111533,1.7808079360414393,0.9061603140267841,0.8745466192015411,0.11743656960918189,-1.066250211424354,0.7206158872365416,0.6053087234911099,0,0.03559885114955257
2.4335782872734235,0.628495696326183,2.7569447568582066,-1.971338754362609,1.1204714879355127,1.5722092892991326,0.3583027866092347,-2.29707324414578,1.6531247266308882,0.8544909362067497,1,0.9409260466035589
1.1315500574323587,-1.223561861246523,0.555829541479943,2.067914192343295,2.4808528283073663,0.2351201357399307,-0.17166711498457787,-0.09272567557232583,0.2886565641701672,-2.2701619715519943,0,-0.028314745779050316
1.6064731565082253,-0.20684862360940687,1.7968170156136476,0.7392507157850909,0.8366316836710183,0.36499646075569264,-0.9869228550039022,-1.7871353030997361,0.16700559536427712,-0.15653624831175672,1,0.9687698295892411
-0.9919270070388201,-0.7910088213434768,1.0665643987165525,0.3001041687578784,-1.2674433929585995,-0.13832568484055618,1.9776200559177237,-1.8069827227542288,-2.4862476305362193,-0.6622805285842628,0,0.06625733644374195
2.350057886373455,-0.13686850767266653,1.8905826840765503,-0.10259293837900119,0.8901705156689143,-0.4152559781463169,0.17487035226125702,-2.0808046454756997,0.9860808847448249,0.22267009910963342,1,1.0165144972808295
0.882577511086241,1.1676963115112249,4.535279046829796,0.4172187766699176,0.7446465047606082,-1.1427991427659427,2.08091386444133,-4.907311357053436,-2.8436006225415413,-2.3631079497931813,0,-0.010586690127219713
2.6381186034155544,1.0462819676795874,1.1132006549338633,-1.7110771426571085,3.2565433113621807,-1.2142484719932634,-0.3934242706663664,1.4948077382116025,4.749094599368217,1.859233413938915,1,1.024935972053486
3.4087214990742143,2.097886028650087,-2.9765662067907726,-1.0376263430806292,0.9899437966316738,-1.489205457098057,1.9991028543059826,0.3045157899875307,3.4340536447901653,-1.6203925339294083,0,-0.10535961736648441
-2.7491413649570617,-0.8057416363294755,2.0815639864033026,-0.05237004291094283,-1.3943000369375427,-0.40475265581908526,1.0282128108333817,-1.0973166907550411,-3.3304779211995355,0.33308287558311345,1,0.9978433205179547
-1.6990019920530597,0.2533837281919959,-1.1827841593807535,0.8081551168779361,0.6029581160734094,-0.00524004274688034,2.4165344783733924,2.042864849915837,-0.5555855782589083,-1.0319090703980378,1,1.0998757088902382
0.5282035551884976,0.8929281756579295,-1.2226360856448446,3.1143475080758978,-3.6245173414405425,-0.12186531568854571,-0.5412932360192529,-3.8404750818483033,-3.943443483510881,-2.0483921556544673,0,0.006617325320133628
-2.2896238516932192,-0.7458940228953925,-0.3618236626746132,0.2999551644180959,0.24861362108532292,-0.9303475169440543,-1.9167937745454071,1.4014095359101106,-1.4041959042146448,-1.0342789853806276,1,1.0033956584584667
-2.560550525259373,0.3604410035102746,-3.3635791997310793,-0.846481840286003,2.247619464548202,-0.29458170360239444,0.4945436493088616,5.24209544524334,1.2864577244689774,-2.215967154505906,1,1.0274064189821097
-1.554165466600053,-0.35743767154310674,-2.9321440790404285,0.7783795385588387,2.504926000762179,2.020802388952641,-0.5404470346821356,5.158688898390021,1.9026127630422585,-1.0591435357556023,1,1.0447802621657172
1.250025078621589,-0.9143731597230815,-0.3630979246367918,-0.4662907531294085,1.4756498418989061,-1.380865574472373,0.5020054509353481,1.2605679800066492,2.449962867831379,0.6653211710270179,1,0.900126665355507
-3.8683907702558677,1.4877716377111896,3.5276769913554045,0.06689940350045376,-0.46477701240669334,-0.8941732720597257,1.2365230159153298,-1.2192641956857297,-4.479544470713572,-0.5831206148602568,0,-0.08411632408955134
-2.3927334025491263,-0.7749980617780639,2.242739191984874,1.8866139225775571,-1.7503618339303029,-0.5507531810527515,-0.38503082179656106,-1.7542852964302988,-4.08318735753126,0.35660409567013773,1,1.0105145645543074
0.7168030344235903,0.666701819593133,1.570021550623891,-1.9651984770096238,0.6905447611044929,-0.9314456116460563,1.3316458454278763,-0.5891193417602286,1.1594761722431615,0.9447809059775802,1,0.9642561719051245
-1.4842907685320117,-1.0979593568630452,2.304454464519073,0.6285111205448723,2.536343266443174,0.4474585327577493,-1.6845105603973811,1.8195103534696653,0.1909048841510265,0.6979931993518484,0,0.06560126311099572
-1.0121401634606175,0.9575940645151664,-1.788918759537086,-3.430253094141249,-1.8458918230890458,-0.9031206196229989,-0.3645278113117445,0.8868792832737944,0.6056964902474476,0.9752523262797067,1,0.9842412805057388
-3.4319915840600808,-0.4473505287719325,3.1273590070931845,-2.013347541812009,0.8041858954834078,-0.12039580019762829,-0.239213235783763,0.20161161088007504,-2.2550359126555772,-0.22576471829842637,0,-0.0967265367856559
1.6118041583946474,-1.5510927873063676,0.8764275719161684,3.7532135159744993,1.7387207908467892,0.01375862525883553,1.5923902917209338,0.5975150344210197,1.1926967558364678,1.18534331829978,0,-0.06340069584219986
1.2369940090906664,-0.6577784066915244,2.437010391236737,-1.7432000642829233,0.1262284311609031,-0.6569192409612414,0.8857514869906022,-2.0576760673873915,0.552071861492932,1.1233488461102894,1,0.8625161990184712
-0.9695847341262718,-1.0173395232634879,-0.16847660236563655,-2.330632920944674,1.2317051440843065,0.523467228651114,-0.5368073360970408,3.0019744068497074,2.368371792686992,2.002914999282567,1,0.9882937231358544
3.135474863156133,-0.48980747338125713,-1.3104694565718127,2.449504865649982,2.0891893140281685,0.8607023554010904,0.7535601544000143,1.7005104218424099,3.7193544823746616,1.100882495171653,0,-0.00941920636321917
-2.6262170281296946,0.48051221621523077,1.003732481716093,0.6874463369074292,-0.7976969067228674,-0.2575680217015198,-2.091564360266138,0.12780265224581797,-2.609424163275437,0.06241321803675226,1,0.9787768645109051
0.5327474883030794,-1.053962330798173,0.527218136572477,2.302713746997876,0.7270132579221014,-1.0525445631042083,0.47094687238593574,-0.22805541708533847,-0.314582647061238,-0.29566972559588733,0,0.053943951951486935
2.3068472491730927,-1.3339588551611572,0.831034633789941,-1.026999860890953,2.7018831255244695,-0.8005487412390089,0.1346193714997055,1.185893252154876,3.870183069933504,1.4349859345374991,1,1.0599259918258346
1.5852912513508879,3.1297338106442467,0.17428085005466953,-0.028553209449761807,4.640183731942186,-0.9132571499637152,1.8658858255010353,4.500993923033441,5.540194599707423,2.3097490478124083,1,0.9914805788321944
0.32439938762884957,-0.2075006172642819,-0.483089284852698,-2.4569454255116465,-1.5314137895401778,-0.18993954137212488,0.5770383964984829,-0.9932444767876022,0.251896544887084,0.4970761836979676,1,0.8932653166261572
-0.8212212563338471,0.7503505154978524,-0.5157159672625575,1.6755948004123697,-2.0585713540219714,0.2990162411521912,0.43797156630121703,-1.9320104030830219,-3.1656167064652516,-1.7189893020084464,0,0.030864079024612925
-0.41062221142274924,-0.4816160413546358,-0.9156435887279355,2.920732464393476,-2.939482885501839,-1.4005856380541029,-0.012857352589881193,-3.0530452472575096,-4.175306487056838,-2.3942094736986306,0,0.027768011425428774
0.1663519413291017,0.48228726489267343,-0.5176007386950245,-0.9463869156156074,-1.7030146701878546,0.7476399648927093,0.1299158977090511,-1.1663598639307389,-0.547712255727619,0.21636235142434512,1,1.0154695785078474
-0.7252585780920066,-0.49899226801418406,-0.6848249474090926,1.7550706030296863,1.135856047216091,-0.013784297704203228,-0.03570609136501341,1.9805053596719664,0.23037721976788275,-0.22487792503974802,1,1.0490739874654058
-1.657012999586974,-1.4593953299712044,2.7472527249863523,0.5945426869005569,-1.130376908055193,-0.5098604502933075,0.36792540964273046,-2.607065501599808,-3.661162943652254,-0.6084414278502095,0,-0.058241404823052005
-0.6220060506254759,1.7689243790114788,1.4043619444534667,-0.5404335274394092,1.4506119838832907,0.11721529439666767,-0.218728400216553,-1.1332201783244835,-1.4845408938893838,-3.0826560661092697,0,0.10043776930925695
2.9053280391700746,0.38982190474850414,1.7696223708231815,0.7152673962596232,3.619274925344768,-0.1850161059395126,-1.36208773945578,0.6206231586021562,3.5548125589184165,0.9076127382481439,1,0.9520286123429066
0.24252601807389695,1.6454765376526759,0.4318267252570187,-0.10656702954593111,1.0818404440973026,-0.949538506993822,0.026111250477639764,0.8520436361459114,1.095613441467296,0.6192626532669062,1,1.0374611463600427
-2.178911260040051,-1.5302950576125611,2.0632239793906395,0.5384495022537421,-1.1534525600050873,1.3327759471418419,1.6541751233772584,-1.7760575607856786,-3.592793642131782,-0.6780296755977089,0,-0.08436738472066758
-1.2596479305887156,-0.7721565983770031,0.4292182194456574,-1.7084473737571693,-0.04721711323289801,-0.4661590556905542,-0.6747998834716663,1.034420510128362,0.2766433216530611,1.1698515879576943,1,0.9534867656364975
0.3897505816227236,-1.3262640374766095,1.735984259769959,1.3955053768790093,0.6520048130126228,0.18362415193460738,-1.991838730766402,-1.0721358880955714,-0.6754745211895918,-0.04535081311625078,0,0.07581843233626681
-0.6976163301266392,-1.2287437628553441,2.0040593460812586,-0.9232428664925625,1.4775957496125565,0.9074285323496172,0.5111748227104678,1.097075388180258,0.9213469009658573,1.6587482576129595,1,0.9869550088499575
0.9338450871602645,-0.9638027021457614,0.7667520611615148,-0.8043394742656647,1.7790329199386918,-0.7465712080680547,0.8600298229652509,1.0924239359322283,2.304997442191324,1.1662936326139552,1,1.0419961302566398
0.42773782169057684,0.4911400218109582,-0.21496341479650538,-0.32846276431580934,2.313126740684207,-1.9896832294220228,-0.2419940254582289,-0.01098163023492347,0.13872240677346093,-3.721805082617267,0,0.011847769435962306
1.5203125706398872,-0.5745659512065036,-0.6719336468840509,3.1432379564329267,-0.3179767299058618,1.533036064128125,-0.505318956759886,-0.19098107871697487,0.3930371288948197,0.8575137506410815,0,-0.005247907800008634
2.4026248533211936,0.07903337701952076,1.2985398074539491,0.025575346804211252,1.0168567970294353,0.7170228950770831,-1.044065296019751,-1.3535088234256787,1.5378354791862299,0.4965267533658446,0,0.06819251624663449
-1.806588235892602,0.008301395890137973,-0.5268630906824947,1.8431459468876596,0.21085463362728285,-0.5383423538097774,-0.4962588828440228,0.9161680085380518,-1.8651849892106132,-1.5657834337166223,0,-0.011832941232595017
-1.5326259326329765,-1.1632939666004938,-2.768405179503809,-1.426600745830369,2.2689945751489704,-1.2157468122186865,-0.4322571977901745,4.035832261911003,1.5847543434746858,-2.3606995398652826,1,0.9109630946218265
1.9094578658076728,0.11209705918121807,2.330317095798624,1.8329257750995471,0.9708925495315259,-0.5360014635746518,-0.04989926938503066,-1.6713620170848351,0.40845417756873653,0.9290496665872523,0,-0.04016200459758526
-0.044411983915139897,-1.1703092770681862,2.422469047232367,4.02454546573092,-0.6930687045999544,1.3103874966452747,-1.1820388302084184,-2.0527651971043523,-2.5397961175411665,0.9230802871472796,1,1.0275595864350846
0.7316699175553583,-0.844080809731625,3.0110905382248476,-0.7446234640026035,-0.14201882606398697,0.4165938428145486,-2.3174119737738788,-2.779523018059367,-0.8324515011654487,0.5367991184116955,1,1.0197754553181253
0.45238144714710127,-0.8905470784917315,-1.430247559186245,1.741991457258346,2.069170862162803,0.9254664154441716,-0.18467900856019348,2.235656323611087,1.442873541837201,-1.0988885030513598,1,0.9216470874882281
2.934120404887043,-1.7509292109692913,3.5411731546098277,2.093131380580802,0.6834240936413065,0.7480819007849948,0.548984520432423,-3.985914473846429,-0.43227163926511014,0.20628819246450214,0,-0.036217125970410054
-3.200092770235335,-0.026122848618954968,3.951713290270486,0.09966616627598934,0.40096074923699154,-0.21994514394915307,-0.15907417385130032,-0.9894172815425563,-3.5352446074262827,-0.24689342377791568,0,-0.02908606746011233
1.7557786275414133,0.028735578583817197,-2.8928852530297218,2.5745532094772265,3.3877350929738284,1.0565024037150348,-0.5860882971225088,3.89653405092148,3.6606070805023974,-1.036083437271289,1,0.9817265202942888
0.6558437193252169,1.010546426068119,0.4850087554646486,2.677311131345089,2.528054723760993,-0.7706694808488352,1.1148792672769945,0.5713160384798885,0.19775515885723052,-1.8160903328565676,0,-0.06879567943007757
0.2655920816508873,2.395381078622194,-0.09498501432942086,-0.23630594187969112,0.2762407984342109,0.20013309402692805,-0.4215718477948061,0.5286492684029274,0.8222282821038195,0.6461976825675901,1,0.9685814445940261
0.34515501783421954,1.5503197519317553,-1.575985216633629,1.1444447092408716,0.6452408820148494,-1.1655749299512534,0.042259375878144045,1.2260582986116635,0.6964153608781259,-0.8395168906552902,0,-0.036430524262976376
-4.003865790349453,0.14400159860051107,-0.7703245637600196,-0.5673460928811376,-0.4446926690041666,-0.24925945353565676,0.5542145773353822,1.8954478872613536,-2.563667478121723,-1.507204108917565,1,1.038576662988096
-1.2736565286583037,0.43121216199205586,1.4458785197608344,0.0843270193550536,-1.1054089339481497,-0.9552666543663885,0.27692279151132826,-1.9123141210496437,-2.7571274665216334,-0.8783022387923515,0,0.04045606554951219
-0.3641124958322556,-2.566966456125836,0.3743382656605687,2.8401675120778167,-1.0621094806706433,2.1251901311895045,0.4301801076060842,-1.5828237495544262,-2.5806437193720653,-0.9648844235216133,0,-0.0072905229044408
-1.3522508197995777,-0.6965093606230641,0.2732480149585572,0.26589549704570237,-0.8539596822366577,0.5293750220437835,0.6202665190453699,-0.9942450365023382,-2.3628675685246474,-1.4746073837685036,0,-0.019601989793536577
-4.4287215028015945,-1.355636011730252,4.093457781883514,-2.345947586933415,-0.5256206524069105,1.447494188895285,-0.5271583775123924,-1.5472568059170408,-4.510752493727331,-0.8201793931473798,0,0.00699621560195567
-0.6841528950829388,0.7615454207103398,-1.2883682459848997,-1.0702684489826164,0.6888485635552726,-0.5054015678405673,1.584605888072804,0.709038923761349,-0.20193694598121292,-2.5308479984369416,1,0.9591712446272213
-0.22842466213237378,-0.7589280867455472,0.6569600265124067,-1.024157485173008,-0.2655835790496246,0.6676132239155759,0.983532580239303,-0.25261211468856776,0.04060369442903723,0.7214205406043394,1,0.9426583958916279
0.5739535509806126,-0.3519540651060097,-1.24873287649099,1.1678861905713995,0.20194126562677606,-0.39402548846142843,0.32991342981080585,0.2445225544513038,0.1361871831591799,-1.1114892784612986,0,-0.04701106044628585
2.308206468347084,-0.5818204042217194,2.5936906750494657,-0.06128325131738932,1.2601584468991072,1.1000150718645838,1.55112890262171,-2.264477548826411,0.8834158289117084,0.2594569480442519,1,0.9682593418014271
-1.9604143561375107,-0.20436177084261534,0.609760639466814,0.6848352461940351,-0.5401329384558551,-0.6018758431364065,2.3365425506081805,-0.1694499747449583,-2.311401440907474,-0.727480680010758,1,0.9418263100103864
2.4017567626831955,-0.4748870083506293,1.4478774984984912,-0.13107951242378946,2.166779649495516,-0.7091731272167465,0.2915825272079147,-0.23252393181781747,2.5530778457754635,0.7935051696493521,1,1.0081029779531436
3.8166182216794717,-1.1584760676181736,2.229167226618088,2.4331411103655793,0.4509366726845784,0.8441969270913877,-0.9129519116215956,-4.547540078216233,-0.44035455066288404,-1.345525862595502,1,1.0364857836891854
-1.67802617670689,1.7387716545177874,-1.3355068374759358,0.402893671734061,0.37982700965652305,0.10690293668552633,0.4516100863157163,1.5864917091357582,-0.8650866023160295,-1.66577958894459,1,0.9206450849600879
0.7426904367268655,0.6880186079900614,2.5823982787287374,-1.6458208498543494,3.204690775041103,0.19224187612287003,2.069343945354164,1.6539928014029905,3.191759100553941,2.248658226953024,1,1.0012564355608016
1.0161620112326237,0.2815494733776529,-1.6214300830682369,3.80399063737486,-1.4581719894726204,0.4988606901576812,0.8546127049956879,-1.3293610784723744,-1.5865531267376827,-1.241977999753699,0,-0.01099678976331678
-1.564544093691146,2.5686361394551276,-0.2551193029775771,-0.3554449697696125,0.22146357047601906,0.5668878735376816,-0.16833355043145587,0.6556751385458862,-1.094535635955791,-1.3328731284010944,1,1.0170754342768402
0.4001374472008098,1.187256489933098,2.3828391284097576,1.5768288031502147,0.029658971859292005,-1.478675137602298,0.5627384175947059,-2.0534648387263754,-1.4099132288665717,0.20292561961754485,0,-0.0006469384051794032
1.9095666409791248,-0.06432210996165447,-0.09129784147620379,3.6573500877517695,0.9802435756236153,0.3529977794982437,-1.9819733020301815,-0.2679937510574341,0.5474760341119224,-0.17331223792092632,1,0.9273200360034185
-1.0976741006696902,0.14017779282533163,-0.976814239922655,0.9955757042042133,0.6258302328489385,1.1761132695370786,-0.8661347477177993,1.2697880220026019,-0.6532105051893108,-1.473713759655732,1,0.9368805350571418
-0.5449612597267673,-0.20977633866219922,-4.717050435135441,-1.1775351815814155,3.6112760875167256,0.07172648572789098,-0.031743751967038755,5.753122733419428,3.5467130976041603,-3.2953943622224555,1,1.0014711787792487
-1.8146205656785854,1.3286102714202819,-2.7339759701455844,-0.10001453299710628,1.774591712475111,-0.2241911152219495,0.6415515284969318,3.860559421845344,0.7727907795661344,-2.1393465506633174,1,1.0514390459872756
-2.9335234529364547,-0.9331710490158907,-3.422573907325171,-1.9841642921876614,2.0455097787441643,-0.277296957946859,2.3035685125293197,5.119987418251406,1.118590958453297,-2.5802892333409453,1,0.8892906314478498
2.3416960639268414,0.582624089223645,-1.640766090989057,0.15624759164990232,-0.45425393613459053,0.33502700785995987,-0.15848305596849518,-0.17094662517267298,2.0076718635279045,0.684624621952068,0,0.017286328990078998
0.16325249705706057,1.9823318378489723,-0.29101299570654526,-0.006285138423048009,-0.8341417297855194,-1.0588135767679057,-0.043853128065008476,-1.4162285768556793,-1.1657572244980956,-1.375034018869623,0,0.059481100264382164
0.6428624745199751,0.37089699751426813,-0.23652551373078423,-2.4931098988510207,-0.77330334709826,1.102665630836418,0.9962250925053017,-0.3475680691318809,1.2058127482100374,1.102303108722392,1,0.9923487061896894
-0.3532009893933329,-0.921942594359967,-0.015117284632359729,1.5982480605417348,-0.4155614622083764,-0.7769307185314624,-1.490029521556236,-0.64208402275416,-1.464363128502778,-0.9030100199602412,0,0.02751012480132204
0.6837984498843136,0.12712902340263274,0.9793705756104563,0.6897769296769218,1.713750157201067,-0.055781784622286584,-1.7314436517303284,-1.2150400790447233,-0.6516783314092018,-2.8450882126868393,0,-0.03515345404489011
2.5777445506026404,-0.051356574079560104,1.260061008541017,0.21859921278965366,-0.6956821180255339,-1.1515100137369159,0.21210103669231337,-3.412968565144237,-0.10174272956167599,-0.1752598388201938,1,0.9940316900361562
-0.1162202439320199,0.6336418599051225,0.29835525325863166,1.681945079229067,1.3489545992077394,-0.7370920348291283,-0.5172850951578238,0.6083703192436836,-0.1822154457201454,-0.8998483738365969,0,-0.08104567591540758
0.9220285836901472,-0.39622832284546816,1.172085669554843,-0.5515096970887515,0.7649254181718304,1.1488742083756454,0.2815613299344433,-0.2964185557139532,1.1149588850415681,0.961873769269385,1,0.8827828345790563
-0.24924351585354976,0.558419353672965,0.770622477392708,-1.3531119119347421,2.4546714938876537,0.20190929371434824,1.4047902936677858,-0.8858146133986059,-0.909619975835136,-4.8172042829256165,0,0.047138290061263764
-1.4698054693124247,-0.4258234765252924,0.07888817028818917,-0.7332063884850544,-1.3041213855145122,0.9336859572223104,1.2188898002701438,-1.1282457302621505,-2.2988677559656665,-1.3579777942680074,0,-0.04924974638622209
3.331708964448409,0.23724444748548215,2.2927771267338537,-0.5570573683930174,1.2283679878834506,-1.0688695059930324,-0.2643229287292741,-2.5123991646827046,1.8553085450416495,0.5925454644503072,1,0.9772236077498284
0.520944334700987,-0.048503738881541046,-2.90621635816365,1.1379037671660766,3.400698187521979,-1.4968285624708924,-0.17728934099075325,4.505748077099137,3.3256167522208617,-1.353960251582026,1,0.9306778873364904
1.314651932586598,-1.292057223022751,-1.1700055764508153,-0.306907257546585,-0.44253426237657756,0.3727286971684861,0.11323785589301723,-1.7481937885298064,-0.4251537696511367,-2.6101449178922103,0,-0.0704984851541938
-0.5362195364917306,0.8157681949590719,-0.07448125637716108,-1.3228735492641865,0.9253840893317881,0.5637253271703994,-0.4839926691914172,2.1529642657381807,1.7741849319186156,1.606755516261174,1,0.9913081149952692
2.0092047815040663,0.09085358537915637,-1.774267000841879,-1.059155067563398,0.7321208107495341,-0.22805945707149558,-1.9515487400986646,0.29112100889396647,2.2444089755176377,-1.0249068163752753,0,-0.03647885970678232
1.0158480763280826,2.7289293752068415,0.46891895296588915,-1.2535796043355978,1.647347582262163,1.0065449123907804,0.046711960609853644,1.2022642959343555,2.5821554189651263,1.2470772842158484,1,1.018898549899735
0.28096390783289227,-1.4788990633534707,3.0517794378562897,0.6415670433952436,0.5038405092055374,0.6301915470526794,-0.21384584008452892,-2.002707947171676,-1.0896110386606512,0.36582411199046516,1,1.0226269209489796
0.4910278300400769,1.4062397657685644,1.6275717760855648,-3.073681507427418,1.2884526132004406,-0.995497922119054,0.7667046127368425,0.8876684232182707,2.6339700922268117,2.4324623941999857,1,1.0160424823162304
-0.7781681200565964,0.6735991427699466,2.4229853014488003,1.1677181486049986,2.5468750515562304,-0.2418507183074389,0.17817677969780313,-0.08167988241286288,-1.037999902659198,-1.7552021114729663,0,0.011930039546422185
-0.6048090803387367,-0.29123616292141835,-1.9200562831743344,0.44966445392010035,1.8025694748901886,0.13543007839036095,-1.2739155192410057,2.8612140376869504,1.1881654114895643,-1.4215004215002618,1,1.0788884102465943
2.096742986307235,-1.3455904662180584,2.9403732643561162,-1.4159829462322358,0.7321091774993359,0.6807420430046919,-0.8831718835417658,-2.8736246977516626,0.647570560715845,0.35378412383594815,1,0.9466203115477557
-1.6192501962568855,-0.29814464072354563,-0.7481297635265078,-0.5297993264495571,-1.4885634561117147,-0.6054016061943372,-1.0659559519657296,-0.9239347687415659,-2.529919366063604,-2.0714836010329476,0,-0.0027467433101458875
-3.0578146752163686,0.48992860706681896,3.2076481570191677,-0.32610642884061747,-0.7723979535908654,-0.024145447151196067,0.006730350341930637,-1.7362582221242264,-4.004872638868367,-0.53882322121991,0,0.05663449102597944
-1.666943785517578,-0.8816698776306049,1.0626550595429243,2.140395114977286,-2.773223861351207,-0.9243175676005404,1.2263353651631774,-3.1713000544128755,-4.92245574593338,-1.3800550437484858,0,0.06322699046690182
-1.054361147281136,0.547962398976723,0.1691447014725852,1.271869768070971,-0.5727081793283797,0.629532918935238,1.2445981749467587,-0.772180203199666,-2.1974933776419605,-1.3860233664059258,0,-0.07108818246722864
1.219569888301596,0.7589107564055975,1.7678568320247825,-0.6748834985317913,3.412914122499261,0.10874569748853173,-0.10153202829908632,2.1511602651534334,3.651915071864478,2.1100444328157466,1,0.9843822279172065
0.06722309235851875,-0.6749644536375591,0.6731980732789246,-1.056324079989655,1.8622351012773675,-0.7252021229385833,-0.5709368320199486,2.191617004774296,2.4638837365483557,1.879923417488513,1,1.067906054793363
-2.533643753269052,-0.6956990380461262,0.74943887305048,0.5915941054267999,-0.9145492174972383,1.6983800676257481,-1.2616850670251685,-0.31942372965240556,-2.971674051762151,-0.8077505580882068,1,1.0254039552599532
1.7676439084773183,-0.017886393970536037,-2.0099575231967775,2.4130559985719735,-0.8345226640262522,0.3595033911541852,-0.1405208266792237,-0.8709085140091247,-0.0704759173580508,-1.1632473741145333,0,0.009763151573988639
-0.9470921635092439,-0.26258669531230633,1.0247922070294349,1.7111861626009879,-0.7231194447778624,0.22565826217792884,1.35537430810176,-1.0949423246340608,-2.2689789618525946,-0.3413475537833187,0,-0.010884234671732837
-2.3622879003880746,-1.0058404909367162,-0.8009051049807961,0.16676147340990177,0.8451695536680222,-1.503470516116115,0.13505664848341167,2.5971072864306333,-0.47956122968734227,-0.6224983709787923,1,0.9808099537146128
2.923105847440505,0.2157287085573161,-0.8777523674782473,0.6222022456114822,0.8865434670161848,-1.4959792904745661,-0.41134085939057247,-0.3177457671342863,2.367047566170693,-0.05653053637485317,1,1.0144109531545162
2.0074626987435984,0.45532839195922237,0.8219354280715223,1.2468454197108176,1.363747156759843,0.8042218629449924,0.9143698157407921,-0.6698111602754794,1.2040794002636352,-0.033743807720497454,1,0.9873812937507759
-3.1224419095657088,-0.11325758530007418,0.530888202247805,0.6171959324364091,-0.6500438901421617,1.6646241001299642,-0.05227032124933677,0.8709167586313934,-2.56284308573001,-0.11075666001055029,1,0.9978710689477778
-0.43511755728325985,-0.30106081550504826,-0.04646415734374543,-0.3500765139302753,-1.1631465659062157,-0.7563042591243958,0.6469523040312026,-1.6189668747906836,-1.8061820734259892,-1.4949736708171297,0,0.003929935305751869
-1.5722599979424192,-0.0009702598400190204,1.3266101748383161,2.169864788322073,-0.15822497149427495,0.8658469909127645,-0.17466257074191122,-0.631578389491447,-2.6563692525775457,-0.7313497747830645,0,-0.03390357642467496
0.6334650809822809,0.5893522400232133,0.34157540694064525,2.8613193271304174,0.5892784544486125,-1.4105563156961207,-1.1450029482625237,-0.18436552002221104,-0.3627635654031796,-0.15701888448796653,0,0.02660646869407192
-0.30292000868382396,-0.09936363842468769,-2.590603719469121,0.7541101991819541,2.5760546451754975,1.6931139637354624,0.16004431526609145,3.9776686652675597,2.223127792988203,-1.3737895540545983,1,1.145712232420771
0.31044902002212593,-0.6377412466771826,2.5230664226710777,-2.14898848282742,0.19600232352849245,-1.4171115737327455,0.46996622942362193,-1.3647093219103754,0.342563884285794,1.3332069593231057,1,0.9111506680336963
0.27052226589458117,-0.8978629580039088,1.239932232408803,-1.995780319524131,2.939296695330043,2.660315307283326,0.3069727367078707,3.097664984007538,3.866762298767365,2.7741039736326165,1,1.016200626209499
-0.5142794887069513,-0.6912154311975557,-1.7425299517421022,0.42992874940055525,1.9586559519206044,-0.24021110095995363,0.2345676082705366,2.916322219251508,1.3748947298453948,-1.2212939053152287,1,0.9619904955690547
0.5501444778227174,-0.8275358601758943,0.12536219193543308,5.125107548312457,-2.0869971562507326,-0.9259498357027707,0.7857428591102024,-2.960237827548079,-3.539500614698692,-1.087461716440609,0,0.0288701288759625
2.0983052519073597,-1.948639717064872,0.06109683140741995,3.2748002893804258,3.2417718094502077,-1.020544722138006,-0.7460891557096024,0.7121329133026166,1.5284868361561115,-1.7674655377011976,0,0.002327873666393046
2.0952035641884916,0.10257731562834461,-0.9817368012685823,0.5190744223905059,0.4893983799809616,-0.6329003319326709,0.2903690483665658,-0.10204697644859975,1.7224637319004488,-0.09065921572801094,0,0.03809273870212318
0.5288893820689904,-0.7324296081475894,-1.5554971937342024,0.5275052333503226,-0.9724542365047921,-0.922262090055008,-0.6459985165183396,-0.7744238603749317,-0.6219696231664658,-1.4524426919158788,0,0.05877532882543898
2.208077357705258,1.938763000322883,1.006242285180166,0.7983275666271548,4.090837506706181,0.076021301266026,-0.46812375900517245,2.0048081067733117,3.830187820456107,0.6801141112608305,1,1.0096210558884091
-2.0172942315684437,0.5987114400150688,2.1910392751417422,0.911216524084052,-0.6972647026077395,-0.511268366282817,0.2833980424874235,-1.7093566108107285,-3.499174508156468,-0.9605417193838287,0,0.05660261442070891
-2.3360368444043385,-0.014918905806915435,2.0100196015910616,3.129467567546956,0.9321584145448703,0.9181248369733036,0.010169608368134773,0.5272377544226339,-2.64268541506531,-0.3655049548847431,0,-0.11721489468943387
-2.009813197875439,0.8281776314992024,1.0581525389492175,1.2741179599925425,-0.6394282941680467,-0.9798181238587038,-0.5977377164962742,-0.21759777004542563,-2.4553924488628676,-0.05592236729936828,1,1.0795226148958013
1.6932761500599112,-0.8788758882935521,-3.169731323255097,0.6253450821539299,3.758800020899379,-1.0373042072203738,1.7205569554021438,4.093889851260173,4.2548867095789324,-1.7437368944167857,1,1.018753107594617
-1.0776443608299278,-0.04486349799453063,-0.05537979296574713,0.4981087288447419,-1.0999706624055148,-0.9993541912058044,1.206017026834822,-1.2164081503323059,-2.401439067089045,-1.6367208747528044,0,0.053892167787259096
-0.49511708195975535,-0.864250108457603,0.016171401765320614,0.5523824545863907,0.883543268513032,-0.0642335448471973,-0.08905180699172016,0.6015935176469381,-0.2658038450966448,-0.9517120947596227,0,-0.06099378724207608
-0.7078543219953537,-0.6568290138741234,0.386064332448639,-1.224117135501527,0.8796589825524689,-0.11165347651596347,0.9480954743518956,-1.3187477083351162,-1.7466328044635462,-4.036433333919808,0,-0.04153849408026679
0.8692828890100536,1.143359561200688,1.6481151498683375,1.120734519138479,-0.1851940227561666,0.0735559570887424,0.5306867906937699,-2.2058551030309,-1.0674911557607403,-0.25010949944323246,1,1.0072969147072388
1.8750221814810397,-1.381472298014441,1.4060150695180789,-2.041263916555678,1.573326594738067,0.8006812873702599,0.6192709677555677,-0.07384030213954614,2.798884712780779,1.45340883915767,1,0.9991481055331268
0.08298089641673878,-1.1189145845213389,0.11177201309735274,-1.8822122681389502,-0.5031029919108527,-0.47313201702946506,0.1210776015016838,-0.16635937134334333,0.6249505954745562,0.84101335775893,1,1.0141534294004995
-2.3499682963567725,-0.1525675664533591,1.759181487347713,0.32817463386415635,-0.5680616707751458,0.8632110180904939,1.3551046100036273,-1.0637342900897462,-3.192590221809415,-1.022002056002392,0,0.05422575804649831
-1.4368960030064153,-2.585110859799777,-0.2894019324063277,-0.885126964015039,-0.030285138007371093,-0.6880771901232227,0.04479075234935647,0.43758333103486285,-0.9725962056899078,-1.1964111510581166,0,-0.08826101576514246
-0.8776475032866216,-0.9378955412463663,0.2966772486604843,1.6147241293939367,0.29170144320520885,1.7480378670393835,-0.2866903897184001,0.1357830660831091,-1.3105759373727328,-0.8327430143124899,1,1.0486909535858655
0.055857638443414404,-0.8369194018992511,2.4188675110311038,1.1715526062729464,1.2913795294736738,-0.4079437478514817,1.1617492382562413,-1.4971510870560478,-1.3092675504422011,-1.244898720949984,0,0.0004140954978963509
1.2178484588818723,-0.6340563563886122,4.348690221923844,2.564181567605027,1.2584112183641885,-0.9419263994752007,-1.0321583509686236,-3.1496067195056923,-1.5319765729595114,-0.023012762110312224,0,-0.010189093056227387
-1.220013840193746,0.15128212555007808,2.032783018454844,-2.425406528314292,1.520267538465277,-1.2279007293841124,-0.9820987502620537,1.8023545163203876,1.504243648799382,2.329564025492468,1,0.9264442382807555
1.1466300794693,-0.16569923522231306,-2.4794451905177555,1.155870026947328,2.979408026928768,1.5766685667716642,0.26400382927572874,3.2506809115827155,2.96399354110012,-1.5572686286507276,1,1.0251524334188433
1.1101483450609,-0.6535051230867315,-3.3776549071712765,3.995739296511879,-2.859284209850763,0.6964813098414335,-0.011378077733031698,-2.0701513046856257,-2.544372974780992,-2.695003871128486,0,-0.12070539255155187
-1.8136088143270785,1.601103195075975,0.6628027333483391,0.4461571424407479,-1.5218121403730875,1.1581700197765665,0.15550226682904103,-1.6691716204330513,-3.3855506325101365,-1.5130074720318754,0,0.03241970056193563
0.5671059360423476,0.825899328866127,0.43867057241497,3.148147086616552,0.8028195471044811,0.16883020171973212,-0.6892504462997685,0.2551623546261543,-0.09789645916716726,0.3322721221532283,1,0.9253947082263504
-1.149476313848504,0.7732002167157405,2.53578969674043,3.038371981867026,0.7866723419558924,0.5278150759262772,0.21702392733453021,-0.3746070327060932,-2.0109320236208177,0.38035996073068,0,0.002672895630873702
2.15021820423349,-0.2707317099162857,2.6087791559507236,1.9899559505017899,1.8152339305879475,-1.0410147149012337,-0.6112780984258034,-1.4303816707786179,0.81030233784221,0.6223359077772632,0,-0.005958441866396022
1.522070556662953,0.2995774771395496,0.3349545455822147,-1.9857083148415995,2.3452607196391755,0.8292814326594988,-0.05871295189853119,2.028532607765533,4.043322972207192,1.942433552444109,1,1.0584769073646942
-1.1060435398647241,-0.5541847823831766,-0.43899535816520263,0.6914774736236751,0.17302829582563573,-0.40786057888857685,0.43592809064178606,0.6278525750266752,-0.9796117263914476,-1.0750021433307935,1,0.9910672415493055
5.367744276061375,1.2924481827184786,1.2957649548366017,0.9291415515428907,2.008432594517912,2.6853934145781837,0.2960942633145198,-2.1449433798098747,3.624922461089182,0.7450287242957077,0,-0.03470692805728328
0.3602824631206456,-0.31914037011018004,-1.0967334309361707,0.8792462248344587,-1.196727086741733,1.178216333173845,0.36443693769930086,-1.3629444848132803,-1.3370317802513456,-1.6511674881772453,0,-0.025330134798560153
-2.3383345227492693,-0.42037456378446847,2.315463309408716,0.685604616572489,-1.8859472707355245,-1.02959482010699,-0.5524811904801543,-2.400714523064593,-4.246650133454027,-0.3787194912877887,1,1.063644138437733
0.4023507306986235,0.44819872804403255,0.7403425519553858,-1.1241732438210181,2.05437695941089,0.8687098315193039,-1.291646921317177,2.123170108351843,2.7795750788293994,1.913833557227866,1,1.0268148484590447
0.632520655684742,0.9640123513812151,-0.7283182443681087,1.5508849209944107,1.0796816537737488,-0.668488479884408,-0.4796242845124562,0.7332281899423895,0.572235224457375,-0.8863643878510798,0,-0.019281499076158067
2.9719017820992786,0.580669294577903,1.2691433426844296,-0.3724798028622013,1.0976769753795192,1.2115942276594733,2.020502819187027,-1.613937288573771,2.018245605120222,0.5029998374487303,1,0.9881776790017743
0.401580857351311,1.135147459436739,1.2866565199954647,1.9153588561643704,1.4801654994757516,2.0789460237001247,-0.2533811664800067,-0.012220779286188622,-0.033761740580909645,-0.1968282490390465,0,-0.07835885452927235
-2.0385249790775144,0.7064874131687557,1.6071642205972005,0.20493649558807758,-1.4221371920276138,1.2502295202621392,-0.06167643903676766,-2.270765264911794,-3.907260913946464,-1.616309009788954,0,0.01942371004257705
-1.0324974348180453,-1.5595981345362069,0.7136198502790424,-2.347423631267482,-1.3329742270403284,-1.0300938428737734,0.6697976825318456,-0.5968451580945735,-0.5998764072930479,1.0972959367892292,1,0.9120092146152268
1.3161170361749597,-0.4129955752022856,-2.3943280241506297,2.5948500948315747,3.0147094799161303,-0.5876918054380966,1.2751339426220947,3.6008473704487556,3.070692608093637,-0.7033424282086843,1,1.0375898232917729
0.167559511007361,1.8278047400140724,-0.5542990993311951,-3.520005708201188,-2.183006443073335,-0.8469903639197439,-1.7632400167991082,-1.329350954513803,0.15875395225267364,0.7280633928545877,1,1.0064310796245632
-2.051638355432936,-0.8053860899049368,3.622384495664226,0.399896619972804,-1.0304792436879098,0.1812876546055732,-0.6656219898565755,-2.569295688943276,-3.7736602875443706,0.13573099931205923,0,0.11934758997869613
-0.6754897377642783,-2.1098946908085874,0.7266219969702774,1.2492306648082394,-0.8043385834228326,1.362813413130268,-0.9991494990099499,-1.403910893687856,-2.1987754774485544,-0.8794591915178919,0,-0.05500677768621529
-3.119563855273999,-0.8171591524389354,1.632895966710671,1.6268559619748166,-1.80104549226771,0.6604660422951086,0.01926623759418135,-0.9456020013284777,-4.177111245494131,0.1751986417471425,1,0.9948668954479684
4.6556852152737225,-0.8598045586099284,-0.8968099470638533,0.7646598300781511,0.9639764615862687,-1.4816080439023998,1.4772333126593205,-1.2158042693730362,3.350670013385703,0.13372968542878438,0,0.08991438504615314
-0.40227645869254547,-0.7022962559187801,-0.3102205059139771,0.5313213833592392,-0.5190591585991022,1.388237124047729,-0.3661648500061408,-0.660100071934982,-1.2717840287449653,-1.2294182615423734,0,0.05956948201457072
0.02546011989331287,-0.17987698699727955,-0.3448332629786197,1.5421739016821614,-0.7713191426418979,1.2720664383681421,-0.7775159577221228,-0.9348291554419699,-1.3497625967502604,-0.8857784660416588,0,-0.03481060257899499
2.177475451770867,0.546408747041189,0.4287470704422196,-1.466044523680434,2.6180861599976017,-0.43868430882472365,0.8301367434976151,1.504000305726677,4.077241448100897,1.4153907173708529,1,1.0111983714186723
1.6549382302265259,-0.3799865044439756,-2.2318086071633685,1.3561543955637825,3.0186375250120814,0.03848359450735666,1.3171035244044693,3.1001701867381337,3.3836714911605594,-0.9585445258192218,1,1.0000999678207543
0.9926667820193626,-1.1085420343472783,-1.5022477581260565,2.7419393207799025,2.857786435559527,1.40917119848684,0.8274593605940725,3.271487214084203,2.6139427555175625,-0.0861823857962506,1,1.014097793369708
4.556307178269954,0.46068969670414633,0.6834910049707461,1.6079923807609418,2.67128046873436,-1.3679148884707935,0.8511971837090934,-1.099112910860238,3.26473924506932,-0.32599797847069856,1,0.9650659782007585
-0.16323935556088376,-1.1566082498683836,1.4302258713130647,1.2372005275002067,1.7967733087472144,1.2078030306900924,0.42726512020058005,-0.22809546798117974,-0.6773469428908537,-1.52576062067589,0,-0.004466020135036726
0.6210385756486987,0.04389251533894396,-2.2931881748731957,0.882971526548495,2.5199866561393742,0.8564787620467299,-1.591304726178969,2.724051218009106,2.066725826082042,-2.042107224231986,1,0.9200973812361644
1.4825474746088263,0.6267857962548791,-0.40898827848454844,3.720225423901146,1.1876982808455827,-1.1195968819119537,-0.11005065544130734,0.35825276909387194,0.548378819974092,-0.3520713301130284,1,1.006756172593404
0.4117269123277132,-1.9975288593049567,-2.840395592009749,1.1098525005081779,2.7904182380831646,0.03800431242025422,0.8835614394513814,4.068004627375896,2.89526930484339,-1.139277414154972,1,1.0225010336710916
-2.8812100966039575,-0.25448815055570445,2.4041819338922537,1.5054782402535776,-2.2170054623416764,-0.8462129630755121,-0.09729792570135506,-2.219265059633249,-4.8501942705846295,0.001553502838938181,1,0.9886290293678058
0.3451011926258225,2.20683954679381,-2.3458174083749443,-2.6264928999326416,0.7977699068752595,1.0870359510550922,0.9640809032335813,3.4098523389967608,3.7885986897295627,1.7493951225921758,1,0.9192474554707606
-0.3038143659301302,1.0105648394903881,-1.5833482311966502,1.5968883132866134,1.930690792294858,2.2292261575675645,-0.9828111136925728,2.7710522414162764,1.152596861381836,-0.9858123125902113,1,1.049426593142573
-3.620496032528025,-0.7436225619971856,-0.2341669630845803,-0.7843460981703381,-0.28565665128212836,0.821457784054424,-0.9160518452054599,1.5651109803291876,-2.269688970716347,-1.1392599997801462,1,1.0182262518996401
0.5788478474599338,-1.1720064954169611,1.4540463298813677,-0.7682978515540008,1.601365439452084,-0.7696965446965348,-0.09899018743041806,0.7081640636171589,1.7389369427138381,1.3859643506963706,1,0.9636992451149512
2.3847769924018567,-0.6810856663158112,1.5557315816084665,0.6142309070969705,2.5084627823721686,-0.4213850819634588,0.6457098655112854,-0.03811278528961994,2.4705525252746914,0.692711305643499,1,0.9859699776580968
2.831437526349113,0.5173645778405016,1.346962991413838,0.5447790734111646,1.9367509411175592,-0.2561787961987284,1.128243853383209,-0.9965932796469634,2.0749899963136964,0.13736971383025254,1,0.924966529860908
-1.8232743396547963,0.2893043547807734,-2.758554902822543,0.011595727251083487,1.6344577157464082,-1.2006536383741908,0.5873792643316313,3.854933184606072,0.7383442730081086,-1.9626908248553716,1,0.9487294936111048
-2.504518453483205,-1.8648347834747456,1.909176293258053,1.5080537981092124,-1.5285840146063534,-0.034964069944619716,0.2663924036989001,-1.319266551039298,-3.789103828247096,0.1534282449690949,1,0.973109432682143
-0.5717673238010574,-0.32339656488855784,2.6830653681049554,-0.1115371701361687,-1.2765570733198297,-0.6820371272036796,1.3222839413354668,-3.861962547817143,-3.466529156553998,-1.4606480597938414,0,0.06142104061400756
1.2699950841409633,0.246128422664322,-2.935970652787537,-0.7581907562610113,2.070069575994128,0.8938520615297094,0.11690587382775768,1.6520816957882578,2.1317537169684697,-3.3822451935121247,0,-0.03197516954437379
1.9362692615630503,1.3051593952158151,1.1554102110137217,-0.28045803593606444,0.7970570813442028,0.26466431746910696,-1.2147798160671308,-1.426673679834404,1.0347810363855203,0.0037876457473945413,1,1.032010682966438
1.489689092143815,1.970959168340643,-0.5719557260442685,1.0414905240381716,0.7760919484322618,0.8891459188165428,-0.500238091799737,-0.6167906628154317,0.4441571927186654,-1.5820086049703572,0,-0.02691581014307899
-2.0241894122485027,1.9978791928845603,1.453632210254467,1.5472395444662272,-2.146967979421704,0.2880285209265637,-2.1446015493639385,-2.52367914934096,-4.486159178718642,-1.0896193633550704,0,0.012397378042593743
1.4408225710604405,0.45287944975428823,-0.9735322505589592,2.6426484858692367,-1.131831550399494,-0.855643085829593,0.5663209036543637,-1.7872999390164017,-1.074487307645909,-1.1527645179418815,0,-0.007069775107190109
0.1562250297208414,0.20746202938212074,1.5313386067412158,-1.224045451570593,-1.388403032920856,1.098634233265725,-0.051121903736082296,-2.410714999483135,-1.1779826704103855,0.4704856681518115,1,1.0436528300046373
0.8992865280285224,0.453730032996997,2.738733691639707,1.1661040264296407,1.485947977833494,-0.9307813440139302,0.19610383315900093,-2.541906150138665,-1.3408803764480897,-2.0153213965235146,0,-0.026740566910927896
2.9470218304480866,1.2707339265460942,1.3828724171195037,-0.5169744599056754,0.29304878695384196,0.5316153420624636,0.4287884676855479,-2.9774415603662696,0.8467162432430682,-0.44231418377335485,1,0.921373587499878
1.5664653737067473,-1.7739476823147677,-0.05530325405006664,-0.5896363142115615,0.049593239676587686,-0.6845218204297343,0.36162127662424026,-0.8001605269490336,1.1168724917434139,0.185644372012584,1,0.9309025484318184
-2.1083484997669197,-0.4928476099758523,-1.666910467279553,-0.3471159613297128,1.0487306239776004,-0.1212951145106374,-0.2056128740800951,2.787569495246417,-0.1239562262648331,-1.5987148330842809,0,-0.02659387469713787
-0.9347261668366114,0.5425710658838241,1.702004940422075,1.8793577879168315,-0.34472991328332236,-1.4942790630961336,-0.13738172632529547,-0.781402008511487,-1.8671716085352603,0.5900268825893209,1,0.9375470014660974
1.579083503513763,0.19941300881428883,-1.9156573139345427,2.8237979332337213,2.749822876195039,0.8306319002266859,1.6579872084603617,2.938755450954931,2.8149078974577386,-0.44681366073186546,1,1.0205106007839775
-2.9531648419963252,0.07702981868755344,3.33853458813309,0.3215070476177636,-0.6009880397297969,-0.642394852110431,-0.7235924559916048,-1.9513739165185442,-4.2927906614957765,-0.9127648364860514,0,-0.02328840824290389
1.4600862664407432,-0.7887859109308419,1.2767039134556721,-1.1337498969550468,1.3011321075863322,0.9575653800262061,-0.14225353815148165,-0.14851976738651151,1.9867543280385576,1.09994584365921,1,1.1187303275013216
2.701120856525398,0.3219319678623509,-4.236489696754056,4.1038439494687555,-2.7683044854326715,2.0350338038287483,-0.23713250723195461,-2.081641533845358,-1.0692544957881276,-2.336596554620567,0,-0.0868857297568566
-0.26811598717591334,-0.8101770000495678,2.1011187994588876,2.310080887286933,-0.7747304698410842,0.13915083905228381,0.6736718508782562,-1.3668882858285076,-1.6552351990209209,1.594567222011408,0,0.010181658935490062
-2.1698041681753004,-0.3943439289717366,3.486324201419554,1.689097956587769,-2.372961413175986,1.1567065970898733,-0.06955443194533178,-3.993823689732057,-5.53971864084289,-0.5180716650590302,0,-0.05639765117528345
-0.01630428381108906,1.7370283759293799,-0.7512617945826474,2.0298789209978843,-0.7155786214142664,0.17079099418514573,2.4755974169995865,-0.8199799251251587,-1.5575740985169992,-1.4278496152510267,0,-0.02467006701913393
-0.5695697275866725,-2.3175698674084497,1.830499824297223,2.0069485113138175,-0.5925645661220911,-2.810868485158295,-0.47386548674010315,-1.8182363699801156,-2.449398190284127,-0.24837937768338192,0,0.007070973667027209
0.0027515281316017326,-0.9355453943077168,0.033188764897635004,2.4539779378902393,0.5066504136036574,2.113713644626159,-0.7449550849041908,0.39545067691713237,-0.4400768132325921,-0.13949141265010012,1,0.8837314312562856
0.7191091433718166,0.12791736252448482,1.7982324428114351,-0.08366894618254883,1.2649162360969077,0.45656185686985984,-0.9987707875020796,-0.2526344683534037,0.8825385650793156,0.8838462329400597,1,1.0118413058394014
1.829496136001246,0.03867549949887158,2.131003380572542,0.5343319285336594,1.8670753426260815,0.13614114715817352,-0.8739331971418307,-0.8371406494345788,1.3490923902204823,0.5603142751660104,1,1.0951453731137084
1.1650893510898122,1.3254685699172908,0.8399395788091971,-2.082214657748727,1.953125010143859,0.00903844177967628,1.655426202176529,1.3259941692656512,3.1842953136279015,1.68558077138229,1,0.9773280850815703
-3.8139560878283043,-0.20817951940460028,-0.4137196786982109,-0.08724339843578588,-0.46752086358118317,-0.45777528655866717,1.0166347609738913,1.7041913567400588,-2.5861942765829076,-1.0820154880395818,1,1.0129903928402755
0.9421991461809499,1.012349797254572,1.800458737613677,1.8409432429746087,0.4667890527139513,0.37373477453572995,-0.4688148223852451,-2.0775206062670843,-1.1443016654449276,-0.8215421060344126,0,0.051246084656269966
-0.06333064476877714,0.22084282508078565,-0.29044608924520765,1.4994050151313987,-1.5626773094758637,-1.313331219637682,0.6566221382491745,-2.0156378127495196,-2.3633428845007862,-1.5097113956896804,0,-0.008197675001349828
0.44006137407455415,0.7427950055300211,1.0021012504069673,-2.3326411838447036,0.021468136607621147,1.73390773692296,0.6314244536233111,-0.40102891137265984,1.0980220262950597,1.262595667201517,1,0.9709519905734258
-2.4860807893470787,-0.9839892694251048,-0.7514141935468588,0.8371189999660492,0.019949469321131508,0.6009394760810538,0.4294562110405535,1.6327436908443191,-1.6346415849020781,-1.042574928993973,1,0.8862131798139123
0.8009955536358454,1.3495393499382646,0.5474289682476438,-1.6391336685205316,0.4548215014727577,0.771618258765491,-1.5894275565254108,-0.12698562854918855,1.3594390806430887,0.7515722600613233,1,1.0320495359697486
-0.4998026714063224,-1.0002870320770814,1.7182455220841149,2.611749100507871,-0.9441679546019879,0.33813239834572123,-1.3161315965585834,-1.3070825170182538,-2.029111790421793,1.155478111181183,0,-0.005658420486444862
0.07132721100602768,0.22573823405822518,0.9168244410520864,-1.3096028703589893,-1.2713503117559202,-1.154465116541795,-0.9011017571403687,-3.5861274702085497,-2.6008176194470076,-2.8217176295264843,0,-0.05063419256940809
0.38030670181742154,-0.4389151892704748,-0.6499441585447954,0.872322429196831,-0.36801614925718185,0.28395762842368977,-0.6843150221723041,-0.6811662698805685,-0.6446278845046488,-1.1429410941413132,0,0.0063298355138846785
3.5889443618014853,-0.8398421775857382,0.26044084854500194,0.4061726156263492,2.4548516306244523,-0.09080604764035007,-0.4229994511754002,0.032500138370486376,3.5936972642504714,0.3687817495644071,1,0.9708159821596909
0.46641450617482993,-0.7161200239944692,-0.6279168777232786,2.614126054225098,-2.3387156702099494,-0.8559484715485491,0.5102729631740937,-2.8272042415389422,-2.8924364126394644,-1.5791537012391323,0,-0.02642130655577628
-1.8470140112438496,0.21436389724471167,1.8618782659344908,0.25263019352610183,0.4574687159512565,-0.5843620898737865,-0.5365743405007704,-0.28091448543324343,-1.9679494797284443,-0.6222681405058474,0,0.03031455780543541
3.1378783511088484,-0.8082182918907647,0.4309363704578586,-1.2630067668859057,-0.4746926184685083,-2.434182040219802,0.8120484462545227,-2.793899610866915,1.3282374080132247,0.003711248755728036,1,0.9330808794338078
4.377028304481519,-0.5878155667497309,2.1561233316825046,0.9289620814450015,1.2172998538097286,0.1191171755810818,-2.1252319962745703,-3.49687316867952,1.5495542521836678,-0.19810122322095514,1,1.052365764303688
0.7285962983637868,0.6146151754113205,1.6836003786614446,3.1939044949409547,0.5651377862461415,0.03611342341627656,0.3573049726492539,-0.7497358886470373,-0.5380590464386452,0.9456382086594217,1,0.9301156918440798
-0.3592911139793833,1.012899568733763,-0.07079005356198564,2.1507681596008714,0.22877467152465047,-0.21652932680737683,0.486809711783723,0.5770412561369469,-0.5551733276012085,0.09522535533213472,0,-0.033135070417763195
0.11425490424340357,-0.6235367450731416,-1.9897200988823356,0.5126176973725092,2.4424738824130108,0.45499536933324924,-0.447095986375384,3.041291287782464,2.0277282283246985,-1.464296081017956,1,1.096147309703329
0.026445056065364625,-1.9055582088878227,0.6318799734605504,1.1710806906191276,0.004278991916084607,-0.7044331816648255,-0.15756607146243087,-0.8458110931597469,-0.9944207305783761,-0.5831172956236843,0,0.056367738082121116
-0.07081557608737421,0.9622329433786669,0.44873548658509577,1.0241731798955458,-0.6526449266736625,0.01454489567150533,0.07876633878818362,-1.348066218247822,-1.500882367625098,-0.7553525634197693,0,0.00488019962477201
0.4405664683976356,-1.009400438033532,1.377882030064785,2.855697562981554,-1.9815436033225806,-0.5775539651414877,0.48669209286541115,-3.573050977450223,-3.2273132411321215,-0.5973990764895356,0,-0.04702651077506083
0.09780351243993723,1.0008936513551863,0.9547573898081261,2.081695470942642,-3.8389640950390476,2.120343040970604,-1.15572837906554,-5.560589098901993,-5.158332358463148,-2.0280727975395996,0,-0.026463615334994663
2.5475133919549284,-1.074033967672021,2.9300018840022792,2.5640368921158965,1.5271692137390294,-0.2873860530919765,-0.03164030662120334,-2.393248253274814,0.2589909812967124,0.29392575149040256,0,0.0036637657292848203
0.5154611183226648,-0.7463487473568963,0.49085438859486086,-0.777065618000303,1.2875679187910247,1.1555523466028783,-0.525405523722999,1.0871491172456942,1.8251293787016318,1.102456545963926,1,1.00187616161698
0.9683061925203766,-0.5648613533783249,0.5591983372320192,0.7763945801535962,0.8076107444220104,-0.6591101431574579,0.781648593680662,-0.5715634158347398,0.30236190101810134,-0.4755006983418062,0,-0.004543546481298143
1.5087387168457478,0.2133572864972789,0.6553874991034933,-1.0546514890329481,1.3231691283316158,-2.279525304660622,-1.4955071106404982,-1.6764525176310516,0.326273746059143,-2.5252671247608944,0,-0.0015416257042092166
0.7592010018086892,0.4578418507196053,0.665199024707845,-0.2430826481090902,1.0043229158439246,0.2688462962091247,1.4298024579253763,-0.8681982578452085,0.09068242496764284,-1.394855127664805,0,-0.010718755485255705
-0.736092647694669,1.6931967896090585,-0.209494430375464,-0.5357476951386955,0.06880158893856536,-1.4870463197949726,0.5846691102567833,0.4286715609948892,-0.3009856097187985,-0.4772234071686583,0,-0.07209893678200065
0.31779268088712387,-0.2579889299558743,-1.176057081376634,2.1098423689570582,1.4695624232434348,-0.22157742764299826,-0.3979591477013353,1.6531707399601232,0.7691836698577669,-0.920404309643849,1,0.9741744628919584
-1.7112105879166406,0.8906522684488339,-1.5877512950312056,-0.32283217727946956,1.2960938631226795,0.30662303834728744,-0.2304791010512847,2.747317573652591,0.25478030199966334,-1.5211874036085349,1,1.0457312026993424
2.5768596135978066,-1.269030206949224,0.576393298551771,-0.5325656965283969,0.46774086454528085,0.2830454104246499,-0.7736774075558491,-1.6581864472036083,1.488988447368841,0.019310049106864735,1,0.9315832851224441
0.34348529479606604,0.26107690028319047,0.38711213661000987,3.526614457529725,1.0027760271738841,-1.087951245738599,1.8428968518868958,0.7923988840681906,0.019956815536302693,0.6212295721477523,1,0.9905222244230361
-2.2145370335677805,1.1079871687013783,3.494328944186013,-0.917576954647717,1.0230996680716706,0.20786357736964572,-0.8271372555425192,-0.3453745591459481,-1.709487433533321,0.321370264595807,0,-0.0409876964385422
-1.055027772470776,1.5712328883565683,-0.07609518855563202,1.6240937585101745,-1.2777611434467273,-1.5216260952337834,1.7866625162185605,-1.392910107160991,-2.878284154853921,-1.681369093925439,0,0.0055675214699055665
-3.1368096986469842,-1.5089632828095934,3.1587837657874283,0.48855176494442465,-1.079533963132353,-0.39854405372585106,1.129223666184021,-1.9094381876089566,-4.4823442705423115,-0.5106291582051277,0,-0.01943165905334091
-1.5371293662222196,1.2963369711336716,2.0545310899587887,0.678255663177185,-1.0480990384342361,-0.4431525852786453,-0.20694014466338995,-2.2486683346312692,-3.4066924431342134,-0.9901042026239304,0,0.07386968324873346
0.032068518826396275,-0.8167595626601664,-0.859331262948595,1.0545375951741902,-0.717658161544737,0.1309085504445101,0.19800090430387743,-0.819569110195409,-1.2300346695814466,-1.5084123073064357,0,0.02532915770951269
3.5607636244996947,-1.3958945963597262,0.09213384632609578,0.7259478837379041,0.44099922426361426,0.07736301367362154,0.27269389888227913,-2.093892028228942,1.633143130974601,-0.3403063600830073,0,-0.06559015828886057
0.24507694665505242,-0.21295189893715621,1.1884299257822497,2.2154126727312993,0.6356053479239585,0.25487014816097253,-0.19510688764098452,-0.16700066737515154,-0.34760468143070994,0.6149344290742225,1,1.033561400580685
-0.6899545838310932,-1.2884976473848104,-0.3719524042477911,-0.454563969694308,-0.21026680988484636,0.31193239483335866,-0.400336797347749,-0.019209313016830733,-0.7190079512787363,-0.9977827115755213,0,-0.03873259281310315
-0.5094605124239782,0.16205153478055484,-0.2875591799507613,-0.637764056286606,0.1172417884307273,-0.6401329159952445,-0.2722092971879174,1.110015703608618,0.6282542499236122,0.8015960121378148,1,0.9711501814311233
0.36743622542133814,0.08619229141517691,-0.8384565801534807,1.172500456500252,2.1110155659486605,-0.1625916895925469,-0.42877950921619246,2.3016709954298693,1.7501622803115917,-0.26634659297992624,1,1.015690951005356
-1.1810160663062192,-0.2553256053557462,-2.943254154429009,-0.8927795334984725,2.2118136710771807,-0.04569115086451149,0.02338052147467542,3.868918539021541,1.606147232082386,-2.433744388788174,1,0.9754126290134932
-1.7003826046659465,0.10014732945860066,-0.8140900895843872,0.16876990635661437,0.5652947735987115,-1.1869438315341163,1.138143961639758,1.5458942258948667,-0.7404118764737481,-1.3037077823453815,1,1.0446427908161477
0.03877775688222529,0.727486872241873,-0.5837240098064356,1.1663098751772023,0.6372094370874253,1.2241138997264402,-0.03446307409296506,1.0456255514087998,0.4494090670407413,-0.03692196680499993,0,-0.03872550307566977
-0.43028911116483215,1.9346990356436131,-1.551855881441119,0.30533916755812796,1.019348121364178,-0.9422080791718273,0.4016213226919614,1.7894732708046912,0.5960609768803984,-1.282815616026125,0,-0.03094732762956816
-0.7148498115069222,0.2402244656490612,-0.0707492087692434,1.2407868280222005,-2.0538310782943516,-1.6283247653327624,-1.2198748001525623,-2.26816754526276,-3.119933497085307,-1.5450696491493312,0,-0.03281854467740544
-0.19233191369044833,-0.8564231924849164,-0.9446829937637355,0.0858272100506281,0.9735351905264855,1.6341321544647847,-0.6211448297616081,0.943070182494915,0.270523242234023,-1.5530782234687666,1,0.971718062582248
1.7145082117063057,0.18324788637858422,3.3431256110633973,2.836885315418349,3.043923375445668,0.06336134963065715,-0.3840751390893401,-1.6615139676690847,-0.15788732994387272,-1.2788676353257027,0,0.05495957777739065
-2.8859841163917563,-0.023745595004815295,3.5872090836682915,2.5070028005057647,-3.0880931892781565,0.8329172627329744,0.24815857850381606,-4.6607169206955055,-7.110799246831473,-1.1871073067552038,0,0.031439814680515155
-2.951490358955245,1.8631658643324154,-0.5423124911121306,-0.13976278826156352,0.1019070929846827,1.1040824739649793,0.7520292731573599,2.09481507943042,-1.347612305000529,-0.5531523279562319,1,1.0854971977006036
0.1532232296567856,0.35409113018732863,-1.4748974430411286,0.8216152315155731,-0.3962406223273669,0.9763093268570103,-0.5307487997028703,0.7879405227346602,0.34380429625424996,0.06129830388328461,0,0.11338221019496274
1.317093273384635,-0.6996661176667193,2.5849408383966166,-1.0844421384361533,-0.12523225147684602,-0.19966732668637518,-1.1251645177182459,-2.9615834895560766,-0.37593624096896744,0.2248061960628679,0,-0.05153585159661699
-4.0882453559925604,-1.652663397046005,3.7561008259336846,-1.5567040696819596,1.54351856168068,-0.1048024891423678,-0.09517861909886688,0.6754125558085872,-2.6020875005689916,-0.44421266516184543,0,0.0035209563663644444
-1.1688236434157906,-0.1738104083528424,-1.41000451446769,-3.711843904965695,1.650072901048755,-0.6973339561376709,0.05591795479806757,4.8591447562368195,3.9969600561231458,2.5979678665605856,1,0.9411899841678284
-1.883089299816314,0.6796661294072277,0.3082285219777108,-3.882630546761271,-1.5519039707724147,1.7823424369795549,2.0140961571307057,0.3677269684413572,-0.196841061597288,1.6622336646244562,1,0.9611197036125867
-1.7136820455099175,0.9188006974006935,0.07772728142891716,0.9587705081726783,-0.3903783196264028,-0.774838907810253,-0.5318118436207004,0.24638157871076555,-1.8831977012277523,-0.7442477293581883,1,0.9684958744872165
-3.5027294872550914,0.5619490366045785,-0.5123344956348126,-1.185270916330289,-0.09004358699284465,-0.6340031459838398,-0.1519840388673853,1.7378450293968928,-1.9521521056722704,-1.426245085601202,1,0.9471422562930862
-1.0854645095933018,-0.11739626448452871,-2.42391546383513,-0.6428110472951214,2.3690693373486695,-1.6757962593390725,2.487714061483074,2.8211325939857073,0.7192576512039712,-3.7029411232040643,0,-0.052594363644920684
1.5271936446414853,0.25598157683199885,1.5541324484682812,0.7737632080240295,0.2728559338864529,-0.8955864857376723,0.292640995260964,-1.5946338145695835,0.28007156503607833,0.6852613387691218,0,-0.007214218926012744
-1.845364517512074,1.7724819032401051,2.740871452216476,-0.05356912082055909,-0.08250889670938855,1.419389896759201,0.6761818505773846,-1.2722084856397278,-2.5183192075962606,-0.18898178268577126,0,-0.06083592091932036
-0.736980041138263,1.0074473993430608,2.009234778458986,-0.4811395194428578,0.9328830193495001,0.866245324500087,0.14425808696755996,-0.11820484834042386,-0.37409234905805366,0.35524036762496314,0,0.042106347956881646
-1.188871837810459,-1.0964869005194846,5.006136937897131,0.9511082126616084,-0.060742435650841475,0.06235919281508086,0.6682712184047681,-4.0738237802660295,-4.236296510837805,-1.1811663267584884,0,-0.045887676870875714
-1.5357043501876004,-0.8485251822398658,-2.525932685309959,0.41406317649716984,1.969510327844964,-0.7953959578618321,-0.05903758093743174,4.2860377211096194,1.3727683216147495,-1.0959333632069284,1,1.1404784485048196
1.3386901352658986,0.30807910281609335,-3.635162657323338,2.3813095118054024,3.4114746918173178,-1.0385837495407644,0.5666431837847571,4.589086638293944,3.7277538282083573,-1.3959797220121695,1,0.9774307774517802
-0.6466141602924729,-1.826885098074021,1.815837099492552,-1.9934422441077122,1.1639028914112612,-0.5299980669793449,-0.6110462246293733,1.1073592797656164,1.3183233421130194,2.0050339737013116,1,1.0036008820958526
0.7886361819491079,-0.6972420815187985,-2.1023623405554,2.335661232422244,-1.106564984069153,1.4477497125245997,1.8371619091651377,-0.8412479668555225,-1.0925779209432824,-1.8932451406922803,0,-0.06476705922330177
3.2449509095957056,-0.6812774409933217,1.0242525300172363,-1.2862711547477859,0.2180787321573392,-1.1122978803860626,-1.155110837227566,-3.542389438339813,0.7705517019881747,-1.5010714029044823,0,0.08530458790638197
-0.6209107228369761,-1.6252699966161783,1.343012638013462,0.8791501156277028,-1.2544414688356036,-0.4751831915407959,-0.18896661988790847,-2.3748012529859186,-2.73822874936655,-0.8850558299009643,0,0.05597503404014581
1.8568648078561165,0.44168520316602206,0.9380781147789619,0.4918190440773683,-0.17821376250209564,1.332655195722782,-0.39182298632143564,-2.291509607804618,-0.05501574428821568,-0.3309959192642862,0,0.014845793536805627
-0.1086906572336489,1.4231753252506247,1.2891532388783813,2.817986143522484,-2.992254702592223,0.6891974594729479,-0.5974579980655979,-4.605329675641997,-4.713725823997663,-1.4969835799824505,0,-0.06734012743897828
-1.6996626661397518,0.28540389481471423,0.5377152108431686,-1.4360087957402654,-0.1321669618098411,0.16906932197123895,0.024545209449338752,1.3939344603293204,0.10054971393187005,1.611796878763628,1,1.010533343886231
-0.6375747795394313,0.3477000694374117,0.2598756228369815,0.5728097947732719,-1.9987342585254764,0.5847421138296525,1.2964824003794249,-2.566946136802904,-3.0374718167319052,-1.5849093387604467,0,-0.05607155230086275
1.4462451384456299,0.509583758544076,-1.5560195373745307,2.4868743677357275,2.6880034207112695,-0.15983666498412186,-1.1633315759849026,2.5078439154730128,2.4559758779019125,-0.7277866067611913,1,1.0731177631736681
0.08954831953860798,0.6021736399937501,-2.1009886814646705,1.6301705648655793,1.9255482705428797,0.2912593095041641,-1.3098444671187008,2.7501467376944326,1.415946430389332,-1.3317300681344415,1,1.0404597365926587
-0.5136472680069193,-1.0885233982841478,1.474611273496914,-2.0895799451856476,1.6149833717826634,0.8963135525322761,-1.2873704583890773,1.6480311071740223,1.8636132900990912,1.865647644165873,1,1.0047719519243867
0.9439935697905284,-0.08826707865509874,2.3134493749913183,-1.3222337994238773,2.5359874284706203,-0.17512804833887743,-0.2566347118190906,0.9366235775465854,2.637250292869474,1.913425021270884,1,0.8781812168376338
1.0466171086968055,0.0979752170640909,0.3883282970208449,-1.6722952129884356,-1.1635946048493837,-0.06995826676050151,-1.5133245798728518,-1.92087066929225,0.0827087121936177,0.30327833723761954,1,0.9508292010670485
1.118191689319716,-1.6629664709094942,-2.611384514905696,0.7300826502971918,3.4762136597123425,-0.4800225868398668,-1.7420113904787051,4.046921575423634,3.7360140388841727,-1.1849457144874693,1,1.0343880565799937
0.32191570740999187,-2.290877160893453,2.0747576423808916,-2.0237227964770845,0.543105943969461,-2.9849245476064263,-0.6207139097323036,-0.6630843832094553,0.8291440182004346,1.3567258373664783,1,1.0606441845861578
0.25749048690394116,2.1678530172566735,-0.3275916610592746,1.6583424612586266,-1.1440563970618278,0.2974717468457835,1.716960861779424,-1.6509462771037353,-1.7710414206191187,-1.255487215480056,0,0.055458490574606584
-2.320498189154672,-0.1333689882961064,0.7505750208718762,-0.48140040005401774,-0.024502227181066538,0.2735343922007269,1.667257014821957,-0.02253516820728265,-2.248276521340595,-1.5052574479954322,0,-0.07960065011207278
1.5119221306602368,-0.9423399057951646,1.0483406097278058,2.3321537206540754,0.8378280610875364,-0.3179506089863947,-1.6038694034341352,-0.8814891984567209,0.2517211467431166,0.22124006370661986,0,0.015077615340645204
-0.3839777916816518,-1.2590728376438651,1.2493661777394178,0.3393459203664321,0.21764565935318902,1.0743823459187587,1.7012036274483178,-1.2450365584744612,-1.4495269248743066,-1.19316903212624,0,0.050775760824146476
2.1429133450024604,-0.10486384230129707,3.1506180002712343,-0.20089454743261914,0.6822209963154118,0.26235231923067054,0.9936367078761418,-3.31369984444286,-0.04696260404320476,-0.011860381044808244,0,-0.08291677827911226
-0.4262503899105712,0.5058224066670638,0.14830510989243728,-4.650120250743914,-0.9239520234135203,0.05435312940366061,-1.2288017020535533,0.11609063776707075,1.2738713058504287,1.5847258937675603,1,0.9996047742313382
0.8469849451799104,-0.02817926032255652,0.11923737992162975,1.0777067243186196,1.3938446935699225,0.06827940263085906,0.18844884360933378,-0.2645911933284011,0.15959021700501344,-1.6985646935613565,0,0.013692119915422813
-1.4894886697013956,1.9450438582266374,0.8492088914330456,-1.1904835273756462,-0.5567411015272314,0.015681393867383712,-1.3256911624261893,-0.9780790174831092,-1.9328452187758285,-1.2235952825160064,0,-0.015038229242336746
-1.5439331729956878,-0.512310079591188,1.4067081828890542,-0.37686834866860597,-0.2636084952735587,-1.4778517986855289,0.9374503948273797,-1.4185779961873553,-2.572459142474418,-1.7601834502983311,0,-0.09260809277006009
-0.3916803361354654,0.3318823869338639,-0.6276023167427562,2.0206005387764403,1.2465368230797624,2.722800168170142,0.050859698580304195,1.6418374228006403,0.18353950433989982,-0.5600598768681739,1,0.9837150944963136
-1.087730462197421,0.10514220062067675,1.4380701430949718,0.08471831921119544,0.017352864788573674,-1.03153822195621,-1.0565596018560588,-0.8826144470329615,-1.7123533002602602,-0.7220534250551821,0,-0.0163652715127512
-2.8093631662278167,-0.328206347893725,2.59066607883664,2.168988721068346,-2.2526788903355177,-0.3567294324087562,1.0471998001819092,-2.23961765728574,-4.938227181867094,0.3667707885460769,1,0.9925963797726123
-1.454735874314275,-0.2650065672044697,0.27991476859222564,0.6358213081444382,0.12975763657131045,0.947101834505667,0.27691447525217294,0.6145634093954616,-1.1556244567384801,-0.3625584010269872,1,0.9718264287287465
-0.7357833915086678,-0.21227781132358908,0.3360438771155625,2.1537244758717513,0.27395243914430656,-0.5839324931806997,-0.5487058497790218,0.4997644032220153,-0.9456711008597543,0.05425910794393207,1,0.9778493923379267
-1.4796275207157494,2.0699368643565434,-1.518714724135505,-1.9096911657794575,0.6359807392894252,0.9974155264508344,-0.0685963812662849,3.7729943842657305,2.146437090521746,1.810954305357573,1,0.9980146858826511
0.9642818842296258,-2.158502706776778,0.2225311855254547,-0.32895910470265854,0.8672705454711909,-1.4779630366174774,-0.7611897274418012,-1.171907457828936,-0.05680572359585234,-2.124803428837121,0,0.02212273024848556
1.3839076205685148,-2.0001158256402354,0.5150827862745826,0.4414075687317812,0.9189631054714094,-1.5232266422529024,-0.8808511812465207,-0.931906855558823,0.48371307619848264,-0.8948971571786186,0,-0.01522133814283336
-1.0561379570231757,0.610270115805612,4.396166043504399,1.7990586412451903,-1.424811981920097,1.686286775412809,-0.009859549143674588,-4.072775688896584,-4.3042838475001775,0.3430921703303631,0,-0.020482446418400094
-0.6054023025137685,0.6031158143611685,-2.193383097670574,0.558639604930657,2.364977863809713,-0.32608207122968846,-0.7839164024630438,3.7493178120832726,1.8656877430693712,-1.1819115435863163,1,1.004617701912723
-2.347744853781058,0.4433971796072925,2.5694462394561652,3.9840061337644967,2.0509223195061637,2.1610642891857483,-1.3502167272801966,0.3832839283982388,-3.0852462772266236,-1.7055279161547856,0,-0.09604579629475908
-4.061200717145952,0.279089277455196,0.45321488131473253,-0.7813693473876073,-1.3152828066910063,-0.3808637347528795,-0.7874641722143051,0.49425288515175375,-3.4644132118802253,-0.814379616654036,1,1.023851756361323
-1.0650739200384496,-0.2681298965483596,0.37970179762126655,0.9899887345616151,-0.028092798322331913,-0.32610719252860093,1.9275913932607014,-0.23990746637680369,-1.6229249157100933,-1.0450411018868007,0,-2.8154856147940413e-05
1.839653314737053,0.216076226224706,1.6750596318387199,2.4589761521575433,0.24508899721585398,-1.0855047183470434,-0.2961701616656381,-1.9128701711845424,-0.17140705509891008,0.6600692531290182,0,0.0019846763298780913
0.04325049026007133,-0.62503258333286,2.718405213229956,-2.3643381449806293,-0.4062227169565662,0.2726200028553474,0.7886533914860655,-1.9863301794291923,-0.35274229235293275,1.22170282133466,1,1.0480367153797232
-0.08988398322593727,2.0781162173262673,0.31233722815933607,0.12495332957400207,-0.8099441913558862,-1.3753857114386994,2.8214902617295086,-1.502166516259383,-1.4083587677224185,-0.9710311371720015,0,-0.09764077650241242
2.1871751939072825,0.059001497102083626,1.7637688576573542,0.11271427548393287,0.46889436296035536,0.2538793972182057,0.6317448070862072,-2.846346585642039,0.011423535436208871,-0.8131243321240901,0,-0.0986916934929482
0.40587669814088523,0.72343906437379,0.20351409625036665,2.153765124425114,-0.40533333360315904,0.2769660828442787,0.571574358535113,-1.2603246334373517,-1.3415026498153708,-0.8578178480196639,0,0.013690192266175977
1.574086257191081,1.5559535740560544,1.2177186631423194,3.8050433725458794,1.0806616054162466,-1.5246212461197872,0.009485277897019723,-0.8784054549636685,-0.12484454135565466,0.10955083101544294,0,-0.00035584275642578864
2.1502502328403574,-0.8782215810884244,0.46734592297301414,0.05600797771780308,1.3775011862886886,0.6010245829906953,-0.7541768882035208,-0.9609663919070912,1.3436330230225686,-0.91288903479197,0,0.008508847159596612
-0.22535709144542893,-0.8476004220104331,-5.147565943880416,-0.2712760022763232,3.8267320596042356,-0.055095131925940656,0.06646708433614436,6.316809238478513,4.024072083384379,-2.9393948430241164,1,0.9768936462413778
-0.2949850988922088,1.5530848278412486,-2.567104458238484,0.9406902034253093,2.3430955213965134,-0.08648529736594429,1.634345357901938,3.559372626350991,1.8039037175037418,-1.6908125346857341,1,1.0332176837119966
-2.2509720192696787,-0.7943364545689933,-0.47832718578140465,-2.513798015925435,-1.9580078957136173,0.2044980739185859,-0.6815514014535261,0.7248985657811329,-0.835986973392212,1.3829505874142929,1,1.046631942149556
1.8370894102866149,0.23375328139197726,1.5712189070130302,-0.5817627161322374,-0.3789219795542862,0.10886371072702926,-0.3507520256861384,-2.9367871748469154,-0.17172515590738974,-0.21818865817451205,1,1.0241991146975764
-1.5919571237807668,-2.122898269497989,0.6339541967643372,0.6940475153652979,0.9943094855011554,0.006392465731143423,-0.32907576462412463,-0.31201468335565213,-2.2823492700967423,-3.1019441487696358,0,-0.013041422920229157
1.8090308803219186,-0.6403277575038079,1.2531724523328671,-0.6499105728642873,2.376295800042617,1.6486062796037204,0.028514200200044918,0.803303775790911,2.9893644079721984,1.348077324308258,1,0.8946155306192798
1.5149297755126174,-0.02800411727847209,1.8645374393714726,-1.4590241958326367,2.1368563179194267,0.21063275479115062,1.288778710506644,0.1988083988391048,2.5245978867009127,1.2518636766015847,1,1.0384618104018564
1.3636520041112752,-1.3436783173632507,0.45834766432101426,-1.6424796649868973,0.07737198648715438,-1.0414893554149134,1.1370922384900157,-0.8371224191642643,1.3211956126739182,0.619672684650318,1,1.0610864333108796
-0.0842208946901023,-1.2445479744713432,-0.6402075201261392,1.2900855384833945,1.2443122294216278,-0.2960375379268892,-0.9967923291189278,1.18836089735026,0.30196449392908725,-1.0233703447082838,1,1.032227920599199
-0.8504046906364586,1.4513951751421157,1.0577920650580392,1.9115889599705223,-0.41520234369947895,-0.09356163618724354,-0.6686488740184962,-0.5185106687118015,-1.6928548517877922,0.3258662775732952,0,-0.04398212136837533
3.6774760485041673,1.7862949739564211,1.2949816922347077,1.069928684737166,0.7934768704667049,-0.13462054049622638,1.4745995808673038,-3.1161000780802337,0.9270240180691216,-0.8649094554270993,1,1.0336897196833879
-2.6413559902843455,-0.11795954741281175,0.4996594462086461,0.8946162685585576,-0.5810286877351474,-2.6664147397024127,1.5184601801579314,-0.08295226433143918,-3.0756748743560705,-1.4386463388364061,0,0.04302648539807227
2.327540026528995,-0.24949937878660805,1.4101337071193993,-0.462766604772224,0.28979044642720686,2.9394280040943874,-0.882655953170329,-2.3798066995664375,0.7378250637401681,-0.029417154381664812,1,1.0779408123899543
1.062461771216623,-0.5055999927678918,-0.1714706555274863,1.0055916705426584,0.7452428843320613,-0.09727176347931417,-0.202242059368541,-1.04484286061685,-0.327643196583839,-2.1878949838994455,0,-0.043805496211397885
2.3013788521605627,-3.1969027844075475,0.790905429879901,0.5983672400496423,3.5015110874785216,0.6011431694298119,0.279571993673306,1.796415684255515,3.823895011214716,1.088248618291258,1,0.9886772707727931
-2.7222541978040242,0.2564016676870229,2.2683547359111005,0.3239212642526479,-0.962501228327492,0.6176118559729652,-0.5319423754162755,-1.484795519977723,-3.817307073652911,-0.7852097572080449,0,0.03736360255717276
4.538800616082431,-1.102398864051479,0.8090626023645562,2.0803732921682507,2.248313696783843,1.1754907528377074,-1.0308066111970997,-1.1501293581179381,3.150769966265963,0.44685971960738824,0,0.0028705035719078895
-1.3076624794615688,1.3856810032460274,-0.48676472312027974,1.4711802707784716,0.7103992076644583,-0.812922218499299,-1.021259783847975,1.6316615908042764,-0.5530834639794234,-0.49563063252279027,1,0.9441336198974363
1.600248599797784,1.5090941380375456,2.862529834425497,1.3942394283320856,1.5873076508784307,-1.6393357979454637,1.943406573241179,-2.6529359642641537,-0.7204697334086654,-1.4152748895497522,0,0.02073081425133515
1.3662285193372334,-0.6156228655161685,1.553700468834899,-0.6961091746695567,4.034475168304221,-0.6778139810943514,-0.881154074853033,2.9140720434500658,4.41761782164108,2.2825654353727716,1,1.0289330816907583
-1.2063218988519244,-0.23518669267437287,0.46814444841127334,-0.7860814699303178,2.443206071001665,-0.37502497295229803,-0.15669655107992347,3.706905561928565,2.30697529113798,1.8694553077330274,1,1.0043981448165502
-0.3607466086741561,1.0744864380761787,0.13130283624667294,1.5402729347359831,0.01692092191037564,-0.49414756378116736,1.0892711374470068,-0.22152275635883964,-1.066526702748837,-0.6687613977583183,0,0.010979246358997208
0.045043567545666297,0.08130485995001856,-1.4844618761446138,-0.9445929454233124,-0.8432779768271297,0.7979223988069204,0.7129005475938257,0.5554469839886896,0.6107498049796122,0.2940433226076792,1,0.9870647049157135
0.21797450490026826,-0.5737185097119023,0.4938445730709846,1.5681119383119708,1.2486261618624046,0.5614722354446345,-0.2632729452754817,-0.0993399723564985,-0.40300774784998844,-1.3292905950827532,0,0.07391394678580297
-0.4649564985253021,0.3410422437687362,0.25502135044867125,1.0223304693733637,-1.2015397241620376,-1.9621269931453422,-2.031271083863322,-1.6071986871370962,-2.163540246305734,-1.0277233742533551,0,-0.04503460918563383
-0.29005457575101157,0.9785697442263478,-3.1390806041486328,0.7784902085256639,2.9184083204633153,-1.7698525679411852,-0.2811403882412999,4.63218532677558,2.6686001867619744,-1.5700019453196314,1,0.9706339618618111
1.7800997484157595,1.0477801300897203,0.448034667449134,0.909180249474417,2.520170058594264,1.157783151927934,1.1866651930127499,1.417491485489087,2.830710587353425,0.957720432094869,1,1.0005492756763763
4.057749082648291,0.3236614888265974,-0.729678774300442,-1.341914169371679,0.4365001034940962,-0.8545456226451921,-1.0454549667071573,-1.4623471774995216,3.225296010810932,0.18988904654384986,1,1.0439477013850447
-0.5650786760043234,-2.5517690292268043,2.4433820095279466,2.205463092310546,-1.1896110606572847,0.3091420215828232,-1.802248655441171,-2.6172996900671124,-3.0290046101388155,0.22615017799217196,1,0.9251313414952732
2.297929986309871,-0.9274524739248305,1.176631633749625,-0.1812115659116923,1.6539833563363397,0.4979303958556314,-0.26754479721964,-0.3408660720787164,2.3511798327339055,0.9445981183679234,1,0.9344851625117281
2.20061927723218,0.6482279713073181,1.6205612032882748,-0.6033062436112682,1.9436585248032237,0.47672528428511035,0.12851263679144012,-0.4490289434504371,2.345303382736066,0.8167467137812338,1,0.8981135746132641
-0.43162404732285253,-0.6011709396132343,-2.0311654676499495,2.8583777276682882,0.7731171316957597,1.5591568027027556,-0.4046507949019243,2.516400709752655,0.4247752295409202,-0.32822039110699375,0,0.0016347612626635396
-0.601389019785239,-0.7556817884906187,2.0164849405176155,2.622215391763736,-2.2847741332140137,-0.25288050245217375,-0.06716705942774852,-3.828898629246767,-4.343091762746867,-0.7792347725817901,0,-0.0559152908603272
-1.1782423816876018,-0.04930526285620091,0.3174217945751545,1.7341778877897092,-0.21293618571888384,-1.3263996384462469,1.2193597902627409,-0.05011270219327102,-1.780783231629954,-0.6303128804581255,1,0.9807724944991042
-0.759544742029769,-0.3213821868400511,0.2030154103312476,2.034092209045882,0.24309722143676593,-0.19510843605200068,-0.09822874827101402,0.29709945176391706,-1.1680395286041807,-0.475849128441879,1,1.0330689094945853
-0.4500535165327384,1.244327056977402,0.1363406414256384,1.2462833453388937,-1.886417377391875,1.1840492798370423,1.0089688495843854,-2.27819156295222,-2.804436925994811,-1.2406289972139557,0,-0.03207713603914233
-1.6668578286432214,0.10744490774155621,-2.7054935977434185,-0.31182584581919603,1.7088132897084574,-1.9129293968035763,-0.08238321751557717,3.7211082863564076,0.8841307281268367,-2.0654430881814876,1,1.0115641011371683
-1.5525551121833177,-0.31560523416762454,-1.1093996815176332,0.7627035399259574,1.232430351833802,0.4819730935617126,-0.019371507707450702,2.7297036675447943,0.22174902734149254,-0.5859088349512547,1,0.9850331046124139
0.06191344236404739,1.3215700931490708,1.9163130561129376,1.0264519910480125,0.7469886922738329,-0.7351691432628261,1.9551306450250538,-1.2763726090682324,-1.0933080226245782,-0.6669425118542627,0,0.033605715754821845
-0.5918648568569704,1.423479582434549,3.3847648291098174,2.202453625962548,-0.4661131481074696,-1.064719317243286,-0.41437145849664675,-2.4542458555458095,-2.7474417569323495,0.6577914590543286,0,0.02375640336740044
-3.26401926633774,0.40379099440018784,3.984622730617256,1.1521685890759712,-1.850160931898686,1.7513432675671374,1.0477020122694929,-3.739843449775768,-6.286470554579783,-1.4323346810167537,0,-0.0345966848087305
-3.5220007465985805,-0.2563562913981562,-0.18968984778890274,-0.5801626318440203,-0.34926520765102675,-0.3353323231117826,-1.126822033943134,1.4410905883035294,-2.3232465599232524,-1.0817912504232423,1,0.9915674123299774
2.2577701324756774,1.8177025739243113,0.7615511766337097,1.746993407308349,-0.3754553989086109,0.5267254766333834,-0.07019313129802682,-1.9525479532878434,0.319656142823625,0.7729661120611975,0,0.052187169886024724
-2.851853799011637,-0.7510807254304426,1.635795916476034,-0.12859446365039884,-2.139293344789958,-1.0916830356097114,0.6762949640743067,-2.44262462653358,-4.7590179416846805,-1.590652509417811,0,0.019668843512704853
2.2891360968702594,-0.17414117319826142,-0.7188305875240253,-0.7840149937808143,0.3404876805330066,-1.0866445364068422,-0.0314763230484939,-1.9898180165138366,0.5737951549808042,-2.5819497865392957,0,-0.06984810288755658
0.48444972358587957,0.7553580225638173,1.4042580045993849,-2.7275363315948904,0.05190019863657003,-0.07281310842545748,-1.8416812084380634,-0.6322467807939774,1.1497924000184838,1.4472880456348722,1,1.032780903058569
1.8441045694094726,0.6654341771075281,0.5617575590922418,-0.9507361017139034,2.361326741047866,0.5681430361032849,-0.281529053702775,1.2774192905619794,3.3991000659094794,1.2499014378806284,1,0.9457694688781881
0.743048791217791,1.583028362702039,-0.9587922247113421,1.0789224559217208,1.003451121309531,-0.5883334750261476,0.5550770639866479,0.5178337187460146,0.5765604914341088,-1.3478033729596173,1,1.0706256534980503
-3.1404305513414497,-2.1717897779299458,2.094930524947496,1.635818912898697,-2.7200728594532433,-0.39387042702972913,-0.2044550935962554,-3.232938822830286,-6.189771709023458,-1.7153640614678782,0,0.05120494199205125
2.2098761827585927,0.15538030913605994,-3.4978910658714084,1.503178152864894,3.8961084382995237,0.12066672113554762,0.27075765098108256,3.9349622911336577,4.2872442607312315,-2.1742572617925062,1,1.01449427379592
3.832868137888675,1.9766581331674054,-4.188772009095176,3.2100928668894353,-2.3236808604654504,0.822112164426151,-1.0337184259334702,-2.2027742796322634,0.2946001996051796,-1.9331373893213946,0,0.007861642171809671
-0.3692646601656864,0.17343467776560417,2.234935174178899,2.7130827464855254,0.3623561015869705,-1.307751567699793,-0.35589190024320444,-1.639195998700875,-2.3069354057717457,-0.7225104038695401,0,-0.010451612801371002
-0.20312918293479898,-0.6861592657857192,-2.024526253239761,1.0042374764491857,-2.4228611459904332,0.25271624478541754,1.0835779567265307,-1.4731815276562912,-2.1790271323738297,-1.7946854465538253,0,0.033926197570001405
0.1620167662996832,0.005545744590884485,0.7357011454404918,-2.418690904535718,1.3697314879920466,-0.7328488451108347,1.481292215120001,1.4070190483024454,2.31310967563274,1.529595957056603,1,0.9814610915268969
1.2448329625068535,1.3457237525339716,0.8216770099865419,0.09151682042511267,1.6209754250706263,-0.4118714306779177,-0.9180324529688414,0.38830871071018613,1.717670114744031,0.5872746434966327,1,1.0117784935319947
-0.04926510652663885,-0.5465643859834828,-0.39289705693051746,0.9716530393925609,-0.5374098742897961,-0.6310042459992401,0.6975975709422401,-0.7422876160067983,-1.1162043648829452,-1.0773668873881168,0,0.04359671832597256
-1.017927316062448,-0.167962156761328,0.39176348700494223,-2.103702338596115,0.30894960862693,-0.39393961425972157,-1.58491366921298,1.5128233948160403,1.0753228137918631,1.6531237070151223,1,0.9719096728237205
-1.279934364264828,0.03738533707024752,0.4600506280052731,0.9825121615564495,-0.9494661997798183,-2.555919745823183,2.155563033282961,-1.150840498672406,-2.5920509090133255,-1.2525370796278368,0,-0.03080963699953473
0.21796411908501856,1.7604646284670695,1.944705207078871,-3.7207987129023956,-0.5781227752606943,0.3274877571248435,-0.8723687935633825,-1.481891767968395,0.5729787059473224,1.4982802000859121,1,0.940281725963777
1.9053739952298112,-0.6930146392852146,-0.2918870311276074,-1.6879029682492566,0.9448510926350674,0.36764682153097955,0.7996785892137633,0.5004156749826869,2.9140081853496347,1.065264027788359,1,0.9467763626936914
-0.470255749151121,1.3632802706976646,0.3919767165621513,-2.860441801824499,-0.11632231433353901,1.1749031258748688,0.4781733203267984,0.5964254499236664,1.0832052874166744,1.3621829221712307,1,0.9085802344279249
-3.8809325445868628,0.9821723627975442,4.4227971174615295,-0.059934911177282224,0.8614063770114215,0.2559560608252426,-1.401949826223567,-0.4015310085345835,-3.6050740397192724,-0.041385983475003885,0,0.03649143945077648
-0.49351501415076715,-2.050036663840382,1.6393505969631306,2.7061448868965106,0.39549213002167116,0.3773247415497474,-0.7117508824487794,-0.8582552506615936,-1.8435505649705168,-0.39811432537963853,0,0.09044572710413855
1.449381200721637,0.8267956651998759,2.3982491333884286,1.4456784090847417,4.926416159301976,-0.3266653053236462,-0.476944267959898,2.823532735703482,3.8501029629789145,1.9182333268234673,1,1.0712664471735154
-0.11012641822593716,0.8599404461335419,1.971062664835469,-1.2583256784347607,-1.3978591086568048,-1.2310324799241619,-0.47527194651124555,-2.474940140316765,-1.4030459767705061,0.7176869441721372,1,0.9186957755686742
0.2319873003421925,-1.1334934875350378,0.3791309783069531,-2.958220979414807,-2.0826292412588914,0.1532211139016112,-1.5233192136684102,-1.9080339121023184,-0.27006353935576394,0.95894586689433,1,1.03624273357781
-0.7295247579651178,-0.3155652508044516,-3.491395851212144,0.35609351190358374,2.3119309250131597,1.2301794492667322,0.4982809984134793,4.205367270763605,1.8847296145735775,-2.3211421897897426,1,1.0711053174961778
1.4630865854416133,1.0164894880169713,0.75746638151767,2.3226791795099553,1.6710943821052755,1.056030033025458,0.23741640487776983,-0.3263609961387498,0.5345049920773564,-0.6655483721147609,0,-0.022840499036933203
2.2870628455492024,0.16136447232934917,-2.089225456993315,2.945645175240509,2.7469864570887554,-1.0186071293288577,1.77382955256997,2.1737460981136913,2.7620717928258207,-1.2669965244538073,1,1.0050723715325025
-0.42565608911469976,-0.7499893776697031,1.2085005717828954,2.853082120262799,-1.104604845111065,0.06634069764100281,-0.07162824403370202,-2.0998727904274346,-2.9235825432478695,-0.6615754685598566,0,-0.10039465254023353
-1.7077977388632624,0.8137234876229652,-0.04200345378763859,-4.569172490353722,-1.0432226615021611,-2.4168595738900893,-0.37198167103664576,1.235711857126014,0.8913812734950595,2.0571961781109396,1,1.0133368083988321
-1.718512185803521,-0.1543836902610458,1.648493938659224,1.1378851796113039,-0.8364069861187577,-0.7857992074899741,-0.5242650054027909,-1.5863317405709383,-3.2447047172754915,-0.9720168833663473,0,-0.053177986471735876
-1.2662021302332906,1.017308551539659,1.7420079076325292,0.6485845362872584,-0.6867393812153639,0.5586140998773633,0.12063419831960916,-1.6306128492178242,-2.6290602788866013,-0.6444595869095244,0,0.009981750895575727
0.8337319069524699,-0.3807235091108082,2.558350355051828,1.7165997155384893,2.406051807252112,-0.9494918905880337,-0.6723142658132499,-1.0826619684752918,-0.3389847191054942,-1.3004952801292098,0,-0.07806014610944402
1.6725355587960546,-1.8190337873186584,3.645067028559126,-0.17085340759255674,2.092406743193937,0.43357446245321046,-0.9067055735947889,-1.5418747032195577,1.085581423739646,0.9849797678538281,1,1.02714291122388
-1.6310626370180987,-0.04803677698448138,2.4457852382976384,-0.19578810719597373,-0.6044299998960974,0.5329008424184769,-1.2392594222181597,-1.8835071465360729,-2.839361067433796,-0.5951651403061964,0,0.05122563377133449
1.9219039132556688,0.8510234826937861,0.6919985001693474,0.4483838033939096,2.372699836602759,-1.124451269279911,0.07646399339265225,0.937895125531704,2.749876969100481,0.8757182555525707,1,0.9608410069142416
-1.266084242656363,0.875441667283237,0.5430013544513113,-0.561424745547346,0.8225341692171562,-0.16182057308433148,1.3177214471096161,0.5553997891497657,-0.6680710972394623,-1.00586793064689,0,-0.05684612907052172
-1.457190983739087,-0.508835676891481,-0.9235681327596669,0.7517497154859445,0.9868558785961599,1.1909601564636292,1.4676226043763334,2.0515003174706994,-0.24797143158183335,-1.004989429411635,1,0.8921988478725009
0.582965220355141,0.7602267497895332,-1.5921007463418646,-0.5292349304295108,1.6447924526497548,-0.35389869623527787,-0.7277377703443038,3.268702964189274,3.3391979455843797,1.4119487363142578,1,0.9866793232962412
0.20137857519850044,-0.9241070847029174,-1.0993519023341514,1.836423125671498,1.2597848689430946,1.9794304046319755,1.8213352854535978,1.1846303126143203,0.3156716516949621,-1.4190102896626178,1,0.9709203032859197
3.7015942751432007,-0.6897753922632557,-0.24896382378422954,-0.355364710850401,1.1541689363249894,1.2346428122478839,-0.4029999828314354,-1.3569353367210115,2.6458509451446393,-0.5395993685577244,0,-0.07755097061740274
2.7536426413007606,0.9119136802257858,2.07658793787108,-0.04873974167636108,0.8726386762020207,-1.4901453722415947,0.7798747191276704,-2.4824326263968794,1.0776098122773465,0.2622120262549513,1,1.0226509378156086
1.0096632426473857,-1.4657157213148404,-2.435124800269064,-0.18765117831713796,1.2497412330921256,0.5873623377346844,0.4871151585370705,2.949239324176885,3.21927233780579,0.7396034974292613,1,0.9775014809067676
0.3996199185509698,-0.34200484007078163,0.0731977204129769,-3.1769966038871558,0.41614186733606273,0.4158458530069284,-0.33976630897696514,0.8443474371105889,2.2233423107261,1.4323516411352528,1,0.9462132020677384
-0.1509888705009108,1.0773958616225614,2.166422761987284,-0.5509029161965286,0.9185600212942174,0.4075293891100971,-0.09228903891639641,-2.1178041290482073,-1.630344678488379,-2.298730840097077,0,-0.027728620282022356
2.5432372657304563,-2.088554252663557,1.6503062742433732,0.29079734147640235,2.616428269393979,-0.7426264511718177,0.20150045214798828,-2.0666532789683303,0.7500619502514508,-2.7871377194085354,0,0.05356522694648078
0.44197025274809265,1.2703663488439585,-2.773682203457002,0.04913563268922061,2.909502388006617,-0.04760711115601859,-0.4088916359933698,3.608390352812931,2.8037042246135653,-2.006499958272201,1,1.030146847187761
-0.23956519151119549,-0.22176115521969292,-3.214746287475755,0.4379092449868953,2.97084402921253,-1.4561161061503614,-0.9229444161760884,4.869880608376006,3.0363848044846993,-1.280728994538087,1,0.9934986969250755
0.09605659680439882,-1.0691842616617775,0.92650745711234,-0.6722600591958743,0.5219867838857595,-1.361595637494555,1.6139728961165494,-0.006286839429110431,0.48719593452021154,0.5968630762101662,1,1.0309552509232427
-0.42028799379010295,0.18310519028221275,1.2369777490566387,1.2395086018071861,-0.38744893334168395,-1.3238488246674989,2.7257567353690786,-1.223800780791465,-1.6556775267865051,-0.2184789840495408,0,-0.05804559781933695
1.9367866549550816,0.20656279526708196,1.488222575671965,-1.5482369032220598,-0.11451222464953137,-0.8102911117626201,-1.0307581911539767,-2.371304970561828,0.7339830237379911,0.35856488262202546,1,1.0016185050363515
2.3021166739861183,0.577190133312492,0.4763870938404414,2.687605106349067,-0.1281380606470326,-0.745987568012165,1.3454787008404823,-1.6492521705821774,0.2571620402334833,0.5127684547711093,0,0.007366116524323528
-1.0173824709881305,0.3672814070453839,-2.232142790537984,-0.20018943365972186,1.992215821301319,-1.0788445546315133,0.35380978019478376,3.3206823297750083,1.266144159064732,-1.829603350515967,1,0.9765081745750637
-0.7025865131736688,0.12294491211394723,-1.351754994043451,0.9216237325957861,1.4820204880582666,2.6195081966806053,1.153243750410713,2.3795154252969226,0.6667039815035681,-1.0297054066566003,1,1.0217729167978709
-0.42517344242082145,-0.8850012204301816,1.1731872954972493,1.2123556856361069,-2.5196492873595586,-0.6226464213132572,1.2097118148213446,-3.945214117730024,-4.022859893497786,-1.6053207968089087,0,-0.03902167273222257
1.117665726600486,-1.9255290765985202,0.7545312454291433,-1.3198462117525247,2.332441907553137,-0.313637173179736,-0.7065734741877533,1.793739621635316,3.272577687086022,1.691356860423876,1,1.0254910353888058
1.956262081393429,0.18781681501960246,-2.237221109180268,4.853677702218781,-1.9167260117432077,0.28213041404695094,-0.4456342431280127,-2.041929528727993,-1.6683512044025282,-1.6110763424233172,0,0.0275929385765646
-0.30225246220653057,1.8536426945792763,0.2302090534482536,-0.5468792038883512,0.06421999370103826,0.5970450280653958,0.2455596594917614,0.5264458929303534,0.407982797243659,0.8406605530423235,1,0.8541420059651467
-1.055598372309126,0.24008615978144235,-2.6146295758283538,0.42443811899749384,2.4660059425823047,1.4055300466223906,-0.905240293404208,4.46523580452593,1.9785877025475833,-1.1965424209548023,1,1.0595152851755059
-0.047897823525804295,0.7062806413754544,-1.935894803275565,0.9143232420235741,1.936047510118507,-1.6837099274942486,-0.3611995593950819,2.7509497665772775,1.530579314569488,-1.2462335377575355,1,0.8476183717323623
-0.0770058306821575,0.5549601262539217,-0.2298338510538156,3.280612935286065,-3.036335701382796,0.07276323674681306,-1.0077312784683412,-3.549698329149542,-4.197797244312373,-1.7423610401363139,0,-0.030802451277806266
3.3520710031214485,0.5944321497319027,0.8880390408856117,0.794195082488407,3.360791842872916,0.19889120239226496,-0.695531396146805,0.6875749808762601,3.8886159028088594,0.6678089164089638,1,1.0512674017128878
2.4247570538155,-0.6269738772974359,1.0509238780393506,2.5075785913356343,1.7497054545036579,0.47933137366519013,-0.8701414127081488,-0.6119614005465204,1.3380306223187943,0.20503811616012024,0,-0.015864336262622035
0.610485355750972,-0.19812942028723957,0.3010663743070595,1.0040752257233527,0.13338100576209677,-1.4288646401204588,0.44420074589186187,-0.9993698901777831,-0.5560970324693643,-0.8973430120474022,0,-0.0733092991234771
-1.597173872206723,1.7978661937805271,-0.28162675902114054,1.700308717230558,-0.08724666134579295,1.1130520662789434,-1.4704789449363314,0.584732317682742,-1.7983430792461492,-1.0589527508114045,1,0.9453131469141665
-2.441255493916776,-0.19497392674285835,-2.533644316809096,-0.7818386022309807,1.1119415794622465,0.4005080118608507,-0.26742751515028607,3.308744729256927,-0.0986567487991172,-2.4138671535253797,0,0.05134528731603099
-0.040734083500727936,-0.07094110262975596,0.8392829493887253,-2.1296399832212156,0.23075049446637008,0.6092209688586717,0.2556648652455486,0.41918849355952326,1.2305368955849871,1.5912470137675065,1,0.903924773472568
-0.6840468943286622,0.7657393744305344,1.3423816504508364,3.2674198754898067,-0.058877917724343476,1.325283748248431,0.6121057821425779,-0.4833961561281357,-1.8707399303730572,0.3703514277633786,1,1.0564495550481008
-0.9048938381984762,-0.7492747448237269,-0.11690292002284552,-0.8245431293786283,-0.5236032221204081,0.745038119304154,0.03684011314440406,-0.8375258752475466,-1.5319014652567837,-1.7948766177695368,0,-0.002755104952114467
-0.6068645657171823,0.8021036216394895,0.06530801038457557,1.625878688700249,-1.7345146370101816,0.47394420354669864,-1.0125401680699102,-2.1625319878655813,-3.027307186076106,-1.577368210855677,0,-0.05961976652212168
0.5591308612728076,-0.19210372652204966,-0.43153696227971183,3.3153625319620375,1.7742120013104534,0.6277975631900686,0.24021777433265296,1.9504515407513878,1.1187767116536296,0.44207021331689966,0,-0.029155753615134557
-0.3332925928925743,-1.0879194772237986,1.6518700425163413,-2.3564972686907564,2.0914737248984157,0.5031904234987225,-1.4049708001234185,2.044559208650756,2.514038441145633,2.2446891480295372,1,0.9491387829449179
3.36384445427172,-0.16441185000741868,-1.1531262824506325,-0.5359651269672412,-0.35423319921340646,-0.8010534075329416,0.43864641475231086,-0.8753594815444378,2.7881462577563276,1.1422131330902188,0,0.04331126004292643
-1.5277159317539664,-0.6635688401726332,-0.5019640168072597,0.23467507442875468,1.310117015129295,-1.2757007422089897,-0.018146681930818233,2.4833994229139105,0.32834075445881894,-0.22521632811686187,1,1.0366213904881418
0.8993784753594853,-2.031516515587131,-0.9998443618489505,1.8988601447216567,-1.1451857595641677,0.6237286420648555,-0.5369565585966835,-1.5125812059868942,-1.1811807815205309,-1.2744857687461362,0,-0.08595805669380234
-0.5559337630157006,0.22228522600139497,1.1621304788483187,1.1828272922527956,-1.2697456566532106,-0.7944619985471698,0.17222045380073123,-2.2910494148267997,-2.7256451544616254,-0.908246317233166,0,-0.020179605925966706
2.808646340657053,0.4745991274878383,0.3547176890370841,-0.4481479238765278,0.32294960878377565,1.589827520846252,-0.7826291978523723,-2.334834692498715,1.0127410287017558,-1.0124047321243617,0,-0.043159283117213856
-2.701330897448136,0.7982364256274309,1.6692676446343397,1.9901244356727168,-1.7032144682823236,-0.27976377102164574,-0.01341431135095773,-1.185045815601397,-4.065448311662902,0.10170874725728551,1,1.0646754984229685
0.24798265255669683,-0.7060589887612834,1.344705868553437,0.47242980957935987,-0.08779757646920183,-1.4820863365605499,-0.8470235166549841,-2.6191228715034933,-2.069435438857629,-2.2851902533649007,0,-0.06750495590632105
-2.1238653916750967,-1.9799317229723556,-0.6340856747981118,0.7518737861960783,0.7476460560774965,1.6196302348137865,-2.511973567730523,2.368301054586457,-0.559173610677924,-0.3653494555496696,1,1.0802114552342508
0.8122871892246988,-0.9338708445910422,-1.4780247757494238,1.2117506450742157,-0.1452503384249687,1.123349184394479,-0.7225167412471409,-0.23755489610270392,-0.0974149847314219,-1.4595696851112314,0,-0.0016647369758468783
-0.8629963737876517,-0.7969747770318478,2.294584143233079,0.779349533496551,-0.1668046399320977,0.6677929566115377,0.36022273928856074,-1.6236561816171902,-2.140327566875083,-0.2391775384004462,0,-0.05809672031900438
-0.8828477670527395,0.7281139683552119,1.1461227380918282,0.9245804089080287,-0.6246948102557,1.8141397803694048,1.6293245969796994,-0.9021118566135824,-1.743520439654976,0.10448783110899851,0,-0.033863709200463894
0.8064079596525429,0.7148943829562258,-1.2601753261135373,2.21496346630936,1.3026038232108317,-1.9203614728822844,0.4793238978887308,1.0844992511140563,0.7223084687571287,-1.2307124865847698,1,0.9599190579615775
-2.164050611893573,-2.5731702015625024,3.8466022959486805,1.261336517042384,0.6166526474849229,0.4004526306146951,0.18788477339195167,-2.6655865168752215,-4.4623386919772425,-2.6105641767191923,0,-0.0637309201007753
-0.5804647535283247,-0.7315947374932197,1.4463669071606848,1.6898086232606668,1.6285713081761768,-0.143905680267251,2.0890094675877076,-1.0576232130037313,-2.0732673605252043,-3.181552343984021,0,0.004741342986518783
1.1967112906418609,0.6304288717599488,-1.6566165038465406,1.0202980818651044,2.31561719924512,0.4488653781640554,-0.6441274923609385,2.140068990800574,2.3005701742584077,-1.160891965656727,1,0.9386042224654079
0.06847250097623925,-0.36348228927255455,-2.691250117316594,0.8656403441773575,2.221337750568683,-3.0115170297965044,-1.029160894944958,3.144272954610406,1.8067897455212547,-1.998990745002561,1,0.8909816895630905
3.5682626214749895,0.6635636615236761,0.8137973861810112,0.34985582116555436,1.6061955024948973,0.14729806846584706,0.041515710015524385,-1.6798388753045104,2.184953500081088,-0.4770603242861511,0,-0.018983823542408657
-1.9000164497864371,-0.38377016042081763,-1.8759677392899614,0.5832226400002192,1.1694933741319482,1.958616199978704,0.6596238769378999,3.0018587650313058,-0.04662632558648183,-1.5088308860923423,1,0.9098571901791058
2.046317220910616,-0.8719787646078538,0.6800184044087096,-0.9478815215286852,1.8307842220368136,1.9443424248075885,0.24717881678503698,0.5014031327032239,2.9741130829833136,1.1546014966683569,1,0.962391956596624
3.2263132994966655,0.08950161173904757,-0.18111910731085,0.8869448895756606,4.232119317513396,-0.6903937287740057,0.588321828410675,2.712265406982193,5.282921784068344,1.1099477188814715,0,-0.04545514443016779
-3.2356920122422026,0.8032184691252773,1.007117975327843,0.3289333750421468,-1.3184812867307008,0.8786936728901794,0.02001680601648622,-0.06855991922058445,-3.2885520158315957,-0.0912950704989659,1,0.9564391963987093
0.4020091940941496,-0.6020231202632337,-0.10848373559651825,-1.1452360148849707,1.4208045241211702,-0.5872390736187628,0.19289656924672421,-0.25401397416979643,0.29593700070040796,-2.517210642409296,0,0.10004815507950769
-0.6250451849741374,0.09444979790446463,1.7951712018382695,0.13127287862143644,-1.1115188845056263,-0.5762277140057533,-2.4834180096828082,-2.406350787932022,-2.437235414531503,-0.506503690305219,0,0.0028205783584785383
-2.83811508699203,1.256535174933983,3.7041869655950777,-1.0723739042177747,-0.4405884234500069,-0.9762028240458464,-0.0224913272520612,-1.788020753904128,-3.492184785144246,-0.19514556569332764,0,0.012268550449766609
0.13952260484405254,-0.31734120841790325,-2.500870408741691,0.8279993013160786,3.101444841372641,1.0930075013191614,-0.1663935542420725,4.2651765984583685,2.919901271868516,-1.1110272940757944,1,0.9111800851828853
0.70017004648725,-0.3728639658019676,-0.24842508118138618,2.802332135071584,2.183793582293392,-1.070180497740502,1.3544598843319415,2.170455509027122,1.6394773815030785,0.5870633509930443,0,-0.0326981566818461
6.14089875227008,0.8558513570223614,0.8214242795202602,2.0557164648583766,2.784399879276375,-0.05109497607101521,-1.0465869770701022,-2.3611197114103293,3.666569445055536,-0.7879965661494439,1,1.0107651314970756
3.3344028186810486,1.4181854664524458,0.5991155401877979,0.46148502878232334,2.6551260089820454,0.5492636822230351,-0.05161869530340954,0.12810825465028136,3.450194177894951,0.41317312532068995,1,0.9487735543543496
-2.5655285232488865,0.6162710448387639,-0.9922577143382266,-1.09918785698716,0.7077104665566728,0.3087504079890144,0.1722689121339602,2.3053566340145126,-0.63348638331266,-1.3984975064293832,1,1.0454031421758994
0.4679484910186634,0.8376068926096354,1.4663329069412363,-0.7873771514636629,0.7144971686138869,0.8632675881251931,1.1516757871641066,-0.28087898060015054,0.7875331369513644,0.9986981850589437,1,0.9398651707049485
0.5869865827466063,-0.3596863114286606,3.2769499896057517,-0.8595715179587331,1.9120314567693502,-1.8083318992529402,0.560850882777515,-3.043568211718128,-1.4729410022998661,-3.1467325879962758,0,-0.014318306793258781
1.3509820642135768,1.327598465401413,2.415498488393455,0.24131226891587199,0.7421361711989558,0.5640727422664968,1.1328199826942542,-1.8749635932445736,0.13876673993548477,0.4753232234043797,1,0.9706974180012221
-2.2606508806442225,2.0180918083031743,3.5676349524551827,0.10115128532864937,-1.6119253698300353,1.0523074102066423,0.4938693903156138,-3.343348263760162,-4.602580294677006,-0.5828818110957887,0,0.0082160329690958
3.3239079316257434,0.5834485063484707,2.1982802255085483,-0.9881396335740122,2.423526014290463,0.6946514502023682,0.09879878032857163,-1.2350894989053354,3.026994429893492,0.7324071643533184,1,0.9679754964072287
0.9214146495253226,-1.0810681984544064,-0.9592312744851061,-0.6283410522945033,1.4893397735557952,1.3176661965723757,-0.1583132795617573,2.264435419358398,2.956957852164655,1.1921628488230427,1,0.9864553186464531
-0.08933821158301436,0.889372088260413,2.2686666234995156,-3.5106046043257857,1.1563965607972981,1.0144747096831535,0.2826215903753316,0.5464087855554018,1.9855953184140518,2.3397764052307157,1,0.9881934954111007
1.1792834356459556,1.7733971367071473,0.2229919232088764,0.014699366777391365,0.8079095153984726,1.5316322336549348,-0.4003020952776447,0.09916508164259456,1.3437702821958308,0.4812864262813461,1,0.9632806121304349
-1.306957633970507,-1.6342091164041956,-0.10899776874450628,-3.0631112838217227,-0.9241806965717598,-0.5276242617945722,0.9196338414134884,0.9438073771988802,0.5440051787990318,1.6603040003055518,1,1.0242546934248555
-2.81009202635505,1.266612851716907,3.9351285628817365,0.9484980777703124,-2.43970461506838,-2.033394200404988,0.910923456260872,-3.9622644318124114,-5.856199060148964,-0.3983352438740003,0,0.011919418741871265
-2.1937772184138735,-0.3782438643218271,-1.826643807859671,-0.17585078614943872,1.1673894981241948,0.016800707340139998,-1.9684993628084806,3.2408378770419852,0.11206254129274594,-1.3223790832914615,1,0.9955693027373417
-0.2669834762423309,-2.545179026262459,2.457448106066754,0.935121575627605,1.2853914545923941,-0.06387851954443617,-0.7016634418272092,-1.8411259859469644,-1.924761426728812,-2.1521051286152995,0,-0.021522916673097907
0.03586569542741502,-0.4364059252825837,-3.3639097029422707,2.286902488957874,2.807646775999406,-0.4603327138698228,-0.44410861361908505,4.8644676736479475,2.747870200386231,-0.9620549348191207,1,1.039827201526
0.4765115774819799,0.12426873778132808,-1.862736366120203,0.9051704491114406,0.9174437313322901,0.3998735875292586,0.7218569916101722,1.7520416043063054,1.3137712333709148,-0.6243901314562486,0,-0.01179171219070907
-1.2170180870257057,1.2501224359073249,1.8870874974602758,1.6791716893044444,-1.079214665995151,-1.061747630060701,0.2337842748273549,-1.769182741009534,-2.9281190283687875,0.013741400323819875,1,0.9846651356087032
-1.0512007282224973,0.3859985971044967,2.7421362680090344,2.135088066737227,-1.5336589630772135,-0.46813580021262274,-0.9334247436724671,-2.653753858550721,-3.446914622639706,0.6292401760714135,1,1.0052345014944064
0.013281400005832777,0.9872656478429901,-0.6565851001629652,2.030050535625156,1.4017245892251797,0.7062430695355104,-1.452315124487815,1.7136571408187902,0.6708299061044317,-0.27765450095194233,1,1.0848293341485427
0.6563590787596802,-0.2689559594377715,1.1125467348211475,4.21087734950482,-2.2171918591919626,1.1717137243517972,-0.25411041712160465,-3.6711091411148384,-3.5416779106636005,-0.5509217479592545,0,-0.0670178104010602
2.9048140338073765,-0.7137479385084912,-0.8016384532970073,-1.13800277806836,1.3829372014404568,1.473264705816267,-0.9997144524966557,0.5709999304076595,3.715332834995982,0.8252732577325518,1,1.0384928446527677
-0.6260443809811513,-0.5124450069761245,1.8668155362115244,0.5294375805060805,0.5344457061754908,1.7458638102683441,0.2467031863176844,-0.7829686071818873,-1.1985851815030344,-0.2686121766874132,0,-0.09465855806190526
1.1827780342585847,0.15199510207901729,-3.385940178564699,0.9943904069896071,3.6190498399925586,1.5400415446752036,0.27776268121502606,4.381228533370944,3.8160784069759632,-1.897281278243737,1,1.0108636579114312
1.3071343776765447,0.7911492799403604,-0.08133117433361425,-2.258495759187384,1.7989125755948365,0.5979571853404636,0.25010436034643746,-1.2524966578921617,0.6117052804667582,-3.8508378103463112,0,0.07875414138043654
1.283774279850502,-0.9117343148952269,-1.3314943758395046,-0.9658366320842076,0.21444425555561697,-0.3279048622703409,-0.5948057672898827,0.8069183333963608,2.123161633310637,0.5937338224261487,1,1.0244334262233654
-0.8436701627282278,-0.49213413468457073,-0.05514761324476414,0.5667244549650263,-0.8212781994689782,0.6764867121084341,0.25865940430287326,-0.9239186861934178,-1.916592972693078,-1.3182961721786195,0,0.00853125392698964
-0.5713263723658377,0.10324667964818332,-0.9757326962846576,1.2819625767663885,1.3871672558978956,1.7285573179581866,0.1570928014787773,1.8963572200469607,0.3440547252250632,-1.0404643570502194,1,0.9719775265598463
-2.39445364465926,-0.5363568795982724,0.3797242449737609,0.1715060089028071,-1.0779011971827135,0.802413129973301,-0.5102042079572375,-0.8157578705884595,-3.2547169083783594,-1.7982147247064078,0,0.001552360024427712
0.2579406085558238,-0.23711940353923228,1.0410207804718363,-1.2769564750278937,0.7825978330981713,0.9666069225579574,1.0417990807336692,-1.7902677641697253,-0.9188228149854073,-2.663201371673563,0,-0.012603140770167815
1.8655792278055259,0.07708482409500496,-1.6450685373496206,-1.9372158252628178,1.8645223828454633,-2.143969306643276,-1.3995826658270176,-0.09042359687969974,1.8348729417384761,-3.5584877795750605,0,-0.03929883039656777
2.664716153413985,0.9769711598889208,-3.4103726199515716,-1.6738707842611467,0.21582144501355927,-0.20356538925638012,-0.04961550072682194,0.011821114600464916,2.5132528696862986,-2.310143764871274,0,-0.014493780773743492
-3.8988832563635754,-0.09134418125797855,4.362809274063842,-0.533117403248123,-0.9273312673164393,-1.1492181494779115,-1.8852985685303474,-2.394972400251653,-5.181652584357836,-0.7037804178504184,0,0.009919058031321978
0.07123754036050811,-0.6961055985829068,-0.0019309245713401424,0.5994154847289561,-0.2976855699403014,-0.656815491501699,1.2653780506858858,-1.0069253738734663,-1.0561595363549128,-1.2340373075241589,0,-0.03836085342653202
-2.215237462978525,-1.7020566386729923,-0.7423486222483355,0.606898231952597,0.8552357418827916,0.08034471850716116,0.7575490952100243,2.622141838214265,-0.41257675637429936,-0.351473894716848,1,0.9596859089657658
0.7763846108570517,-0.9344991743619468,2.001129734947237,-0.39673351244369004,0.6980639564452136,0.3763305566955217,-1.0025252531632727,-1.0816542364569701,0.37110572513346296,0.7217862805148532,1,0.9319878281203913
2.1953954386675516,1.1105813052562445,1.631518023533908,-0.2731788127315524,2.963113347870623,-1.1110923180074443,0.648242413897447,0.6530542950809743,3.1675819737400106,1.0807076418348025,1,1.0195362513044448
-1.374748293478175,-0.11902515250801042,-0.13550717308132953,0.4273046731203821,-0.06978785889590167,0.7498920793138808,1.5908769066549933,0.018161379418152126,-1.676624146641438,-1.6092474313491838,0,0.02726616309835302
-2.2082108984750164,0.6275592242707073,-5.075638112059248,-2.6054858122815157,3.6080031993282855,-0.8893890405545282,0.3527765453983774,6.989946358924371,3.257244328018484,-3.455799548903038,1,1.0115830222118258
2.769379194161586,-1.5659871799799663,3.274398600269998,0.6773576354233923,1.6386624577783437,-0.10674759128342123,1.8918443001905736,-2.6507112551899,0.9174666322727775,0.44097254214448833,1,1.0482585246364333
-2.648801935298161,0.25546735136745974,2.3631035876721596,0.3005197160169375,-0.1441024392316267,-0.3804967127052133,0.1813599726089324,-0.8274630916507731,-3.1816943357604215,-0.7598631687725804,0,0.004393381854036376
2.7257120612411674,0.042588127284631246,-2.4690856637604846,-1.1190065831795328,1.1320731488562885,-1.0245337563305545,-1.3766619300466403,0.5421727348063062,3.0520232627689317,-1.4576265310765293,0,0.019600546868287837
1.3827068620955003,-0.5700781352736793,2.7723385633693445,-0.4960231390268176,-0.3970133969924614,0.5469381006327273,0.9334557486855192,-3.4334886549923196,-0.8564260018849043,0.17491692755337174,1,1.0151918712818782
0.42680865813708,-0.20348266450002342,-0.06639954442235863,2.07201428036531,-0.7003578604299623,1.0560205137812224,1.3734924374593127,-1.7420787193009935,-1.798209408200022,-1.5951829605505914,0,-0.004577000970910394
-0.9785842508008079,-0.647244310601006,-2.4314846169235453,0.22497615531538873,1.7990081676126835,-1.3786148769926456,-0.8134121616728179,3.2987737894688496,1.1304149191186357,-1.8025038876052464,1,0.9734589085935177
-2.279329080633267,0.12909128529324637,1.2308571575357754,0.7513422560027693,-2.4340997769733814,1.0539883203559304,-1.7180790923653273,-2.8475311000392214,-4.860834094878768,-1.7862345328038327,0,0.11070763078959556
2.334516919971933,-1.7403028619097403,1.3998467573902413,-0.20059876339790628,2.3860737767238396,1.0594008981788623,0.14438108398419333,-1.110853883508875,1.5819423916336233,-1.2876952314270094,0,-0.022597548992675427
-0.08276340613250455,-0.40972103084331296,0.37191071348428173,1.4423821021374306,-1.098162025176787,-0.2859537295690746,0.924490787550113,-2.071849127979831,-2.310850966832713,-1.4362585151239653,0,-0.03329388555602182
1.6104072137538172,0.38516486527590105,0.9309447676658064,-2.660105815176713,1.38291597026526,-0.3606031501820175,1.0163115605480888,0.44545418339925713,3.1064888982694487,1.7158476562411362,1,1.0217004911725054
-1.8085845351065948,0.3258800055035476,2.0488050561892113,0.7175671742609813,0.4277390001890997,0.8825736605604232,0.5858630572201573,-0.2782364086094592,-2.0095978561255765,-0.25898246901130273,0,0.012592720764750258
0.77238826460752,0.19210976410563316,0.123593620391236,-2.5703447099922796,-0.8292160360138552,0.4639644970432612,0.4366039592399506,-0.8988085069026688,0.9391866454969683,0.8880812173951952,1,0.9297604226194837
1.4949183093468443,-0.6381459443347278,3.0271476133108064,-1.8131940481992364,1.051729395185513,-0.9109532711216858,0.5218900552303004,-3.6413137917136775,-0.6871526457748345,-2.096525921514302,0,0.056133912728186935
0.8831309793743268,-0.42367502947941305,1.2011083939410698,0.1102683103529325,0.8246759769199706,1.2751344360412042,1.5540874731942147,-1.4358106760183176,-0.2630274877636702,-1.187662098338917,0,-0.0047097287675416655
0.7044686006056748,-1.4778438261315525,-0.0030489205377817186,2.7175406062853815,-0.3745346385586552,1.6561216174092266,0.7529134664559394,-0.019996584708499257,-0.019088107894605914,1.3281460498682591,0,-0.05554655476078603
2.602684558552226,-0.30833472952722357,0.7456200707785674,0.3663177967421216,-1.4196320724164564,0.2747068627334077,-1.6956620233195636,-3.9230344841269194,-0.6535683636758056,-0.6037603819085224,1,1.0594392057176938
1.7857748958892237,-0.2692473335425451,1.2164047842085546,1.2599316453346752,1.0499059739045111,0.01886917489017399,1.272222959559049,-1.2865369510452902,0.5033473990670326,-0.28037562349180534,0,0.0312837785798077
-1.6250306863489243,0.8862316040771917,3.028619133744623,1.1208991320284662,1.1504394209207685,-2.614241888728173,0.2326200916515547,-0.356593971076704,-1.847466924441826,0.02851493235601077,0,-0.06322709959739571
4.145068825631553,0.5468931684981736,-0.7288678152447283,0.4721116497910054,0.19733771439003556,1.7578488451965872,1.516088726806931,-1.0538094468283072,3.201575872032283,1.3839294359368948,0,0.08885914201288622
2.7818216553067847,-1.4614361530130036,-1.0779257769358037,1.266067734401806,1.4803733636047454,-0.5570072297002636,1.1564035100611922,0.8948193062143012,3.057842321689913,0.6480060245824253,0,0.03293986841830964
2.295112569504764,-0.33110235489488604,0.926234675761922,0.33797444309452673,0.03472024654281691,-0.22211161234944968,-0.8746075882550929,-2.1732135363238356,0.5617811841090938,0.0036431081107635155,0,-0.0005098057812523066
-1.5531674443267538,-0.9973363402740583,1.8485453439029258,-1.599922488136912,-0.38982232307014064,0.3243556553790566,0.22845198642123898,-1.46509449922698,-2.1041575039213622,-0.9689059560977484,0,0.07951094028108897
3.1109834845553452,2.2454730543148007,2.701718835535427,-1.09603147725765,3.3620006004929364,0.9342540020924235,-0.020408572033173103,-0.24671072426329746,3.7925009538615746,1.4267244543099067,1,1.007964889191482
-0.2172140954913705,-2.006921384500158,2.4882843917387136,1.7780456357568768,-0.7638687752493412,0.8700353546917452,-0.12570654351974647,-2.6801886059803546,-2.625399363002674,-0.13255690485671234,0,-0.0014041537552015992
-1.1736011812381681,0.5742018860917697,1.5137947750256568,1.8820442628982512,-0.7249234617920509,-1.1026893508005156,-0.6066052258582756,-1.6247380341041695,-2.9613860257363265,-0.8252422026942148,0,-0.03301500580109945
0.11158848729485005,-0.1690641899673176,1.9863676984943535,-2.0550824024948016,-2.991748719052597,-2.0626640072755107,0.18026647147262553,-4.569859496874074,-2.721840339984771,-0.06498197604103262,1,1.029092521965354
-2.14584205826049,-0.5336428865333617,-0.5157230664441662,-0.250427564349442,-0.261602906840527,-0.83502672142621,-0.6957571813445877,0.6918399319653387,-1.7364864087731233,-1.4996580050654127,1,1.023830148366199
-0.2984732451364903,-0.5220251629113689,0.2919280103332851,3.0130394403152674,0.20174635968763444,0.3282570048123753,-0.3169672382242752,-0.02230489588097042,-1.2420459683366607,-0.3456846774356608,1,1.0007340069944857
0.06852346262466513,-3.1159489087001697,2.728059080041779,2.0153312371871355,0.739062193776585,0.6856035482183858,0.1466372584241622,-2.5991576583204665,-2.4726702064560215,-1.8360693364801048,0,-0.03949931769338015
-1.9895470413184437,-0.19331617722184558,2.209129871995234,0.24400143091467974,-0.5452524021387353,-0.8156762566542974,1.713339554274535,-1.3521312843403948,-2.9265038721944023,-0.5060700231692111,0,0.006496492708303693
-1.0070591483743156,1.4831443763472472,-1.3726006322574749,0.6669602862725931,2.4498478264449206,-3.0354345687292628,-0.7560276980140275,4.182951915644153,2.029992276824223,0.20068850683436157,1,0.9965100607118931
0.3602022748515702,1.0650855965154253,2.1673356926648966,2.782053038400227,0.9672436032597268,-2.220061501384726,-0.4647649148436426,-1.0419864557478764,-1.038690407924281,0.05303525021153743,0,-0.06667371593671005
0.1276820551057778,1.564811284641573,1.9723714424123449,-2.11014247679042,-1.567666371304841,0.4050552103951921,1.518758050139862,-3.0293664994520775,-1.3938757756927567,0.29911739672504467,1,0.9264093824337907
1.5231264651218503,-0.375746453465075,2.1012500645153827,-1.9396048553389842,1.7330332887902014,0.8253964401931568,-0.4852262231088893,-0.003425186942320318,2.6141296558740685,1.9337551150993564,1,1.0282576689404885
1.0345110682913088,-0.2392276834931358,1.0171238359120514,-3.557483376435963,1.0813462194658614,-1.8845768158722005,0.05367598883517699,0.5168560288733085,2.885581287398272,1.8433033070613802,1,0.8699055842474155
-0.6406815010439195,-0.6743973586692259,2.1508647295351344,-1.510480508430711,-0.37674953738591355,-1.028975407476532,-0.43242416145938506,-1.150719092351703,-0.7192133570300282,1.0424992651300913,1,1.010270526348063
-1.0904953145105167,0.9360008711925766,-0.40051441797184806,0.62069259158909,0.15690673033417368,0.6067185124171425,0.7826959644044731,0.5297044905024108,-1.0239697028116728,-1.1478160549999394,1,0.9760958471123088
0.596766776058782,-0.2752051654085539,1.3479932746194334,0.9357481153227266,1.563967961238262,0.6981700736817216,0.9201046790111094,-1.1039623535684269,-0.5877746891091741,-1.9573634342462216,0,0.0654123303439955
-0.015469896625926682,0.08326914154442104,-0.5141620319501516,1.3188277044953927,-1.1127960468219809,0.4157632394196296,-1.6435227599284934,-1.4625486298150363,-1.841287279782026,-1.5466467601207614,0,-0.02467341045769379
0.5974555718277075,1.0348722659860625,-0.06226790488465661,0.5259423964756396,0.8901930743228726,0.056367964366067586,-1.0947443951704192,-0.6412518882398858,-0.2907642381559062,-2.064629275997059,0,0.0329742107125948
0.7214869941540245,-0.9564711047446451,-1.6710218923065416,2.487770886871223,-1.5199641977016927,1.652321154644339,-0.5794622778253132,-1.3196839290371674,-1.5008767307733717,-1.5003210942473035,0,-0.019845692061889582
-1.175137466010736,-1.989114329535194,1.2297849313321563,0.1385714616789293,-2.0106661418113365,-0.9099470861107053,-0.9890195585392113,-2.851271518253998,-3.509263220585054,-1.2459432987752619,0,0.005687407674307173
3.5452601027272177,0.016903690556634494,1.497918686288517,-0.6969419412659306,0.5351906006807641,0.4030292460528468,-0.9101650160850435,-3.25854902964373,1.2860547296951685,-0.5025532307843817,0,0.036841826546002564
-2.8012744888099936,-0.3838906237087654,3.1446489686294523,-0.7011610417537608,-0.5328718131226868,-0.1210477504231266,-0.27554541901629864,-1.5381577060964238,-3.461842222046642,-0.38196237683450585,0,-0.02312778581622901
2.8241020994452595,-0.3385115435867625,0.46369772684739075,0.21082280089312877,2.51714652572301,-2.1047350459831264,0.11393050490165299,0.4231638016514152,3.2343251505173543,0.4016550441656338,1,1.0498277442249202
-0.9578998884263672,0.16884099288752333,0.24537431726729564,0.4624735521110037,-1.1962583545444283,0.6670266461718032,-1.1066837758311359,-1.4960029568963755,-2.4333633706204014,-1.3971839836941882,0,-0.04968489385532416
0.4279166269969056,-1.408338536001233,-0.2599545925882343,-0.12622659823957594,1.8004783063938998,0.1053843344687441,-0.3395176133392073,2.2599796974570774,2.392484389299701,1.1232807099836457,1,1.014729642127919
-0.3391404764218884,0.6519559223049294,1.6886809278709949,-2.063290533244974,-1.0546596883202164,-0.18477059116305342,1.2928035788640662,-1.762450656875951,-0.837728412314724,0.7580394567998231,1,1.0461319861393927
-1.8574420044789837,-0.060352489335436216,1.1953331196817045,-0.6080656043647918,-0.6499624833405039,-0.736039506445663,0.3253549846652043,-1.078755488173851,-2.5120577953017915,-1.1655281227688015,0,0.03300187458951675
0.8793845987150204,0.03280525465681599,-4.528373513015175,0.6985908826979037,3.4213712521113506,-0.6241993654686318,-0.5628136527705868,4.566093635871329,3.4624924268065618,-3.2504214671486014,1,1.0958222438367704
3.0950913549011827,0.0799792519069255,1.444590432122513,-0.2218508528035552,1.4606975568411125,-1.254939041535662,-0.36559312401286687,-2.164750159769667,1.5552552050776196,-0.6953045223956456,0,-0.03817196586553303
0.383532423205982,-1.2630890108831658,-1.496535775661556,1.2201422431402797,1.9554208997039066,-1.8499924588499363,-0.08007947025372299,2.3117309662963774,1.6030377727169007,-0.9371090596806909,1,0.9310425374325706
-2.274270694619549,-2.0435744837849943,0.035862531570050926,0.5902052033803635,0.12291250043137514,-0.21798231808121812,-0.3574773728539711,1.1044040940186803,-1.6392334454586888,-0.7584330367409948,1,0.950283244575244
1.8180006233883774,-0.8126043059415301,0.5974554314493024,-1.3971240248878711,0.21144553664377985,-0.9370322059711838,1.0859037784177776,-1.233504009600528,1.3776453447440022,0.3991579098197847,1,1.033022128327422
-0.6568624996664623,2.4187673598441735,1.946527668016408,0.697449521919533,-0.2673549157352748,0.6349885954967257,-0.7437977550755864,-2.167943300813854,-2.505154778033294,-1.3198880384396081,0,0.02489614671346893
-0.7423006612652805,0.4894262098587798,1.5635339883411397,1.7036187392257955,-0.4240851710634601,-0.026315224330465486,-0.8778436600713388,-1.1295441192680424,-1.9684777323808706,0.118384535105446,1,1.0051128329823709
-1.8089819449040836,0.8595269876622876,0.5660555375700409,0.16028632188412595,-2.053740613842052,-0.1515741158979018,0.4381971118284886,-2.1070706810212823,-3.667053264886037,-1.5351002981926487,0,-0.0561478524553565
2.426541931885229,-1.0233056916429317,3.9628125726523726,2.4866513777365773,1.4685093742679682,0.6867999129893406,1.8454820910648262,-2.8105052450980903,0.034980113661465716,1.0290863655335625,0,0.03834336466645304
-1.7852909543688558,0.3964264217842998,4.53225905576188,1.6790777274240347,-0.4588376413639268,-0.8089554278278943,-0.8499815817526171,-3.3799317977112655,-4.511506196145613,-0.6582939275809421,0,-0.06123523888252702
2.158846486816104,0.14899632196837168,1.0211305379888704,-2.185314168422605,1.406951777300046,0.6119222230820439,-0.18700017463179738,-2.926433740174873,0.2561440437375987,-3.604985542655936,0,0.05794747911884499
1.3207133509001252,0.9113056144249753,2.6751277630037205,-0.9075898379995426,0.3326673799316353,0.04044801034431038,0.40217388821128486,-3.5585032118336475,-1.065333470095824,-1.4754777895258582,0,0.14287192115699326
-1.0879121719665055,0.5992517620652308,-3.509300303149539,-0.15356261679980476,2.9784544617836004,-0.013088547288123236,0.3806210817169059,5.123179567439995,2.439714707248028,-2.219141077099673,1,1.0183225573285775
0.39016077655794457,-0.8683757803649401,1.7833458095213515,-2.3203656168435955,-0.09802150140408172,-0.4253769683147531,0.6199140549758686,-1.0339275286112424,0.6510619927415618,1.4234113902097456,1,1.0291554067828872
1.6232995113755941,-1.2613724847871297,1.4675449076246134,-0.8947605634969327,0.5922025299526492,-0.36643482703477825,-0.30273017212759845,-1.5586233683676465,0.866294854071135,0.22892848982688885,1,0.975357011555222
-0.6230738637008009,0.13222399879126648,1.1604672745016456,-0.11072075307654328,0.9813752345305589,0.8109964609500869,0.5616438612260981,-0.7848657961336616,-1.2682343656401003,-2.0422812829732884,0,-0.09051066605434083
1.695146210523087,-0.20427473956706352,1.2709882451362828,-0.02074602662626246,3.4305891106439343,-1.6334134111323106,1.8324460422108688,2.0098376319591575,3.697092647881464,1.6217565588709135,1,0.9698640318484889
0.22309181016622825,0.49865106514018154,-1.4889104607422476,-0.9578561556762042,2.217596610412053,-1.6610976372817392,0.11615931352773824,0.9548271929359077,0.7185318362390345,-3.92641706003544,0,-0.05464476205493747
0.2344945606266836,0.4844678488646676,4.092985795005086,2.2107139314409876,1.0499035562653853,-0.06897176269235558,0.323838903878085,-2.9293738115145413,-2.340618297151902,-0.758372018597375,0,-0.07235022882075079
-3.0513718366851585,-1.0220976309348624,3.517206050146572,1.1923612409283013,-3.016599333855396,-1.0042765411020174,0.47799461904605733,-3.600022702650263,-5.868303717624389,0.3242660606462078,1,1.0861179970997825
-2.2645791742656263,0.028412273221855442,1.4925344366465134,0.35724993715121267,-2.876787739435705,-1.067425367453184,0.5750973352024484,-3.4230111590599006,-5.146976923547222,-1.6635204691904937,0,0.01364312590128865
-0.4514924403349496,-2.255010448085703,-0.7529583488333254,-2.6543824998210797,-1.0768821303008695,-0.48661364888247033,-1.1973131395680374,0.5341284916891778,0.8098908957458669,1.195607777422471,1,1.0189843790306992
0.7470485390541101,0.32701235828269937,1.5232501253841129,-0.6103911811195095,1.2551994889611973,-0.08248661122830968,1.3709559344858788,0.1768892177425598,1.4266987212092805,1.3053550183692495,1,0.9845488817401875
-0.6357649062850463,-0.3012902743170822,-0.8927444997532901,1.6679914688064321,0.9880189647344273,-1.4699425115286464,-1.1117409187164002,1.5847386873833484,-0.06912281326179137,-0.8867489906666366,1,0.9913564458778282
-0.6276978111548652,-1.4222875679696008,1.6222582433926744,2.985425375309897,1.7518676992959472,-0.3524048317980249,-2.303337382319411,0.3787533225280455,-1.0776487885270223,-0.6433581242388321,0,0.048227534111966675
1.0017098644881448,0.05041508485400144,-0.056302026979510034,2.090509611865972,1.204712642890975,-0.015325997586277765,-0.46610519338224576,0.5029187835125205,0.7578054034020902,-0.11426741253556338,1,0.9983831440652392
0.3567357897176071,-0.6730286360979755,-1.2388758450152317,2.6627949178493098,-1.650198976898599,-1.3025992523178815,1.041101450884088,-1.9055646614629838,-2.399884739107593,-2.1087769064907995,0,0.026534696901236637
-0.5080563456153547,-0.15967035795942452,-0.3344915392879466,1.390461356827594,0.48146797345175096,-0.38844214077191186,-0.782060919834995,0.3843330440156167,-0.7901472340035881,-1.2124230550469834,1,0.9901997851077492
-0.5582857481315278,0.2972411412440828,1.320815844081594,0.5140201725069381,-0.23353889385081206,1.205507372379711,-0.7457331214645097,-1.6773671332919322,-2.0340425539529496,-1.304577156576632,0,-0.01710764453660236
2.0015938148312307,-0.8337475672327905,1.057141598596254,1.533277209949631,0.6240413048779377,-0.8829073871423011,-0.005845600407175505,-1.494596917791714,0.4766878534917954,0.06566924284797637,0,-0.07034570828009311
-1.5999274788925577,-1.1566361919413006,1.158902578554826,1.5455189394859992,-1.105398187216734,0.7558408478748394,0.41633898139525216,-1.5223005720699234,-3.270399940153585,-1.0004239992204025,0,-0.09888745311835641
0.6381109033184151,-1.134757475729483,0.903037443317321,0.1260216920354038,1.770554194262727,-0.8461284964293391,0.8937957472282321,-0.9142030141904313,-0.26029748564714944,-2.5554175253803466,0,-0.013078095053320091
1.521081357044892,-1.526250141366607,-0.5870137512396474,-0.39758786792134615,2.9525984283228874,1.0017568828163148,-1.206444239614101,3.134369265422735,4.28642604005246,1.5130115079621214,1,1.0028248345996615
-3.5575991995243323,-1.8910144240866076,-0.34918249048569727,-1.2090793724041857,0.02141919157584582,0.6333980442775493,0.11443096614177976,1.8806920407569299,-1.8365772009592145,-1.1796483361930306,1,0.9356934981645605
0.33874396540465057,-0.9145436621103311,3.9704794195843287,-1.2581568367226512,0.5982010743993977,-0.9953786861365129,0.6579535594314612,-2.262838771270235,-0.4486355923722571,1.1955197624257545,1,0.9982762567482684
0.6298729724828633,-0.3757318307251502,-2.3259540120230104,1.3684048376276279,2.584016072130006,0.17145115269896374,0.7887742343798586,3.336883592782099,2.512654022273364,-1.1026416821640563,1,1.0026876281495252
-0.7497385848414372,0.07474265763865885,0.762268450501363,1.7176250288731474,-1.051337436947215,-0.9289350741564782,-0.014430388787856909,-1.626483592378497,-2.5980226463074367,-0.903868774178756,0,-0.10780040030296896
2.7149567465620787,-1.0265141471522448,1.7719990959450413,-2.120518192872056,0.9173831471040188,0.4449071707321111,-0.44880920393190976,-4.034162598658018,0.050152184563816746,-3.0341119133658068,0,-0.04575623297397506
-0.9504125652120201,0.48447039343452997,0.8509604760888476,2.292047236936617,-1.5596668704864278,-1.3227542292698589,-0.5356203296425625,-2.178509650912463,-3.440700317436451,-1.1456805566643191,0,0.020363194686773427
-0.763440699629782,0.32334463272920455,0.2800479107821372,-3.775430778741262,-0.4243031198016167,1.0104779208862917,-1.962591837428684,0.7521409282832304,1.212129844759791,1.6792951665527354,1,1.019352936469787
-2.068814371085805,-0.06922019146108545,1.0020508853173693,-1.2077208928356464,-0.1091041646980564,1.7281140316645685,-0.2983986433824423,-0.35431754137154303,-1.9855640106949757,-1.2883050968100087,0,-0.05768374581998803
2.279707502998975,0.8371739870104808,-1.0273589479163379,0.10242100145693078,0.7311916716719667,-1.1330503709777686,0.7930848494925515,0.14541575112880714,2.2513732127235517,0.09564244031121572,0,0.007922402524986749
-1.587130958432052,-0.9402725207262186,2.2469615158985334,0.00506786804310555,-0.731675848056212,-0.6782601510170385,0.7091963390938627,-1.6119430770219263,-2.619625657000446,-0.14341319042044265,0,0.051120361268023606
0.11892918327270507,0.5247567035535852,2.33699882217664,3.18204293742732,-2.6260760743151508,-0.20078581868176906,-1.3547874322999793,-4.531116263044419,-4.263116613651176,-0.18921737063319455,0,0.03885364794954491
0.7869245765194414,0.9372964007707236,-0.2237361598339147,0.5706602784032444,1.1861243841388995,-0.881473298414013,-0.10437149967096379,-0.13255095870164973,0.31753437081242586,-1.6761785285793032,0,-0.004764289350696728
0.8089567510710066,-0.16834016799152837,3.8542631021191336,-0.30419093023665145,0.5605464306451595,1.1446445173567392,-1.0012791447798006,-3.8955284534708925,-1.86248770762055,-1.3166092030581003,0,-0.02339881566621462
-1.926802487789645,0.9157219441659742,1.3178102979095216,0.18418268032043417,0.3334499180612277,-0.3394924532184028,2.418127321923159,-0.800072891749922,-2.6826862279567973,-2.2295562138944427,0,-0.03146722421672522
-1.5821697069015914,-0.2114831291778997,-2.177017148975622,-0.5484870504145061,2.2738886469795236,-0.43260122430206127,-1.8358746469926686,4.203595724689935,1.588039300448076,-1.2739370561290384,1,1.0233909891454829
-1.7087543609880504,-0.1262098787703898,-0.8573668127852485,-0.5412636366468249,1.6091747789959903,0.6405087236906095,-0.02643828444434904,2.6791288819082686,0.4133633088132006,-1.0875752052869494,1,1.0097551986571445
-1.5441333473798118,-1.3636763817424824,-3.771863727648853,0.6545101072972062,2.4584769416857,-0.43024764049876746,-0.8307380829051189,5.274975839319405,1.8386183796290507,-1.9932893385651065,1,1.03147020030511
-0.23493409195001713,0.3276537852726016,0.7730477069754226,-0.7961544454011082,-0.29676217584771414,1.699665355407733,-1.918227088633336,-0.5326973873078923,-0.2770576693660061,0.4320542566344604,1,1.0065936906560575
1.7961895989996755,0.3413030506689028,-0.7281500635741589,0.8929025768381316,1.2582057158093474,0.21555239339554527,-0.7282246642570994,-0.5332728365608479,0.7942091370291147,-2.1212705962998806,0,0.0409381975173721
0.2717428895535494,-0.22110933049146966,-1.2959800246463007,2.3211077923572314,1.7766098587642731,0.574345870141092,0.47586473348821845,2.1708259240690104,1.0815409712889386,-0.7425972449322118,1,1.004729626647885
2.334014270164119,1.1367480382451818,2.195420428134782,1.9884117095568667,2.481870562452272,0.32978970719458384,1.790900881116404,-1.0264304675864449,1.1929150066378396,-0.17288367908067315,0,0.039234435806584325
-1.455116635014528,-2.4022100981872336,-1.6188289740526982,1.7109712253484035,1.4052753380587606,0.8205338662809486,-0.7058522926163403,3.2557857223222935,0.38541995551981767,-0.5930904024877803,1,1.043541138518332
-2.378448797945847,0.09781586326686083,-0.6536716786154597,0.9666914876385377,-1.3266894576208779,-1.5978859081088648,1.5035624024908332,-0.46582904940437425,-3.388691198764939,-2.2720628578243245,0,-0.04022633151124068
5.309486730784797,-0.768100463669754,-1.5456325472257424,-2.139825187733411,2.004273764936608,-0.553600496926768,-0.4081082375061723,-1.1279130368180936,4.721729269084445,-1.6099344195817606,0,-0.0904072023435373
-2.0940502332614668,-0.6282228669375015,0.9613390358628497,1.2252797413413634,-0.988757609561288,0.9897725775172901,1.1251767007153035,-0.7248068035531597,-3.007566504992936,-0.6128150558093288,1,1.0771746428007276
-0.44933880105955615,0.036713014791986125,-1.1325019163751011,2.5672689815203595,-1.9030353832461433,1.4384016185456363,0.6013255219641727,-1.4479144262560133,-2.7469349846193047,-1.619084003729108,0,0.012832936535613085
-0.0685793707219493,-0.995051357417175,0.0836111781611879,-0.5377129047979887,0.4468994615140881,-0.44821633970351876,1.0105270570065552,-1.7023710378155494,-1.6418375621859576,-3.7331701856913586,0,-0.08572429477480609
0.3937263703439391,0.04740641777933773,-5.5672015819169225,0.632723337433581,4.864546047060665,-0.621237373932591,-1.482443615223146,7.503535311981892,5.324657041897039,-2.494526888477771,1,0.9643090251390645
-2.056480567873729,-0.8642025440694543,4.115796154055859,1.5200879762051833,-0.5547056933841066,1.451746922318308,-0.7644407413302057,-3.33273480745009,-4.819964690083512,-1.3279201298149563,0,0.038593714618491426
-0.45874695456611647,-0.32702753572776655,-0.702724313037125,-2.9872960098003327,0.753727953865994,-0.11629171588334401,-2.1395648707110544,2.531280783290875,2.6031498265677775,1.7677285456626135,0,-0.01398384155664465
0.6828057371635496,-0.09280939900387061,-1.695274354144987,-0.8125622883643866,-0.4755688472690969,-1.5125477557574973,2.2746043020457027,0.674926441494718,1.2818988205003266,0.2986378160042378,1,0.9743969290340436
3.4115586070713513,2.14446123744,3.0681946162553038,1.5653201960659686,-0.1026376574185015,-0.9061121797607897,0.5319890150951821,-5.447476719153822,-1.1888670449009788,-1.2327075656257378,1,1.0700440930156483
0.9085314903439661,0.30908599397407993,4.623660408608196,1.2879110803169713,1.8813944947183694,-0.2901193818318961,0.7367618898729666,-3.466331521401285,-1.8161704311081321,-1.552218027321802,0,-0.05236435731919053
-1.5282595224444124,-0.6355410907886301,-1.7936714479843376,0.054760426285470176,1.637587417405687,0.0032571248152866807,1.1951525101303315,3.484191147325831,0.9583247349171493,-0.8808089912326023,1,0.9600923321122583
1.6673657137192608,-0.7695609852242871,1.4043362751092165,0.15883760677114833,3.3565583349954067,-0.44471014881945653,1.1567698874433845,1.748991869196688,3.4014751100167326,1.440866708472484,1,1.0105693237524134
-0.6471856676427865,0.1421749970136571,0.28485430647175514,-3.079311301256583,-1.963081647388519,0.5847736306274073,1.0291481012324835,-1.1548079091145462,-0.5142326988637652,0.9759399207816037,1,1.0195227466026942
1.1044087668584714,0.780695327520996,3.4854965540490177,-1.0810229463760157,0.9408847814773442,-1.018815815488747,-0.12893778549746168,-1.935498723081078,0.4838510867074325,1.353982918511374,1,1.0248171517170366
0.2559857777848762,1.301614624313968,-3.381294576985061,0.5782545483899012,3.6774278651062065,-1.0201628447275617,-1.24324140770736,5.263608382389563,3.7758622459058753,-1.4496825966645457,1,1.0455619022284472
2.7339026734715497,-2.244986081764812,-1.7123723179960963,1.8469851485580988,1.77685365033709,0.6039966491166329,1.3206994506166292,1.1730937165574455,2.873296613650819,-0.34925662724636664,1,1.0099289310340758
1.0480272105936645,0.434100710374992,-2.064489575036045,1.5500493712039831,2.524226708387263,-1.0886971715763674,0.16192184598044274,2.786696921089178,2.4616975669586774,-1.1328940266022616,1,1.0244691969469204
0.6467143887146363,0.5273224337936723,1.6074321382166965,3.6123443940251097,-0.12118524111660411,-1.4410971946313536,-0.08825036865990335,-1.3048927794903897,-1.2206553278747754,0.8914256721809934,1,0.9870395370342459
-1.5636587643319944,1.4344584235090931,2.279872629077225,0.38682405812847087,-1.7205392207873194,-1.3534935681500504,-0.3322387485622097,-3.042421387551959,-3.960330712445048,-0.9742828463053239,0,0.003134915161835712
3.3305658407421093,-1.0014569984883395,-0.3338979966450386,-1.1239089539170994,1.7255878551722081,0.2643978357949209,-0.31378400152615615,0.09893160033089643,3.7959616066244726,0.5751662013063374,1,1.0053767090026817
-1.3523529267603633,0.4930753746785447,-3.0932012135067737,-0.09746774049941931,2.466714284847617,0.9153996812704581,-1.3801389399844406,4.480886665712504,1.6902874120369902,-2.197184056012067,1,1.0107549067909518
-1.002164131708551,0.8252634582571731,-4.206196153967454,-0.3400700659108382,3.1313991914616293,-1.5375611711675943,-0.6842448082835961,5.914244718041209,3.1557465149781367,-1.9857095932240083,1,1.038626990379138
0.24224245378995057,-0.7276468422538986,-0.2987873519723667,2.8525293071102387,-2.123932487001021,0.8673906286602127,-0.9039549031159373,-2.844462752506746,-3.1756370544454695,-1.7440519712001126,0,0.027757284097241555
2.2140318413415465,1.7804928054153593,2.027928788336343,0.5666486988069681,1.2859577023323916,-2.001573946707216,-0.16452363453911215,-3.0492361642979438,-0.3567152955838786,-2.1351592536884287,0,0.002210850145009155
0.09482397002843101,0.5836661901917236,0.733744060661512,2.136482785205732,-1.1635909043766848,-1.5187348363901738,-1.3051679640984186,-2.119983545363629,-2.263757534037156,-0.694545387421905,0,-0.04045629924705199
-1.4741767805710992,0.28913055635731016,2.77633345169743,-2.054332671540589,-0.8927467101018152,-0.6087563460167199,-1.379738639655971,-2.571116973370839,-2.627831518229271,-0.6407322477705151,0,0.0033835629031354775
-1.5924067113066172,-0.36263466350011203,-0.9986937545049618,0.5894689084636084,0.6520131082713467,-0.043126014933483864,-0.672008269482025,1.8965825624650923,-0.4694079566287487,-0.9803478228167261,1,0.9985991107552128
1.8613389649846694,0.7356906571639011,2.3248814408216294,1.05705834180942,1.5772792029570921,-0.7116294771019781,-1.1545258476626625,-1.3970462948620854,0.7689437627699848,0.35615675172342587,1,1.0096590789906599
0.8459686628428196,-0.45251369962762183,-3.397321008888098,2.564462057060059,-1.031445302283352,0.2990130378582203,0.5516966856296304,0.25868819506815904,-0.38752071234435476,-1.8965539800568212,0,0.11032626535702011
4.078988293040014,-0.4111667154272513,1.5510186742493015,0.17556450787875477,2.1281708426895865,1.235037526250372,-1.993452231570965,-2.2260157725674183,2.3928233162212,-0.6645309414784863,0,-0.02618863892706177
0.6074458113030725,1.1810926525974714,-2.21721904055404,1.266688647789556,2.67567275150884,-2.2856106433494787,0.18210037151280167,3.248880956966183,2.4480937937488343,-1.276950940831291,1,1.021114450956268
3.7975399927106843,0.9217405779021105,2.3896067316499554,0.9982660243445756,1.13261219127431,-1.5300448497921029,1.520439139851363,-3.4013585490667486,1.0547747974724684,-0.19784905853289803,1,1.053423103362215
0.4491640979662046,0.8130008165116549,-0.25271764042106626,-1.4164494239062193,0.8822660747263964,0.28791885080002216,0.44101345219993937,1.3580349253147168,2.0735318880656513,1.111033119365458,1,1.0049000957049692
1.189840908366977,0.6889426370994626,0.6324978693473613,-0.4508911254029364,2.054273123937091,-0.16969756419623278,0.7179296280835362,1.2807884198266262,2.585576171277874,1.1261711070415965,1,1.1168922559586083
0.03969914477464975,-1.841417073605012,-0.008108019600170602,3.048577384231943,-2.043912363710338,0.7123085217676228,-1.2950285218949038,-2.424996173253169,-2.9786566128441003,-0.9343777662998726,0,-0.01890196458657384
1.2096758477805696,-0.7024186041172227,1.603648364175171,0.5730376176904415,0.9575254616368106,-0.023556445448511563,0.4173613608724076,-1.047824488916712,0.43359811139344073,0.2332317940827997,1,1.0162044611160024
0.1723146146300627,0.3989793785252219,-1.8090298264658657,2.184722230773124,1.6398009715432122,-1.193467235844257,0.22076554330478182,2.2033790741190415,0.9226977199274987,-1.3183148937546414,1,0.960059712755351
-1.0279600603195536,-0.8968704070036753,0.6317493271868817,2.067584166964062,0.2097236041909688,-1.4149706169293315,-0.6436474302394887,0.07082005593804108,-1.5761010411515712,-0.4978314486430033,0,-0.017576236757164656
-1.076586037933672,-0.7337086672358848,1.9524575079339657,1.4011134638859166,-0.6030412461107659,0.6729160306609925,0.38388781854656207,-1.6689550731843923,-2.643418603755468,-0.34506798855500564,0,0.012446695519832896
-0.29806960450908915,0.5851713361445372,2.2211140879999958,-1.50299718147007,0.636593377615247,0.8549697684005588,-0.35351237710656724,-0.4001233501254678,0.2615418106194255,1.174879327347519,1,1.0423152031153864
-1.5857830663883408,-1.8344424325741007,1.2534729754986342,0.8315407499472576,1.4561912079594825,-1.6990136432826932,0.042413552453227185,-1.0669342369533887,-2.9647541853630544,-4.309909288086649,0,0.01595474170117871
-0.6976304247874408,0.9193828897766397,1.2482606078011025,-1.8995785033738335,-0.21125035612252807,-1.3736466595620442,0.9369294900831168,-0.018568855933084417,0.17813145079204112,1.4049596324302975,1,1.0629557424667369
1.8321826780864527,0.360563001735545,-1.6018079147730986,0.47863011015635315,-0.13238625922203773,0.9222963886509871,-0.4422378586160198,-0.37291069475343225,1.0983058894004958,-0.7394194510536999,0,-0.004748265529633588
0.3644862125708146,0.1449188031027933,0.6188764475307527,1.4518007797091788,-1.309931690588877,0.982893922635611,0.9879130108852898,-2.5930726339160275,-2.2269218470141716,-1.1451901948115413,0,-0.016608426491950268
-2.610634126089208,-1.4146852600295394,2.852762866654169,-0.3875301294749902,-0.20283782702519593,1.5165635453943205,1.0398269341784514,-1.2841715181494717,-3.2300084368019926,-0.7011746859199799,0,0.13519925536396935
0.903461816686051,-0.7533432126723794,1.5965313780490415,-1.4531837677054535,-0.6398031480443056,0.6938496670287473,-0.32312987264496357,-2.1866307217631866,-0.15205755432917,0.5598523264455671,1,1.0197118824721016
-2.153602364997952,-1.0963006448234318,-5.568269964799284,-0.8278611181660469,3.238503044864019,-0.53435471470496,0.5584392154137039,7.158601100341395,2.8529828931594596,-3.2328176138954796,1,0.9640259227010726
-2.4371352214363786,0.7411716714682208,-2.3577796047679263,-0.5589791488917115,1.6625194795806495,0.5446211293285214,-0.38522855675809364,4.112392641447528,0.5933906015943127,-1.6424375416576544,1,0.9652868118875966
1.9584895374370448,-1.0780178241944198,-2.759445122550475,1.9569538140612686,3.3867971780348127,-1.0024900921126803,0.011973523396195484,3.5153148464018598,3.7393611840053547,-1.278399154690284,1,0.9528660042734329
0.7369274316598466,-0.6453044015661688,2.554591586296677,0.6275529309425341,0.2673661593250478,-0.5639569870322159,-0.2373514339974784,-3.1689023210893206,-1.8322475024631393,-1.5364430715171937,0,0.0468284677928394
-2.4772237910862325,-0.3860340950594982,-2.2113017155204786,-1.230405430712711,0.8456601558179608,1.5690392840085041,0.23007947982634755,2.5146942620613038,-0.6518921166154208,-2.944126183965478,1,0.981781135355338
1.508644585303888,0.3811449841624287,1.1749441227273407,0.36625125618007304,3.7469696203349745,-0.38347843261692277,0.2154894965889095,2.344535681243228,3.622203136787014,1.3302708738303581,1,1.0063681237828244
3.5871926530405944,-1.6695673289124973,-1.3870203836197943,-2.3077397624160447,0.9163567227559883,-0.21496043986058896,1.443936763697562,-1.8241091884139773,2.3806549980786187,-2.737492932714634,0,-0.003175433721913436
1.4208446972204811,-0.6640767145177952,-2.4540183355012735,3.221968162020413,-2.4278189838481667,-0.056528443680388084,-1.1292376629408538,-2.1817795875059645,-1.8765748561358808,-1.8946505001467058,0,0.03657462039704673
0.7619605485825531,0.9277694073528209,-1.4617992833005942,2.2725488587312164,-0.014697201643049662,1.3706530495182778,-2.665998356228834,0.23614693237949913,-0.030914953366520784,-0.8862784765973719,0,-0.04233720464420101
-1.8003883940236904,0.15782578675426778,1.7146483921348779,-0.11117639130891788,0.9296691829656998,-1.9081078567659253,-0.4679478183642519,0.364561155432503,-1.2809483220416762,-0.416994734876448,0,-0.05377861430715078
1.765763249459102,0.6286555640138654,1.6158031977925758,0.052635132107013316,1.6955765790535233,-1.1650807058035135,2.6873124146604006,-1.845284304488061,0.31258534850439124,-1.7720472768407063,0,0.011214865359079715
-0.22103482965038002,-1.0899671045227757,-3.4505112844436443,0.03638324939579429,3.024626191935604,-0.4758117902507549,-0.004878224320875849,4.770452769969612,3.008596284843841,-1.865846100848356,1,1.030047964234995
-3.2810692159250125,1.0119174427562176,3.3589911365825724,0.5130014143946642,-0.2491650114510897,-1.7206936218462872,-0.20444930403054598,-1.246564879381571,-4.071431900379917,-0.5871231443084195,0,0.01662661565488204
-3.3487550385456792,-0.8344065165393487,6.071085986572143,-3.2079058591168508,1.7928634926989835,1.5804399376622695,0.903066165684259,-0.2897758512251886,-1.6069882136693057,1.6817201725450852,0,-0.04047268645486638
3.5023005986623055,1.268125953642324,3.196698935903635,0.04699256839800281,0.78913085222716,1.1523000024664207,0.8385561087121428,-3.9136209934965693,0.7958724491250827,0.3340291828041412,1,1.0338742421045697
-2.1563116853469255,-0.008391972169813909,-0.8114478108993189,0.9753340318015228,1.0067345176550173,0.9341235290032177,-0.54068044889114,2.9391788774123233,-0.19124805632971736,-0.08139531151417789,1,0.9628069536452183
-3.139422719725367,-1.8364949937078487,0.7337899932865983,0.5601739548985939,-1.7047118369764913,-1.018990580347788,-0.19367226032519497,-0.8438788668930847,-4.035323942469789,-1.1264060530346123,1,0.9739230677606808
-2.8491391910928576,-3.221256078752423,-1.3194399161466965,-1.2605885593599604,0.46470846688149847,-1.6616158524946396,0.4765806289008413,2.3752402847690726,-0.8839923305473925,-1.6639100815160375,1,0.9528023237638998
-2.4792859148321202,0.33511878945966705,1.0513725810155279,1.2881760961843813,-1.1103316581024045,-1.542110421837113,-1.0184208410421105,-0.5528675781184846,-3.2423169628915547,-0.4056773616414312,1,1.0650579174326016
1.8873707818006147,0.6931055155411061,1.4180543973286697,-0.9949317118509047,1.1881270144329272,-1.7534035349321981,-0.6422042697387412,-0.7717550579169834,1.8617385046718307,0.863105453061609,1,1.0316710770513675
0.8049251494946992,-0.35876746648139546,-0.8308277231296006,1.0561826666034877,-2.3529421308183442,1.058697515444836,0.5686151213778888,-2.982139787082663,-2.2383283708650623,-1.7172027171357307,0,0.030249668783943667
-1.3135087922113264,0.38881091705848664,1.9713578499924558,1.8856407160102049,-2.3165084384052257,-1.8529663443242261,2.0685638842825527,-3.642562361015362,-4.732385925093063,-1.248364037858068,0,0.06236057105712252
-1.8561206178968146,0.3278512474265087,-0.7466396807247764,1.551815306273779,-2.637432962934321,-0.01765737976681788,-0.2333523408010585,-2.127702079465524,-4.448628409017415,-2.6030195345711578,0,0.14063246241193617
-1.432219932735456,0.18113894366461433,-2.7566548272024134,0.5816450338423746,1.9675275183826628,1.3973541299582117,-2.621512413695401,4.222450481325918,1.308706035522684,-1.4316569376980937,1,0.9145386948044922
4.758138282084349,0.8212309937571214,0.590804582434042,1.807263465938321,4.956965772028811,1.2381751594168389,0.9992442029847461,1.5006684640302348,5.609397423071083,0.5753840539791898,1,0.9630811709561446
-0.21523119443615468,-1.995381149749103,0.541210453051961,2.1842154975073966,1.3814571784127276,1.607913432962963,0.9776016486478688,0.1978019080740418,-0.7920409115997047,-1.452571065443402,0,-0.030808754208726193
-0.7994020299663382,0.803065238286184,2.183668209803223,3.1198923931945775,-0.06704386458497336,0.7874742095328273,-0.08829518273459146,-1.077870727849391,-2.303976148932887,0.4307958538920298,0,-0.042540981119134645
-0.4874510704937689,0.19539617574852827,-0.6905062335483108,1.5290158862513632,-1.2960699345881728,0.48010488883528807,-1.0059397305851143,-1.1501378945759415,-2.1447358202181173,-1.4773181057596023,0,-0.053879162380185634
0.5626951797295903,-0.6527625090072692,0.8992484253864033,-1.9265047284422114,0.03688952689227731,0.4637715022015207,0.15967812903724204,-0.6468412329200361,0.8340508959089904,0.776936775808526,1,0.9850173467972317
-2.984229913012139,-0.7248838625214434,3.029364502628675,0.012601480715876856,-0.37250414894630546,-0.4698513427552773,-2.09204807861448,-1.0975991515474712,-3.510083028993432,-0.25373554283597277,0,-0.060830185764470246
1.4233831912296884,-0.9416547309223845,2.494141266199052,0.3558839051884194,0.11844589922712423,1.0605941745432637,0.34734250846226167,-3.131927874726906,-0.938043726903524,-0.529786959010663,0,0.01675211837687066
0.7415886307235162,1.0935993023859232,-3.4420304630468075,1.05358612576623,3.5427807150471495,1.1970962485199512,0.7093609468865968,4.554637356333482,3.4731250070999593,-2.041120551253018,1,1.0025849160714306
2.2960343171542448,0.24223742847878496,0.7064510930431525,-1.857463978353834,0.12542404429594511,1.2115283666596757,-0.7843465485184002,-1.5358163891183272,1.7996898607293024,0.7119339946043652,1,1.0240514332381827
1.1505816291176567,-0.20967455865951104,0.5761058026587179,-1.6279516371395932,-0.05545712277797987,-0.03165310929018862,-0.3468008567249493,-0.8893428296587002,1.081474994832906,0.6812389825877785,1,1.0253864225819127
-1.0814858249838577,0.5765136958356202,-4.430184583308915,-1.041787378215659,3.6117469370707123,-0.2988609390352295,1.0440495517353219,6.200250095147066,3.428582898738561,-2.684255998821852,1,1.0301503426713339
-0.31415229685049173,0.9634558717204744,0.5699368044031821,2.5398283201769396,0.18073031399668515,-1.0646677514966658,-0.2697995596852307,0.10673057622379031,-0.9032104185115187,0.3200664555338577,1,0.9813295531588059
-2.9256331961862148,-0.5247400475060665,4.085861369369017,1.7268649591740963,1.0456486273187136,0.6952054027520002,1.022312474498187,-1.6805947845167062,-4.483873363894806,-2.0871556102086117,1,1.1060571701316833
-1.4842577012213136,-0.17622614007741663,0.7632813336126805,0.787913056387629,-0.7600652085114528,-1.6865623437696777,0.063827804579395,-0.9157091423188516,-2.4719724571671273,-0.9311684262234072,1,1.0117215558241048
3.196755282181316,0.10463667341252465,0.6480195212140303,0.20913864910765945,1.8540318860680234,0.2247915401346196,0.61985858519431,-1.7245808794444826,1.68343615831193,-1.6320819857766549,0,-0.09312423763123975
-1.4739493996757616,-0.7653708510981747,1.318378644753738,-0.9327563793325682,-0.42977280927438455,0.27896841892118246,-2.4996409523051417,-1.1572102549164653,-2.0611903080183236,-1.0547013970600112,0,-0.05011878728831087
-2.2738107754131764,-1.1646701198186635,2.9108248068290106,0.14206561650766658,-0.9916243148476949,0.06539169367968953,1.085717709832663,-2.212406486518049,-3.7947497465679376,-0.5826836589024356,0,-0.08702514945139078
2.84991415270585,0.5624054579024987,0.252760178985322,0.1992073648656303,3.671510617772784,-0.658836204216342,-1.4360306521184931,2.024919378493129,4.607956356550675,1.0478955295957904,1,1.0008667314575654
-0.06125492647063491,1.3066280937594728,0.8714387457747075,0.9580025309127115,-0.8770193896004488,-1.5429908156085448,-0.6636338805165062,-1.9777850429244166,-1.9380160895178995,-0.8711329738050422,0,-0.006090261202666682
3.8552906989012783,2.195215588401614,-0.2457148868521266,0.9580683580354625,1.8037151272522416,0.3171557124296368,-0.059728329103294495,-0.6590854453802502,2.996819220382332,-0.22941218685035714,1,0.9765787151050271
-0.8887711272978998,-0.20113395071669096,-0.5296773481446415,1.7713912452940836,0.8252420267725952,-1.7665062857725509,1.6351080813023282,1.539904528167714,-0.299962442523808,-0.4483092838844136,0,0.10054630562002571
-2.271941609415474,-1.3714082140515467,0.4183299375096392,0.201583564404353,-0.4165207220139926,1.2356003807410085,0.0033515927025600366,0.17614580870157945,-2.2405938157273746,-0.9404041716729801,1,1.0274491437038455
-0.0389745285970049,-1.268876044862575,0.5093237816146667,-1.1617587555764008,1.6271012514923868,1.5370864864344103,-2.68777400144114,1.8832509548951393,2.0644375777566752,1.3646882837973584,1,1.0363049180723167
1.7786912984600507,-0.7389512646388021,-1.156982738818288,-1.314933957561647,1.1925694839060443,-0.2308703113278888,-0.277321499698281,1.677174499336611,3.538160098696692,1.3309151033622106,1,0.9534463256028949
-2.9705840507755985,-1.4466154129668862,3.011199012292831,1.685747124096236,-0.9797897434262385,0.4862796851965831,0.07824116668154155,-1.941173562372111,-4.757776315238044,-0.787457970427722,0,-0.04995724456655062
-1.0979840098705476,1.072215392940682,1.4242755751407588,1.1304190962008767,-0.2796110639399071,0.6176583785734401,-3.2681081118759265,-1.0740820049970603,-2.194759078766261,-0.6190848322259499,0,0.0018402749548477376
-2.137499740268899,0.20336280344510088,-0.9411623890262821,-2.468360044686385,0.33815640407547287,-0.21312557832092804,-1.3236116488593712,3.4958465713090243,1.5214321372713937,1.9321507097739083,1,1.0086503569826113
1.3725640015690292,-1.3600444343245275,1.175086065112893,-0.5573757179649286,3.3047617381347165,0.6767561493932592,-0.04661930981369215,2.1091256240677305,3.5951483520716176,1.5157485160892805,1,0.9071844216442772
-1.2039151174903904,-1.6806892462667453,-2.6703252349636575,0.9122471341326545,2.1390549088072772,-1.1296575179322468,1.7175388123218742,4.062704878713092,1.2996236157781411,-1.6265345958355453,1,0.9909846488575232
-2.236777647349522,0.5964853765238328,2.4754066945445503,-1.1697771017703396,-0.16283924906667713,0.8512705640832748,-0.6037511607988783,-1.419630115127349,-2.816029318583233,-1.1270637885900185,0,0.0007036041436752404
-0.9232271005005345,-0.9931887326863382,0.19575133557204527,-0.5934358185290844,0.20257233149718434,1.334224287128641,0.6431898240629084,0.08495412032673162,-0.7394798823126648,-0.9299843764557317,0,-0.010757458288556447
4.370013842936125,2.0114581936099487,-0.442964094853441,-0.335352021557792,2.238476886814084,0.8958310285748138,-0.9894945350144428,-0.1473462452613834,4.354970686258483,0.2728663887393079,1,0.9593304793826661
1.162659723346224,0.26556302301326823,-1.3940927014054005,2.463662639959625,-2.5866309589899927,0.9184601917075248,-0.37716937208746676,-2.973688593260239,-2.3892028592837886,-1.7622903906831198,0,-0.026976759096057002
-1.8186852731153094,-1.201173743126926,2.3181187040428766,-1.2928309279025023,0.5713456429957826,0.39529552446213784,-0.5611021081459157,-0.3601644069932585,-1.4241894225061782,-0.2217734180993619,0,-0.008842959678639802
-1.011238536373467,-0.036778046317475506,0.6768137827048375,1.0490370862638576,-0.892850930393411,0.49723449356903665,-2.2576836164053145,-1.4991554177298236,-2.6054952940722154,-1.349268281639708,0,0.004540001180502388
-3.348042458005924,-0.6872486084709567,2.3691068541184976,-2.252261691949527,2.002117452817222,-0.07122360502853667,-2.0907917079175693,1.899749066047549,-0.8113753091512342,-0.21420360196493393,0,0.0302395791275284
0.6956951066047897,-0.2957109466605707,1.388891840474363,0.9299309682476146,1.6946157846644656,0.32738619050303436,-1.0092145058816764,-0.9270936235285526,-0.3098755872862493,-1.6885541833291506,0,0.054042810247543566
2.166471665297954,0.5180021758181764,0.9200346180910141,2.263126123755086,0.5199904323418585,0.8327710885750317,0.5809926220961263,-1.3375418222113964,0.5673519896911176,0.49063998124794006,0,-0.014717386176362491
-3.7157037695127717,0.8299418337228155,1.1422428872743158,-0.16599764282974117,-1.312920758105705,-0.11739278199668843,0.25224056560015873,0.04882378562539571,-3.5173216975569566,-0.22421910291715685,1,0.9771921901942321
0.474378838181444,0.3668804774717637,-2.4047474091661654,1.4300435622287249,2.161386151110565,1.665109833307575,-0.8932698359195882,3.0493676764298625,2.080756586504653,-1.2004603273666472,1,1.0218827836767153
2.99609980522939,-0.20739605181175044,-1.65373618840339,0.7207369364860438,-0.9073502264127913,-0.4224039180501626,-0.1046988788352903,-1.0286222765058726,1.7828420485253234,0.6199843472672464,0,0.030542245820542713
-1.5897693077447923,-0.822393824799093,1.1456846888016743,1.567753795363862,-1.2399233866231563,0.48807307381157994,-0.554162958651255,-0.40399791817583985,-2.141605852823836,1.2139235949812313,0,-0.02171002166294428
-1.0907156005074867,2.3896859608783756,-2.980199880908698,0.07185574048976362,2.363188792991835,0.32911843406415453,-0.8042578640449662,4.051608479395624,1.5532934407869015,-2.3326300124429213,1,1.0395196738483086
-0.5546233393292974,-1.3923906201175036,2.1528760015785178,-1.8545959336810696,1.250345002799067,0.8181159100857118,-0.6666096732220271,0.7945806198659784,1.1493484626020534,1.8976621687977133,1,1.0489792670577986
0.42037976261263976,1.137809131276502,1.1894612831629499,-0.6228927062683891,1.6897010599527142,-0.007828872229642526,-1.7388825342139962,0.9802036009805566,1.6974742333523263,1.1535128150612333,1,1.0645843232829337
-0.8991394018643643,-0.41647747718039796,1.385987040401592,0.26498935515873134,0.6842561248561481,0.5078849014625344,-0.8926372670149547,-0.02600252193003925,-0.831412401447262,-0.1767758374047108,0,0.08891604533599112
-0.725922712479639,0.9317369205740171,-4.081595096074613,0.7996497445244368,2.8612116240395755,0.12928052601828052,-0.2555593161832955,5.2735179765198845,2.5540589653570787,-2.205346855972065,1,0.9566791930670281
-0.19043749662693643,0.08068713633081838,-1.8971656765368508,0.6918734318305508,1.8365284454215887,-1.848058572092012,-1.5720479066213242,2.3627697928530633,1.0832758874511914,-1.8723171026232275,1,1.0006949104666256
0.7471730456941184,-0.4906282985959526,-0.7281655749181801,1.626001128259678,0.024348162772909965,0.6152554600694721,-0.6505522097639834,-0.2553747061915677,-0.13269919980678013,-0.7558003855057275,0,0.0005638848309330069
-2.4925668014725613,-1.7592428208018804,3.460827013317154,0.6102191772843777,-0.4275207088729178,0.8624595706832601,-0.016925360062132133,-1.8928140359360275,-3.803689609410455,-0.4052417700617592,0,-0.00490367842662538
-2.168350953659232,1.6828504795575807,-3.2875730303067745,-1.7694669712266253,3.239302827774631,-2.4019596896908366,-0.9269497191993369,6.108859768128469,2.7318495259458015,-1.7569184850115978,1,0.9675368540194932
-1.2113433368678344,1.1714038145274825,0.8485241202982277,1.5664474571909324,-0.055981915370634905,1.2577535108260194,-0.11719355600518487,-0.1992847138473328,-1.7888999600757793,-0.4136030686740825,1,0.9257218998384464
-1.4887100804717965,0.9036733297703613,1.4771948194749087,1.2631559659989222,-2.231341404906662,0.2147272877956283,0.6779225969599256,-3.0036186678395382,-4.254831772134024,-1.1610362986645382,0,0.00463397230145019
2.8328924906653166,-0.8333384988645018,-1.4057203979841906,-0.8106606389692625,2.2629385615505764,1.2849244782753018,-2.1993382757465763,-0.14435257320026965,2.5149035867457425,-2.901772521982947,0,-0.03841778297739563
-1.4851380846550482,-0.2976217996657186,-1.3597596499914846,0.18900463008352875,1.123345057320662,-0.6575026133023959,-1.1334286749671707,2.5239205562180618,0.21873651320438778,-1.0509632699527172,1,1.0042996740373813
0.9449503791009122,-0.8872637525586259,3.000993994931011,4.099254122330333,1.8558689081934723,0.1395759243343425,0.031176742027399857,-1.3679609439883604,-1.0253854622250358,-0.15992044881494438,0,-0.03970217708494267
-1.4052967958181466,-0.18290785048910135,0.20571538485065588,1.5136587701614377,0.48556325399045885,-1.8256306754431142,0.7438964675448511,1.0633170112215506,-1.006980436587424,-0.22785409713226912,1,0.945017082707783
-0.7547898336558799,-1.8161701702036477,-1.7199709130676921,-0.3247115201138351,1.4703878187756498,-0.375122496380871,1.4303467394251757,2.281830882899269,0.7974850277504296,-1.7596799919365962,1,1.011714918018845
-0.7516240059430419,0.3640318368764551,1.266493439096907,0.5128661651817066,-0.712586454411755,1.4624205839556692,1.0758157626535676,-1.5985293018813458,-2.1102566875240076,-0.6590468983286111,0,0.007546076340324798
-1.398467101279775,-3.1335304699388016,2.1509598745885867,-0.6311940424136309,-1.4123878984914693,-0.8126030093629041,-0.4322253144021755,-2.882589718861688,-3.3867857155775454,-1.187857872546175,0,0.028964098566046648
-2.1773734522831862,0.9427904910478502,-0.417131417270049,0.7100364283158487,0.06131013407713892,1.2353296107037062,-0.2649570144395547,1.069622950545631,-1.720294939157994,-1.275789911531356,1,1.1092931883208812
-1.396206167358878,-0.9816456713148852,-1.8163452492198089,0.8987343980551621,1.2461491739649073,0.6497068466808117,-0.548776336348217,2.9416999920609967,0.36275291674489174,-1.094973919078076,1,1.0138644765605422
-1.0780628497626128,-0.5409302131466291,1.3779314011440515,1.3379855360665331,-0.26642956412430396,0.09088598486827207,0.499160207164724,-0.32366776365087124,-1.5096301307554654,0.6493895180038931,1,1.0242540883532065
2.3240917006662585,-0.5977330027389742,0.5758946776653393,-0.8323307172589456,1.4929400822630416,0.7938944401076808,-0.8843340434769551,-0.03212961109741703,2.7450558797025484,0.9258893639165228,1,0.9461219335566338
2.6678562075151135,-0.8012798287989663,1.963751602717399,-1.798111312649643,2.683285021478499,0.812826272351802,-0.2781202541827978,-0.046634836269192084,3.614885311799503,1.3512412049720515,1,0.9356546279731812
-1.6878669580708863,0.7215330950349053,-0.376895892951433,1.2543341347410066,0.3011254285425301,0.946202563537829,-2.4403898437041045,1.256249099686184,-1.185327438136075,-0.7436914678436362,1,1.0791414723386668
1.740704892385481,0.6839061113563693,0.7062372800001324,0.3764088146724063,1.9080960652233123,-0.15968685990958015,-0.44044102325294127,0.6205192895593181,2.334143860354809,0.9052001633155604,1,0.9538260110033349
0.14356646297419817,-0.7607952417487968,2.4082239608745777,2.944662355183049,-0.32044809308191224,1.056760613852865,0.014156496956876959,-1.952706228536628,-1.95877464307683,0.6901034229519172,0,-0.052197203573432105
0.1796504207789551,0.6161306405912093,1.359051761875893,1.5554794114592354,1.9972597248582806,-0.09451561516136976,0.4472008914426251,-0.7174002334322507,-0.9297091034974545,-2.4595961791126,0,-0.001954946060827649
-2.020178005029629,0.21447758415543627,-0.3437262385174762,1.940605260225937,0.19493971209708216,0.5303707895483976,1.3634247322522424,1.7978727161858215,-1.2074140343740056,0.061739201886300776,1,0.9954903793311306
0.703819558328467,-1.1380369411418825,-2.573004138730403,1.7129359815411682,2.826697938210833,0.27161682126402514,-0.4063386184706798,3.709054097846259,2.7481172064455532,-1.1308313882865395,1,0.9548746746778354
-0.29122059305845793,-0.2965935916743945,2.1516364685874234,1.9577082805240393,-0.6994225193203489,-1.5651975041897663,1.02387815939674,-2.2127479176677594,-2.406314465665599,0.012777321203728542,1,0.984751339064345
-1.3646570653772152,-0.008700474217072448,2.326388950303234,2.2778307744031965,-0.9688656893629357,1.2797695840839858,-1.2620135020329812,-1.4414510476617672,-2.848813693772496,0.881010041146773,0,0.06146878588250522
-0.4995980768983519,-0.5424235398248333,0.4354705622940128,-1.3490997822917676,-0.8357387905223774,1.1220941308007713,0.6710650758932424,-0.44681953374505917,-0.3245027175801122,0.7049926210695869,1,0.9597003195584102
-0.04662165782250416,-0.2823664571249904,-0.08783590489449233,2.552113158652838,-2.0245828383716633,-0.59567775005693,-0.850399717849973,-2.7495598174683176,-3.267374642795525,-1.7510894151196055,0,-0.06968362421830858
3.9843775622537447,-0.06929438762888683,1.1965359379532774,0.11014606660774562,3.414058813983931,-1.4025860231651714,0.30903170429020155,0.005718170514170655,4.210726230740138,0.5408731060937391,1,1.0471296810449897
-0.7007488109057767,1.2547089582589392,-0.11972656988733887,2.961745722352607,0.5835011554803009,0.4220332137401978,-1.115030886018031,0.8502228296707246,-0.9886060791019796,-0.4844411310968608,0,0.024614845596901837
-0.8282686408790458,-0.19073501377027574,0.6901513694751638,1.6348795362847057,0.18143247589699585,0.5738588451324266,-1.706731002456418,-0.1225050221115014,-1.3890038567448795,-0.4760312454661877,1,0.9689740689675669
-0.5942965428208273,0.9882457432798246,-0.1414546292843437,-0.33132042218223723,0.7059546582760898,-0.2538217965108646,-1.8351471917961568,0.4641265169036537,-0.2538115471532543,-1.2255642019819517,0,-0.0791083508063459
0.24885117438650428,-0.7524809856944117,-1.1211913408412393,2.0400904149217087,1.1182316003751345,0.1952155100157702,0.5231585112954728,1.1760409405446162,0.3133343974297301,-1.1797491485753908,1,0.9627688321780719
1.7922582215009069,0.0687717469896919,-0.3470737970686264,-2.0787996295554407,2.8618766328524634,1.1287340209433498,-0.05129411093247612,2.7467005871243444,4.810169349639354,1.6644263664145247,1,0.9972647781575364
-1.6017536119308908,-0.5734677700625136,1.1628577590953673,1.1108080139187826,1.6017872212142925,-0.29007566745481517,-0.856720003908659,0.6944995878595065,-1.3751642926873708,-1.564501908772396,0,0.058283604494190955
0.32082173909619704,1.3457442011457874,2.9960548749416507,-0.6195099187152318,1.2845172663661575,-0.36805695065096444,1.1154964789603883,-0.8347903124720573,0.36217812176507375,1.1319725966908278,1,0.9481709012565172
0.9687679553568391,1.3485680963969542,-2.897870408912057,3.5213621746802217,-3.4725569544451487,0.17061717544124455,0.5948202669481114,-2.8313740796064226,-3.0750594497565777,-2.472415486108114,0,-0.004225994075573672
-1.593788742996129,0.4014063622933558,1.5494026430754153,0.3686897085473586,0.814646999216146,0.8141191420339855,0.944728160294277,-0.7700631999547292,-2.3503068469888913,-2.2699455165634745,0,0.0337572329947449
-0.13165022490374478,0.009302786390400615,0.25270863202826543,1.8988322031367169,1.050828986274109,0.7087830466582424,0.29280556413218756,0.8742452676688193,0.03102196352742501,-0.014250077525393756,1,0.8809366329939039
-0.8633475404823104,-1.0238060679645076,1.211763061605772,2.73073122084059,-0.44298289404618085,0.8470042214256667,-1.1511010272274749,-0.818750165551535,-2.211289815762046,0.03144975531494598,1,1.051689308396945
-1.7613392168294892,0.15772801379608323,1.9219475062229026,-0.17209528961547305,-1.1192978857596314,1.0927243320307567,0.10310601348075202,-2.114374885989881,-3.2856958810059846,-1.061774828147224,0,-0.05912252861032187
0.12462935076253434,-0.08444210070508008,0.9502150444240035,-1.532355963857913,0.5280033244337853,-0.11565335825560089,0.6406396549943958,0.2367149729330875,1.032626824660589,1.1049512665409988,1,1.0165997746728468
-1.1779529733921874,-1.598570535295823,-1.972581302624421,0.5332600666763392,1.0600240206457427,-0.019181703274729543,0.8170591248281328,2.375902866587885,0.14594985740986682,-1.7696548251219444,1,1.0123341574805371
-0.7409528857787171,0.39758762383770596,-0.2893957438545338,0.4766742886988251,0.3639525556295812,0.4071359692228609,-0.9177043381891433,0.21464728816317905,-0.9025472255678464,-1.4969668185044889,0,0.05422931957319225
1.3587273780842206,0.2156310360551578,2.7346670628885965,-1.3703834640384311,2.3091265011642754,-0.44859443086925754,0.6130983911599744,-0.08117432074158207,2.2628244494583876,1.5632808492185144,1,1.027546219044677
-1.423167037833731,-0.40432698391566774,3.4044034709455873,-0.8152783242964392,0.522589414945132,-0.03573230889507129,1.4636196617913402,-1.203109140451981,-1.6518571320680249,0.38674616564073916,0,-0.11886452458649906
0.514034093531452,-1.0543734392492152,1.1811523855938868,-0.44458030330990983,1.9225461966693551,-0.7637429046468985,1.5734925278177092,1.2715445127369238,1.9953504473261254,1.3736583528271489,1,0.9607610376422004
-0.12443588719902832,1.2551268787366026,2.492787391021557,1.4426449027914074,0.9901133905821413,-1.285735964772452,0.12221216390960167,-1.8134745876015055,-1.8389050655536054,-1.4053357976972944,0,0.006910256467664005
-1.9512650164108667,-0.3285194889999259,-0.11810511900583942,0.1397595327928023,-0.4386190753672432,-0.12505679884580395,-0.23469091716400228,0.0812926358040746,-2.1045783585334226,-1.4977136121721686,1,0.9902510056940107
2.2134728554515313,0.4513897981089785,0.3187933439113989,0.8985134524283532,2.4738022133239808,0.11627513005738098,-0.5437968954779941,-0.13202900340819074,1.75562079842345,-1.4327918140437628,0,0.023880536487838524
0.4246664099581785,-1.4128595963548467,0.20497976535020968,1.5894712444178651,1.891511093267805,0.45227960755954477,0.9580677195896263,0.8460678199343497,0.572643402792037,-0.9093994294930909,0,0.039468327783485274
1.4839972536593615,-0.08700181648682684,-0.8744789320866788,-0.3317857661881677,0.6965372774269178,1.4038881672432775,1.3395220360720532,0.997531323381319,2.3897292214362156,1.0110522135038305,1,1.030422586821484
-2.938026403872772,0.5207550868084764,0.26298889626627864,3.63305919905506,-0.16778232361764522,1.7080745403638455,-0.7580787497856012,1.3111776234759729,-3.0112234365332533,-0.37781505550710537,0,-0.010713747127723262
-1.2744088841821206,0.7825422955252509,-1.0816863508106862,-2.6872345163297515,-2.1349415524160986,-0.6834324908706737,-1.3357802705723116,0.13285143840471655,-0.4190997825149724,0.8409727770063051,1,0.907683149443976
1.7176256962724321,0.9263581182867511,0.04965959386694585,-0.528015603106865,2.9286853384888856,0.36090366298511395,-1.5082971058192869,2.5199320357950543,4.121296091266563,1.61519816976153,1,0.9772259375572592
1.4679701216010197,-0.4547958324349599,1.375661646912388,-0.17884140151469186,1.7487650819734186,1.3899326484273808,-1.4310378754417035,0.1655494664119615,1.9658057876770632,1.046172443069947,1,1.0208184074069477
-0.7990455479569915,-0.7533121177743566,-0.18523939116626065,0.9421186295399978,0.8988325226715057,-0.4368241631205212,-1.1907503709168625,1.1098019566484298,-0.28247860330073876,-0.7161438178608908,1,0.9454776373724761
1.2116760347147202,-0.1527913390166114,-0.4658290471508759,-2.2039217506036732,-0.510278877860707,0.2947669488713626,1.7151111167020967,-2.6875196291248424,-0.6710114839585289,-3.218465496517194,0,0.03156373650607882
-0.035682682735108884,0.23404954148034182,1.121489169872288,-1.008091322267923,2.5044514198404846,1.3524043349038868,0.9087077893496099,2.47795599542702,2.640823157546283,1.8567509961883775,1,1.0454196648633651
-0.056477921825510036,-1.262051070290023,0.5866317225532285,1.9980121168086118,-2.6433745676880283,-0.3229450263902634,0.42764308285447195,-3.514201652312145,-3.5741839929405517,-1.0894171025950667,0,0.006343348814792128
-0.4651163332859771,-0.6700886183697651,1.3343304955128823,-1.0324558501300476,0.5106515927567419,-2.036694317028527,1.4905984915149944,0.1709796646575718,0.2645903345206121,0.9055127051764951,1,0.8468110066843801
-0.9511995733395672,0.6396007616023888,1.091118514672276,0.7115781846208407,-2.412887395935563,1.6679091138359246,-0.36212397062129453,-3.310179858030392,-3.866216001400519,-1.3540821846902835,0,-0.06390441813559017
-1.6363180785498863,-0.9641677968051425,-1.5972682026383498,0.3945920256709263,1.6547623065583439,-0.8510426781445142,1.2827195073071895,3.377716591132758,0.6791857104659462,-0.9399340685071652,1,1.094309457927804
2.4456275476851044,-0.5773669104129832,-0.5365254618445894,0.7407986102425317,3.296587015907117,2.206882456441837,0.08461306112229444,2.5586322458936177,4.354265606778607,1.0030402366528486,1,0.9726731103485811
4.425394797109692,-0.0030008532534668187,0.9000357863441762,-0.24885528114388478,1.8378682121091094,0.1965078801296687,0.3085070504943777,-1.6196993239636797,3.3747394344309916,0.34783432522774294,1,0.9007928388435502
-1.6172936583912723,1.4322041470975233,0.7808792235489125,-0.7920061135869333,-0.7857813223965513,-0.26257519368053667,-0.54643969634184,-0.050696088896289494,-1.2643543950004128,0.564027471744561,1,1.0617623694155136
2.4602146611297497,0.23270345205298829,-2.1595598657659547,4.316870289216294,-2.158457891570913,-1.5507771457231903,1.5986760276393515,-2.5388515033323826,-1.3701050835498052,-1.4002600250518817,0,0.0006677795771836427
2.740094228506083,0.05505249900494301,-2.3272325449962787,2.641269501955658,-2.378133730789583,-0.7126020138053502,-1.0429582533064083,-2.896359418359055,-0.902591699081618,-1.567943804582155,0,0.055247024447886275
0.7266632942295836,-0.5805664365982197,1.3718846306448707,-0.0831362712346454,1.7398153350631316,1.5328562912441643,-1.697047667947788,0.7091877235711622,1.6467547321088531,1.1882975402894485,1,1.0138479337609683
0.20750054022867725,0.5051163897392397,0.25064781593334295,-0.384417811638298,2.748254524508771,-1.0107574711457097,0.5954374586751027,3.0321394707216,2.9829235473686215,1.4208912323370981,1,1.0229279568106084
3.1038928697358172,-2.2808329873883673,2.0288491748332738,0.8183817858051197,-0.033342784715472806,0.49636975617957446,0.8290993374835406,-4.0097890121972695,-0.18094360667562998,-0.6399722394634535,1,1.0181504623857258
-0.18751905667307867,-1.8840938135279106,-1.8300193488126961,0.8245586013572933,1.75289852907891,-0.49893246278230674,0.5191473007237983,2.331494640752385,1.046589004682074,-1.6887716025465083,1,1.03487441559605
-0.31923059692595057,0.9237685116987104,1.783819482524518,1.2561758523654192,0.6182627817168529,0.8561961694114114,1.7859150505740506,-0.41865643825413934,-0.7582048820596134,0.4514501578797179,0,0.11387152242780492
3.5335462727091156,0.3334495558690443,0.3240137111848699,-1.3620455210314155,2.3354774614772102,1.0600694564932502,-0.31285131544667605,-2.016535873102667,2.0908973624239144,-3.024887644667955,0,0.0485503167979594
1.2185075907367522,0.1314161142204816,0.33847594336277587,1.319591011754585,1.7359687949200444,0.23626393695633352,0.2089862845275525,0.21431650071740874,0.9800676511323091,-0.6800232034131957,0,-0.07901696589227675
-0.24241835058888572,-0.8406157818114738,3.2412656141725775,0.006340547878650571,0.24015711568032716,-1.6435062844882267,0.4297907257672019,-3.284231647248308,-2.649132756079233,-1.7808135391612665,0,0.022333075763945172
2.013999530887311,0.4842250883273503,-0.22677189229498085,-0.2932527626833983,0.9630939523932966,-1.6596173508051615,0.09605043714712716,-1.700232063261046,0.4395450314633027,-2.7052936436445902,0,0.05707403840516089
1.219860484603915,1.5706783865028933,-0.8906339918777333,-0.5492799434570653,1.2319269727258404,-0.2891941848033326,-0.9586271141886765,1.5498207110797058,2.618867159816964,0.7830220314737065,1,1.0601350403268073
0.3291847722260195,-0.668832447669259,0.5600519533158737,3.989334513108363,-2.1572006561389374,0.27204465497042524,-0.5480884842206583,-3.1389473976005187,-3.4764741384733693,-0.8772468661592011,0,-0.021330249152954978
2.704920309898567,0.0034559612046456563,3.091523660950101,0.1914397526210042,-0.07474880149190732,-0.2491876645874904,1.810960150825954,-4.081367046937111,-0.1967856690165987,0.4248117096550046,0,0.05824722225940639
-0.9949527911481889,-0.12081378535831612,-0.1316834999215334,1.3231011643963244,0.6568521058024155,0.38593012305419,-1.1527108095367837,1.212563791240113,-0.46421289394866977,-0.2771145006148593,1,1.0463871199775603
1.7659259126310891,0.13320223861669464,2.697856492326432,0.7850966927993606,1.528286426986476,1.01967460273898,-1.0130729944725265,-1.5292003144621844,0.7289303279048531,0.6478162874004239,1,1.1286258718484865
-1.5372989650683468,-0.5281982385575966,0.5238100844771063,1.1399366440806187,0.36700370062896603,-1.1744071133446974,-2.0386365440670433,0.2874884491680633,-1.6974629492609907,-1.089149123675544,0,-0.03750008681242558
2.6987524213467977,-0.09415885291938401,1.214017369523326,2.831322337132671,1.446254894759241,-1.0097446781039883,-0.15182627210724578,-0.39617511904509645,1.8511715811908218,1.6411347489032773,0,-0.025370028820021262
0.10019428441856859,0.13368600333060054,0.5249956831389615,-1.0421545126634713,1.0323505387233254,0.7944675007883284,1.1380936173540683,-2.0858929420294263,-1.6455025291744683,-4.550279660015482,0,-0.015305952422997697
-1.8944535680125267,-0.9149908743767935,0.0818985721253116,-0.015257949095260903,-2.6135940756977156,-0.256919287075124,-1.2747045479193548,-2.7306640040758117,-4.371695236912656,-2.5149708433813305,0,-0.024511107501938766
-2.9574249578532297,0.4916515746977824,-1.0400699653553471,-1.4285941770365018,0.0710055974703141,0.5674568439523229,1.3349148687097585,3.82597159999185,0.6243610371616221,1.8783375634946526,1,0.9554989625118199
0.6568352645962936,0.6002849843661684,1.3143770029238468,-0.3756988482735777,3.4714414372686786,2.62318467054475,-1.535653828658253,2.8719996288848475,3.507046814281655,1.9924794499057108,1,0.8618662247163128
-2.811391169756843,0.4316495031629272,5.327101935791443,0.8386481540191775,1.0286779348696413,-1.0462853843444366,-1.4000028411031817,-1.217271230351952,-3.269911306894191,0.7385767640794085,0,-0.021734973686156706
4.436366212841074,0.08047568591664568,0.8146939606814674,-0.41732269354492235,1.3330423960730908,-0.33856212825972193,0.45832587156040044,-2.2472160683916877,2.875070245146474,-0.036757686234010434,1,1.0184679029849952
-2.1144483787938504,1.46773887639741,1.1210013342658542,0.8129239385925848,-0.6438879701119842,0.13056113922376067,1.4536166521975147,-0.14780246442008835,-2.3413889320481527,0.059634564592837336,1,0.9753389077247044
0.26829424728242457,-0.7028737786644674,-1.8769693999522707,1.235023470341658,2.314840346216992,-0.5949402014649886,-1.9830400070557062,2.772001902522598,1.7607734796212862,-1.406359127369667,1,1.0967690591764554
-0.607396524860623,1.5827454581165692,3.2771200451644162,2.6331421825617918,-0.270409615096572,-1.7333633630857004,-0.07420524103065666,-2.3216804386983614,-2.8290350050585347,0.3824663635174377,0,0.0006687906357931289
-1.5108374231129962,0.354100192026208,2.83674000664458,0.748126967882538,0.593335655332617,1.6159716444970271,-0.9694371173665922,-2.441480877779602,-3.632104780071676,-2.907401089959424,0,0.06455145275920678
2.0289577381072044,-1.580981155842353,-0.4073201043749939,-2.434339439492513,1.1570685652090709,-0.41887467962764047,-0.2644179112871038,0.780261140062003,3.4945540528359147,1.1942324783008134,1,1.0130710206364983
-1.5926900753369695,1.1703398028775864,0.7042751474141444,-0.5383974360353012,0.32859262936360256,-0.08251800213804089,-0.8356544019971733,0.12453574354213637,-1.341926785762795,-1.0798965321171832,0,0.0413203654946629
4.9010868908500616,0.03568669891752918,2.758360955176907,0.34377156933091113,0.834338766683817,1.8413539260599967,-1.5898333892627798,-4.8962247260923215,1.162425463844058,-0.5682655484220727,1,1.013962077696678
1.077496048501275,0.22284465731402764,-0.5446180252745929,-0.6511751825429943,1.6787591870172518,-1.0942242672129836,-1.7329347148342924,1.830717591061026,2.7954885210647666,0.8857232034437571,1,1.068439231595178
-0.8233665576762633,1.3163539024039048,0.0763528393260704,1.482873810182449,0.05963201495390269,0.9791133995562379,-0.8686237460657458,-0.10580266441336217,-1.4729354056201018,-1.135170502412368,0,0.0027969675066200363
0.9207262096269677,1.0790226402753753,1.0479345426448305,-1.6083463678790877,0.09507950594191661,-0.8445293775525152,0.32234163540617217,-2.0954866395174734,-0.26608472629661795,-1.2918889844713113,0,0.024806035404439288
1.7247882255259,0.18287701641433568,-1.5833751716316797,1.3783601620613042,1.4501298075951685,-0.35314831373924804,0.5316746302658991,1.1757741373585098,1.9835139857160393,-0.7368064434205244,0,0.018316646682502186
-1.8234804387087302,-1.4274023801604712,1.1890409086890192,-1.7515004384719925,-0.9985321162640644,0.16965819333143314,1.552458690529579,-0.022967251680569876,-1.020042401110051,1.3559840896600703,1,0.985585727093634
2.5079309793005184,-0.021323074787957978,0.5269952066593362,1.2413621709247789,1.264216357575557,0.3518739826566354,1.496270100862784,-0.8611717532819677,1.5081059645602684,-0.0772267322870046,1,1.020249115946234
-0.7457695690069774,-0.6071639780667093,0.7842737439899476,1.5809824896548168,0.17392174048392317,1.0139640779631696,-1.4144035057065922,0.0977541955841656,-1.034519436574612,0.16235400144352452,1,1.111719312309884
-1.2855805009974801,-1.109048513172462,-1.2849380250744764,1.1100293617862242,1.2006210729735107,-0.9526005235695876,-0.2980473234646972,2.6093137292437483,0.24841560441897342,-0.7111660104009945,1,0.986480152895228
0.20925453173173114,-1.484579732374744,-2.4882514427820377,1.4739160547924977,-1.4520823312004296,1.7968087064256717,0.06469362448710493,-0.711131515726951,-1.396112187090556,-2.285340125759025,0,0.020973244642662415
2.0920431450430215,0.28343488391214644,2.0702037308736427,0.606938327914524,1.6032852198162155,1.8113479887368833,0.2818941149927823,-1.4743027303905472,1.0141943180447273,0.06974995957968344,1,1.0628889475434722
-1.5723072115686856,-1.548947881075661,-1.204616539666052,0.2318622085368831,0.9654638624213108,-0.3396433463569812,0.20237728716745,2.237305186297787,-0.1066531263172016,-1.169665087104987,1,1.057012664047214
0.23810222139557902,-0.9403781948567044,-0.5114558292695146,2.1220897994682284,1.3170888336108426,-1.3860835570301215,-0.9706301712397732,1.2787526356288728,0.5172087860389927,-0.44760928718262405,1,1.0005858208859684
0.9423454520875145,0.09203959737302998,0.28913981076592876,3.1460570707552145,-0.4992337559044061,0.03674108796441585,-0.8848779129171848,-1.4737399962657076,-1.2231316282875684,-0.3703314728286562,0,-0.1191694351478681
-2.4040949705245387,0.7892776199642229,-0.6725119203286358,0.8276060297258118,-0.06484581787517785,1.0330819383415617,-1.0035049571355426,1.4419515433272156,-1.6932056050524251,-1.03268054065105,1,1.0258351409324233
-0.8601576934812545,-0.35578006535527584,-0.14648892122964308,2.6222438235852867,0.5076233517227298,-0.49687063818205834,-0.3093251331640751,0.959766040701423,-0.9480447573972411,-0.3740788514027833,1,0.8890262870688473
0.3272224754004982,0.03689855384007172,-1.656198726281088,1.4246773209923405,2.3095954539099455,-0.8047733514262204,0.30036185692847517,2.9454030013393946,2.00212646051175,-0.7008648262406914,1,1.0734968615470615
1.945900231508869,0.6689246720235412,2.5461284185208,-0.037141549303775445,1.3935720787407821,-0.6628840017580324,-0.07885122871536702,-1.5696642212918033,1.1242649401856148,0.7977833742265166,1,1.008473693559663
2.5377544044791396,1.498613538760801,2.061833308433607,-0.2280979949504487,3.242658538677034,1.8997782157931113,0.9315824859718954,0.6539192044218503,3.6130121251884093,1.6313392252243455,1,1.0499837009935995
3.166296795105021,-0.05156047284265362,-0.04637240554319866,0.9628139469538257,0.6026424174360557,1.0787697571264205,-0.9980555145218797,-1.569704392144338,1.5730311891989723,-0.3281233094502436,1,0.9548944430909474
0.13834393798605804,2.0297704291268874,-3.49001735687367,1.1031031770500823,3.2870542250558166,-0.558993822262035,0.0572290484225119,4.710749975619668,2.966095881035952,-2.085922803538936,1,0.9223746263349972
1.833696039182583,0.6885722677983838,-0.3403193716271622,0.30087083230627987,3.808418251003941,-0.6401385882943331,1.427987920298438,3.5585937028662356,4.77074154218482,1.5379981878184918,1,1.0130377192070583
2.9227233717982313,0.41075179474644996,1.2321423030717238,1.5761048820881798,-0.04138522510735543,0.5200382720073412,0.635895738783795,-1.9746257689286348,1.1722879187069142,1.6186891300446238,0,-0.001680171997807099
-0.29921772912196554,-0.16132835009894722,1.843818191886606,3.1173144480678974,-0.9908459475599285,-1.5415563372272483,0.8283123138238704,-2.2838477505373618,-2.886089003014269,-0.11015604539827906,1,0.9754229586921417
-3.1153788108939517,-0.3858042471078339,-0.5727090705352931,-2.8991788787464032,0.042387233756483345,-0.6976966998519554,-1.2422350017948873,3.823484415125565,1.0387293383643836,2.4593517707644166,1,1.0042330640366381
-0.5646579422423066,0.28891743289230276,0.01983959568475302,2.4150775277087497,0.4930172888213218,-0.46424219089161173,0.4874257612939089,0.8255849809412528,-0.6374007579557415,-0.007427406945523907,1,1.138371794601613
0.8744382911696346,-0.06290187304506678,0.4597476053519912,-0.6911648079934853,1.00402796942453,-0.15201578805754648,-0.061747859354389784,0.5966828605922224,1.750422079790436,1.0591388783387492,1,1.0417262773684528
-2.755298009376369,0.10727871920967232,-0.48595946103164056,-0.010945738440766073,0.25022518918882675,1.09399805717248,-0.35525783444309345,2.0059986577399243,-1.2643562265043997,-0.6587132022570095,1,1.052474930293166
1.0323254803335802,0.003765192921094363,-2.0306893415065015,1.2469041189412855,2.5257611685024495,-0.11350552714247568,-0.8250810033989462,2.7884261322591377,2.5493761356009887,-1.0944193616456779,1,1.0421968445776677
-1.5613493452785838,1.1625549078022592,0.05510411586080932,-3.494371794594645,-0.07899956146445053,-0.3164225935832671,1.3844065016370184,2.015007308583183,1.3651522103271025,2.120050846316286,1,1.0739731071926097
0.9797351545364279,0.6349844056345282,-1.6060872659213556,1.6649570802607858,-1.7606740453868959,-0.6889174648857465,1.4464316636439098,-1.7859519691416426,-1.3614431441538413,-1.5266965591315127,0,-0.009503583645037245
3.123562024889619,-0.8234419774069368,2.516146913306442,2.1649306162775828,1.323135325026671,0.19506280548863209,-0.17561510513099388,-2.4674467582246478,0.8689429467331159,0.5532179966094426,0,-0.10273806538376469
-1.3159094913149638,0.3636516286864743,-0.026843648892877825,1.8963183364814775,-0.23007217949932235,-1.5761235987843625,-0.9051267300311431,0.2797004954546577,-1.7526169036490895,-0.6767676943206296,1,0.9905706933496995
-2.0697803241002504,-0.4236462514333142,2.876642507631474,0.011507467357805723,-1.3892438562697829,-0.023170286914978473,1.748083924471499,-2.8078665800182967,-4.061686524550246,-0.7974261973667338,0,0.04058678549982509
-0.7033276088126043,-0.3013268532290245,0.37558916086229654,1.2633804348303266,-1.628215445263534,0.7612843611421058,-1.3286176246618473,-2.1450759785478097,-2.9347523982766224,-1.3701581768672362,0,-0.048490019755753684
1.4811821476588551,0.04863216240615335,2.486442443102698,-0.22294988952418104,1.564412308126553,-0.8347825376101413,1.2540513289611077,-2.661492371165772,-0.46127298285200796,-2.0468227774570265,0,-0.008818297524466518
-3.047766661191922,0.3085273763462805,-1.3144007493282734,-0.4199381445976964,0.06581655821701726,1.2868628982760029,-1.691572881890773,2.0532018889177013,-1.6205811020208223,-1.8041673021337634,1,0.9654115128498844
-2.936368216149681,1.0714648803915574,2.484321495208137,-1.3808049840647931,-0.3167765923964132,-1.5692205470988263,1.0604429564484812,-1.0954838502427717,-3.1836138300129497,-1.0622367049112338,0,0.07510146259215653
-2.6216885104953227,1.0773642933156529,1.2063436192451364,1.405968437789411,-1.2751025857613953,0.1641250672625595,-0.45592721187519997,-0.7324565932915496,-3.5457068934174063,-0.38574034225268017,1,1.0374728507703281
2.1200469194695613,0.19283746966564758,-0.10175856898750446,-0.33972390176684364,0.9934343794091712,-0.4398607880538961,0.17042291188230851,-1.1000627643042926,1.1965825130781909,-1.3799898102096742,0,0.03257703103219795
-0.40526692013068044,1.1246354243498815,0.5031051099015122,-1.1383554625459045,0.964844948822773,-0.14446351180929953,-1.714198711653655,1.3808063694510389,1.2551092852216261,1.1540082089501005,1,1.0310800656560486
2.2978432241881794,-0.7796306743311419,0.430158752595892,-0.20629081399367943,1.7309633578064356,-0.3692697100993102,-0.5246723361185606,0.3616227725588332,2.8317467663657387,0.9742288202599817,0,-0.0018624626276063474
-0.16209513984677348,-0.8075797778169846,0.8105839121797076,1.1439154451865126,-1.3439566086579742,0.5807189259663139,-0.35163906939158657,-2.2603978724659197,-2.3305516072499466,-0.800415270508989,0,0.009877814126375176
-2.5563365802554685,-0.7132842417330004,1.9761440631475489,-0.8915109705894466,0.227143968539828,-1.0304021437102509,1.204890012338101,-0.16324388316318852,-2.2188080824323664,-0.6359225451246542,0,-0.05925922902661588
-1.0891562112439819,-2.2967502119409,-3.078555505203236,-0.8897360866710504,2.361375915533915,1.6260351440186542,-0.8531628732525738,4.382702404893759,2.1542040928139317,-1.861843442400903,1,0.8906779010624716
1.2737076948990236,-2.6901328418210797,0.7874459768126734,-0.31771075092622447,0.20242482726498479,1.054285418689905,-0.36274214157464146,-1.2533161788089393,0.46971550691658404,0.022402612263347055,1,1.0075040565172513
-1.2465561046655529,0.171844570984276,-0.7854357598806062,2.298935352762089,0.48877274848113295,0.3472266492936484,0.4351596545783089,1.6736498977120142,-0.7492261690479893,-0.4355267067390717,1,1.0161995128136072
1.5887606527392053,-0.4523276329758668,4.559740815749334,0.40122671940156873,-0.48332382608346114,0.38438210094192465,-1.15693502948537,-5.010512669212794,-1.949266504619813,0.34299971327795964,0,0.06046322842126888
1.9695546700585291,-1.612656702299578,-2.1861635820323477,0.3013381316678919,-0.7226482439313906,1.1851058905470082,0.49236308983380395,-0.9180649510832987,0.6972877031465502,-1.4239638025507815,0,0.07856679080411838
-2.7274951075782643,1.5797388459107615,-0.8060558554334707,-2.68907474852445,0.4953795882498846,-1.5912692370659207,-0.24162000195465158,3.9021388369330934,1.3462764072433222,1.9315612133093754,1,1.0784999242499473
4.185231165544813,-0.51999219366002,1.6508570196454362,0.19814899809996023,0.4518949944849673,1.1681843015413933,0.05034805029480929,-3.8470304477597836,1.1962953250532737,-0.4851405480922798,0,-0.049901179664693894
0.17327532450427063,0.16264661622300033,-4.21835329024807,-0.6489758998081194,3.9563096526159733,-0.5131642750176401,-0.07262569548993326,5.710092402528358,4.226822957831683,-2.41796074609426,1,0.9823867482525115
0.6058408524314438,0.3710525288297328,-3.436872783888713,1.2975888870347658,3.4754142345231887,0.432864248822394,1.8499268278818264,4.666332920780797,3.3684628177192284,-1.8791879236418547,1,1.024016714794069
4.168721886673476,1.1889171482316518,1.5295882552707927,-0.26264157349982553,2.9293600100753436,0.764241089912356,0.7470757422361197,-2.3892135631789047,2.333694684813917,-2.219903462391928,0,0.1265952338871089
0.14266293886021286,0.6244651328338684,3.4747939817755125,0.06631330270624747,1.6039555809479147,0.21229232641394494,0.6456310671760436,-2.3615630573876283,-1.477079567867829,-1.6415675914568872,0,0.0740049601856958
-1.4537888891847337,-1.5116266066287156,2.7966868872167367,1.046953415854491,0.07011511822345495,-0.7350306913569169,-0.09232690731803304,-1.45589315277621,-2.613709550645011,-0.27085388727461723,0,0.055969858099919015
0.540032926287848,-0.18241371611707682,0.14337971572637254,-1.2300013033128068,2.5142994319515535,-0.9654310046784178,-1.6802660591149954,2.9141383627059434,3.5074714810129555,1.8365426641208211,1,0.9806106022225355
-1.8723863720256413,0.5736915810605506,-3.3437837974245848,-0.9011405800235937,2.10017910405885,0.49830392320902117,-0.6948783003318377,4.35145524326678,1.219545696217636,-2.7530765532875394,1,0.9558400184422438
-0.8227005518505203,-0.8726314759943014,2.8315526054998954,0.6682968842929119,-1.3216725782648906,0.6836391920754006,-0.07484908318877391,-3.054322391363253,-3.1409404477416594,-0.02307438749776225,0,0.03944539416916198
4.765499818764514,0.6833095066509058,-0.10396821553239266,2.1551500476917766,1.6235866670925556,-0.8055195963541745,-1.8436680224556867,-0.8773487018204031,3.493547425794919,0.8939298514333045,0,-0.055033063211718004
0.2863284409050928,-0.9960339568002647,2.1131044969319874,-0.842859840007193,-0.8312666414356096,1.5158543253421033,-0.007846133836106757,-2.482395509757227,-1.1475402247929902,0.40275555114226536,1,0.9880781824509849
1.0632032434833287,-0.48728364780346073,-0.3763612139764765,1.8860347073607033,-1.0929557585251697,0.23175306915792598,-1.4423570869499063,-1.7547586466257195,-1.066912944230558,-0.6936254475560633,0,-0.005738897450096132
2.6381593998966784,1.0033045414754806,-3.334140794541618,0.8706376417064814,1.5719376840369734,-1.3871732919407609,0.38174168121180896,2.0305318338099942,3.4949502848365275,-0.9452937216350648,0,0.0796456044561404
0.7435861941401781,-0.26773137316407275,1.82418696885166,-0.4766215069138039,2.8945311914729457,0.24041041349466694,-0.8215759409206211,1.7936757476833005,2.803815619148917,1.8818573142765878,1,0.9822651348520162
0.16736721601041293,-0.9809893742196066,0.9212850914840235,0.16733949077885846,0.05761309681090532,-0.6977254156206265,0.3808791841903156,-1.518196546094584,-1.1175325693751361,-1.2693499146368263,0,-0.12196248192863078
-1.277130394179888,-1.3341969909197033,1.3793637130024425,0.20440345216572575,-2.3802731094041434,-0.2206042685433918,-0.3767610221918065,-3.1237175313674452,-3.812059103415896,-1.0099536126549666,0,0.02522223238312342
2.564031565399749,0.6753019895022717,-0.10703637679835398,3.4073504646822146,-1.434755572216032,-0.6110126532039355,-0.18477761011038274,-3.1398157301513314,-1.1044509818706798,-0.536041553840749,0,-0.034951092655196324
2.398898697565694,0.7061190190588958,0.08378647996893895,-0.08453482899590403,0.8586511687061129,-0.8698811713532599,-2.6092667008912684,-0.6220536110246765,1.975297759442994,0.28167556168772767,1,1.0021315512218874
1.3651235553039276,-0.23746352519396727,2.0174207090235163,-0.5211999568405401,1.1081522384973856,0.07548931262100096,1.951858552212614,-1.139196622632014,0.9491977071315041,0.6225784035677608,1,0.9956647649578938
-2.573453119160199,0.6863479309926309,-2.3270947124051125,-0.27424133144676976,0.9944199052686173,0.44229490303790936,-0.11170464098786533,3.3468903451306025,-0.2894156771340206,-2.0046784492307186,1,0.9863148002091116
-4.274778431313613,-0.46706846180190764,-0.4808860401009859,-1.1559809237754268,-0.40160199445132294,0.5875718404386286,-0.7053948892641141,2.078826165389192,-2.427154470945655,-1.120690009220367,1,1.0395170290892353
0.6359713742431223,0.5309990504869334,-0.5221561404935862,1.107106588998116,1.4393632535833998,1.0472111634928236,-0.6940000232587175,0.9064115755693712,0.8859276605122717,-0.8641439121994778,1,0.9233567560823647
2.495868411989493,-0.03961345669298553,0.2715590367878401,2.303400617155921,2.7043884125609954,-1.6746662182135001,-1.314050728080934,0.08717258283189859,1.8009492455367997,-1.2063091691942602,0,-0.02585071124771801
-1.40428923161508,-1.05299635418232,0.8530438122491611,1.8893025934933294,-2.432069623226336,-0.6572459191521357,1.317476654871791,-2.7358843322105466,-4.233780513932494,-1.1805302826600295,0,0.03420189565586906
0.2625219547894303,-0.04742846064031207,0.6257458992163559,-1.5189010029084409,-0.022726534451511293,0.37563806524736915,0.2875353921105741,-0.29222771266636055,0.6557190546205052,0.7616650660856876,1,0.9692957612327816
0.19249704474919338,1.2625540014873646,1.789180003489501,2.425301277307513,0.1685413035330392,0.08210772314660457,1.9496480047197302,-1.3079971842973008,-1.356994553820266,0.17853330146480118,0,-0.0804403354634986
1.6320379328266141,-0.9369084376665925,1.6553700734498176,1.1522343396660393,-0.1357854789128845,0.3210065993382798,-0.14766805395570565,-2.834852774371288,-0.8539890979651915,-0.5856987512695759,0,0.03342776716283679
0.08181902984163036,-2.054286573437096,1.8646523489178572,-0.44659359235271545,0.8499317103624574,-0.7502138193787922,-0.430085848750148,-0.2981270379836029,0.32384366466998066,0.8836309728766311,1,1.056154731522077
-0.7737542565044009,-0.502808721084607,-0.993284343558857,-1.7796400078368395,-2.6601084863663633,-0.05242938699152785,-0.9672257347016394,-1.0874594974466838,-1.241043881865293,0.21801269288226255,1,0.9977502396178497
-0.8677797957289477,1.7639822221712056,1.4940580806983939,-1.9171607818821368,-0.5622529272768915,-0.1349428142853004,0.6382744378602843,-0.6234667058348445,-0.47970410168380156,1.0820933987822001,1,0.9019577200765234
3.400080287434128,-0.40575187676865054,-0.09279348520922226,0.2714107536432824,0.7375035439689142,0.8395380907605915,0.4449663219675768,-0.9189885933373144,2.6582556949816762,0.8174590281270881,0,0.03529848733494081
1.336465731058801,-1.4655441619198482,-5.215796580485988,1.249504399364377,4.855381804942194,-2.8803714396059865,0.9099672341752603,7.091823132751358,5.878326396976482,-1.6469428677445614,1,0.9170056059290156
-2.40493855105779,0.5960721441374406,1.11604707291103,1.231068906150148,-0.9983059264889932,-0.7249859866983555,0.38464716276555805,-1.1492119467084245,-3.7313675824608254,-1.4784601304995981,0,0.015439963842408286
0.8228958468939211,0.9694783057618449,-1.6871405639925285,-1.6752387923089218,-1.1828210615120387,0.20165241810074758,-0.031158583589900455,-1.0766853138198138,0.08849682028459266,-1.4577127184333236,0,-0.04437319123710799
-0.43085616397572624,0.9955708261119545,-2.303828638771527,1.8714926445715565,2.5530054182621575,-0.49630301090974205,-0.1968035283764985,4.178826914851361,2.0163452001673305,-0.7212052685919894,1,0.9420080357116517
0.13588242331257105,0.5397107043131377,-0.7040143280787303,2.102883868475181,1.0758427873972813,-0.36895931317809316,0.8182828107621941,1.2534586820163922,0.36841409457632235,-0.48638012345217196,1,0.9779044991460155
-0.27243647283513517,1.3772676715268055,-0.6830352429417144,-1.20173076767651,0.6454298989312112,1.7090749581047913,-0.3436850134654516,2.059582963708429,1.8121776349879812,1.3103427329441864,1,0.990835122178637
0.2447712312873067,-0.760885632413615,1.1374330264352548,-1.054366568734675,0.0003798754368578017,-0.6615642864949199,0.901478259333888,-0.8130317340246426,0.11638055535745442,0.5151122219207505,1,0.9677895874806776
1.4005998076133925,-0.02497652252503523,0.962904933950252,-1.9938743765475326,0.4951951127588111,-0.6900142324186395,0.954815418094465,-2.2462943732593197,0.15242697843914935,-1.8074332387796277,0,0.029435163910757536
-1.20538479593147,-2.168779144146772,1.3593370465926495,2.2837026781863026,-4.385567603211077,-0.4973610380077347,0.025398092089794995,-5.457866608035699,-6.373257121070082,-1.8088640283979665,0,-0.022303468922941688
-2.0511484362707684,-1.8425879010541129,2.1382601676809987,1.7321188540458803,-1.2573548208959786,-1.056052626782793,-0.44526998223476366,-1.159527025191204,-3.173439095482983,0.8278603751918576,1,1.049009543583591
-0.004842875060138696,-0.33243949980995857,0.04729131061655156,1.553060472529244,1.060885703081509,-0.4526454787647438,-0.2304273952042027,0.8157361885578776,0.1627971741896654,-0.28738964837604264,1,1.014058658282174
0.013620443189263587,-0.3112237044975417,0.1429616666892496,1.9509799059114723,0.8309995032085382,1.4827810851814196,2.517516957735271,0.1421445337589755,-0.5431820617069038,-0.9518442073384619,0,-0.0348778603298154
0.8184342512932266,0.5957160035376996,-1.9174565012659626,-0.870970886227534,0.37447172513842086,0.15450337956744192,-0.3504707531770878,0.5786389159638347,1.157882852421263,-1.4697239234063726,0,-0.0432969941916143
0.019980851766238428,0.24435841797201596,2.3881293913612938,0.7888259726872249,1.744725298150013,0.44941288614130137,-1.098553825580768,0.08933699222333184,0.2584416994535822,0.7510700203369147,1,0.917625185047628
-0.7474664653798084,1.1517939230026701,-0.30246589967962345,-2.086145986402517,0.861362458937337,1.8131660756448482,-0.6519934091684249,2.547845337196078,2.1124619710302492,1.8612464863767635,1,1.014536658893341
-0.21031493533053292,0.24472066237091306,-0.7068420149229246,-1.0735343355457647,0.7715064339817482,-1.2092795653087756,1.3074985460535211,2.1645477929054793,1.9187053111331376,1.3191514359335286,1,0.9822706226374321
0.1793566763860437,-0.7069209906527756,0.6324197347126042,1.6294992200313723,-0.6389624816629638,-1.0336248989632528,-0.3500886734912587,-1.6490055232013765,-1.6580629295646259,-0.7757316791217232,0,-0.11860977640317572
2.6502136355377526,1.0450760567588644,-4.550439793375428,2.92528551111873,-2.232379329295072,1.296519133871848,0.7471791072354333,-1.3297548285646226,-0.18964798722302711,-2.38677813612496,0,-0.026785743638470007
-1.2011009169195421,-2.2309695007632655,2.6559238602325186,2.815202362432373,-1.0530039802959563,0.8302462473480883,1.5925936278381398,-2.6293897648717977,-3.902624903046599,-0.44184317062589806,0,-0.045051701462747604
2.0782084770855427,0.18179543979187712,1.293630179713825,0.6344627253354331,2.9282391782920287,-1.3438591014173284,-2.819800046532119,0.9225481409103617,2.9318079018816876,0.9738983222257865,1,1.078783879608533
1.2916977502110218,-0.8836016232820929,-1.5546509538113895,1.1138476066836114,-0.20998165302048455,-1.807915425284316,2.145159183921767,-0.15109917835641282,0.5425837076196809,-0.7664078042390912,0,-0.08513893059466549
-1.7056629756269426,-1.6634123308933502,-0.11310494382391578,-3.326654096799032,-3.9388115698943427,-0.8948543600172281,0.3065299766416019,-2.278885652815256,-2.5276104832850352,0.5046635183045577,1,0.9279324600132973
-0.6741540265448804,-0.804898451803074,0.1886645744425668,2.7658146943902837,-0.26218621916130713,-0.5899572407132415,-0.6611672154991697,0.25571910327919706,-1.2644193357758893,0.35755026476337837,0,0.055498482155284995
-2.6680630935965515,0.38266119491978634,2.9244731383030143,1.3145884934642984,-1.3190480331336727,1.3640262084748602,-1.2198290575517712,-2.2664433220771607,-4.596707200023181,-0.5786831268124719,0,0.06783815787319816
0.9183126483561637,0.8853593455055304,-1.2262921801167597,-0.012342278651219729,-0.4160621387132625,1.6320644579717685,1.2861570229709562,-0.8055319477750095,-0.04647787494592142,-1.5065575913574842,0,-0.037249146936282077
-0.7454461669863177,0.5284629945592652,-0.9126751715863357,1.7942612979418056,-1.6981528236357013,-0.12754787806846354,-1.4453481514656414,-1.3755247210670893,-2.736492938403813,-1.8288918659994073,0,-0.031604291140445544
0.06673154344425203,0.9064527335927843,-0.16578289276390534,1.1908214947588773,0.22608407757651128,-0.5537522014566165,0.6953349086018877,0.38143599283593205,-0.0009897522672656812,0.11058081204042991,0,0.030811769827665644
1.31253055448899,-1.7454853217172681,-0.8285489665696415,0.5215157129541036,-0.8317960802916315,-1.3616851936642094,0.42149575032042563,-1.749422920250392,-0.5280222427214161,-1.4774442656592455,0,-0.11635498984726551
1.6793818005788081,-1.7671680020281333,2.6452496769602796,0.3675234842423438,2.3546754736582174,-1.9725217312739984,-0.01104504924029418,-0.6937758376015237,1.4419538201741593,0.5887260042875313,1,0.9069403157747222
1.9535564141467234,-1.6659036566349676,1.6123990593600879,-1.8757056945462465,1.1567494181061657,-1.58303916033718,0.3263718012475038,-1.0676816704970407,1.976276405737977,0.7647827829863116,1,0.9859633299574644
-0.9844938527231604,-0.26140702215941436,-0.8553350658969974,1.7070240757352733,1.0995755541516865,1.1394309989447988,-0.2552640702962539,2.0596258049621214,-0.007974638263265945,-0.5647666269889384,1,1.0774945283064563
-3.2746045399753383,-0.9768333936529813,4.722126717140432,-0.16253805619077188,0.3027181963547043,0.4341911517507766,-0.15610905030015942,-1.4263142333386338,-3.7368494616420342,0.19017082197711632,0,-0.02178650440833698
-0.7459241845661004,0.875393673832834,1.0918009593621254,1.148874232225536,-0.2008264631727128,-0.10269406964241742,-0.5765156640890396,-0.8334713475894864,-1.675462547673462,-0.4128569152624664,0,0.005046839586757731
-0.9796677985281563,-0.48727067298447896,-0.4253091891779073,1.4789769268173099,-1.3731153633959539,2.456360564902566,-0.2354128969555338,-1.0970029288366339,-2.539221143878898,-1.4181423013829046,0,0.0566894636282006
-2.0986561298149686,0.32952213683153403,0.24545290113471196,1.9120791549582676,-0.05627530285671267,1.2187309697404456,0.18901044505254105,1.1404616730077248,-1.730826718172293,0.08592306247792925,1,1.1053442366639072
-4.500538779307645,1.1676996400572435,4.703807272606855,0.4056270466001035,-2.516323759509354,-0.7328070688562157,-1.4929945444164963,-3.8956017368048648,-7.280280444249685,-0.9182832298120788,0,-0.028842423657415628
0.8731869433468409,-0.9550285379714056,-0.13419764765638353,2.2049265100432955,2.0570024646740905,0.16552258511136855,0.5650780455326779,0.8637093674569385,0.7776754245375455,-1.159557903033975,0,-0.0008418361866713029
-1.1856023511567613,1.125884777289951,2.1884851380706483,-1.0340304370309807,-1.5920603442189236,-0.2606293497856679,0.1125111807932549,-2.259372528773362,-2.367961660483364,0.5295709584707688,1,1.0911027610671422
-0.41823254748951433,-0.7371120833410949,-0.22689599447995845,-0.3465004195610055,1.2765729577628373,0.44932849391582763,-0.6861874740845559,1.0560232990115228,0.4179606946334779,-1.0510094314776004,1,0.9238900362404285
0.5320897558207114,0.7102303173291972,0.7214480628967037,2.9966282739510426,-2.225126329086743,-1.5120296871209038,0.5981045954289331,-3.699888241021279,-3.4401707699203397,-1.2795824949390195,0,0.05137905352769109
1.9652970403437422,-1.2663396027675355,-2.564857831428353,4.400312800661325,-2.3468915162269948,-1.0452614312651418,-1.362373781926844,-2.2759378050676164,-1.7723131627269686,-1.7703554053763302,0,-0.050915776618062916
0.05557009165621607,0.3755053607198042,-0.6790418126650204,3.1031069748640454,-4.129706142303796,-1.091226302209443,0.861942042878944,-4.772019579169592,-5.155777555193737,-2.6003144075111844,0,0.005123618355157837
-1.6881365267800015,0.7490642979510714,2.7727054124948225,-1.8427104346786827,0.45500347108111594,-0.09648303107712772,0.6589526756988325,-0.8224398701998552,-1.418488144071051,-0.026543027442154976,0,-0.012130952370013715
-1.9290954805040132,0.7481928656348664,1.7070685582151337,-0.7848633594404799,-0.6346248240830971,-0.081181246086054,0.8585742724022308,-1.4402070660978283,-2.753272788406304,-1.1624525418851706,0,-0.047900580035061466
3.0618780094083604,-1.5964709476298091,3.153495342105808,1.1391330571845564,4.031309425081091,1.7772430803636048,1.6710433225542847,-0.20163710630067125,3.107591083089479,0.9496055304407852,1,0.9508449036170863
1.377370126340094,-0.23825457395383548,-0.06344875837080255,0.5274650889733067,0.8590203598292341,0.2705937357610579,-0.8505428081725104,-0.7859038675509481,0.4409884571609134,-1.3925736839072644,0,0.013820718212687724
-0.08507420677533661,0.5166866985485673,-2.7427594465649126,1.8738223373545306,2.971256692197516,1.8929024579513867,0.10067022126772941,4.604146187383721,2.6322365990222836,-0.9169758184083782,1,1.049776966408134
1.1165976307597703,0.5292973300693944,0.018168116578407667,3.8964899567705458,-1.869640346704331,-0.6942069623191394,0.550780091841788,-2.980364352919163,-2.6099688002564942,-0.9815136137034465,0,-0.0064868101594251605
-0.24282543471022067,-0.8570574369101553,-0.7862016978067944,1.3406780322037575,1.359852355272799,0.9707484456004328,0.5447305512522655,1.672266036121832,0.528478877456129,-0.7470725106861985,1,1.0035056579366608
-0.520909419291832,-0.7672907793403877,-0.04308893516891599,2.0258799796281766,0.45168366659997916,0.789799412264212,-0.5012935956948753,0.6583128124239559,-0.644189427788456,-0.2722718162742158,1,1.0285587033145525
1.3642915888398408,-0.12233998412855533,0.7491119028156461,-0.5074957194871696,0.2482608588940205,1.7224892281447237,0.19733879013122774,-0.975197001153601,0.8869416545528247,0.4920083568258864,1,0.9514190613493521
0.3091256769468955,-1.5600438082747774,0.6020457883142554,-1.8613011949969676,-0.2698446329702271,-0.6640226421339726,-1.4234538442316647,-0.622906456614485,0.5197896560846247,0.6096652782263584,1,1.036984625420646
1.5956019190289492,1.5815718498078892,1.253569336661981,-1.2452536200818551,2.2313582362893656,0.23142628983469038,-0.5353351523461923,0.7760207177299041,2.932427336238306,1.3137965394917743,1,1.0409671548529873
-2.0307709454466822,0.10722861540138112,0.8313463829080443,2.491541920408728,-1.9388485633612338,-2.511644090504438,-1.3202778244578874,-2.00808894610378,-4.485147494683239,-1.4576965157735895,0,0.1301813149375205
-0.5538009183425074,1.2860309381164965,1.1791234581788412,2.3767426457742418,-1.8473604746408252,-0.21480998807636303,0.014313821320215815,-2.82270260636749,-3.523416687430215,-0.8863947357999399,0,-0.018805209527979115
-0.0437233170685003,-0.05418493435581529,1.4382447198142854,-1.1960686774764329,4.030517378750784,-0.7255138419157128,1.561539022314437,4.12211796628424,4.162482138224809,2.6963845375761517,1,0.9770959099165937
0.5956827839889001,-0.48950668209841874,1.3140918296472992,2.4145213737320494,-0.10919918635849579,-1.1060900731241345,-1.7297003306591499,-1.7403733343265921,-1.4206175373635241,-0.3711029633149556,1,1.0384482935786872
-1.3777935255861784,-1.241418582359424,-0.4107598289242025,1.2413963816428755,-0.505846238825834,-0.722955799475722,-0.23021626801351616,-0.04399442245465275,-2.002344311060394,-1.413587007894611,0,0.04095520844560692
-1.3763216216014014,1.5616107805179695,4.51328387402013,3.8338475513287498,0.6256802700407768,-0.19517539826524147,0.6533454324527427,-1.8913778249403244,-3.430410998249231,0.5740054866623097,0,-0.0267543576688356
0.634300324350864,-1.1071514447147055,0.3038017163829446,3.2693147112297156,1.5339735165652173,-1.0526231556756807,0.8931875286289948,0.4631908446472842,-0.009453770671803436,-0.6459015092662813,0,-0.020158133846502446
-3.100486541732538,-1.2315154719608605,3.941162634724078,0.47993544235860053,-0.4497867151480851,1.3856287420208038,-0.262666654416939,-1.8163715464313972,-4.227580073386343,-0.20915491619520388,0,0.027056541910902024
1.9203805500674997,1.1726569456548614,0.8226548261278367,0.23953028282829658,1.672200197894699,-1.9990827666922735,-1.831955296859585,0.11899073697082051,2.1514488951449438,0.7811218944074904,1,0.9586207879632669
2.955671977981269,0.04564774170545788,1.6739380767876495,0.08814227344976222,2.127409701623187,-0.7790646809374543,0.6521742931888856,-2.2980651274946164,1.1293044858178083,-1.8770444055921482,0,-0.020526699400750748
1.2813369480213266,-1.0801728476721582,-0.49160210955493144,1.781455271588221,-0.2642213630536141,-0.9088534998794006,0.569674579218579,-0.15352941830458164,0.6287540361526863,0.8566596900339345,0,0.0044796383684217326
-0.07549111572629252,-1.0682702453541397,-0.21208538132053367,-2.255756811668685,-1.8220450583399677,-1.3472036359989223,0.4812284995970559,-1.1083772207320466,-0.24835523950667693,0.7212772334295361,1,1.0497969342411129
2.2435277652380954,-2.3250570257216054,-2.169973994527722,3.338741455400906,2.7976317172606877,1.8675364077509795,0.9759291500454678,2.5033659600161124,2.886633600740215,-0.9386719718139532,1,0.9697700691910229
-1.1161091380272001,-1.2870745100716385,-3.7633539036160353,0.45074647873273277,2.6075261410255237,0.8498570898943162,-0.4160311348542997,5.144863936987282,2.229645584800438,-1.9759304945461733,1,0.9078807768984664
-1.076643766988091,-1.4861949214189885,4.243432560644294,1.9320124838397663,0.6725101253961323,-1.0680260433691868,-1.8720249250550964,-2.506845995505515,-3.1970478262014783,-0.6241852292892678,0,-0.09582987337591055
-0.3011244291444466,-0.01401400475869808,0.19832651739324136,1.6048768693122164,0.885736647643516,0.19647399024225207,-0.40912006466097656,0.7475193287665355,-0.181120789336955,-0.22923342641871025,1,0.9370293466646933
0.6418452111659431,2.495330874150399,1.2612811444062868,-0.4780840465219597,2.8165475182704403,-0.7708132154602709,0.771565049168488,2.159601961613679,2.906907282794379,1.7244800537988896,1,0.9343416140900032
-1.8869271567011492,-0.32024020207348874,2.6414837530928983,1.801169586392425,-0.42898197276641026,-0.7572159955020733,-0.5941390935081277,-1.4973191096452865,-3.3366307612792974,-0.2402794082254902,0,-0.007730537930995452
-3.6158573589710223,-0.6464728401236596,3.8280184229955734,-0.8619014236273053,-0.37813104162124644,0.0319945106965471,0.3360550759914503,-1.5995177006941652,-4.21452135303132,-0.6629004409737573,0,-0.059444007679880256
0.7249137664391856,0.5246185155540974,2.0146924709625367,0.13942226266565338,2.2190517979284317,-3.0287201174986063,2.257620637550414,-0.9920755212683827,-0.003592833937095968,-1.715389588563625,0,-0.0351377479910602
-0.5651209002349822,-0.6459417364892919,-0.5621109385735472,-1.3427639260908373,-0.6898165696517915,0.818079653113804,-0.30892288774790855,0.6110833885576324,0.34328977314015663,0.8106014488569728,1,0.9612957057508975
-2.5075184453198425,0.9481345833173714,0.530150851157501,0.4222800788775998,-0.4421338553055286,0.4856065304677382,-0.35975027620018146,0.07804000734516339,-2.63373599944947,-1.1786398788618135,0,-0.02202539304239967
0.06138760182414704,3.0177539477487367,0.024844094929351024,2.805149895491624,-1.9083172517274576,1.3435228113354933,-1.791536422519725,-2.7217486518298837,-3.1848123751320285,-1.6138688348358778,0,0.06612521657615612
0.7207630297636325,0.5505400095123123,-1.826205416653214,1.4042657357321153,-0.06183391013018613,-0.3320739190468038,1.6135153994659313,0.9265417913128712,0.7812013216239675,-0.1387125780862567,0,0.033097379471525835
-2.5520630171112293,-2.4196673891738696,-0.5782367650845572,-0.0034914390898828085,-0.03208319347686506,-0.5917547387265698,-0.7782187509529639,1.1933885102624544,-1.8247237716601217,-1.5434724881166582,1,1.0008064707638002
-2.094279671712536,-0.3821422345920565,-2.627490702127211,-0.02138647282242423,1.557945276285543,0.9766574401624575,1.0565346322678233,3.7658985227085493,0.4070285107886599,-2.1061101784084295,1,0.9769486859709581
-0.6720887346672311,0.8871993535606016,0.08868832503792856,-1.622153234534528,3.073393013780702,-0.26739506705548716,-0.1827149528621866,4.59364125752746,3.833331135913289,2.459354482562799,1,0.9783383671688489
-0.09810267522397575,0.5526288509235182,1.1517520794102953,1.7269995555958488,0.9483968876081365,-0.394002503098352,-0.41294876275483366,-0.5527710669274023,-1.0209343272568225,-1.0295103333422697,0,0.016387323497597476
3.0754463990880208,-1.1431477828466339,-1.3078375300763474,-1.1165735421779721,2.5718439674666236,0.23858575103800644,1.404352913623053,-0.9434707479997464,2.0682195341373113,-4.423081213101266,0,0.02920845366761451
-0.4828280419901736,0.4635717004652675,-1.7028953139616037,2.2134883560614904,0.7005894003222086,-0.13312842375821454,0.6968049145160615,2.182177822591397,0.34127941854186966,-0.3664106277807385,0,-0.04538087530503002
-0.1491070530778702,0.38947832188534903,-0.46461636829950015,1.8723854322386526,-0.9558469650116431,-2.1285663706955136,-2.5455082573966483,-0.9688967733993322,-1.6852213129399463,-1.0169216547680946,0,0.001824037780711574
0.35003747800530216,1.3673774333467064,-0.4498040798746876,1.6859696374295428,1.0198634371267066,-0.6447666473217833,2.2650509099107827,0.5186795750597618,0.09046743162306839,-1.0816334297359214,1,0.8984190215668486
0.7865947963916661,0.41927971962502836,3.0776386458139795,-1.2659488648538186,1.3844372402155818,-1.0939977737018156,-0.9629654408399233,-1.159921461301434,0.7683855262603061,1.0420549650195146,1,1.0105856892085299
0.059929822065094784,1.1033450853912719,-3.160955843786154,1.0747004300394625,2.5462671061083793,0.7221910221359865,-0.4138539478330869,3.75351781290661,2.1510949315897787,-2.1589862197814758,1,1.0381074620979343
0.06381700493548736,-0.9462881150070224,-1.3872000357964476,0.9032669568625563,1.8694688565150537,-1.0177045128434181,-0.2884997295812693,2.367064956933026,1.4438446132010079,-0.8880945288900345,1,0.9859965686559562
0.14236941754335786,0.21783580132077365,-0.15416729297780152,2.601248899359182,-1.040801893721449,-0.42948536835965156,-1.2601546013120648,-1.4868754719117816,-1.9980417857644863,-1.029332905271078,0,0.09082634980700527
-1.1431597163928788,0.10908178730315976,0.6777517861452731,-0.30036457159459196,0.5602410691290811,0.5652765679538522,-0.7872417635982557,0.17541755490157684,-0.9081795436745345,-0.913639610029166,0,-0.04406192237180252
0.4975155364077586,1.7491246480873415,-5.477775493066377,0.33013400864980935,4.512385814373529,0.47742316968950027,-0.23610294815963395,6.811865729892848,4.93158858785763,-2.8853846243664467,1,1.0108720207651631
-0.8433600299882487,1.5045095694295996,2.944196185702946,-0.6481550863368254,-0.5604324048297415,1.4188874258977349,-0.8498829640604171,-1.8990679845969347,-1.7015679277671822,0.9331554058936973,1,0.9982087626667022
2.81337699976378,0.2878617653035958,1.8974245968502883,-1.265706043231388,2.5597025526901245,-0.04558332132016147,0.29107391049575265,-0.22967865792531064,3.431808642286689,1.2875517075372211,1,0.9949851166278296
2.268696128232148,0.46521145025583044,1.0241731911200915,1.4202632752141824,2.182497383211821,-0.3671332725507499,0.9241659838348244,-0.5320563545215392,1.5041947155561615,-0.5711378908472043,0,-0.005716108400237382
-0.33624432952934424,0.04386724649341607,-0.4008123860713737,-2.5432411624600615,0.4119630003346991,-1.1279602028979312,-1.1825226062890417,1.719472803237897,1.9380984337169251,1.4632711946855754,1,1.0053552515004736
-0.6937033211215937,-1.2288691798619271,1.4710835029167761,2.2371814552085345,1.340309911071524,1.3689268174216525,0.3809887401339326,0.09622766043117693,-1.1750701862595088,-0.7400727541551979,0,0.04239793717318499
-3.7272486090098798,-0.856866223453088,3.8167516769572734,0.8283441645703397,-0.8445684001500219,0.36145372904433115,0.018550137908890756,-1.8399677037876947,-5.030881893254311,-0.4866761731860292,0,0.06888681181373722
0.28902736548589014,1.7155762971543433,-0.15548549893226138,1.4630535557974658,-1.5613621454192577,0.48217477755136895,-1.0005797360742874,-2.0513820284118145,-1.9562813986826617,-0.9792408862593972,0,-0.00011251222520786953
-0.8425408049120768,-0.1818092748170371,-0.6347080625966581,1.4053320263010245,-1.260673039300606,-0.41776302956689026,0.6802270301700022,-0.8372133317738141,-2.183032213868774,-1.2939392067391264,0,0.04076580360858166
-0.3788323869029613,0.43103361077150665,0.38880842682371075,2.0604102391549146,1.1312368485622888,-2.282565028639551,0.03194475226929614,0.6203545853138202,-0.5209631821994246,-0.6846171790995186,0,-0.035088347313339124
-0.27392168815569007,0.2575623498866144,-2.3785567907891365,0.456912800257541,2.4167569239096958,0.3007166608024312,-0.802263406983689,3.652386218287343,2.111108937159206,-1.3377696213657542,1,1.0382977726363116
1.5141334376501363,1.9574545058614552,-2.2555126385021165,0.8876812436264637,2.814716748595559,0.08655420220158645,0.6135419564961597,2.4410698235803796,2.745821245519153,-1.9784457063219612,1,0.9619004238086505
-0.3804785356117937,1.6023884978008887,-1.0979682958421626,-2.8578763812070496,-0.7851467247329953,-1.3140485294716813,-0.42220669733463234,1.1158935928221196,1.384446180127917,1.3232694076803273,1,1.0545329968044066
-0.029305940630633076,-0.20881757033167064,-2.2969737341129766,0.5765416814620499,0.8668464956043102,0.1674759094356312,-1.3538974616726362,1.96237689902718,0.9452992531031787,-1.3659509164620127,0,0.11053204386966198
-1.1935004382854966,-1.3844579538025166,1.833135608910708,2.2497448604256736,-1.6894800354128157,-0.4076576732068106,-1.0606401462010067,-2.657648620796461,-3.8760580055805844,-0.6146836527048474,0,-0.00610419439856959
-3.517379835511813,0.1285151031405478,3.818830595543593,0.13749234418466372,-0.1676870425019953,0.04576951106569544,-0.5219138895213511,-1.5040761294598093,-4.3570159418844545,-0.7672763792246855,0,-0.10962717454037044
0.40641899170759654,-0.4996951699709903,0.08565889288816819,-1.0324941158514371,1.4317008665023923,-1.3990530874043818,-0.8940394741874301,1.9081943291951733,2.458239259233284,1.614265257037215,1,0.9725963533377588
-0.08780128509015617,1.686152643097528,0.037011381871779214,2.3948313357365842,1.1907516039746666,1.4086636759578388,-0.7191159058706986,1.2258097766358922,0.19064568023516978,0.10201170525248626,1,1.061593756714465
2.655737325019376,0.5534805178662945,0.5632140297955006,0.2230409508021456,1.9287159313477775,-0.46625508310941005,1.015734835025499,-0.00458679163503334,2.741300942736812,0.579538453598456,1,1.0276538393512622
-0.6504896429067082,1.6084025223130274,3.7659886890975796,2.30043070110853,0.7734677752688239,1.9485260424458128,1.6332124159788812,-2.4196123975428216,-2.899909030702125,-0.8653466238765167,0,0.012445679933751478
-1.3437514530781227,1.068009171413711,-0.6480974861088464,2.6140610841030893,0.3798609952563069,-0.9322575848133593,-0.6173885588277335,1.4885102895189661,-1.0828656906482559,-0.497909829418132,1,1.050433417797742
0.006893257833606392,-0.17041470022523622,0.25815690502914146,-1.1568647330993858,-0.10486504714943501,0.918078771114436,0.5944837999597274,0.06644559208622557,0.5224346197749321,0.7043419455418134,1,1.024222671962421
0.4401602438140624,-0.19601031899301918,1.1592636629670834,0.17108013358751062,0.28932002382878275,1.4029203093562759,-1.1961771646147912,-1.4933808224115512,-0.759672166577519,-0.955975565829994,0,0.06088625937255682
-0.9177673881665817,-1.4871490136829975,-1.3133283151074153,1.2290245037312506,1.1767542892666127,1.0818876363265617,-1.0571409047652978,2.2920561958205123,0.303953447087076,-0.8668948435551868,1,1.0459711838323493
-2.5474629441062175,0.5330080586041374,3.8408864004225514,-0.5696116843298829,-0.8972394999194682,-0.05879233841825394,0.15568057151375617,-2.6175698588041065,-4.033428726375139,-0.39292863456223703,0,0.07608502263684795
-2.6474078417843985,0.2906603893468167,1.0084041191779762,-1.2501108079664134,0.20394207655017293,1.617269803012948,-0.9680327300787782,1.9655810165810093,-0.3709745972850935,1.6880354763212995,1,1.0179398041953127
0.6896111850999345,-1.2385203716442386,1.2963839526442669,3.321754935339437,1.437940728219136,-0.42233579114315273,-1.6420802000335948,0.34633634227960336,0.21489554636586622,0.8256339536656256,0,0.045262970074697734
-4.024648492470721,0.435853827935899,3.250399349366421,-1.585880163123413,-0.9884590299081849,1.0290340644538356,0.6130689632394651,-1.9181254272142136,-4.826071649258625,-1.5046557384251997,0,-0.015356353654289272
0.3151985738600359,0.8247968150470852,2.203643262543409,1.6559666223664922,0.3301849173116762,1.1765339923524958,-2.1215423351147153,-2.228091469981844,-1.8005598074556328,-0.9731110415693882,0,-0.030073040577950294
-0.8600133560788784,-1.700584158169572,0.39724127519005503,1.746112883657607,-0.6224930584784754,0.058458491870066666,0.014985572907420554,-0.9104922900980681,-2.1926928855063417,-1.0047471585576864,0,0.08533838202094868
1.1316380934528212,-1.4699053050079138,-1.6590842410103306,3.079517767368267,2.514744898178921,-1.156724262045749,-1.5359734174883357,2.8925832123333652,2.2999161448221863,-0.2684581203672073,1,1.0108102338161344
-1.691940463002944,-0.6874898440710366,-1.3482435430925297,1.0932779190373902,1.0518983430535669,1.432412305882499,-0.26085119239245047,2.674310974746437,-0.12977347256438576,-0.8970331898525192,1,1.040244028293119
-1.6450967164077226,-1.0661223575864605,-0.17048903739484267,1.5959244453627,-0.3303343479880235,1.4091863504111137,-0.8075679151800879,0.024656296016069678,-2.303505441836507,-1.54074241940184,0,0.006187000720569508
0.08944361088078034,0.5805302187099411,0.551423476504846,2.189330660595542,0.3164014589735167,-0.11727997835556611,-0.038597985282595976,-0.3153086464338189,-0.7881748013091557,-0.22589803912481254,1,0.9706742174540017
-1.318326849491707,0.5560661226400166,1.542640013892868,-1.861749801245009,-0.05109000584792356,-0.44134001105551673,-0.6771453867659731,0.5872571856789468,0.13010356093951156,1.9500030056589415,1,1.0005491446291201
-2.5861845190263173,-0.2828234304762658,2.2045236212982307,1.1253507652726964,-2.2099732971787334,-1.3537797303913832,-0.9569017604179074,-2.454918013321638,-4.693121873844245,-0.383971163514343,1,1.0717997008883857
0.3489923942259343,0.25539001395239175,-0.454576213539992,2.39341777130805,-3.0127550139263355,0.7598415910251017,-0.1715988192928658,-3.6696392752064995,-3.632077310982687,-1.8279409709676875,0,0.027762003713971202
2.22214278486734,1.5285596938419483,2.036367777253493,-0.0042476782141152025,1.9673540224866852,-0.2558311149458504,1.6378806500493586,-2.9010197098362016,-0.13002726763969713,-2.9791999075305826,0,-0.08557365798652296
-0.6790458461646212,-0.44619218782459136,0.3572932677606744,2.1571584493373637,0.2997535537143875,1.5703463045115418,-2.3945554152441995,0.42012521498372923,-0.9603460802288999,-0.03605051141862303,1,0.9892377771711922
1.4369098261748516,0.6130153208910699,-0.7212119362408862,2.7927032372606635,2.042730226182016,-0.6096845398766086,-1.162919115297995,1.5459492188021464,1.736575396874675,-0.15503208885693642,1,1.0891146896352355
-0.18913154358999718,0.6991411827369008,1.2700834386917814,1.5124194484151467,2.5330777471787354,0.6627526151793846,-1.1711321774530352,0.2542896740561613,-0.47716526689587857,-2.1677585742809393,0,-0.010689843092497804
0.3505893862689049,0.27706149302696664,-3.953517533478202,1.4245700600753661,3.6925256052116238,-0.5889939873217986,-0.6595561557525981,5.497633690165429,3.6866059619776075,-1.8076024349983204,1,0.9099760654132909
0.3174104177345375,0.5783880703253933,1.155333930704007,-2.9417822617590854,-0.48807475013562507,-0.28200274933054587,0.5922718665847648,-3.7143169602628134,-2.003619160237524,-3.7025986938887168,0,0.09465244427112718
-2.506644286373078,0.9348388820867836,2.177596650470365,0.9138798731076971,-0.5462257718347299,-0.05124493858718057,-2.2481342615575417,-1.1550433414045298,-3.5257308163442596,-0.7954812402758232,0,0.034119625490639634
-0.17195748307505143,0.030587483408059588,-0.3185711134812099,2.6326883183844787,-0.9138195849556873,0.9836115136282442,-1.881944838410621,-1.313601232853976,-2.2538089445677465,-1.5293668681158494,0,-0.00350064294064002
-1.7503086181665137,0.2029210216213625,-1.5270003375864953,0.5437688599866946,0.951123874730354,-0.21655300084527204,-0.8476848677462555,2.390104943269634,-0.3395243151249714,-1.5533029983430382,1,0.9814291131958965
0.06966382088885059,-0.9437943904915858,0.7624868290362188,3.0986761704160015,-0.06909763220689413,-0.8310673966221047,1.6103869986056338,0.21387969168786555,-0.4483288724630985,1.6347905643041694,0,0.05411759648958678
3.1576214252282857,0.6130263663814696,0.15992586296629208,0.08798226298876988,1.3513205033050948,-1.1692565426027293,-0.6109539448965334,-0.7964988207570094,2.5388043423499664,0.10910524777551645,1,0.9729008299886903
-0.10039388315006814,-0.23984587721683567,-0.5424115647768251,2.110992704922713,-2.1812320850093743,1.5429293862691138,-0.6772070071020552,-2.386754284736675,-2.9341066280789456,-1.560256542490154,0,0.05741282122579942
0.5514443586466683,-0.7495813917969244,1.8171884283266149,-1.4710469681309397,0.5544163080613248,1.451114358951267,-0.9131113171835886,-0.7596193782618513,0.7438126199158597,1.0350063853896934,1,1.0271097642862128
2.436178918811268,0.32182531690305866,-2.011278832606086,2.9723488592579703,3.279713988191486,0.9536604726464493,-1.2656288126453965,2.8304665237934516,3.506894339636711,-0.7044181621405992,1,1.0122340962743674
-0.16015289658248943,0.5257944397663744,-1.2437506232364128,1.243336878211424,0.8250480015139252,-0.7973560118206172,0.2521145560345647,1.153074614640572,0.09403686198521923,-1.3552037766234737,1,1.0072757402667798
-0.16874291734301605,0.7555538546056814,1.3770023191670375,1.1043788602651528,-1.3901946675206305,1.315855511960943,0.14828654962901372,-2.845171540708989,-2.7376250579243226,-0.9420992586922688,0,-0.008748401835708906
0.3947439841214426,-0.4452158012489243,-0.8746414830728435,2.0020596716071246,1.1701492286028392,-2.8562786442761277,-1.8334567415121592,1.0063342415802885,0.38115811144483447,-1.0423284403913666,1,1.0522820060104632
4.761028039297294,0.3567871430722091,2.7238963953481568,-2.8106468146941443,0.010506225026078342,-2.0469511565394005,-0.6580720660206716,-5.637638366163806,1.3749283272736572,-0.658128513379968,0,-0.04326714160509171
-2.132142690266119,1.139173371788373,-0.4747784826620638,0.4517170197828342,0.31387396117446564,0.5518436621080274,-0.2933214287637263,1.6031622113854542,-1.1181159090257708,-0.7745314931781644,1,0.9189037436584895
-1.8030397821235902,1.8225560328713364,0.050554221628244744,-0.759510157886381,-1.0563759178319063,1.076379094973433,0.5331480612532247,-1.0612821630050286,-2.644013289765465,-2.0705381651943418,0,0.030722006144623733
-0.6852131698605319,-1.0579145860380421,-1.0413899722993432,1.0704155801499895,1.056290832617274,-1.2545951028892466,-1.5272982619941182,1.7895735351768425,0.21140444960064278,-0.8975465378789159,1,1.0315619164033574
1.9480063605767874,0.4835006932660297,0.259963182947466,-0.9721263052076201,-0.22498664802179635,-0.004512346668986976,-2.0435995170540933,-1.6527775419736843,0.95059586989286,0.024038782472657116,1,1.0240120576255882
-1.3977938810195005,0.5561296156609391,0.6752120316444761,1.1239078422507798,-0.37304210281662664,-1.0277626912841695,-0.3421312957958226,-0.2997787798904567,-1.9570202442208458,-0.5180123973861435,1,1.020386418480902
-2.133380006976056,1.039780863391644,-1.9031790349530662,-1.0012986359027476,1.2779141126653517,-0.7636381769546864,-0.9123290888808,3.03252201580349,0.19076826302983216,-1.9074959753943515,1,0.9839729810831226
0.7984883582508835,1.044281860824724,-1.2622988668558612,2.0343847376747073,1.1974081253516005,-0.28941265643077585,-0.5262248714934283,1.0224189535131343,0.724382044455892,-1.1738055838272927,1,1.0393741352192762
1.152404043264844,2.027196062413076,-3.0781781507498254,0.9746278197723807,-0.6839652342200936,-0.8209023785619012,-1.0072700136847534,-0.34947725035208327,-0.11874440248838508,-2.718846668032391,0,-0.002277906337727044
-2.0128115149899717,-1.1142199404723079,1.918610695475949,0.7254066459624376,-1.2962259225886363,0.29179873064403733,-1.8578513161580439,-2.1378520665021687,-3.841341846530237,-1.1137336678220353,0,-0.024355678040758905
-2.7425832756643667,1.4353794740577608,0.3366503136914727,-0.19237527067438953,0.006403983829915028,-1.7641707805162734,1.1895907651706676,1.0813137602427203,-1.8384255759139436,-0.6754744916269828,1,0.98440543438723
-0.040238912715884645,1.506140509613665,1.4077204595644521,2.4920473692011815,0.5717395681893411,-0.0178037007417527,-1.8693030484102306,-0.21736156307955626,-0.7300803937669056,0.6266941716106305,0,0.1010319849387916
-0.5721883331143058,1.4143368401981453,2.3457569354749985,2.0788478064322735,-2.114292578792679,-1.307093335024203,0.5740177992464057,-4.114499129879614,-4.35881380784569,-1.0475647908140113,0,-0.08674880410227165
0.4476067487483897,-0.7938884883360919,0.7829961335548057,2.4174725294776644,0.6209142293075018,1.3376468139446738,1.2003501925055569,0.031150173129514735,-0.0999230251211516,0.6224161426503945,1,1.0249894052147899
0.29688424914216793,0.6634819129132977,-2.4570602093009963,1.2266636859815983,3.1252309700084018,-1.2317647197854533,1.024447183309205,4.28491106044885,2.999704984473883,-0.8816589205015297,1,0.9160444786188141
2.8672082041462974,-0.3260433490922656,1.0277926184087554,-2.1995575429500542,3.767682267871728,-1.0316331886516883,0.5998570357206638,2.137240573821417,5.686714945790861,2.2929856581097106,1,0.9945883330838513
0.055862194021333966,0.52806087237202,-0.590971201787915,1.6468064225014647,-1.521168108196187,1.6662039864886182,-0.9199326011957091,-1.909720990188696,-2.26244894881323,-1.699968277394342,0,-0.021681374257709385
-1.4223235179717508,1.504656978802352,0.27983021196311,0.34500148112836815,0.11995022571234559,0.3366163260793622,0.7266558488757138,0.48771522067687806,-1.1530109794709769,-0.5304595310451237,1,0.8957485851660061
1.1742269248443176,1.5307463864333115,-2.254956512253907,1.4850808160490514,2.9161931326735546,0.18214209062638406,0.19064464381703963,3.2463116790713245,2.9613849216979076,-1.1048175392720683,1,1.0194518795216883
0.32070605024934384,-0.2790697626307946,-0.6071824667559289,1.9249967484947665,1.1276199692996816,-0.010544495507590497,-1.1374375978982871,0.8174849620975793,0.21760942048489257,-0.9975058241501438,0,-0.019001903109609794
-1.3232402247939736,-0.7226862712216581,1.8249792325342695,3.04410828719029,-2.378171845347243,-2.337188585454014,-2.5335430662109437,-3.1979367124363622,-4.694721496667183,-0.5999367412397696,0,-0.1049603171280622
0.5187676022776222,-1.1623246447377957,0.08432464735599288,2.892672806919463,0.8877909472508817,1.0284503192160424,-0.998756400512384,0.25398088966197097,-0.18685990971843777,-0.38215667165218015,1,1.0419784045387126
-1.3413163443423857,0.20742236304162884,0.06232654307809293,-3.0013548611482164,-3.2964802673666513,1.0136767051953395,1.9141018075137324,-2.3632611083728485,-2.358746242000081,-0.05993860869243939,1,1.0717503088994467
2.9126767314902002,2.3125106305850402,-0.7188318756099086,-0.37257669834545226,0.605352518809722,-0.48986542031006286,0.4280408784797573,-0.6688599059560656,2.40683206069358,0.028922783175783784,1,1.0745062171148285
-0.6119154404096079,-1.4355755689696186,1.5885642562034286,0.7658387658848282,-1.2762551944878318,1.2922705553829672,0.11358726791314167,-2.4990707182303,-2.743377667529475,-0.6973738667001432,0,0.017947822032573557
-0.3424790597130897,-0.24281236768892683,2.27765653475143,0.9688611161349467,-1.9488864684637823,1.0025573058961579,-2.5509190647625073,-3.944646556259548,-3.6348221417274598,-0.8401308567411117,0,0.002302906928855775
1.2172811395057823,-0.5820748318826907,0.17133280022083897,0.09598204771968377,2.4460172847006034,0.04614154271603412,0.6974604031675475,2.1754082657377687,3.139153800946356,1.4103554939713991,1,1.0664078310447898
0.7157030691185746,0.3063477882109142,-0.7643241097057205,-0.4401076496425095,0.07981198666033462,0.18634103481636877,0.3320950212588717,0.5262159149895491,1.2288059253939327,0.4996776692210019,1,1.0841191792670049
3.971352023568769,0.7827409108580586,-0.7129577987706917,-1.4776606894344666,-0.10853920580540244,1.716074987271772,-0.08967372764400372,-1.922737832859762,2.8072591944167273,0.21058026217991066,1,1.0566784351437812
-1.7206619041255182,2.0339651983735387,-0.7044108096192476,1.0331880311189063,1.1261526632235643,0.7645230441955851,-0.3622102371470775,2.4893965787590275,-0.15690800970228108,-0.4372111247842294,1,0.95292311988851
-1.112570808347884,0.3079776458721335,-0.05643737591474274,2.6162511385194933,1.941215402732726,0.02068051074980081,0.8049648975333104,1.2234838541417563,-1.1707549850348822,-2.4573926297439597,1,1.010067242660746
2.137926475023222,-0.6631003634534273,0.9155967465016915,2.5948291873820777,0.36250794725780955,-0.854637991514105,1.3359699903868376,-2.132012789510717,-0.3298641863729729,-0.7097904837211121,0,0.02197580721457143
0.2598053940380123,-0.6122411248559178,1.7471698576193369,2.285660515130644,-0.7158775271666977,0.6782046371894253,0.2693857408922945,-2.0100889655824603,-1.803683761033073,0.42338001227864974,0,-0.09048084844586146
-1.7041400283225625,1.3761760396023233,2.6697887142008323,0.8620749190140017,-0.8521342140744158,-0.11538448905284965,-1.371693232294449,-2.2629108029258083,-3.5226374638435938,-0.6322212764809552,0,0.02346803298103871
1.5549641176449032,-0.700749766690295,1.4887146103137479,2.005375314629484,0.6028084233786635,0.4780269366434304,1.007512381395361,-1.2100486930607304,0.23765484990597227,0.7300937329107626,0,0.11364959129896945
-0.8961688337819415,0.9971414161485126,-0.7633387918563506,1.820217117345454,0.056331011438368606,-0.2840901076055598,0.6992311451619805,0.644291376680829,-1.1524980669025429,-1.1121776738751306,1,1.0319968082900395
1.5913688304619966,-0.6048321585153806,1.0514568623036205,-0.5287676048793744,1.544237999254646,1.1959423904724544,-0.46245500608742646,0.08520429571156259,2.074333842111388,0.915312675716509,1,1.0736706540720877
-1.1502723813726692,-0.6015040860544332,2.492153762694432,1.0552076810818285,1.356250010425974,0.856719418060462,-0.28867111864893136,-0.5530033030928647,-1.6751449230624105,-0.918156219780567,0,0.009145736506435255
0.8729894353230365,0.4614858526635109,-0.672271890056418,-2.319270366329276,0.7480277134395048,-1.0250255632951026,0.4263009144475635,1.5904566806763956,2.9607759300521423,1.6309173842625504,0,-0.0036609161991910744
-0.9401410267027179,-0.48948879797059686,1.541869694640558,1.7051135022033765,-2.0469015292336685,1.0616836450226959,-0.3086210883509075,-3.1059721458366183,-3.8923428418028823,-0.9477218560873389,0,0.019063569504048777
1.4442547916675847,1.2490528141689259,2.4743322109828183,-0.36396461533178825,2.5515511636738086,-0.12555533555047266,-1.0089620796041867,0.16053733911682527,2.172675389447917,1.2829141237326973,1,0.9592086676007784
2.4651000448421927,0.4052389586255658,-0.7579853668899365,3.9927417205516327,1.923276330113891,-0.06540890470995209,0.30331258066432765,0.7900564953113066,1.7721958132797344,-0.22275396184429208,1,0.9518112406382806
-0.5529773617209701,-0.19041187378955987,1.08249096766538,-0.14536038644550264,0.13004439061654283,1.1637763061612525,-0.29561853320875037,-1.5209684148213287,-1.793508991400806,-1.965388425047684,0,0.06331522785846828
-3.2584429486683,-0.8382753526450819,1.334078397510722,1.658699702415062,0.9747272598679743,0.5732930561652154,-2.1048960631010294,0.07186108751796325,-3.8628121876923003,-3.254518077967855,0,0.06861711714332591
-0.9015312485739856,-0.18955465066468408,-3.3108607933930587,-0.6724108218983775,2.2829159860092103,1.0477225360741595,2.79657929133687,4.007957610910315,1.872490933889443,-2.533558536824601,1,0.9504446842206324
2.66428989661617,-0.3549126375736467,4.435116124371994,0.38322792548685136,1.5469649332840865,0.25785182313584176,-0.2540049891649076,-4.123507885295144,-0.22466383602020762,-0.44366050418271896,0,0.04839994022769323
-0.4999356355079211,0.915164186456984,0.7347454601614407,1.4644631536677692,-0.04639487376610085,-1.6136077491301335,0.8643864142984428,-0.4534004064871261,-1.2479542526702039,-0.24597646788697825,1,0.995652001219699
-0.5544403944726815,-1.0949724103932523,0.8921674916880129,-1.1205856994732875,1.3063600644642919,-0.7214198384753661,-1.0350517905527739,1.6685501127082583,1.4226404075543002,1.498562863684352,1,1.0169904287245215
-0.37186760932887974,1.927190012216444,1.8295363011648182,2.6967542323977414,0.9211883057327518,1.1565368631926154,-1.617859977988405,-0.7162301641695092,-1.5947851263276258,-0.6084391402320601,0,0.023010931971753173
0.8854530672400949,-1.0771920329016251,1.0030334812404043,2.5254623239395824,2.0488858953993025,-0.9072231319765071,-0.04126871409466444,0.40433311259127624,0.5583336048684893,-0.28850831338436544,0,0.04971752340621592
0.19906863346496761,-0.18628380605511963,3.9695882930885893,0.5003719336486352,1.6652827302667865,-1.669978677239326,-0.6932099502905759,-2.4438421922412195,-1.50108142898353,-1.1094677780880278,0,0.004135910093159444
-1.6115879226324004,0.3127403354708275,0.6214574403118551,-3.6508014942883666,-0.5809064818444445,-1.1627960696376092,1.5245997737194357,1.2232147795267359,0.8136878670278617,2.32512260126611,1,1.0705080997650969
-1.7809391719007732,0.13289823681419952,0.20169646687337206,3.299144024257676,1.0387640162896432,0.01696430666753342,0.08499277486746579,1.7759977905462718,-1.3656941630300068,-0.34704432261257157,0,0.015470641987996237
-2.648537924461519,-0.22433923951720086,0.2807815931721236,0.26878548051806206,-0.450783551077762,1.1178765104452832,-0.23608125458963128,0.6849814510609815,-2.2116332326360038,-0.6024654276886188,1,1.0312092136234767
1.5634758639506134,-0.02986644094485999,2.692613150957177,-1.8889092962278347,1.1110222874055675,-0.49503452343293,-0.9077432792334531,-3.9820172108705676,-1.0277807461460287,-3.2169191065263805,0,-0.04166312957686233
-0.3114373092980278,1.0422838922783317,-0.4030026096593724,1.3567632385203272,-2.0759863412997266,-0.8826369544568649,0.24958185187238632,-2.0911427429021785,-2.6203505173685095,-1.2269621917973697,0,0.10793295053524171
0.11093456490283216,-0.6853123866911897,-1.2777986401062047,3.2497228549305404,1.818537258164228,0.3336730652212124,0.406496821028469,2.5404620778206923,0.9775220857722358,-0.32583628481187754,1,1.0234912461602483
-0.8705691534689379,0.4913561666573155,-2.4596307362641285,-0.07493163040182949,2.2775103389482707,0.017055886349138842,0.4337344280236293,3.872922961772182,1.8279980581953081,-1.4922688611249035,1,1.035649871267255
1.9859198624568815,0.08944492431681815,-0.2092114081648705,2.7381787866443217,2.022804538439885,0.7572218346240285,0.6464101991461713,0.7859377270005321,1.7615972665298347,-0.10649376932293186,1,0.9195907094394229
1.1659974769642378,-0.6488177055868719,-3.558808409189026,1.7278483767853068,3.7444032343038085,0.25298664167600154,-1.344538950656809,5.066543770796938,4.178827156377466,-1.17072608840888,1,0.958864898846045
-1.156864658951066,0.8991415232379597,-1.0199272570065716,0.2275155311437581,1.245534621103927,0.672814999746588,0.18395389675998014,2.4107596414225143,0.5373438321154813,-0.5890141690379962,1,1.0618941843959364
2.415934650811354,1.1729887772281384,0.4511882337509454,2.3977075679254662,1.857275210197242,0.15542663251849229,1.156955890850824,-0.1620597537376611,1.6216474111904795,-0.06035024699635694,0,0.014344555914630236
-0.14996891823614455,0.1194493868597965,0.3266147360193943,0.8241208776239697,0.7678732512386741,-2.737375493348139,-0.14823239426472562,0.2630306465811588,-0.1941602796060503,-0.522582744807111,0,-0.09568898674144631
1.3093861642951325,1.486552021333489,-3.0532102006138304,4.204897174609904,-2.8464605521485615,0.19506289947579672,1.0577400518798068,-2.124322734537337,-2.3513531831316974,-2.116037305711863,0,0.05191449644919095
-0.9365424331190368,-0.4323642150023962,0.8297631906840018,-1.8531145132000333,-0.03873933628841164,-0.12186185652316213,0.18606779287515687,-0.640759141616964,-0.8639878653713553,-0.8805436725872771,0,-0.027189140217636174
0.6802698433957379,-1.0158517472312683,1.7279263183154223,1.8727847885784044,0.737241118819949,1.2607659477243827,0.3862263782787283,-1.3551784804257532,-0.7954619100202032,-0.3872305031393076,0,0.07056584929383561
-0.9359175528554187,-0.20511216350619205,-0.8330480013065394,1.9768181375549645,0.34566871148239864,0.9502502540967986,1.4647138038893661,1.0212781564443476,-0.9383547126504834,-1.073986823050269,1,0.995608216069815
-1.1282695533909277,1.0438376895837063,0.08963349482857763,-0.45222677407390854,1.5083156577960435,1.4481569734854538,-0.8394225923710336,2.885001439882635,1.5199490356416285,1.4933077020747993,1,1.0102353343010264
-1.3597255146825522,0.45714385266266727,-0.2754718534735754,-2.4141149373002264,-1.1866309628838687,0.25768747837281625,-0.1606818944864898,0.5599022572862914,-0.1014266524781536,1.0973907283820932,1,1.0589477289295823
-1.9249043045998784,0.009922970193387884,3.004308234322763,-2.568094947982132,1.9720692205707158,-1.8493924439805365,0.07619245552064582,0.6067873920071138,-0.22032415294251328,0.07182134479125701,0,-0.04487464854273312
2.152569313376047,-1.121100293031954,0.7126457271338702,-1.6391548886042,1.1173936606357848,-0.16791388403549956,0.5383993576395518,-0.3591789480728275,2.579217933757542,0.9943582554202453,1,0.950357659608303
-0.04037574219203577,-1.365968118895177,1.3587834039596403,0.9810473458706157,0.6465999575730244,0.637155946934535,0.25201830222712296,-0.3390090347648254,-0.40662487592010527,0.24199011745656063,0,-0.009824921019905368
-0.18001424951657718,0.34536695251938615,-0.762267357547316,2.635569820648663,-2.5975957113740415,-1.7380036994549328,0.5088965240814567,-2.554299275261566,-3.3471693116918115,-1.5850971404829557,0,0.04135863998106111
-2.2618730605216353,2.116807270532586,-0.8520110133332712,-0.4715454726637587,0.4429918791460261,0.2008998569215236,0.3233212470421781,1.6061798729750214,-1.0996955053543835,-1.6676046088103393,1,0.9334561373693254
2.102916743879369,0.2775608454958954,3.4044009205960646,-1.033383924307591,0.8376688856986064,-0.2730934175393734,-0.2011408124746759,-4.724652248637792,-1.1824571930359424,-2.44815502360043,0,-0.08340172999445483
0.47597294483343666,-0.1964476263461026,0.054436717960385184,2.60195787421996,-1.7140293188270272,-1.478342977661489,1.0731919108050374,-2.457149566278672,-2.4196879964896643,-0.9515357689478084,0,0.041186046352189615
-1.780925418353982,-0.8964884522192977,0.8227463616644408,-0.4507844260652736,2.760135451948436,-0.34429574317388734,-0.1029836803135476,4.52730574484087,2.4221530882583697,2.6696318257168414,1,0.9698510843716498
-0.5662315178318309,1.5357878335613133,-1.342321849301134,0.5653508119161039,-0.47735961288900786,1.135338111843632,-0.12749643539086977,-0.03877876476485333,-1.1475577385462379,-1.8912604092915488,0,-0.019611300646014157
-1.081919236621053,-0.7379870731152008,0.9635913604219898,-1.7828846321806906,1.2461662733659364,2.0922781147935194,-1.622884933762897,2.266513959025932,1.6610400887384216,2.1903528865403454,1,0.9071594799029917
0.12409402990296825,0.40980504680096347,1.7056397635067113,2.8650581421924293,0.40732873608753173,-1.7156633468929383,2.097642321240189,-0.9927505161938082,-1.3197697557908805,0.13287527068857918,0,-0.03394896571759911
0.11853727094720012,-1.0035831876567354,0.47036422342967366,2.5709095572865577,-3.086702828926253,-0.26178958925805396,-1.460406121847021,-4.217113041752491,-4.2143001295100095,-1.5867799955248376,0,-0.00037836483155753183
-1.002727773998643,-0.40910792505949756,1.7231782688951152,-1.84310608686455,1.0385812603262037,0.8232410505845326,0.8960471822943868,1.1054474540813235,0.8660862820146107,1.6707098008280947,1,1.0465188928811446
-1.4994434083628634,0.1515453877910491,1.109580841100735,-3.1803891046027037,-1.5193204962578548,-0.3334656815241875,-0.031358361122244154,-0.7159116532523714,-0.8389227518390325,1.2681873693615984,1,0.9614384916882681
-0.35189989457131965,0.9679947187108098,-2.02629345818076,1.2306832156835084,2.188887739743457,1.0529575400378481,0.65584096330099,3.431016210892788,1.6999589360942269,-0.937287313451211,1,1.082868806011625
3.438903580320421,0.6836317772763905,3.400026340934598,0.8948622362013072,1.7167236653570173,0.42195935138153334,-0.21657772199696318,-3.873649706553626,0.4100603288920056,-0.9384448905020395,0,-0.034227801208990036
2.977370494161663,-0.49885769888101456,0.33509829331164465,0.8053869219432819,0.978901575715763,-1.0880774484098996,-1.5283427725218626,-1.2616698616385882,1.7630343229098988,-0.05806179495881625,1,0.9658454099207413
1.2972762629017796,-1.0948463491562388,-0.540979532744363,1.8722688084548837,-0.05144917521805881,0.8156561591418223,1.5494649627952128,0.45210829704728095,1.169727599478542,1.5255198690765552,0,0.07686787759489011
-0.6273192345616063,0.8410336399375845,2.307787608676969,2.503582278261205,-0.22758934350948734,-0.1285585807632708,-0.12855913238440933,-0.8545644474917047,-1.6387432524353633,1.4873404952085996,1,1.0105730076181958
-1.7839223524333248,-0.5881045754091785,3.2821233633452165,1.9362202094180774,-2.5741928403360363,0.3629479059573433,-0.4249942626943879,-3.9599494423616792,-5.177495820872632,0.010104833886350306,1,0.9723987635494211
-0.28816613348280473,-0.28597260192145446,0.7874037113710162,-1.7838094854615787,0.2670601958093508,-1.2387720205904822,-0.08534563755786588,0.610479989029456,1.0156877737025056,1.509823571568097,1,0.9922433434409703
-2.4262545618304237,0.46106346068379694,3.6455926658436115,-0.45143634760221274,-0.7562038265641206,1.6897039317091693,-0.9357645590376552,-2.6385327097376887,-4.033053513526679,-0.8191260841470385,0,0.06765367887710297
0.7603934064648905,1.2258723457966236,-1.328902620968742,-0.22429324575071408,-0.9382719744759991,-0.8223623182344489,-0.6963668082704287,-1.0433975096700467,-0.3376930901623774,-1.3811386087747863,0,0.07331014098128409
1.9060094622450654,1.0549327568758635,2.0547658496881596,0.18340627201026727,1.33204782108597,-1.0510921668568691,-0.5615381830522462,-2.986529647880518,-0.519230237310163,-2.4008777906253265,0,-0.0408396589635128
2.2542435669819025,-0.7132954415455973,-1.8003028509552599,-0.6470608660560213,1.104633576798964,1.1505115705557063,-1.8684662616775558,0.4053753647906541,2.436087437812747,-1.2149394486110263,0,-0.0021216905039554107
1.483572207405751,0.5446193193206417,-2.994035543813168,1.8649079435888234,2.990940380256093,-0.634300352582489,-0.5375842527258058,3.1717855514563245,2.8951006630347687,-2.1073039696304967,1,1.0045078413833786
-1.1630795670399654,-0.7603685778318232,0.6485346381039098,-2.3802432259971917,-3.5871776824619657,0.016281189376949844,-1.4630737473243232,-3.112529810854992,-2.8829247720590305,0.1387010891465934,1,0.9506879944741701
-0.8557633668344451,-0.35157283610638645,-0.4445696773484876,1.4084827077850932,0.4853261343918568,-1.504521483135466,-0.08844476954910102,0.7944080316820638,-0.8097362474810154,-1.0408243811822286,1,0.9972157473675003
-3.1295666227800787,-0.06565722721709456,4.369764202249986,3.0991867202094254,0.8508698413100079,-1.7111023706488653,-0.1109610809710438,-0.9873907768602407,-4.341228508200069,-0.36305316568882073,0,0.0002661430225850244
1.0799031678095856,2.247680216541447,-0.12453313293181711,0.2757987341712338,3.098636606895615,1.597878886223795,1.5612408894593344,3.0800965911482905,3.637602212382495,1.339575892316273,1,1.057010473946837
-0.5176645136877926,0.42175654612775826,0.17780856369623688,0.6864488842720122,1.160455195828632,0.7163891379515696,0.11668529182333974,-0.2948870765086429,-1.2185226723672853,-2.8075118793529734,0,0.060371251415560045
-1.535723066852914,-0.3027733350163578,-0.15646952673233216,-0.6951066801838439,0.8645754301251449,-0.708715951117847,1.0127608093184106,1.2632537427565762,-0.4305662938398764,-1.1410431656953457,0,-0.0164604699179504
0.5455624239776415,0.29136165129089997,0.34973118947837967,0.999002402467635,1.5587771079729373,2.117323700210516,0.25796894837579193,-0.25793096189256376,-0.10738927538931053,-1.9629601690664376,0,-0.010697657193040585
0.2325170787494587,1.1376925014845591,-1.0112185286158444,-1.477831885036265,3.2280280010598434,-1.5621590502765963,0.3922404495538328,5.232223806568076,5.096201555616665,2.7429495175004184,1,1.0332146151027817
-0.8967823135777038,0.9038828454868979,-2.5215442200266875,0.2716306455817039,1.955343293674534,0.07578726434583688,-0.16247244353612347,3.3233670923042404,1.1812627498143118,-2.0614326309129205,1,0.9707405775536494
2.298638350234021,0.09147896389883613,-0.12269177696497113,-1.7238642848895491,0.5342311832832081,-0.08599064940753803,-0.21333115312378215,-0.6067060179238436,2.3819099837038538,0.4688089600551807,1,1.0294320075868701
-1.374782939338795,-1.9002126826997545,1.0903687770346342,-0.06582238182379041,-0.816984971080112,-1.738663448957768,0.5453334753603575,-1.490028547077268,-2.551569339139743,-1.2406342593079946,0,-0.004395324368460737
0.6848553475984587,0.2506446811583267,0.014499055592985921,1.843007836704541,0.5874856953151396,0.23380500037182653,-0.5622812010052974,-0.16795598472624587,-0.06431321948305845,-0.5269232595214963,0,-0.04846992888693104
-2.9126495002812804,1.0295510487889135,-0.714649966821455,0.5107693235312708,0.09510486141894592,0.13263041107907012,0.8702745794666775,2.0494557363638126,-1.5987442941983232,-0.8450177205712924,1,0.9521581643560176
-3.1538119418499395,-0.1940812539737181,2.3229432863507697,0.30743028179373466,-1.2514313432191195,2.172963926678247,1.3164175555987203,-2.031721769931575,-4.773659572326954,-1.6843570523778575,0,0.07235293480155511
-0.5028194095473232,1.0092366106323152,-3.5236582134512138,0.39212391540596103,3.059613463689357,-0.6597738866762375,1.2035118190077854,4.827062289584765,2.613272607838253,-2.255798684970641,1,0.9921789260428351
1.162182199798667,-1.596919203007002,0.5488462596456551,2.732419429756888,0.8097038743732677,-0.19450009791225084,0.6064757606230561,-0.5392725711871463,-0.06053126518406779,-0.25666942762095313,1,1.0820177046949155
1.2764521990845474,0.03785780716110784,-0.7744448846825913,2.933263316651689,-0.44962765731562504,0.5395045198155396,-0.033410900724965775,-0.9859874361739015,-0.6084191630676263,-0.7633778126296089,0,-0.025681813035745505
0.8385759667026333,-0.7834283730794163,0.6879548004872316,-1.7732005765655374,-1.2481282896285495,0.6769853549718995,1.349063922972131,-2.15044985213059,-0.24757654193563927,0.24226517684592974,1,1.0145602600565746
-0.2806485780068124,-0.36248549180193806,1.0350607151180125,0.623858004793455,2.13852816351789,-1.0272305860107176,0.7406220795643924,-0.004177993739704722,-0.5619451676262848,-2.3991584950713776,0,0.11963383615091208
-2.0088521760206124,-0.6989301670189977,3.364394852115548,3.2080195527323894,-2.235510204584048,1.76551635160936,0.34099244566722403,-3.768573887586972,-5.665564960931466,-0.3737463379606256,0,-0.05286933723316396
-2.7141355068785216,0.11769459051769166,0.4257279468467554,4.520022551778943,0.7401351699461587,1.565472896741901,0.5911984899696527,2.2627188705394046,-2.1947046818842604,0.2745313468429047,0,-0.09489072499498884
1.4627826880219235,-1.024146924715043,0.18396100840160678,-1.257107509975239,2.3651515816260327,-0.7769532350507171,-0.18983047882663892,1.9571448757161591,3.634352269919792,1.4784418607506018,1,1.0643295065643616
-2.5043144300486153,0.11309195796459388,1.9230572958179923,0.10770122020787132,-0.9041716733368406,0.866606261614006,-0.4208782613830601,-1.556291083807908,-3.68396982506544,-1.2676434497345022,0,-0.041340455269653686
2.9114664300385673,0.8637615203782515,0.6529298696230315,0.8246296495703418,1.2706334380365778,-1.3382014801348996,0.5290093204097275,-1.9686674686143013,1.026668723151584,-1.4174699168055482,0,-0.0010353182053116888
0.48805119831122223,0.6636949416498528,0.31243299020177784,-3.046422988651167,1.3724796407336075,-0.34050385547418394,-0.8262177400375582,1.7875194417606572,3.129259364722454,1.963184910732064,1,0.9707040894774207
-0.8565331948437767,0.46257464872416715,1.5706422562991942,-1.8870416854165883,0.2628425404425798,0.8814459322746594,-0.834484138768921,0.27275187547115864,0.30002812899832304,1.4249544539396948,1,1.0134081390477658
2.8047908916457347,-0.03916209768659413,1.736797758983454,2.1279471108674572,0.5275646696745895,-1.6638653567121726,-0.8112727322009359,-1.8322265384324896,1.061028063945386,1.5170176045399448,0,-0.04752681035928711
0.09796910130995551,-0.7675603670635519,0.29640145494177195,-2.189859426759754,-0.1732135833652042,-1.5241188505135963,-0.9839445221114557,0.22783085630979827,1.12660164930135,1.2865634247827742,1,0.9910029956058347
0.32226558889530554,-0.8666459008324837,-0.5579413081438689,2.216820662567215,0.6442537428330574,-0.14397081903523254,-0.46474112788523225,0.8890068948410993,0.29048932540752553,0.008389249658613984,0,0.022490766327826713
-0.4432765370840598,-1.8051005382315843,-0.8005665765368781,1.869980300779087,-2.7772463835829413,0.602185966976147,-1.0453544448451257,-2.909682447292739,-3.7368199591005355,-2.2569041609319944,0,-0.0504154443137131
-2.3769865004099238,0.6224314266565774,2.824675183337174,0.2664599782568039,-0.04028510066663182,1.4290493865212834,0.7699210002370666,-1.2219927274702174,-3.14480274412626,-0.6531096814746857,0,-0.035004201482294446
2.5307052768773532,1.0841307425733862,2.153713940221405,0.39620136571314934,2.51077754704339,0.2558054919294123,-0.3149668141899938,-0.5709109547893553,2.341855948689936,0.7845664701375535,1,0.9826308583200735
-1.7070496798575412,-0.8149732522409833,-0.14505695823350806,0.8994242099920042,0.22558360513270015,-1.520613201098249,1.0824668560998534,0.9792811961478293,-1.2932032739877894,-0.7858510706914106,1,0.9285592282886861
0.627643887250865,0.04980974636464704,-1.881351647486842,1.8383280298362208,-0.9022964560853256,-0.7944190034801693,-0.05458048163458176,-0.7075101996845764,-0.9558495595563331,-1.8437472911631176,0,-0.02112804913993732
2.8478493602611747,-0.021427274481087114,3.203454726053978,1.3632489008404463,1.787095078304139,0.9134697642165256,0.07932771094287518,-2.5845487332077095,0.8136557496146036,0.2811451393633364,1,1.0059398269951452
-0.5908753894362238,-1.033060178310906,2.04214778996529,1.4664000352043234,-0.48507483347303937,0.1699014421772248,-1.0938860312917575,-1.9518403306660776,-2.3949983319755637,-0.36951008529386375,0,-0.019977447079421423
2.7946349640889703,1.7846406406077209,-0.0870719623635996,1.5034069940963795,0.520770862234692,0.6834124021554576,-1.246686493870209,-0.8987192011960577,1.6556419777847193,0.5176091201850439,0,-0.01356882464658623
-0.3102844699811147,1.153601809806852,-0.944936797411488,0.694446664086343,2.4707328636719668,-1.9962119975488262,-2.233272053764677,1.0676091204336013,-0.16641399010637156,-3.9846972349396697,0,-0.0009950835453292678
0.23157484352845792,-0.855000451539463,0.006040407154766836,2.0113674515550044,-1.0404476435903678,-0.12584999165550173,-0.9943548812263565,-1.7966275459669676,-1.9765830555584123,-1.235465797609738,0,-0.0327871731216157
2.411276857934976,-0.4171421432566385,-3.978829687274351,1.542151242135334,4.482689652978092,-1.722866812975899,0.4297658506089136,4.725088305978731,5.052828428373132,-2.2258259521175465,1,1.0345531282933438
-1.5055125935101652,-1.2285440941838144,0.08581170409376337,1.6643789983743784,-0.09186880576365852,0.2010574145675224,-1.166866650181092,0.42590012009261413,-1.737920581095345,-0.6910377370839549,1,1.0717989062400888
0.6845590460871924,0.7690891390830624,0.08520945589024886,-1.5656647859651924,0.842673605158714,1.0845798318308209,0.7807828636757683,1.0152977679343904,2.144945877320667,1.3301471205476174,1,0.9767809803902275
0.08692648371693368,2.44614243770214,-0.5383522352982615,0.5670329152916398,-1.0114482081932434,-0.0008087327754324928,0.008442200876123022,-1.422167172537211,-1.4763066303546133,-1.5493900801273202,0,0.024259911573885354
2.8241954263204767,0.5097663847007909,1.3388228138693494,1.2058815693396285,1.669901361291386,0.5169907896147564,2.014875246746856,-1.1999586909087927,1.700507506462562,0.18797894317248143,1,0.9880191422282677
1.3302687591316498,-0.493904059845515,1.8541176031454052,4.1339351185401725,0.36864121830136853,1.5138609098068678,0.4343666847579203,-1.4265965023160652,-0.7489675933102672,0.9765822753913467,1,1.0182743672519252
-1.3809025184234338,0.7109048056014258,-0.0055303129258380546,1.383306376199639,0.2898993459515832,-2.661867745013126,1.0047293878165338,0.6925595903813652,-1.334253586034886,-0.8423999483429432,1,1.0782889765601626
-0.5368620964459625,0.34931379745369,-0.12141071039455698,-1.4941544278132008,-0.885781603439411,0.4961797657413876,-1.161672015194444,-2.0251299877469795,-2.0314317581926433,-2.8872648764016366,0,0.02543297715090494
1.1950702189269609,1.1628606431752009,-0.839638837542418,1.938389800426508,1.9586615785875927,0.253039803784464,-1.9477950239556792,1.4344665204013536,1.6019579930578833,-0.6431276538856197,1,0.9113292730595159
-0.22719294659466416,-0.7730473251055457,-1.76871021003577,2.0139646716924213,1.590736946461178,-0.3553458653291875,-0.2730216314545137,2.438051617765594,0.7811545547870582,-1.2051026959338604,1,1.022699781572348
2.276573296418505,-1.7867596168626982,0.27814702636196176,-0.69735552251257,0.9106438989478474,0.32427504594954315,2.522848229633043,-2.1593501401557234,0.5543988732637974,-2.391479366145862,0,0.06164318716545047
-2.5243012081173015,-0.2508468128216532,-0.6679597626191123,0.7825984999261382,0.2564620976532722,-1.579716967905089,-1.0521827962445909,1.9406530788505303,-1.3699956919630907,-0.8083550579608717,1,0.9889201915000949
0.8309088265675995,0.15561408873866864,0.285842714374028,0.45915263213932955,2.3312689338123045,1.2275185787018732,1.641571376017267,2.0926992518329124,2.5636046459280264,1.179943891199261,1,1.0497817403058916
-1.5698671040006777,0.7418197894183304,1.0400746854544607,2.8906001627381652,2.8348078398365875,0.6571327865774748,1.0477188940366278,1.1082208352411131,-1.7149879755632966,-3.071202877020355,0,-0.034505777057597296
-1.2997233366743548,0.43565821049552766,-3.6084170660711705,-0.4570675049350239,3.3329086010244606,-0.11322374948261552,1.1152550497471918,5.978728853889816,3.059665412707696,-1.6634949707084918,1,0.9257230420238863
-2.1618822227350822,-1.8992830479149097,2.156606924139548,0.8801188769078546,0.377586926196257,0.22260722720709006,-0.22983555719124993,-0.4190497994161748,-2.555561323239583,-0.6699501494897492,0,0.0070584509416320084
0.7767499349384036,0.902573060244984,2.429856415390987,-0.8238654331275685,1.2083538280087656,-1.02968919544625,-0.597903474708647,-0.6368816772193366,0.9834606708877799,1.2998494364061723,1,0.9121761639626843
3.0703300650298857,-0.04967525330488043,1.225235320295993,0.24574908287176767,1.0380061983392972,-0.642508281879206,-0.27226411965185227,-1.915835511092784,1.6343994722837483,0.09804030927480167,1,0.9880114493553204
-0.3728248513447925,-2.9164421847287985,-1.6048046838339638,0.3637298186808512,1.538078250947986,0.45736757647899284,0.6945699232743848,1.5802431786667759,0.3372503965959786,-2.5397277827559033,0,0.06434211313227516
0.27161795316076176,1.4366529760613467,1.7137065475716189,1.783570990382107,0.8763166856094267,-0.3039593139516729,0.270824348954684,-0.8700471183783524,-0.7701285045367932,-0.23395556547851282,0,-0.09548814528731404
3.6626951356069903,0.8069610561434842,-0.09974949885525963,-0.4981648232352458,2.173423971555997,1.7526994663902828,-0.6898099420321521,-1.3038960269411028,2.578411887049453,-1.9744679871853452,0,-0.06397483979569489
-0.9233178906486481,0.35228282049435555,-0.7929173451869738,-3.2948784589087947,-0.6501119134212958,-0.0510170437162621,0.4406551466508979,1.4297297262692887,1.2890296769052751,1.5018540369101538,1,0.9483983877419211
-2.2664334348405673,0.40423693878610595,1.2265709383352386,-1.2726503499863115,0.6206330013901891,-0.537070460010087,-1.6418471385154711,0.3029372317678285,-1.5890815032751775,-1.228943987930648,0,-0.0031659929855479985
2.0494728094898216,1.3852626027871713,-0.15028239916234587,-1.002454504420259,1.9934089157490078,-0.43532069856970995,0.6962359342271458,-1.1918976768310972,1.0595110982517697,-3.357166319853406,0,-0.01828583928231046
2.138213643255388,0.26361950434705733,0.06133210877822848,-0.25363960560752385,0.8082276349536164,0.6354610469219445,0.589976574126145,-1.5672097558435822,0.8033156912952106,-1.645686826844638,0,0.06995681908480438
-0.994117729052711,-1.7784829799613473,-1.2969937395522886,0.9848013464025451,1.5108475952776406,-0.4196247045587491,0.1638197017063532,2.6723950943852484,0.6222013882679023,-0.8046462857491273,1,1.0477174164545848
-1.7431637122275672,-0.7467899810039311,0.48309308407197504,2.470143273650888,0.16756203500861755,-1.4597324931773479,0.8356228445521514,0.8100863151532746,-1.803263388253354,-0.14011515080811987,0,0.0247636473034299
0.9045662563346721,0.8915643569018785,1.7874826019561176,-0.7045498433384714,0.09471582828360015,1.3520486142589376,-0.49900521791608576,-1.5548133221854956,0.1780042210606836,0.7245048875307076,1,1.0072815157171942
0.5758297226243083,-0.7860842724479333,0.1134088939909137,3.3702903218965434,0.2983855418709629,0.5447155006095178,-0.01628375833212363,-0.02058212895066392,-0.44095776804417947,0.21259735701783122,0,0.019661488849241366
-1.429553988088737,0.7486808632745685,0.9788684421524056,-1.5865365272655725,-1.2105397153529784,-0.20152935000314823,-1.7935510763802687,-0.578445098052734,-1.2064353716110185,0.8515372772555295,1,0.9569008822343312
-1.6737575836542318,0.38070866630592126,2.381949588177897,0.6617277066871756,-0.6221997720864779,0.3348376747838744,0.4162832539557969,-1.5166795506122177,-2.8057236911115244,-0.0691970045827881,0,0.04286051767783061
0.7771377399874505,0.22620384199532179,2.555302317263673,3.203320267614232,2.3812807459107193,1.9909325703689373,0.5004883807063788,0.03373389256805563,0.24347487531045364,0.6370777899992328,0,-0.05560221271796006
1.1000993126912502,0.9853507097991071,-0.542102549422065,0.9518964029100637,1.022017048587511,-0.06004400225474319,-0.6551935272333286,-0.5392441265582687,0.08289895439496514,-2.2494734621165096,1,1.0417688496951116
-0.6716458910862835,-0.6823721554782199,1.855150359300465,2.196741199635887,-0.23565855614251707,-0.3252579549213574,0.168086780687907,-1.4258836864672386,-2.2842066811823507,-0.22833097101019595,0,0.05930712510594155
4.564609064324767,-1.311655220199018,1.2692668419660325,0.5132375722626517,-1.3712892725073296,-0.3275024450021736,-0.3135575728884796,-3.390896523100053,2.1572248648634726,3.2454897551210955,0,0.01054323010440436
-1.009568651659639,-1.5364423956165476,-3.3879853949340717,0.2878469711064683,2.778696553403824,2.042657762791771,0.36847396487039735,5.159802019007902,2.4922418412878384,-1.5612271840382066,1,0.9911893470519012
-1.2585671237601375,-0.11781961399820455,-2.1209975170608875,-0.34184581044760276,2.2111735265124515,1.9333906429738068,-0.9532607582974723,3.8582737837899788,1.5691529419991224,-1.3423364901005406,1,1.0200154954154836
2.2963191109617815,-1.5006651100192505,0.46136525690263963,-0.9537828914954996,0.8094201249257427,0.9854470716097847,0.755886174815476,-0.7650413004827231,2.103567840696401,0.5649312115928401,1,0.8569240814949663
0.22970140344576584,-0.3436997596559559,0.634323144632808,3.881738300756797,-1.6827594858192327,0.16532573478303664,-1.3606513261059094,-2.6732843801270074,-3.148222338181332,-0.8414661802374004,0,0.015112910924273063
3.6728885834483544,-0.4053304198128172,-0.9093919676862228,0.1838970632620962,2.5708826338744757,0.007485936734855387,-1.0249888612379454,-0.49917301938523206,2.8828245774354353,-2.3944349134645915,0,-0.005667699891990351
6.610458204868418,0.7371727515520741,4.356320051966103,3.1251744975844575,3.1539024104372526,0.041775344289560146,-1.07475820970385,-5.447900261812551,1.739132095940269,-1.2193881039289987,1,0.9974685943471504
-0.5920955598007467,-0.17953319753324617,1.8570731554526136,-2.361198647235283,-1.369886060703179,0.5218263334115026,0.46171501309491736,-2.071659447420757,-1.2357649719409292,0.7017942838444348,1,1.0353266256448914
-0.011091148923544791,0.3363605649187458,2.815282718741619,-1.6846648269844227,0.44285286693812176,-2.1921595735457275,-0.780587158103865,-1.2518731378923769,-0.006344434849090421,1.1783698870688002,1,0.9962615539217636
-1.6144017413034366,-0.3332230330837684,0.04763328755237306,0.8199782013256454,0.6558827583824469,-2.24311199826013,-1.656408966619365,1.2491032159865894,-0.912630989897984,-0.6357368640598926,1,0.9429896571674421
-0.4337092764478566,1.8096380713958304,-2.5257866617770826,0.9967975581051531,1.8004552350052174,0.011341544564739871,0.16089683959130555,3.029773593616941,1.205859981108705,-1.8244725690435613,1,0.992929866458731
1.5527906349918679,1.5039112208657879,1.6732335538005998,3.7108122625987865,0.7743137733748622,-0.6262430226861597,0.46433825810099094,-1.1722295897360389,-0.23300112751679625,0.7449807495417171,1,1.0033777742040413
-0.9553758770934451,0.27074897619220734,2.4428493042372033,1.454756576516177,1.9830761613227044,-0.7444669895585648,0.2164453459864126,-1.3202568252000464,-2.454999703342718,-3.1992079457739133,0,0.005746695579050637
1.8478465623605396,2.3349245784128114,-0.6825885533461721,2.5258261232719867,2.0681972178543466,0.9432079476235535,-0.25154995624354043,1.0288054630268353,1.773383328335823,-0.5956679546544978,1,1.0080959683642534
-1.994369862873441,0.7613874294345478,1.7608342911481092,0.04051081516801891,-0.565552261082646,-1.109957049937457,-1.1042699159588811,-1.0651327602301928,-2.707489215615814,-0.6193514361625847,0,0.051968452245927665
-2.1294659388190214,1.1065053153222155,-2.836165868745565,0.25261354169297845,1.6052933565626493,0.8390503886438538,2.08029564315216,4.1233401161196355,0.570007988271771,-1.8986922089235834,1,0.9456982723482926
0.5990005920147128,0.2207194331111981,1.4153303209136259,-0.8945068947513743,1.170485642148591,-0.9926127004807073,1.6666916152778857,0.2673996256829614,1.4224773197385394,1.2890352097379378,1,1.0087850228082424
1.4770554857765186,-0.7999228616579495,0.6791287095400819,-0.5764463832165834,-0.021690440844962522,1.3230254273736686,-0.506922080885866,-1.499566588820346,0.5388389225029344,0.03354965783052333,1,1.064496484930912
-1.411275015295769,-0.5221994316249968,0.5778994239203736,-0.600140781065752,-1.4518754037517618,1.5209241051028808,-0.6600723814877079,-1.8090214696218165,-2.784565821380113,-1.529945208288262,0,-0.08673057484685977
-1.133435398527649,0.573283862845763,0.03195455617090592,0.9884220395722999,0.2774129780959351,0.6258846821769303,0.799801511831561,0.17532348276342935,-1.4345021482241163,-1.403176256682874,0,0.008982334039002678
1.1524786504293145,1.4199416445667117,2.4835772063503305,-1.2752809291846567,-0.9487554864145795,0.004033929107385228,1.4219373181927226,-3.8122275793989937,-1.2390547991572243,-0.2455338224527277,1,0.9707310749013478
-2.7056006014320637,-0.07747246616924769,0.827632293876882,0.12937754148879776,-1.9949541945222822,-1.8287275989469451,-1.431113810729185,-1.7693298812024356,-4.260065526980417,-1.6571534072636256,0,-0.018535519223655247
-0.29204241569338185,-0.25264837087595193,0.37534710608936184,-0.04088924459007104,0.6994732585895884,-0.44446692912428465,-0.2513084311622445,0.13465517330287557,-0.1862732836686307,-0.7087906768310719,0,-0.0452403751607211
0.42630236878508576,0.208670362938635,0.13193028493798686,1.1011431019139257,-1.0619975071411134,1.5872725216684613,0.04308639021082582,-2.1251560033823034,-1.7624683066477669,-1.3634206744107022,0,-0.008477535785022205
3.86844558665905,0.7907615427170663,-0.5291023713533909,0.2309654222772577,0.04377266214120301,-0.7782094653198977,0.1870790165356641,-2.368178575444561,1.7478335626746537,-0.7201951834517406,1,1.0920627807213452
1.6401171749446182,-0.8486986252686607,1.0784567657349138,0.5051451828459173,2.0962174335353096,-1.4888629489846497,-0.9328583456089555,0.5797448730212078,2.216116929315552,0.9478809308383133,1,0.9367784819411393
-1.0739638012318409,0.42707456138284094,0.6253315395210286,1.9231568300108044,-0.1340790752865959,-0.0605710784699991,0.9125938291388033,0.010631496767227645,-1.5889949726434038,-0.0877630517747705,1,0.9415194998760587
-0.7342597958760587,-0.9034048250132819,-1.6817898501625521,0.4766040481387933,1.9234035249316022,0.7294898330321142,0.630772306749281,3.123095327385725,1.3421187134667607,-0.9528245598708732,1,0.9349032714918247
0.33728303120189884,1.6860060189298032,2.566681586538545,-0.09797958710316923,1.5634258498106872,1.9901647242165657,-1.9975819744169618,-0.20734451776267201,0.6739721282216985,1.1628359609045766,1,1.086370914331405
-0.3969739379402255,-0.2559866796428771,4.6183055064950045,4.410872978646937,-3.672839903185155,0.26626171641992785,-1.3740322926227304,-6.398906951009181,-6.260379142551398,0.9730852303007451,1,0.9768830147239357
1.9160747261734783,0.3148024278713842,-0.24391564550732103,-1.3471809168154012,-0.10510671612932998,-0.8480869852677734,1.0782155281314207,-0.8845250816129429,1.630858817019816,0.42661623910798474,1,0.9987180469826162
0.2855854299114231,0.39388248478016646,-1.13596344860094,1.1970689014632647,1.2849598729225846,0.35478971040131213,-0.36382770331488956,1.1004440309138486,0.5108060944803327,-1.5576161523729224,1,0.979860852944688
1.4094125371063022,-1.1665890322439882,0.13312142978978136,2.349447903696716,0.7985685381041546,1.1352274751808982,0.38201378306331185,-0.6576876912011501,0.10220436343207759,-0.773605950667438,1,0.9527788560798455
0.03035188848341186,-1.234475437568455,-1.8126525123218493,-2.0856488934791955,-0.05963898806896695,-0.6791151792049932,-0.9568028806037673,1.8865753600282176,2.048719487200452,0.8825816966286758,1,0.9882424676692783
-2.022339718118838,0.7598888775441631,-1.5263264147110558,0.02961956285745304,0.5100783698909674,1.4657538400020724,0.9487823017973533,1.9916570957900603,-0.8070130791504027,-1.8217115208685923,1,1.122912180286828
0.33548945595531077,0.0991132086593242,0.30648206245715903,-1.2539621315454883,-0.09274696602227328,-0.26781897710221525,0.7225748926676054,-0.07901382359103222,0.7871909971230971,0.867895840776057,1,1.0696035460487128
2.670699615085667,0.47408395605639364,3.079417250413519,-0.5951555782794709,3.023023706579492,-1.5091299586963478,-1.2456682027561452,-0.7007924950758552,2.8563290625361257,1.2317360471868137,1,0.9573531091103864
-1.7937963214881014,-1.119948086403327,-1.0641605724196,-0.12147225853459798,0.8054950669024277,0.25713854315369217,-0.38485469387421173,2.072967285381324,-0.34164183346321936,-1.2317230116288154,1,1.0323787051530844
-1.188994158965737,1.4299724677412502,1.436205104132749,2.187776645347175,-2.4342165917264262,-0.10032077379173393,-0.9653920370879123,-3.3641284948678196,-4.543496119434387,-1.2054424294417792,0,-0.04157613863331883
-1.0683990386017541,1.0318146861832909,2.548009591121568,1.4891575783935878,-1.7697501404682066,-0.24045672490856368,0.08390652129100123,-3.5465648693092597,-4.165661449370681,-0.8615237990134731,0,-0.08881838194231105
-3.3576125483516597,-0.8856196192545454,3.183423410177173,-2.4395553748349603,0.09336118750045985,2.2037517984967483,0.08893217144628221,-0.917384204622957,-3.017437416196346,-0.8586510542017314,0,0.05097554588323148
-1.7849089849338933,0.36591516435163146,3.440406837195087,1.2717414903473647,-1.3282451696040725,-0.3581873229810099,-1.3072291167071923,-3.0338045002293677,-4.210149979138389,-0.1786996582736412,0,0.05800464233217754
-3.6656143124447076,-0.7568806529501331,1.573270191701396,0.1541289454849739,-1.3367572942339119,0.5711119171019156,1.2057208209682897,-0.20753987852142589,-3.6895480229863913,0.04111665780449769,1,1.0523026125523949
-1.9275171310766477,-0.6084937685206474,-0.7174362881354666,1.1759245797042275,0.22017015766805015,0.5898776160510291,0.8523375820580139,1.4572941040114775,-1.31241490955186,-1.0180180703495614,1,0.9765067375390214
1.7840029133275053,-1.0049273190678838,0.46601737553258626,-0.23163578947559238,0.8774881258447459,1.7826845197586294,-0.4817720273733906,-0.3050836053403119,1.7526932702614881,0.6868510924882988,1,0.9916612132999006
-2.31862177701168,-0.7146303293543173,0.9018633044953874,0.6993633375970373,-0.4006416306080973,-0.5833915234586919,0.6461202948037752,0.1952550631933184,-2.2950707122072935,-0.2851874902594175,1,1.0374882776829062
2.0484526075885183,-0.03640980027726449,1.8633918710640431,-0.6194525035797505,0.49536676620855513,1.179916817663574,-0.8106121458500833,-2.051261621347725,0.8946990502209161,0.5669574486764487,1,1.0195748018674053
-2.2982931168769003,0.5769222308809296,3.5265653070002005,-0.05932592486459376,1.3013707038364326,-1.4414652011027458,1.9933425047141435,0.6584280609515655,-1.111895930123594,1.5837811120449838,1,0.9803181264351478
-0.18865716866020932,-0.3609170793019173,-0.3952735881206133,0.39121575358564675,0.34758463700409514,-0.06367102031958262,1.8563232572689863,0.3255539900205042,-0.17680668549768164,-0.8021461600164811,0,-0.08095359100590824
0.6671276946911575,-1.0919562296814336,0.5884965589659429,-0.08941819663859174,1.7193971542448647,-1.1149509318170336,0.8386472233319417,1.2655447180594366,1.9156861032418004,0.9984445143398274,1,1.0056937597071005
0.16321923913730108,0.01361640789802643,0.7403828256080935,0.7291252108362052,-0.3015430400181137,1.7774504919623344,0.2785711303850602,-1.3319016897157723,-1.1059532927256437,-0.6164306555052534,0,0.053950481961805664
0.8480209137097221,-3.3234193780819625,1.7900381796928926,3.901510732328382,-0.5221522632245765,1.2646647584164172,-0.025828348865067435,-2.5752211112707024,-2.2273956295200183,-0.21603995366527406,1,0.9401205855482921
1.4580422465465794,0.5459404392006428,2.3292866878669884,-0.22259509200411254,3.851204478925621,0.3970056236452086,-1.3218297126147847,1.8144677422487192,3.5322731843566113,1.8590948161573337,1,1.0319379690837989
-0.11422197666130673,0.3006989334619824,-1.3444360091088838,1.4932753675332198,1.418086708124952,-0.23214263330291915,0.09547394391336901,2.0701804890963924,0.8520438000042386,-0.8118564120086356,1,1.0165770847566846
0.17520289063043393,-0.24229266884797535,-0.8743320307683288,1.7271768528511566,2.0114033014948705,-1.5120537983937399,-0.5417668667952233,2.127789902425194,1.196888133394052,-0.6906204204582351,1,1.0375074131616167
-0.7244067173467812,0.33246024251246037,-0.5985090168561795,0.40253248738821545,1.0893147012374282,-0.05666651702497275,0.015323181353039464,1.4229596189304707,0.1317854647965347,-0.9880799590102656,1,1.0435987749859503
-1.329326717631628,-0.31049369312499747,1.4203837722330461,1.4225477375009326,-0.8517029927515767,0.1452065715005198,-0.06964272753148268,-1.1918986694722586,-2.5701149314395826,-0.14352895674439936,1,0.9652767379037324
1.7823427460351189,-0.8853836308573294,0.2616092724693714,-1.908721147325167,-0.8804824506733426,-0.45876529029558655,-0.8270512209167787,-1.9081221120446525,0.9093214037339863,0.5003585447715992,1,0.9191520299917527
0.3130622362772907,-0.08892772399666946,2.7203059840794666,0.4930568342687358,1.7006599385489438,-0.6679096861034807,-0.5921267450009658,-0.23055547065681492,0.4615182410728251,1.0780312123357125,1,0.973324023715856
1.3957479293107953,-1.098350179234325,-0.10760494703679879,0.057889998421290834,0.6607416533445107,-0.712364642561135,-0.42289517933957677,-0.23200625032293393,1.1748337935587714,-0.10586537658088613,1,1.0444563658763504
-1.477316228498186,0.018463897004285402,1.1892500604922591,-0.43216001787678215,0.102487943493758,-1.352855054303732,0.5125701407816448,-0.49806097413054323,-1.689683475967323,-0.9726293386526675,0,-0.027100195176298553
0.4851186199755011,-2.00717602239727,1.1802114037300735,-0.46388669469990784,2.5130654998882545,1.318115670750878,1.4714608822457016,-0.9093602729321482,-0.28360749606939634,-3.5445779190516644,0,-0.0347021661928821
0.17754399036461233,-1.4840520258555456,-2.5325745008977987,0.7907609321214903,2.1424687667813864,-0.05297426454133948,0.44840096310033145,2.7137199409732102,1.583026289520128,-2.2782160577646313,1,0.908932482903768
1.8338456648874057,2.929783515915425,2.164185248235423,2.531928069695562,1.205084932569493,0.027049306368040326,2.5525529031196807,-1.427214439225612,0.26419083566479984,0.6295007302989424,0,0.08763237772754695
1.910637744271952,-1.4756878692166442,-1.1251080461526368,0.9964757638680949,0.1750714871613399,-0.24309887933819999,0.16858596771481743,0.05919729926791807,1.5374575861186128,0.29565523325403453,0,0.0412856820712655
0.7512009442277339,0.1487310517137654,-0.14247916803533256,1.389201925583882,1.5609223866549489,-0.6988097933886642,0.19915282992188413,1.5219306354287538,1.6233228743523982,0.7136416173443114,0,0.038494799063738226
-1.2918035368418024,1.1747959349974584,2.3012680271152997,3.8994834807629406,0.033119028154293906,-1.6483716239130364,1.2248819158642372,-0.3010826321589975,-2.3103216939064586,1.2520525006963417,0,0.04838626933897369
0.7688221775003502,-1.0962592742623543,2.8321794904761752,1.2220968495476523,2.6751119834063486,1.5717681207499725,-0.35121107157573517,-0.01878468853325552,0.8290331579249337,0.4876618184466083,1,1.0288354180771702
3.934891957609461,0.08400478748145165,0.42714095420343445,2.0285945699143113,1.4385008553858754,-0.2877957239393374,2.006966498107907,-0.6275715901033694,3.0316993770405074,1.4956565095854248,0,-0.012216442758976454
-0.005810824336569986,-2.454257736119428,1.8950977297827305,1.3492933090069616,1.0030944580996672,-0.3902987279818581,0.0265135672152323,-1.7286171954544989,-1.7636699908225304,-2.017762482047389,0,-0.008188205206110083
-0.5362928830105769,-0.3471119123372877,2.622627297686181,-2.5842166087194762,-1.5382974472999642,-0.20349528947513107,-0.4719897478984054,-2.775584783219104,-1.558451827781352,0.9186087014598134,1,0.9786217817703937
-1.1948380326132113,0.6368476487860473,-1.870702464659376,0.5457138055018771,1.6512815641944805,0.5970290368610646,0.06425611795489196,3.191083988658653,0.8640551952429646,-1.1739778987281235,1,1.13173703772075
-0.7895212288359825,0.328233974214244,-0.5672706092112423,1.7584713234757543,-0.7124354821617078,-0.00625549512670774,-0.6502438572743189,-0.5130014086496767,-1.9814289643411525,-1.4815722514117022,0,0.027795601564972128
-0.1718562846112548,1.32337947890056,1.1516408269450165,1.070040571573787,1.5976123662633497,-0.33988403652536464,-0.1436280616753832,-0.80873377318026,-1.2560970489069916,-2.644733446139983,0,-0.02319002206757173
2.2211255245060446,-0.41702861784399525,4.346703700394027,-1.1343909719942182,1.4798010621920912,1.4950595027058386,-0.5598683745002576,-4.977919853267355,-1.10725657653754,-2.456870620164522,0,0.023274838708313993
-1.6389113725165623,0.7514383249385087,0.9495165433757451,-1.0615568265058077,-0.025182217450128275,-0.736247285302805,-1.1096254352429793,-0.35592563634666635,-1.5808236811343481,-1.0268134817372583,0,-0.050543445892815876
3.50774459833999,-0.7221446767911187,-1.2625052134706367,0.8479329770245649,1.0532623241502312,-0.4863885964900504,-0.6550419252530856,-0.46629899872196773,2.667725045305821,-0.511201531035546,0,0.07522533592946135
1.266590269480712,-0.3368376616501494,0.835732752724764,-1.5817038444114058,0.4299568076596204,1.0881029939593332,-1.933168593099353,-2.7370859241615935,-0.6363081125975526,-2.9208993392353566,0,-0.033053454790357005
-1.1824334362537554,0.3819547877219897,0.230799570824045,1.0257108411980604,-3.307492842311926,0.11502283735847334,-1.2653114413094961,-3.9261506696762667,-4.93058584924424,-2.4861982278276185,0,0.02505427163112329
-0.6832585270798219,2.0248261982284452,-0.29594401156697736,-1.633845375311704,0.24853151912363203,0.15327213985112256,0.9536541775333659,1.6709693877520873,1.2756047100909151,1.3949085331702018,1,1.0532988814871567
0.8746378257798406,0.8468218146856864,-2.1927999289560773,2.211505491001488,2.807190358622143,1.7534096126427865,0.21399745219844202,3.49284153630699,2.679948405525341,-0.7430218436189306,1,1.0192384272102497
0.7254641448883703,-0.42394714729211663,-1.7693674869973925,3.0702278136654853,-1.971720015920674,2.1886015574467965,0.07124032944929141,-1.660423669178361,-1.9701497564758508,-1.5035456128702926,0,0.004723499590981911
1.4405439380150957,0.7181459736052773,0.47610876369267774,-1.10591947677134,0.2325908397485993,0.5111696742067251,-0.8129107860722178,-0.636892102540406,1.4185731220644116,0.8194115309423664,1,1.0005401042428008
3.429900033339189,0.6807366330247255,2.480498763235098,2.5461222164068094,7.247668722712328,-1.6118803653995362,1.1710375809529685,3.607200148186874,6.146822346812924,1.7622186707555934,1,0.9971779451556446
-0.5802872481232244,-1.246210835612077,-0.21232185596557973,-3.0082515954849525,0.06228996103823525,-0.6293256429101822,-2.0464231678376503,1.4025927475287652,1.6055228690496015,1.4939369406377787,1,0.9711650755536249
1.5355043036948195,-1.4400723136349376,-0.6973140053242775,2.582248877663768,2.3551243229184884,0.1705243583650238,-0.4090539564975686,1.8860610796265898,2.205427142617975,0.0795471822620879,1,0.9775258285115148
-1.6162310310978676,-1.2770151506205003,-3.2651552859136137,-0.04164350392634475,1.8279027066878262,0.7647766281508154,0.7637964218400325,4.176492810220834,1.1308316770293805,-2.22195430642687,1,1.0739795186825467
0.9518616257019538,-0.10702698742013013,1.1371850260622807,-1.62343543415394,-0.10615037666600657,1.1765124623086014,-0.13363485915985918,-2.9230136340808146,-0.9882366296666197,-2.2662182401269426,0,-0.005426831634257834
0.364210554232014,-0.17278540740240805,-0.07246716661805441,1.8248050035650274,0.9678347273463416,-2.2945748142268156,0.11251520063523884,0.8201569756168469,0.4758998364420232,0.11148800060956643,1,0.9607101865308614
0.7492601528803489,0.5599616670099412,0.9434701631131556,0.7811249389526465,1.219065206249754,0.015956987781536546,0.38098456062246705,-0.004072676378095107,0.660233542782598,0.16590468483443566,0,-0.025814879843075428
-0.5827231417740011,1.1966481015602497,2.2855075209494236,-1.9773939764846915,-0.07224936305965635,0.06801166670941174,-0.8248978681600031,-1.139588795688087,-0.5091308719830324,0.8246439647323551,1,1.0550185340348612
3.13865612079943,-1.0792422122433212,1.7824013998634642,2.1449496595736006,1.9614244038159734,-0.5525378146155171,0.09798670597542199,-1.64851597706916,1.3939899732940713,-0.1139119049565045,0,0.033780331658223924
0.17274758491855402,0.9751230058747121,0.4835064093338963,-2.107077264449928,-1.8935730862262012,-0.6784772765942396,-0.6812471206600318,-1.8910915841021194,-0.5848697440306871,0.7420107199382113,1,1.0280164589116128
2.2971707462017052,-0.16400291795464822,1.0763100534142498,-0.8481368974131593,0.3949962201069793,-0.16627421318813373,0.2749953320353968,-2.3210594264110314,0.7711423009189552,-0.6177119190146791,0,-0.012876059945489574
-0.4226595090429033,-0.19150324586125667,2.5403075828659887,-0.1468550642801647,-0.7107051683714449,-0.0029608808534470855,-0.8748740484659165,-2.2492581864834826,-1.8238365099243627,0.4309082152725079,1,1.0286681235086472
2.6049424820780844,-0.5541642707488007,0.8244936356130357,-1.9058475550858085,1.9068233297427684,-0.25130591207885217,-0.08291415448189166,-2.321307252636132,1.130911306332695,-3.1527892326902704,0,-0.0321780562475324
0.7186392777726085,0.5686955987866935,-2.1479499205465578,2.352277573106505,2.650434349779571,1.1095272726912824,-0.432621199857437,3.2898528237381064,2.2988268744023554,-0.9558574812736831,1,0.9870192984327113
3.64986158392392,1.0264564980663924,1.384322672325282,0.3213109519086592,1.768378648143106,0.8272554334788269,-1.3722015999382535,-2.054616236276397,2.048634299343549,-0.487502123017192,0,0.048490224369587276
1.746262160944403,-0.28471203605565815,0.5660341581277207,0.5133791960094578,2.6652379115171674,-0.3380985532282589,-0.9149787292541657,-0.6708596547828278,0.8595068412951855,-2.872233617101006,0,0.04371388394595322
-3.345905414463966,-1.3565346958517097,2.999000363924872,-0.17346574447799434,0.2661693843032693,-0.7794326830040325,-1.8329093104694958,-0.495266875872332,-3.3705893977259302,-0.6969800417467644,0,-0.049095492297540164
2.261462830786365,0.7828775151717695,0.8839664180600268,0.34484543154157543,0.027377706536551916,0.22062238290665256,0.08596083312929087,-2.085644025332187,0.5980144396904115,0.07216019601929091,1,0.9572236773545713
0.6290933082894399,0.8822474591552294,-2.4633902636595497,5.1866511671006155,-4.983883327432899,0.28270854841432264,0.9947903583865707,-4.647484967446355,-5.405350890222157,-2.9620547036043967,0,0.0054351076406704835
-2.9997055300043254,-0.01305548831251786,1.6096040030333016,1.2876695882934681,-1.8921239555611842,0.598003545603049,0.34044174827128654,-1.3190604500705432,-4.299405251893901,-0.23146110063095604,1,1.0863066187334756
-0.6317886699826987,-0.6746914919441632,-0.24201889627970763,1.7810732046704354,0.19934305276288744,-1.1392838133557581,1.1728954839620296,-0.010625529749910241,-1.3694435824500066,-1.4566848635712404,1,0.9042217417765503
-1.7306759027835255,-0.3444996127920073,0.24342474489441734,-0.3395220804762078,-0.1687644958592982,-0.6942114855258456,-2.1712598863330697,0.18117542647630727,-1.5519107138847068,-0.9819992509968976,1,1.0139166469785252
-1.8152307838701445,1.9554644446154932,-1.366140622936698,0.4754016632766377,0.8924318404739988,-2.172356844699857,-0.9926851210694203,2.264110991665141,-0.46080323886992547,-1.5156061835092558,1,0.9311978334213425
-0.12726147513096753,-0.7597071785762792,2.810183475081495,-1.747932084846651,-0.976486928788169,0.2634335679569436,1.442143878407722,-2.8213806635328837,-1.444093309048317,0.6158926944773874,1,0.9682834503237228
-0.0920061015286342,1.8267700001021903,0.9027551377301201,2.5048548677563627,1.245339355258622,-2.1509619419991983,1.5100961985717811,-0.31769945368150343,-1.1408030754100449,-1.4815018411609162,0,-0.018221420903212073
-2.3055735490990843,-1.3727469861202841,-3.2984780042476576,-0.43703527655466434,2.5260086120982335,0.9934910190625664,0.7543062086332866,5.59821822402869,1.7700627644465636,-1.6711736378300523,1,0.9789745828281554
-2.434200415982242,-0.7086596325850171,-2.921806949903628,-0.308873660921716,1.7311048030794582,-1.1152386326012858,-2.232101880377623,4.536143401914176,0.7686273403581716,-1.8306532705512217,1,0.9733102030170395
2.7991897277428617,0.48469862727413,1.1881691482711905,-1.5328907783345693,3.6658645825922833,-1.1045924285292483,-1.3363683011583303,1.930874547580188,5.2607120824576885,2.2405784518803467,1,1.0003603530188185
-1.9578674480173883,0.9947550020877108,2.5564037379844837,-1.0109130205380534,-0.7895814983934473,0.6611171701900941,-0.5635560594017924,-2.1429832922453596,-3.1468855882520157,-0.9384267212856195,0,-0.02676277833152892
0.4745903683276088,0.7982120357002755,-0.1381254489363286,-2.3281700098598135,-1.2110194983153915,1.1455053929099566,-0.852012992660009,-0.9181882096355926,0.4996491345638425,0.767926492044858,1,0.9268771307572924
0.16667299112078715,-0.7416809606961848,-0.45569926930888016,2.549000803423662,-0.46984648745575186,2.7375679599650278,-0.75850866974457,-0.7912065040182933,-1.4423245729576093,-1.157899477660503,0,0.038993480626138825
1.561912165202002,0.7045463555711305,-0.8300870238407669,1.0377829946015646,0.36235008296211546,-1.4968634512594456,-0.22454590117932335,-0.47489381746010134,0.6598534969803005,-0.9329655357274609,0,0.03764360835744403
-1.3714845537480191,1.1243807371794263,0.13661904161991156,-2.162481659103629,1.1654149280870025,-0.21735853027047586,-0.661451455766902,2.891011194644124,1.8540166682776524,1.9071534427330241,1,1.0421587155011334
0.6509936105556543,0.10716124754088226,3.476551016216722,-0.008748465141591333,2.112790235511822,0.42277725870119093,-0.2150956549651971,-0.7432899055917861,0.6342811049097756,0.9738272591695817,1,0.9229632751867959
-0.56678715687087,0.10164679946968179,1.094687982670971,1.247087910934224,-0.4791918593054314,1.0659383421653257,0.7333900824024678,-1.4686313455743856,-2.0892183480013564,-0.8764943452500531,0,0.014945907629207542
0.8247098053596494,-0.2233641605355503,1.7435804013125458,2.9764309990953377,1.6117183922964902,0.6652590267467294,-0.5727253468927105,-0.602847396126688,-0.36815322725116123,-0.344654127884779,0,0.03379894279034617
-2.172240209639982,1.3270147972263218,2.9815506659174043,1.5683595267332695,-3.000746819963393,0.21932462012925302,2.0613685571427802,-4.479149481008248,-6.026820260337875,-1.074857431792555,0,-0.05156010342197925
-2.331121540916584,0.8268260006072029,3.209935575538483,0.6939469540728059,0.2990706851005398,-0.09362011822178434,-0.4080661972638063,-1.0049433885502277,-2.9575687049690997,-0.224873793281955,0,0.0004586624091064572
-0.4365048130908601,-0.004087098501943441,0.565042261982204,0.48787898040619615,-1.8309206466126624,-0.7572348228194266,0.5882971276598016,-2.6883444209349183,-2.8476957997162966,-1.4060996115217461,1,0.9941866677344817
4.5027854768747995,0.6869621062347439,0.31790751988346944,-0.71880251082468,1.7595479908842453,1.0530052564791057,0.29108404908745356,-1.4809639939415553,3.5932861172076893,-0.03157249114274663,1,1.0921075329284131
-0.2910120087606496,-0.46314212940423755,-4.386616672506149,-0.029223305365305263,3.8722923990365863,-0.23660978871411747,-0.4656845669294199,6.087239144978552,3.855119084368405,-2.3868998883260266,1,1.0962248018506286
-1.5613177301071617,-0.004241158973513309,0.552344106224254,-1.1551765465125854,1.3466134504035483,0.661347973362755,0.759166202759938,2.910208656173512,1.4359302272762016,2.0142986331932615,1,0.9167821803334899
0.9993799716519376,0.24325294872527709,0.7518375680893246,3.5237770914590048,0.5151171808164765,0.3171499596405243,0.36181103898429307,-0.6667578944144917,-0.5102727907423446,0.10796356246492089,1,1.1246963502863996
-1.4371751084438282,0.8473772637043029,1.4728942053902727,1.096614273972212,0.8471444224857949,0.6022606327135062,-0.35756612275877214,0.3875051996680544,-1.2830104921628156,-0.20705780418748454,0,-0.045761286057666196
-0.08288275939684275,0.8461678714163661,-0.10030954642689793,-0.27239499944147094,-0.8370113525461238,1.0322497697160027,0.5936443595392836,-1.284896970350549,-1.173771395534347,-1.1279571676078977,0,0.04903366471637129
0.9424003057993298,-1.747468450617032,-0.4220163494211797,2.0702992753003766,1.233173816151344,0.5420168297230208,-0.7777817714926458,0.6468050836250886,0.7328393495441609,-0.5086686675525356,1,1.0485248990431866
-2.5714463732574018,1.8108410685494916,2.8733804674490253,-0.40388688997982625,-0.4463921410641465,0.36033130356455434,0.93617192116261,-1.5861457893702653,-3.4352708161613665,-0.757627004780571,0,-0.04978451134209034
3.9672161911755692,-0.4360893523485934,1.9274842883374008,-0.04238825653575029,1.4015344743649365,0.5657160088032129,-0.1181876036061183,-3.4090146845341334,1.3871746301066876,-1.1287743985651109,0,0.024663389691954953
-0.9429982470035848,-0.09375738149296191,-1.423878775310503,0.6944472837636749,-1.1379081629309789,0.3689690849508507,-0.4176715999873412,-0.6089178941765562,-2.0898844199271096,-2.3502889244197007,0,-0.005376687213303199
0.3025875958265468,-1.9711308762835145,2.752965177752004,1.0894595462912986,1.7202041987513788,0.10332143019421203,-0.2941768860733126,-1.4087297124232896,-0.8953425440244805,-1.03469814856841,0,0.027716500231619534
-3.311837024176949,0.5316430264526459,1.0403564679656925,0.6301859420571561,-1.8673313203379354,0.7710285558421235,-0.2872493427168253,-0.9684389147616759,-4.260618129681775,-0.8220253119619811,1,1.0115336151190313
1.9819172722913572,0.38793259315894624,-2.0418044553888155,1.0860650860345655,-0.9910269332227166,-1.5810759011726632,-0.6416311415032268,-1.2902720184037872,0.1823278561384532,-1.4286880796879795,0,0.059816974268512346
2.1480066137903013,0.05550297734418139,-3.1950740982341577,2.666414006494061,-2.242759704658095,-0.2882321429898362,1.4369008236978873,-1.9684371223856534,-0.9189561969158364,-2.080719447683635,0,0.003769977157303113
-0.6542951551356408,-0.410994404818827,1.2277093461396755,-2.091152980208225,-0.17900622848568104,1.2350545695440773,-0.03816429412928469,-0.07043137214270398,0.2238127682476455,1.2808197566214101,1,0.9916062965286845
0.9856629654103737,-0.9134777895807449,-0.04637466823199121,3.369956050881611,0.6562761623646944,-2.3256546416735837,-0.35768776475526287,-0.30547978088917643,-0.3673464685541341,-0.6681757558657262,1,1.054803211652859
4.587922790892552,-0.9457189744662521,1.6623474789911117,1.0342119283345845,-0.19752596584033877,-0.7903842192023147,-1.631459559977684,-3.136246429448793,2.1963065451755335,2.32704698211758,0,0.02901979824293017
-0.8359987434995237,-0.4470888470801415,-1.7743094107557522,2.168371275654618,0.715587689214519,0.034321594878267185,-0.07968592134907045,1.8510946312475938,-0.3890817683979093,-1.4853440687418924,1,1.0365906697160443
2.0940798765199635,-0.40040708426042626,-4.154452413352805,2.7853051339565047,3.9056909469712235,0.45910791649512317,-0.2276067569123024,4.899698004405147,4.527832488922648,-1.5877765091748075,1,0.9667706663870702
-0.14218080136181388,1.0596357241268703,0.24812817661222253,2.050060324943186,-1.626208136615912,0.32269656286148585,0.028435250620336097,-2.230887587896302,-2.6739064940865838,-1.0965231966360187,0,-0.052263139069923706
1.0652877785755674,0.02624142103349576,1.8540801709676564,0.9883513929322159,3.1224556593350723,-0.7297078786751936,-1.0577229764155862,1.454629693330079,2.3440671085221476,1.2721821579108223,1,0.9716138928373649
3.8972656942290995,-0.788972288604939,1.695972845377286,-2.023805039241485,-0.08503318619795719,-0.5780123951624045,0.08070236141605219,-4.1973495100925895,1.3173478517659214,-0.4256994704299488,0,-0.031041069284029433
0.4611413322265421,0.9830103171081682,1.42787532608202,-2.802754411887107,0.6032774288548662,1.6394510520467003,2.008574942861094,-0.10620363907797513,1.586229947469514,1.4729048883298235,1,1.0393099634326457
-1.6110066298480283,-0.5708170112398602,1.9211461438103266,0.9974049594551787,-0.8925532964916292,-0.5866265644971372,0.10972871892665742,-1.7835914329403595,-3.190546236395348,-0.7056837220263079,0,0.04879920251470259
-2.820816905096218,-0.34688747321586216,-0.6477902598274664,-0.04789276082760874,0.5214987687959097,0.4905616021347358,-0.07142214550230727,2.2881379624799676,-1.1356962633761107,-0.9202039193039531,1,0.9922434855233799
-1.5212511023994466,0.7031123213866448,3.0715268883214155,1.1155305516238894,0.5045773765673873,-1.8295443667586522,-0.8655450632058416,-1.8061062180066807,-3.049001126618105,-1.2980523786117601,0,0.07154595094121761
1.4989839492987955,0.1673757038380528,1.0900722623286008,0.4432670067339346,1.2310621271090845,-1.3112149927671077,1.6914424061406161,-0.3413969825951253,1.30779565435941,0.6112638587715189,1,1.0684234696882564
-3.224485806175371,0.1737550051097301,2.687290545927665,1.1402443599228131,-0.8041485923752898,0.40634223137352005,-0.4986742007377334,-1.5252731264257846,-4.579290373608675,-1.090325880924356,0,0.012169945820026963
-3.70569678406505,0.3228267682551747,2.872310723163559,-1.057025135832593,-1.56408644485832,0.531401548241763,-2.4969072854678407,-2.50826206700332,-5.232714072013965,-1.8002436179691363,0,-0.04109458857715201
-3.0562564145964997,0.5441136529883412,3.082876254698287,0.5938464498344007,-0.2138041041899722,0.12138226066625855,-0.4631502809081397,-1.1932016489983726,-3.876086623174944,-0.7045971198248383,0,0.07876883247177702
1.9960115040191373,1.7538020403378338,1.3119664918381195,0.5983760039473485,5.13182232802926,-0.3034282732425886,0.6876385568376447,3.542143355581524,5.096485954681599,1.8955262103621275,1,0.9969491324485796
-2.6177043469405255,0.6470008683706361,2.127862456653631,0.886876186078591,-2.0276876561904014,0.002372048502975302,0.7662542961010959,-2.2620637340843732,-4.5140334407122005,-0.488365164346824,1,1.0063082598215487
-0.15514225951455396,1.0908693894743333,0.28814839118785074,1.7226811240069775,-0.6502380356715487,0.1855290888805947,-0.7290098627918854,-1.5292129868180653,-2.0369665221663333,-1.4278303550038183,0,-0.016980251280328432
-1.5565996717462638,-0.32477815939173743,-3.767891254035821,-0.9352680760610945,2.997146536452032,0.09560692198522139,-0.5476879895635717,5.492040125790378,2.4487367334355663,-2.48475924735268,1,0.9555104836851401
-0.6416569674077429,0.42512696086333174,-1.6619631416391967,1.9582116403999805,1.1732596433820714,0.876722776388914,-1.1038359582693613,2.032394150302648,0.031089794042508674,-1.5398786751490796,0,-0.0734319715157646
-1.3617813053538381,-1.5993589032019908,-1.992702255762005,0.16206060066399197,1.3358217521402833,-0.7746217838120951,-2.754259182953759,2.6407991774184665,0.26850570355503384,-1.988209655416017,1,1.0316434161778645
-1.0562867143488126,0.8841076936291696,4.065122163421059,1.4924027455338664,0.23093741772107823,-1.1369323309719466,0.21839255509289454,-2.2586472329361547,-2.7716652623892966,0.32873998922598835,0,-0.03917005269483102
-0.8919692066443936,-1.5409114417642524,-0.8262158496327465,2.9502244454835216,-2.1429271449396357,-0.3849566865065877,-1.4735457478780971,-2.007108822696736,-3.7889997377948275,-2.273023265814527,0,0.15297656144984118
-2.2453772446801983,1.5914355323974838,3.0923870081865705,3.7483775859884245,-0.4595697802162826,-1.0648498358628382,0.35461093173858105,0.06992934636016229,-2.6595725726929382,2.8293623887111714,0,-0.05430367913062395
2.6969737371624487,1.6313775243406803,0.5432185204907445,0.10793794845456794,1.1682452748012024,1.363736468616899,-1.0468784567613247,-0.9365456076998363,2.0168052419901565,0.2085919723991395,1,0.9371308762509315
-1.2307051022307318,-1.2144943909548154,-0.6841577716889388,0.41978102222408886,0.7037950465354537,-1.6184096901193339,-0.8594624034857153,1.2703625221739154,-0.5523107798155815,-1.3120896783533489,1,1.025506935780672
-1.0350411951460208,-1.994315935771357,1.6607662543295603,1.7000298175353123,-0.47275575875827447,0.5889069437178472,0.9782724169362964,-0.7964902214022759,-1.9294935994105191,0.6073889437357542,1,1.0764656739483647
-2.8294951194762605,1.1803382928279138,2.9160281843597007,0.8637375952896242,-2.120892759323225,-0.24630054029534665,1.0489108369187337,-3.3887542020795007,-5.621595004716612,-1.4253127600619147,0,0.0032294828471610827
-2.3684781302878095,-0.4379024169585373,2.805240950092375,-1.3980269889125507,2.855542937167169,1.6715110503753923,1.0961505797238218,1.8416786455331133,-0.05446249177055795,-0.018948985620180325,0,0.02861212100936372
-1.407604642201291,-1.5409110345761,1.8826437329084738,0.3328786782237314,-2.1929045949696944,-1.4447089349837758,-1.8543684369690774,-3.273833793280753,-4.034583238858168,-1.0025049641134587,0,-0.09217737087293548
0.1787399323498945,0.7451511894358629,-0.005726485049079244,1.5258404308850244,-0.2366621884722977,-1.059294083433389,-1.1285981014571282,-0.45503767979782894,-0.6888396301122621,-0.2532725577813312,0,-0.033875577284588336
-0.37360305701468843,-0.43553919413401393,2.904605039018579,1.423661900230576,0.12680663598663933,0.12888313596361514,0.10875051384922015,-1.748210678748192,-1.7928279465489652,0.4818309585539493,0,-0.05368078645687835
1.4250403126960287,-0.8566470302184662,1.604966472820021,-0.1953601867549204,2.0149994593253417,-1.586497053072647,-0.39720754734771124,-1.6796513029177118,0.11909892017154308,-2.406813706123655,0,-0.09475229249739406
3.8998082287570712,0.8976783818878081,0.45843572357189966,1.2848912171139937,1.1339230483350615,-0.9948904163038866,-1.2108824046326427,-1.8325048347178472,2.0888733517425395,-0.12494830497045106,0,0.005849011701194348
-0.7795090080678599,1.5737274864835045,0.710342122837397,-2.1740957429935577,0.12201430146979397,-0.48461365360754727,0.4513730211043352,0.7912073340090146,0.7687995163125231,1.4158307176642608,1,0.8878586189194784
-1.2928530217835374,-0.413693435476551,1.25468626169328,0.436937724821331,0.2064404812227163,-0.0403074638319607,-0.37703206396664735,-0.4410232078741288,-1.6956747470285065,-0.7579565346812253,0,-0.06610979830437244
-0.7607943540654378,0.28520494290017895,-2.900259455248949,-0.3179593745953808,3.2338969137963436,-0.1317584779323445,0.5256383739505197,5.199468741273244,3.062003271427073,-1.2439213393506876,1,0.9731403102993291
1.0602976382782767,0.7450362466057683,-4.564712767456807,1.5618842378213393,3.72124220893038,-0.6578886272817087,0.5958260757659635,5.385784880393313,4.149076500430455,-2.1552470223097258,1,0.9584357082024462
0.3019142673801337,-0.6577327992083711,-1.5860913733615085,-2.156103734297885,1.0541857456614718,-0.1338548288745113,-0.8796452101306241,-0.23910173621732336,0.15614799180423886,-4.139588082939243,0,0.019820425110353385
0.26393246461558917,-2.391085220034948,0.4816632766398772,1.2926254732258156,-1.9261113945238209,-0.6114553653609947,0.03670980675910396,-2.9793039924236595,-2.6120288111722774,-1.1144702473434263,0,0.015279009595124
-2.164913776804635,0.08266422099712875,0.24812227515325413,0.28569321018410787,-1.027942229725568,0.49126604258014844,1.2099036880126133,-0.7467344904161679,-3.0106476393694512,-1.69523483848841,0,0.04468993729677284
1.8006712181849966,-0.8931336255384738,1.8075699861585635,-0.9870211620102073,-0.18589555832044824,0.673776658060327,1.5967030910126514,-2.5729459767348493,0.3092625667161774,0.4223782372870667,1,1.037619186635634
1.1448317481091892,-0.39041937997244563,-2.078623453562428,1.865055075423768,-0.6231796850956495,-0.12068414101154831,0.18694414733816103,-0.2397666776194243,-0.02399797789976101,-1.182757276479529,0,0.057040639468069046
2.232367920734575,2.4111992662535333,1.1412430985547184,3.379279259330349,1.8821632423522026,-0.8664329824839139,1.2915345386349824,0.24500269293313334,1.7044954326338395,1.4119749134574842,0,-9.592000045270785e-05
0.7922536487887819,-0.997994637694979,-2.264872556147605,1.2206274773460457,2.695204235794158,-0.016707104402025615,0.12526698088162522,3.012020817812572,2.417832472331107,-1.593290903131649,1,1.0151733450408336
2.311366600255555,-1.6971807779520849,0.08703163130779112,-1.1147449928664175,0.3659616403986693,2.00039848480763,0.7210491306557429,-1.6088713843181413,1.30097775543968,-0.7288712302303025,0,0.025575685095959567
-4.036209800133285,-0.6718772262785321,5.886919533185233,-0.5697200595466907,0.5599530965439086,0.06928455729942284,-1.9425944590736954,-1.6384258290843088,-4.383912043587847,0.24007854883886948,0,0.007082834869551286
-0.02780014508348183,-2.2215707871316916,-2.462475138949795,1.2472158294367472,2.3838647746268,-1.4660301831767402,-0.1532616394235676,3.513590042829201,1.9845212595764679,-1.391839541408383,1,0.9801402845041463
-0.4180147123248058,1.2558069607722167,-1.3302844780399723,1.0191879017744192,1.4810530693742003,0.4284003870882928,-0.6485156451056838,2.237363957103923,0.8196088975652427,-0.9313047736050005,1,0.9833778732830115
-1.7036031248205128,-1.6650644062414464,1.2982186107526204,2.157457814353677,-1.426638073249563,0.10724419547118505,0.6047717588497941,-1.577147486223564,-3.54013134382896,-0.4846535027083838,1,0.9591220800835017
1.4227486335929542,0.9972789266687859,0.7294687296093201,-2.0282690336190963,0.3094675159597854,-0.25607388735650516,0.7416325781193271,-2.185174688624082,0.2123417549461464,-1.7043057722058197,0,0.021080841495491484
-1.6106873138612237,-0.3895450047805466,-0.5792528134241953,0.6437497791677764,0.07918175178904374,-1.8351699611813932,-0.26911816346686585,0.8426938584809791,-1.340035974102509,-1.3084898778815504,1,0.9952992412957422
0.5882998537903745,-0.04370931313111269,-0.03923263111957542,2.1829003717163324,-0.7913297947426452,-0.18608851689580932,1.1063406432005236,-1.4608881660335575,-1.3519649967797993,-0.7206348095582535,0,-0.033158687531838246
3.0013999344907356,-2.1394385216032656,1.727919256597557,0.6279980000918399,3.3000383020119632,-1.122672408648452,1.1555105149246205,0.30743513717022236,3.4185677203380767,0.9319831308620454,1,0.9668877590337703
0.8944653270762863,-0.7885931079847751,-0.06856238005042914,0.2568853591463087,2.7687411322781084,-0.8637401707217105,0.9466565424494552,2.74459903834222,3.1729247679895134,1.1664544266104362,1,0.9394800636108606
-0.8031880973848089,0.47888642780259716,-0.7704797136417847,0.028844903315020543,-0.8089157185946124,0.12743838461279483,1.3943107554449614,-0.5387962209806239,-1.5262841525583315,-1.6455301133938032,0,0.04894206706185999
-2.229103121964311,-0.8249798249924334,1.6899732509180612,-0.3395642423794323,-0.35565520832515873,-0.24392471970474042,-0.300590569171327,0.23269958340261337,-1.620631735498887,0.9856012752337856,1,1.0039308834765894
-2.4882501991683803,-0.3337283638962054,3.211798325577241,2.7911612652231828,0.3147996879126811,-0.10389971240106657,0.6127951812546909,-0.9219643339214212,-3.704807119238789,-0.3192460496067231,0,-0.04314000097866351
0.16643888960949083,-0.6892429131160468,-0.41036337654208555,0.25517211087390446,-0.8562230072536037,0.6581838407785048,0.34308504116188565,-1.2328213780613477,-1.0920320033110051,-1.1873739352585437,0,0.04042738748010091
-1.247604680957754,0.6374546469416479,-2.08229426325935,0.8671947518601149,1.9454423618766188,-1.4336018853995254,1.4883274216372016,3.7520073057516297,1.1537421185219958,-1.041719385238113,1,0.9719775595102813
3.2840657886032347,0.8646564611596014,3.894900860117952,-0.8293141481904203,0.5969392221800456,0.6885691201547252,0.13703257565078172,-5.049490582523401,-0.07224017048145792,-0.5759256627383615,0,-0.07032503135061163
-0.6899957452022223,-0.18943969422701012,-0.19851485032824634,1.4807725769779205,-0.6255922091111786,-0.8998355387059026,-0.5897558494081898,-0.6803160115689508,-1.8597080010272626,-1.266441948320687,0,0.05106111446095665
1.4938615601839884,0.8686244400634743,0.1815965273325877,-0.04679301998949503,-0.2833280170150123,-0.7034781684598667,0.20964737963946026,-2.39367923606309,-0.5899310958922513,-1.8473989761415885,0,-0.026854849478305656
1.7969990738478727,-0.44847097209824405,1.2605967136993705,0.047191989838677895,1.2784460827713193,0.6634304740343238,0.48120108010715673,-0.6670843001584981,1.481746994940419,0.5447676960166363,1,0.9795550454895605
-3.203970013927628,-0.20176000923034088,-2.1132835409076858,-0.6893108388743865,0.3738611827061079,0.06568666608046772,-0.2507690621323621,2.7069421523658104,-1.3382642850059299,-2.497014487149287,1,1.0020590010174588
5.56799843174928,-0.4531086634322995,1.8612223814786297,0.7337957929019603,2.56674830836986,0.8748159565542208,0.6671314786928577,-2.93745469428395,3.194846663834642,-0.5454709926076755,1,1.0571294611395057
-1.527997643424904,-0.3758388932933958,-2.3486994766175804,-0.5219006580939889,1.7722625376571126,-0.33296313811196254,0.41251693403057377,3.438917611443417,0.915444970699027,-1.990826241487889,1,1.0010018645433156
-1.5893665517455529,-0.10948567748232976,1.5889291122965248,-1.1503710649944807,0.04271130078633245,1.2941966077007379,0.43714205845102877,-0.8133521885012669,-1.781535395053848,-0.9606731359618456,0,-0.05995585630726152
-1.8820932529790855,0.5147058334775884,1.541152173378713,0.773174089860845,1.3589377247511452,1.7642920687275168,1.965222644401654,0.023997221358394643,-2.101458002518028,-2.109089646656054,0,0.02719385020560901
-1.6030590526532107,1.4408074778900448,2.2512665228757403,1.311013030947639,0.635931127647599,0.9406592336982577,0.04683859646267954,-0.2517593308231386,-1.9147402827136633,-0.04302752121409814,0,-0.024249486213086202
0.1731046669791345,-1.0157912311415422,-0.7382432657976945,1.8711864170246875,-2.3051301499624124,-0.5294343582994255,1.360141092677114,-2.7744415169532255,-2.9731330648601144,-2.0194098000585354,0,0.09439619857647331
0.495478768448673,-0.5750878953456057,-1.3490481682879372,3.0340885525504033,-0.305016477919135,0.5631512653093417,1.218236929556738,-0.23426967422189268,-0.9525406714975537,-1.3902269007518773,0,-5.598609989450852e-05
1.1374372995023874,-0.7037873342663098,0.04066032257476904,-0.43293047584823086,-1.3420261982226767,-1.0374992174776434,-1.2911080375146202,-2.3137134420270553,-0.6591727125899478,-0.5322474690181118,1,0.8882482251050667
-0.8810987503119445,1.4219623167156565,-2.2204106705155713,-0.2090656937098767,2.3457599844409582,1.2491012245572286,0.5145466497882983,3.9389480419528597,1.979654164891992,-1.1465238584646094,1,1.0178682486077837
-0.019290245576865095,1.3708014815850107,0.5786005233931686,2.3353254444057976,1.359156840792439,-1.315169138419943,-1.2580989217791811,-0.11659308443524304,-0.9172836602840931,-1.7037435779589605,0,0.09722988961301143
-1.3886955004651318,-0.6295322093122055,2.2122382493000305,-0.37634155447224726,1.082991835729283,-1.4495136028755125,0.9696993600447235,0.04494806882138799,-0.9397003866091581,-0.044062905160957566,0,0.07879601442726948
1.3934321150834967,-1.4906783905959011,-0.8879525346426257,2.023866011583088,1.718489023246392,1.2787755198555542,-0.30622092175656973,0.7835182609777294,1.1774981227223613,-1.2522183518665269,1,1.0915477144378283
1.0184385692263103,-0.6092868002066556,0.33824305636483654,-0.4590155376341766,1.5277947038594772,0.3921212368393271,-0.19986025886834843,0.9731128098974828,2.0936456497831983,0.8332920944118688,1,0.9490119907309268
0.4023810349628265,-0.8986787616347309,-0.33610585807445226,-1.94748711448905,-2.58637433773783,-0.8172735236720339,-0.25970550624504823,-2.5405427230513955,-1.1406000537247165,-0.20517553933806232,1,1.0456076197988389
-1.4871286553316612,2.168798148009808,0.8526267792786785,0.5161760892395587,-0.804734480645258,0.3792959583026451,-1.509751844935605,-1.2401807022605496,-2.6795109756944924,-1.3024525309109558,0,-0.036099726986835584
-1.201640696960345,2.1077484087165135,-1.7997589179806213,0.2297017681128688,1.656179548322782,-0.2532796627489028,0.08633318679369228,3.1987845423492676,0.9814874318971725,-1.0656183968281563,1,1.0112144699708463
0.043206469664226366,-0.23955404329154087,1.5355545932258279,-1.4628653529987377,1.2464802266700914,-0.48759537910884765,-1.943662164080708,0.5275138174685328,1.2577184265518027,1.1870956521710865,1,0.9363523785630133
-0.6777031573913632,-1.1916733645822581,0.6366276444471266,0.5343432461251207,-2.3778265545703143,-0.42870264522900026,1.360720047704611,-3.030503053272523,-3.36247434129391,-1.2688003622120643,0,-0.03222278824413582
0.9825008967765516,-1.4398276585514607,0.6694696387820989,-0.6608262086158416,0.5382179345863568,0.3521067959375685,-0.3359572784422956,-0.25214892945352113,1.155110015364699,0.7529021986827182,1,0.9661876651318192
-0.33108207746869156,-0.5730980461733846,0.42939307747084154,-1.5679462821266583,0.5829077625765844,-2.30785340138783,0.7354456937603083,1.1645612967409091,1.2977852739742215,1.3916682474392326,1,1.0449277640071308
-0.8021045506315708,-0.22596172654352356,-2.1157642096519234,0.6658246117451474,1.9625055837315597,0.19110271464582182,2.3028021735379225,3.354460239443981,1.308182752577133,-1.3228701066607527,1,1.0400359560834829
2.053128705096305,-0.6052047310486671,0.8614409212329995,0.5776816620973859,2.5130427179371275,-1.0015099950086042,0.2383750185161322,0.8937417458154528,2.837730851709595,0.9560947306786658,1,1.013840986466541
-0.15677350817097135,-0.9244883771132699,1.3169063428272716,4.175403126842353,-1.4512813266027988,0.7687303026016891,1.0756566458511414,-2.546534657986028,-3.3905507032569697,-0.4421678162537299,0,-0.06752107090276928
1.0005056194899988,-0.09559004020373213,2.606602172860005,0.20437583730043363,0.695744943481015,1.3288850324340116,0.6159410042815381,-2.0674427965542597,-0.3703293738842959,0.09528400239972346,1,0.984418028302514
-0.6683240828597476,0.918031848727561,3.7311211454671898,0.9874661071287412,0.47658742573700064,0.6019715009878547,0.5503188694251407,-3.1823338470342715,-3.228777670708203,-1.7754427755065425,0,-0.037305824147136304
-1.9622728174416415,-2.3541341882667073,-0.17730285417327707,1.002612937246356,0.3764708482596799,1.4778714235135557,-0.12044876353754366,1.4732556726802042,-1.1545955644116714,-0.49376580252776825,1,1.0434837878347245
1.8021189102223727,-0.7400388845065375,-0.836943655384055,2.842478435785929,-0.15899529339596485,1.5206166474063008,-0.9086350456613287,-0.8723586217567146,0.05509066585161786,-0.5442838456536663,0,0.05890924264085923
1.5682935833822693,-1.1019812520516565,-2.2946901218859805,2.9083259840097213,-2.8071202774977397,-0.8750902267909169,1.4526844927183618,-2.974839621581862,-2.2937949715158905,-2.268966463464859,0,0.052819279301544154
0.01977727524918982,1.0563154624346915,1.70428727107354,-1.8667073303525308,0.3471287601767473,-0.351500983948027,-1.13747124667397,-0.42546634071254547,0.6052588815575859,1.2212907948024159,1,0.9622390290291489
4.772474299631224,0.7220973497088594,-1.0977176755387843,1.5615993627253164,2.6287136588854123,-0.20284138116503483,-0.7296513694773732,0.4666154200398602,4.575617154950075,0.17023833129938382,0,-0.13697665611447396
-0.20876259573894917,0.21402502584069896,2.029947246585369,3.8120332341080148,0.955103746001691,-0.21710210711335431,0.8243312893468417,0.12440284163923623,-0.876606190738156,1.292394963154892,0,-0.08834809490650272
1.8662875689250624,-0.8078001402941781,1.412656637832628,3.1465382591547355,2.2416310158434767,0.7419417827634979,-0.20399214199160456,-0.18197702031334548,0.9645433911379679,0.03735301950382652,0,0.07108134890411043
-2.3838308083864788,1.78888067606497,-1.957897293841926,-1.0423289924324801,1.0758817567475105,0.9419435321255745,1.0160326569301006,2.9528524719377214,-0.13803131025581253,-2.0734251936235664,1,0.9799372530340088
-0.02346381094469807,0.602542472371717,3.4342566399261836,2.0681556755370174,1.4077990143499068,0.10492640460420227,-0.4772848557461142,-2.545498410758139,-2.4469061612181746,-1.9281944306908478,0,-0.03753623091325563
0.175371516244899,0.10672002090079001,-1.0067898184976254,2.1755185049165755,1.62299619322869,1.082935725477979,-0.5720869270053384,2.279997831683956,1.233121584783179,0.02871039374877804,1,1.0821330146718118
1.2498527215925255,-0.5860821105673716,-2.0462651089714465,2.210372888920589,-1.2545240886086615,0.17018386701278634,-2.666044220198051,-1.0242345626181777,-0.6803688399429344,-1.3669060915865556,0,0.06325799727441635
3.4011889837741944,1.1762967582743005,2.014867516469857,0.599733391514082,2.071648086045439,1.9601742859913796,0.5547825213178135,-2.6207933674194446,1.2531134143532336,-1.3667518490648056,0,0.0012224360959893325
3.399818694918756,-0.7877307345726797,0.805119205922648,1.2659933198260869,2.2979522954775002,-0.4794779283682961,0.4509514668902857,-0.6127185743327617,2.655082996855275,0.048859370586936346,1,0.9853298454468014
-2.389977356000875,0.4113921759466968,-1.065380693021992,0.39628862002456877,0.9065051111193091,0.7921809780374763,-0.3342279761698407,2.916451874060669,-0.3500153978781516,-0.5791811307430976,1,0.9933949393593438
-1.4835882975128762,-1.8767610606257386,0.3656246282899701,0.8339291908868236,0.10568794189660502,-0.8953971409301126,-0.9457798547986705,-0.3414471684765153,-2.1674623555710775,-1.9403119950027776,0,0.011358139919373303
-2.8335181415504094,-0.03772731414980013,1.064519698722998,0.6525841386033913,0.998759829217784,1.6216344573240369,-0.012378422195551742,1.403215574567028,-1.8379075906743982,-0.8134372671549663,0,0.08000236406598041
-0.26546993822889386,0.7772946753422697,-0.35776593634389364,1.5261811994609722,-1.1849724955077052,0.190048732394075,0.8069484967679722,-1.5211696986397472,-2.1873352704331417,-1.5868777962679923,0,0.021123371211861336
1.2969359236059583,-1.0165277392971983,-1.9731479712495106,1.553995345184688,-1.9732570057988719,0.44696283488079686,0.031218960504343484,-1.9907120200044681,-1.244712985308145,-1.7153104424480923,0,0.03630145165195707
0.7319843242417109,-0.30947320451860194,2.5280874319230575,0.8708628518127408,0.7731345911860639,-1.1845833592605894,0.178261791756626,-1.3336310311807829,-0.18561990668407768,0.8447133743393542,0,0.05846350545350857
-0.4680148076180506,-0.6271109376838082,1.2865297115760455,0.489604020093503,-1.887004962916028,0.4270832747850396,0.08889064090150181,-3.1900512483317884,-3.1679657643027923,-1.1840181730267223,0,-0.05848380005122095
-0.39193418295825544,0.12946975361398616,0.6505940023411516,2.4863180611791122,0.45325380691381634,-0.5011161833958405,-1.2395471224382908,-0.12379352228059422,-1.2223799785342997,-0.5164857369448952,0,0.03774309462370215
3.247436614605688,-1.9380229112740919,-1.3688739291488123,0.9870814918584305,1.562504769758379,-1.7237739743886418,-1.2186834288234856,0.5080619591977398,3.186725637339175,-0.07685978750320754,1,0.9852715622669195
-0.11982421393544418,-0.9614222015656878,0.6715666829476095,-0.5503093385684736,2.669005193771815,0.2396605292827974,1.534061209870414,-0.9466348700730511,-1.1369823873990137,-5.300377424465658,0,-0.1258047597886383
0.2848929403780116,0.885996000853776,-1.3980007680661537,1.3855646362924716,1.4748971465366867,1.0717993570365107,-1.0577585856613043,1.582334469841971,0.8242281018841705,-1.404594034883196,1,0.8935915229007094
-0.36041958767299564,-0.9309175314462261,2.547494897831583,-0.9146276098384108,0.9841684249890158,1.6169894022053175,0.2929391370501789,-0.18709519838234617,0.25609691611634317,1.3703831216395852,1,0.9490941194240657
1.6727682853879196,0.9267183579012195,0.015749008174775092,2.500433779400871,1.1153791689057584,0.8174784564359504,0.0017651112812410723,-0.578835103617589,0.3436786042409423,-1.0418479963721228,1,1.026561161429629
-2.011129572630752,0.4842223141794049,1.3993591352445294,1.420118996291126,-0.6632164891732502,1.2403504926915658,-1.4872884784011575,-1.097751941195687,-3.2734093355085503,-1.0912670268308378,0,0.005689978267014822
0.2285139157280709,0.3672740929322736,2.7054796086783695,-3.845293559872746,2.380117901632799,-0.5216584798812932,-0.3487448304689289,1.3344843231799381,3.151653051261049,2.70391714235366,1,1.0092183353587831
1.313484751468764,0.35305615896650105,1.9676539142889398,-1.2355320977169837,-0.679345962473886,-0.5050344912424295,1.9651354020635055,-3.0880032064735037,-0.5431834037789975,0.019624434450267292,1,1.0975471741343346
0.35633467414280984,-2.048867362676053,0.9661805835111927,-1.550246203195625,-1.035277454722701,-0.6201073331157788,-0.4639674952045335,-1.5908077505521319,-0.2572404938356141,0.7453473429666325,1,0.9365455192570094
-0.8258098573023064,1.933323688250877,-0.706701595854117,1.5933356694089609,0.42703044069999907,0.772666242421618,0.32405279143607035,0.8850414051521941,-0.8084908971682772,-1.1361934404897047,1,0.9986283322908138
-0.4387249325495146,-0.8587071360653012,-1.462093842947029,-1.5560370801525045,0.014212018863773657,-0.2151540976290139,0.5747773400710584,-0.3177855812478554,-0.7340706632673899,-3.2031048299842904,0,0.01522177614069078
-0.03364161074440386,-0.2661927947000407,-1.3857936171007312,2.3329844305663254,2.1787508229338917,-0.8071557291027138,-0.5388962663690177,3.060503280050658,1.5277532023522742,-0.30407174344135146,1,0.9631863441730832
4.1692593683639085,1.2128437710488567,2.1642979526464594,-0.3917764236520834,1.0744945347299488,-0.1876529402640357,1.7983946846075922,-3.340234618146315,1.9082736249741774,0.12476615181031736,1,1.0014163372541471
-3.106059848382434,0.5479038937499666,2.768600724803336,0.3142458526196804,-2.3207842205195583,-0.9471701743698899,0.9743095609087863,-3.0641402331265697,-5.447859127459502,-1.028293009280812,0,-0.07999746670421726
0.7134940201083904,-0.31075006690883866,0.827863170720059,-1.6566923058817713,1.4366196463459162,0.08224331923516334,0.7348104238884766,0.9802954677285626,2.284899171289016,1.3978172868972838,1,1.0704953108637514
-1.480211989177734,-0.4539449380662448,0.157209170013084,-1.9007694936522253,0.08105755645445456,-0.2294445064591808,0.029952160102311574,1.582876622437993,0.5358922678224631,1.2899252728643011,1,0.9659192723734783
1.207767154902196,0.08405134771327719,1.6665950243283856,-1.8141431084381132,1.240768644438652,0.35726777166104584,0.7081898367227968,-0.2978834327556637,1.888077340178729,1.2358523709849223,1,1.1015700082389253
-0.3784414500837556,-1.9670692451158982,2.152983062376471,1.8101578134375536,-1.6033027689542974,0.3227157903784113,0.6109495561174697,-3.2940154687187393,-3.382964140890545,-0.4975048488907198,0,-0.0016237161958727526
-3.85861752220333,0.22644441607332003,1.9596261220409286,0.6413595586325299,-1.9334179028364709,-0.7113397476731833,0.6522200755387114,-0.8920301497698226,-4.529795893911383,0.15833134012719574,1,1.0514026782699593
-0.6942168470247558,-0.7702261984436839,1.638190642265129,2.1522376673958235,1.5536760701204286,1.7623955693901898,-0.2910702099125264,-0.734759167752137,-1.9586090818006177,-2.335181095394079,0,-0.002665143449557719
-1.0268244182543245,-1.0529791284530894,-0.2614054890928277,2.114482133862733,-0.03730585844311074,-0.43657109779892167,0.8885234781465432,0.5381911993834684,-1.3386868327585426,-0.5607764528953286,1,0.9984628083869735
2.2456189652961562,0.24562678922221867,-0.4748464729839017,-0.6862484715810919,1.4039796612990094,0.04248379677270524,-1.7381919829759058,-0.9118488413303077,1.4602003216533765,-2.1311393393847897,0,-0.029201466661100392
-0.6516502828183564,0.3300315539332965,0.5845211299225975,2.378487218847419,-0.16838444091560079,0.4515915452456288,-0.2728420071646741,-0.38522556574277783,-1.6567661473150048,-0.32982245467347493,0,0.005956196468313881
-3.2097550742508556,-0.2391716955209984,-2.7771217452353967,-0.4796941057891815,0.9500194478643232,2.4587037421112425,0.594983178352525,3.99337835733996,-0.41570094792370044,-2.1504900369414766,1,1.0158999347207023
-2.735513658012229,-0.3210951077447033,1.9749984532834857,-0.3269154247091024,0.6651669467192645,-1.4450559590745746,-1.4133469941987082,0.19636716302689333,-2.308819697909224,-0.9425911175872977,0,-0.039212925445758995
1.3101315278755363,0.8122835625302536,0.3852572907544054,-0.35149564581969606,2.0012397476504575,1.4931121992031113,-0.048007595534566926,1.4613655354115207,2.8065904362949605,1.3081256011394347,1,0.9937477792070057
-2.266161900381743,0.11306666008442864,0.6846468870810205,-0.3303995290497985,1.5320968462770121,0.732091180297834,0.14513333092870329,2.0144125099752723,-0.48619874367975013,-0.513718074392372,0,-0.030504943302855688
-0.6899456442683138,1.817802324298394,-0.15161128532717427,-2.76251131838335,-1.944276880447275,0.5432293536244841,-1.0442155213574715,-0.8419513257562821,-0.4766421749947304,0.8075580097008239,1,1.1149832034807419
-2.4583018814623077,0.23863579598830406,-1.0763343509204848,-3.326340957381657,2.9688806687810967,-0.6637976244519794,-0.36655124856405147,7.441537705261249,4.875998264630635,4.0282397802138625,1,0.9955134615044191
0.5486570691810231,1.2493050499647234,0.5370529956651848,-0.006474294138638204,1.1187508166574354,2.5923260419973837,0.17301196382809209,0.6155461103913019,1.1959499476279662,0.6329941445636846,1,1.077261607584828
2.2620436234919223,-0.321218996237544,-2.0854561796341597,1.423946891188943,0.6829956474088763,-1.6164495705718556,-2.419566440485801,1.2718916333547374,2.6456076268878697,0.5879353711704616,0,-0.009781116540384417
2.914310881521367,-1.0347574796325896,0.5731156613286404,-0.22773574943766217,1.9364224934005059,0.890020609302802,0.1363165328949963,-0.26672481506425605,2.912267635031704,0.4136744544305959,1,1.0129643820767453
0.8354250223008274,-1.358212825207657,0.4356113353084313,3.728805567337647,0.23263229023415066,1.7136914186432557,0.13915457253405666,0.24845391144234336,0.10476366086664304,1.5623208464602194,0,-0.06606820358226347
-0.6229016743418053,0.36561345313619203,1.8070580525843296,0.4055406178260429,-1.7435173244019686,-0.7434967560405621,-1.2630168290154165,-3.191825799233983,-3.1930246354469154,-0.8360863667200126,0,-0.022353629593393234
2.9030937986215513,0.956575808725981,1.4090608807751555,0.48178417508623594,0.2546946068992637,0.9889042823400429,-1.882863603407323,-2.855964937986658,0.6208997938908616,-0.19203201389714497,1,1.0105267335394623
1.5097639609103148,-0.09811145782612997,-0.1428717099407747,1.454175721351133,2.4635605449296207,0.6667371559938042,0.27390477999656315,1.5021263545784684,2.2860721990220116,0.019921035623035266,1,1.0793001915479934
-2.2889562232602554,-0.7191824467002385,-3.1834851531002797,-0.007274998587771808,1.666575486713519,-0.2998725557150682,0.12365826726486454,4.286816997614368,0.5270192470409586,-2.3943409204056643,1,1.0110991388838135
-0.29704042332051217,0.16292050281146012,1.573544278745791,-3.4895925522826654,-1.1727569148605843,0.432513771698012,1.0511143494890975,-1.5039218530952851,-0.10504336937371468,1.3243774830980697,1,1.06918601805965
1.7225974482536741,-0.6971121370299773,1.1503986269955169,2.5607781906879863,0.07804337031009456,0.497666926607605,-0.09067369859010972,-0.8852464254113542,0.5622399401237206,1.870586845059142,0,0.032036455510146014
-0.483618299806335,-1.9057739042561697,1.2186024563220457,1.4447197012780466,-0.26013740689487763,0.033025931124064115,-0.8318016084191631,-0.9505875752231248,-1.5453313715716122,-0.046333309219594776,1,1.0813700669732342
-2.2864653506294603,-0.8818309372193482,3.000482902507851,-0.8990825618732705,0.5489729988423151,0.16066713255012008,1.246904533902082,-0.5428596678907968,-2.0541057256973487,-0.043887109758766085,0,-0.0029521108652527713
-1.7688272504606075,0.20747473163400312,0.5320799204943443,1.0157543423160025,-0.8869347768738711,0.24635148237718393,-0.9585604846461611,-0.8275003918256097,-2.8179736720137254,-1.226260510314855,0,0.11951113553259021
0.2102692630950087,-0.3936801068301141,0.8431851427011074,0.013598381204364962,1.6084081659243727,-0.8016134496528051,-0.04345908869973491,1.4055940372550517,1.601568617333115,1.2911416337226316,1,0.9757301898542938
-0.9529094019750335,1.7136565354216722,1.9491826963634429,1.6812949723414161,-0.981800324964159,1.1377263060687028,1.231465899772976,-2.180004160782783,-3.038539376691255,-0.49407127207410584,0,-0.038323091709883454
-0.3953080630605619,0.2793821131893332,-0.37204852371226627,0.9625322925528836,0.7098234383238826,0.46895307749900134,0.7364232704410211,0.6268129439893467,-0.3383572928043474,-1.0813947758689557,1,0.9394973575155483
-0.7741800045732234,0.42752600612088826,0.6450428400899268,-3.753852302108147,1.4341520188257506,0.8903241875662159,0.9150372733207728,2.6989089679905347,2.9255297173816586,2.5661419540460537,1,1.1165512335779035
2.9745714279592734,-1.3846154012292495,0.7449363248717193,0.2975960695828428,0.298245568373129,0.07886164117432391,0.4437438136876196,-2.3355945589749645,1.079116017742901,-0.22680097826120038,1,1.0409723786308949
-2.0788110098826245,-0.5936560896501094,1.43790525740668,0.31648183036182054,-0.5181622272092457,0.12185605049484469,-0.15257153395546694,-0.9390148447063588,-2.861155595612351,-1.0485973751015443,0,-0.016706036669015423
-1.7794566987405256,1.326516897832072,2.9505566723611354,1.897728133531988,-0.38471375994396206,0.5583283953440994,0.9240339792319219,-1.8814593127156516,-3.54691994098377,-0.4272191521266484,0,0.062451134843674753
1.1721852454993362,-1.3070530635602322,-1.7784309182517202,0.9518935666494809,3.085501840092443,-0.8748909457796051,0.5877994973921299,2.6279368455657166,2.6199358613473485,-1.7846906092186683,0,0.0343846092558891
3.015642656267128,-0.20338064953122395,2.8343577446126917,0.8251620227644831,3.785437745194507,0.5610641962318194,0.10206800179265722,-0.18112077937003954,3.1233951297722666,0.8834983589884783,1,1.0983063735687795
0.8387048446260068,-1.053266424277155,0.505166100235768,1.0019948665770353,2.5265110755127593,-1.5893460358162153,-1.7184919351136758,0.07778715605112001,0.44024897545854197,-2.4257568452323732,0,-0.07739164163699558
0.659508704779843,0.5253345186576145,3.1910467346802305,-2.1161319600651423,2.1247773808741277,1.8384759401285735,-1.2572327625809503,0.009470217298260848,1.9615408979313242,1.9303316878284478,1,0.9867319945842873
1.4161287188897635,0.8982131769939393,-0.2621598796261564,-0.7551626898972184,-0.30882169143792537,-0.7310841045075327,0.7321628919054022,-1.2771740557941695,0.5275555463377218,-0.5359934168824301,0,-0.023126069197141275
1.4319920586839041,-0.1262432706204188,2.5398644650433075,0.4031764962696788,1.7751647768888894,-2.130481743502493,-0.648591782163676,-2.0730955432660587,-0.1472407888592668,-1.3384933689555902,0,-0.09868413382043008
-0.5088193160117038,0.18440296602234224,1.1709849929897613,3.4410784974758513,-0.5797709153950841,-1.506496957289635,0.1519280778415598,-0.8411610705696249,-2.048094136923665,0.5465923482101891,1,1.0530163602389848
-0.5699093675328712,-2.0198320277477393,0.772156050001985,1.2231384180770681,-1.858295074887348,0.8021485191743193,-1.5374512894185914,-2.911179465800364,-3.383064812142477,-1.6191330179146999,0,-0.013519827790167922
3.901497234717857,0.12093136125347986,3.024359634700053,0.4679875219394245,0.9950495735515595,0.0020899312618137093,0.45791788903634195,-4.171786790496907,0.7738371650388112,-0.2831924341479617,1,1.0369815602493282
-1.449132435055131,0.588622598188342,-0.5723175403119498,-1.2940008917136416,-0.4948163967933933,-0.6881642964596622,-0.9767160714346313,-0.2405722026080223,-1.5355615636245952,-2.0505776249212584,0,0.1179885967164806
-2.0543008018847875,-0.7775480920881399,-0.17870061929182202,0.5418078195013347,-0.015432943135234689,-0.19792313504738052,-0.7703154548802106,0.9312157490916816,-1.5882297920764787,-0.9019855534211222,1,0.9823378154086195
0.3449425423536864,-0.006982675424153723,0.8212727707506255,-2.719629917743128,0.3645905844983567,0.05929516863940952,-0.7826881689316029,0.09750057535158849,1.4997494879616238,1.2128643124744694,1,0.9789423508671422
-0.7033753945564304,-0.2086854209485011,0.476627880941616,1.3905606459603754,-0.29474648551251803,0.03154863625372444,0.6613734841127489,-0.33021132511760354,-1.3631272865886745,-0.21705703576474034,0,0.0059332084861998015
0.5122039430474177,0.6189282829857861,0.7733409770457838,2.83362083864918,0.3560825447978603,0.863221010295855,-1.686719195866278,-0.5389123286751537,-0.6816609608697703,0.09839902957301816,1,1.0493623676491706
-0.36545046602245446,-1.6181200192932206,-0.8730831647534687,1.089554818863979,-0.9535939248044532,-0.9225917504341027,0.46865671072922943,-0.9798588269397919,-1.8095004237403989,-1.8687979187240267,0,-0.028335651265507494
-1.4370324774053798,-0.6346128885072252,1.4615340165417972,-0.2693218792374712,1.0628353565900355,0.4881535297365991,0.2380866937816597,0.6974349381501314,-0.5892131782221839,-0.004269144635383637,0,-0.031548079856606535
2.1889173006629106,-1.3056016458148645,0.9691715842240133,1.0801957201780725,2.465392803527533,-0.12474161785112749,1.3360799657248512,0.37469622744123643,2.3574240779680786,0.4103478216560327,1,1.0528594635120683
4.716473356588476,-0.8709068388450529,0.781155773982591,0.8070183681026917,2.8794383529935246,0.140382339011627,-1.2412149338719771,-0.8351127534126933,3.947988090562197,0.1368445537815558,1,1.0189319661919019
0.7910526806338763,-0.7753928868522084,-1.8508516030782993,1.977110393610054,1.8093848969984203,-0.16575570463482503,0.6289786790190267,2.055173948586603,1.4924967700468326,-1.2263560195759062,0,-0.10223641315024104
-4.360807955527533,-0.5214052383791413,4.6701566130097,-1.4954150786702707,0.40572247797760164,-1.74237576211747,-1.7288013930734343,-0.5537075374148297,-3.702784589832671,0.30074361855794574,0,-0.06126958997345541
-1.7727024835048564,-1.149768545356818,-0.13981765557548143,0.4558468831392687,0.22009022634756548,-0.15747028205998248,-0.33720650643750877,0.6935326816895967,-1.5090136905553337,-1.344572512770345,1,1.0750617931913604
-0.952322467582928,-0.7028815548227281,-0.6825617786206879,0.5506256629596604,1.6358854090932358,-1.1940266131498605,1.5468416916440595,1.0484324747076126,-0.6502772651800217,-2.9563219484928753,0,0.020096414153940628
-1.0854350636189083,0.5046392027273647,1.085423561008639,2.23603523757244,-2.4742236281815595,-0.36230354117112795,-1.5558096880646513,-3.3000563256006235,-4.471754204820198,-1.4233477912586912,0,-0.03810979655186245
-1.048234178262028,1.1191383055112618,1.683934908415036,0.8830107339240176,-0.31415577360854596,0.8440816306912983,1.0403810541863285,-1.2348711205009024,-2.142858336809489,-0.40592946259396245,0,-0.008520482861749107
-2.51778960677078,0.20145281989556177,-1.0087414428143047,0.4545222995688335,0.24808119083318114,1.3886063084465206,0.5755437743338943,2.0705849535763194,-1.226683544576748,-1.0489473231474167,1,1.0006618336400834
-1.6219874307369602,0.5070480907550198,0.4026447802648516,1.6405593187790073,-0.9462834378257048,0.46131287449552233,-0.22930414602057947,-0.7086533199413056,-2.7575861859148705,-0.951423571603152,1,1.036786668014008
-2.012808719441472,-0.5378739842701409,2.9548455050082305,-0.9462576459861803,0.8216887989604145,-0.30259873704473533,-0.6004524069145315,0.7421708146014159,-0.5187652516406431,2.0369819411399277,1,0.9320868302570605
1.5713542889721106,-0.555503733487994,0.35880780802338985,2.0040198280689965,0.7899900963866691,0.024644922194102893,-1.782619943232722,-0.14725145427127795,0.9603188457706495,0.6735178467527543,0,-0.04204745693352291
-0.8197183046026988,0.18463858035145067,1.8242977895841839,-2.0457040976634975,0.05190401068627648,-1.1004275882716559,-0.5002806651430488,-0.0876617667405366,0.1388623846589605,1.5519344649027231,1,1.0136477877431695
0.5920210724085335,-0.3948841663429005,0.462216639462278,2.7718442853827234,0.7961710726920908,1.6981221331030971,0.17222713246142463,0.630248008376605,0.425738211086,1.0835108621607485,0,-0.004991729024772517
-1.748811828238113,0.44884674088365595,1.1610648458520192,-0.3594591086850747,0.6025906424867704,-2.0376633479279374,0.15210853240793726,0.32779153211320883,-1.286018765861111,-0.6846787992245602,0,0.028592959131835495
-0.46418515001033067,0.5933153489487858,-1.212016540406382,-0.9092188778256001,-1.122715163066776,0.46267973323340356,-0.9223010123129481,-0.8558325189835546,-1.2439778365664402,-1.933451668472355,0,-0.06147536986797989
-0.7411652994243443,1.9843638826691903,1.372962504627728,2.916939242616782,1.5901198463431632,0.052574156382776224,-0.7089949602150631,0.3862094819033461,-1.2199352376189114,-0.851882949697251,1,1.017856433813566
-0.5944224727013647,1.6320178969873185,-2.0408269506450436,0.5739010163944911,1.3162412135613835,-0.05585986722318814,2.4069656706462816,1.9645144104628245,0.31756981535736983,-2.3763775771988898,1,1.0545791809688736
-0.3917997552206225,0.005912212024175021,3.013554735963544,2.94524297353238,-0.2440637572630917,1.8225342726403808,-1.336246573193705,-1.5698641591064841,-2.0197593503684232,1.5310131968684444,0,0.02434092735746417
-1.100411318762563,-0.8170068430346321,0.795599761045552,-0.7351117366990194,-0.5058266014836477,0.6037639040200237,0.6182687654642024,-0.9895454200080387,-1.674586896376844,-0.9781939697278227,0,0.006955586988079594
2.1188860196066397,1.5841600320475848,0.4380233530808719,-0.8551519313028786,2.122957478777353,-1.5926641696154211,-1.4368863334284903,0.9013608739016674,3.3073230934483,1.1039950661944393,1,0.9952058198717014
0.8597948506062698,-1.3461585247510854,1.0813850838510908,-0.14904471773213668,2.06149915113319,-0.013098092815379167,1.709951900852418,1.2729923543098591,2.2406648098651867,1.38112308353667,1,0.958257442361425
1.7253997228352704,-0.2842307681114487,3.148507675482664,2.032679564893739,2.7572989944686466,-0.47839322734165307,0.36953751672278695,-1.8596680814682742,-0.10075631740776739,-1.4101521495403038,0,-0.0035999296219894235
0.5548337445999274,2.8230620306295235,2.2888109128598924,-2.2396213895034105,1.2244573963791172,0.05716875509040036,2.535828769820899,-0.38492328800852427,1.3828821495317976,1.2934574431442267,1,1.0629852926440202
-1.3897079361969673,1.3688227288626391,-1.0813143382166888,1.5679029909929167,1.0626429080179105,-0.5566202631403184,-1.2232091045669016,2.5104078406158115,-0.028718496997709127,-0.4841239817945693,1,0.9940485746699937
-2.533295867808351,-0.9941263385090796,0.004407761260718068,-0.32267679481723244,-0.4184061315034586,-0.8559795494497051,-0.5402764049154657,0.53783699797061,-2.1276262592977755,-1.183702821890887,1,0.9555098005325795
1.384725820131284,-0.32327584145925653,-1.4640445735184837,2.085453905734413,1.9983338874687349,0.2612202554240038,-0.7049493780560905,1.9701464475703943,2.116078937662165,-0.45895951058948037,0,-0.024612354438269316
0.6349659085870296,-0.2764216556899376,-3.4726557411336367,1.0158468834235725,3.320818807170975,0.11212266870028756,-0.29256970131169785,4.828867891030165,3.664029378623459,-1.343973005756571,1,1.0100425148637966
0.5593285880281722,1.8928599615356623,-0.05506196844311817,2.786717882992923,-0.040825561199057336,1.2488315056138726,-2.1924657164220425,-1.0175408726235828,-1.2576748988049065,-1.2541738406716365,1,0.9813243001409576
-0.8389958171812917,0.3123572573018997,0.033268317412958215,1.791615665469322,-3.5421974273243975,-0.5444896006693457,-0.2866405254201583,-3.8633670693529196,-4.741185886491062,-1.8987060189280134,0,0.024265164153157034
-1.1919064392465053,1.743736570116128,2.910555394542763,0.7832363404570415,1.561093371054163,-0.6444013050562206,-0.7087799022315613,-0.8610811870227062,-1.8569767686466405,-1.2385972581809572,0,0.02614218803745152
-1.0505518405780938,1.0043461605718487,-1.532960831700064,2.379981671955758,0.8172088188735891,2.13841525100487,-0.29075967370820327,2.544916741066281,0.04380790146162263,-0.30816746997212285,0,0.044449159020232415
-1.7675624086793778,0.09755123130520933,1.4414232742281743,0.9209438308094852,-2.6854818523593984,1.0941473193109645,-0.2659371294603688,-3.3809276159688433,-4.770625421431149,-1.4343963931100352,0,0.07117797361325165
-2.7444117191389834,-0.5216987674946778,-1.0043951861550546,1.9623023059951432,1.5357323194456856,0.5463509281213684,0.13798880393880966,2.187375235738314,-2.037346175639963,-3.2770376840315865,0,0.04979293621861804
-2.2614328385498985,-0.7777605909919979,1.9807030332713493,0.045888189738025,-1.9314578606033224,-0.8708714861945974,-0.9302976837060165,-2.5012494987046923,-4.148303428593311,-0.8742726154565827,0,-0.046711953207397995
1.5213630448221855,-0.6654937466908433,3.3119405950527847,-1.2420789906220224,1.7684407480774627,-0.8488369201824051,0.3008003612279226,-1.4073781189072592,1.3409598223785182,1.1293964907920118,1,0.9548232776711864
0.25299530195893705,0.477852229831926,-1.656478126943154,2.0261492450573675,-1.4842078670854675,1.5462886885825673,-0.3583616734304793,-1.1856878490938894,-1.749442216659037,-1.818949732048991,0,-0.003788573822991221
-3.1221355495192054,0.7825085423511033,0.9002227441849903,-2.9763893432583997,-0.5948803453709637,1.6151625714938898,0.21346770449084654,1.944003798024707,-0.28848749837007054,2.3276806755717354,1,0.9774412321380292
-2.320351525786233,-0.8053166440141494,-2.830949321990394,-1.5372793115970973,1.6631613928504887,-0.28930802780684045,2.624721682834809,3.6480610731340364,0.43522313934643153,-3.016659241067084,1,0.9430836636519528
1.2961704957330333,0.0835160429865679,-1.3514387563831836,1.1791976718053847,0.6185656893016658,1.4354087005243286,0.12591539101703367,0.2630643831632672,0.8618615487658475,-1.1126494506058073,0,-0.022084589708649714
-0.49565797185074956,-0.3675775590004577,1.707540654532378,1.6289468689399813,-2.5173024182710257,-0.012591458379488805,-0.07549161407957249,-3.777004881854056,-3.9146796743117043,-0.61172614988546,0,-0.02372564668095195
-1.8513043432670746,1.6769642777043654,1.7581835429711283,0.29569204511392,-0.5854684237967813,0.8513220780419217,-1.6564788068539793,-1.1964191614076831,-2.754567523887968,-0.6680169084398588,0,-0.033592386988060295
2.3217659960682413,-0.9761230202446771,0.9028264475048393,-1.161088004340615,1.85699569091748,-0.4761830908294774,0.24629291981450555,0.14795645950868608,3.05664490662717,1.1217026121541556,1,0.9842105256922498
-5.490148048142763,-0.36739490016947035,-0.4193805432381288,-1.7799029797155321,-1.0047555276200435,-0.7738531241898092,1.3482804300658424,2.1308502861750473,-3.4249187006716437,-1.2857214078468995,1,1.0589225425159166
1.6456559228528729,-0.14218033217246984,1.419217369778712,1.8045374740464162,0.7068069514464217,0.526953311573389,-0.4913597361445778,-1.3033127741658146,0.2728857258378198,0.39350534314501107,0,0.009961902062461963
-1.740511318251116,0.05208084452442864,-2.7305247648494566,-0.39132118019341244,1.9221318218126433,0.07671473480738021,0.49424189459956314,4.149900269752654,1.2097901802075393,-1.7752926910992106,1,1.1235904538027734
0.24900447878619614,-1.72966945566746,0.7446606451518609,1.020098712932933,0.6631619554725607,-0.8986518055575433,-0.21352064547127908,0.0854974686118664,0.14898353474815726,0.39608329145472276,0,0.008525409300982468
1.4264021881836144,-0.22429412386280548,0.9605107061785535,-0.32486603178276896,2.2803073548322814,-2.7291795075884533,0.8614635637398136,1.183599445768066,2.770477353494695,1.3200828230569561,1,0.9854967113031374
-0.8400125715850454,0.6288828308615898,-0.4835337234659687,1.9500933682624548,0.694296094452343,-0.16639407377805973,-0.5128145212197679,1.4400790795464253,-0.3659567936223307,-0.2879673306623135,1,1.0002066441327433
2.9621260230570416,0.31380309439018694,-3.0535661809368007,3.588424938706297,-1.5378261737716103,-0.7332907574088738,1.5467566435907076,-1.5662694953602458,0.028453916573842525,-1.4354424873841787,0,0.012824598922177001
-2.236708244905097,1.7195899215199617,1.2325606795261197,-3.0892150765479593,-1.639086556390859,-0.2975219162524323,-2.3365547451644,-0.37472505317540034,-1.2990242780010828,1.4252320755153252,1,1.0217626978585532
-1.0424168292845164,0.45905454675314394,-2.367197207800559,1.0974428339309348,1.8234501624381445,-1.0188440016226032,0.015742043728397413,3.508725487755156,1.0098665526722481,-1.463398156352537,1,1.103835566292951
0.5487089870180093,0.2073117779489921,-4.190715515810544,1.039523946651302,3.8962500971656207,0.5208602350477702,0.35142076879295836,5.604860032009564,4.034320839130039,-2.074655387478661,1,0.9577339767511216
-2.5834355326051446,-1.2401664568975193,3.237497090610315,4.227908436813324,1.7346863282322587,0.4222065644624794,-1.4768483395572374,0.32280370094937966,-3.245609703108196,-0.5731896925850326,0,0.04295230290888678
0.3208493985614562,0.9985571543162334,2.122912709891108,-2.9138374701760226,-0.7882454521514732,-0.10146864188950729,-1.0048634721354528,-1.9225476874372271,0.08464939183542576,1.4251070421305465,1,1.0103875298807061
2.2426325233233806,-1.3649269809680389,0.6643548825744618,2.231315026766401,1.1708789417687626,-0.41785672016313397,-1.2388682825738393,0.2146591769743298,2.0222962786884437,1.883416457351712,0,-0.07855488712853088
-4.1803848182794825,1.8846047186645571,3.965017130085847,-1.6623593892722837,1.1573168513236243,-0.5250571103265643,0.09335191202951491,0.32381444154883837,-2.899555892796178,-0.22010436511753861,0,0.03853493910473817
0.9388824722794755,1.6707987995768603,-0.8797199750475264,0.2304506206644733,-1.6376104915518526,1.235134720991689,0.7883553728242078,-2.0784071440566496,-1.0658703109900711,-1.2058668785560216,0,0.06338117804019525
-0.12490161279011724,0.21271883930291932,-0.9284537070255369,1.0916706747096234,0.9829767332884352,0.016871811555768026,-0.5055513502979415,1.3002516341558683,0.38962524317835,-0.8510222534129416,1,0.9571411798111285
0.21295246347858665,0.14980693667962827,0.7670589588918496,1.2912083729386306,-1.0649306963507903,0.023885134474415228,0.332910873364158,-2.221164178235497,-1.9756294346157148,-0.8415479281393909,0,-0.0004466933945985347
-0.14538791950123908,-0.3440251200104193,0.478077869190776,1.5715739721376105,-2.0238179044795306,-0.8810868253522852,0.11734862738447804,-2.9287572312611743,-3.091096599438548,-1.3331177893823827,0,-0.08626771310038518
0.05117884520106597,-0.979730999643072,-1.0447048657442541,0.9329455548015375,1.8874551515826854,-0.19029778634721173,-1.1906308993383046,2.317021198816497,1.4644506225796114,-0.5193764914250053,1,0.9370596770157832
1.832944599970376,-0.7817766044299014,1.1032252233308106,-0.47204320730381033,0.8012936261665885,-0.40560776855304514,-1.195957140365753,-1.0794259185844541,1.3072382132394615,0.42747022270301027,1,1.0524014788808627
4.091967312916911,-1.4871617171898726,1.0551291459274794,-0.22413141949731896,1.3461286036742393,0.9369758350141038,-0.5305147952959018,-2.5974439466283474,2.149498161734002,-0.7234516605252101,0,-0.023320825300371727
-3.1774714213301594,0.12757552772155903,-1.5302016311238265,-0.8366158357661255,0.43127321638674265,-0.2807024381214576,1.3744936542191835,2.8009177865579145,-1.01506618482208,-1.5360600575528203,1,0.944559851253098
1.228435631718228,1.4090889705614211,1.6988153146233596,1.1461750390687644,0.9347179636095619,-0.07352881786289275,0.2055862215686189,-1.6351833674275957,-0.27441707866397846,-0.6280464771804692,0,0.011473018222921485
-0.32778778029402966,-0.8911857599896863,0.34652225440133433,-0.1592254438338181,0.06200881264993463,0.5613136341635035,-1.2354306341441812,-1.3965158963364181,-1.6107810344869016,-2.4558172550538164,0,-0.026120621571551164
-3.364808395089178,-0.06557556154155725,-0.5879883725805003,-0.051019668476938396,-0.21646332487393094,1.2530576181806616,0.7129430675336096,1.928554685452376,-1.9631338059915513,-0.8518710514610247,1,0.9764589171112232
-1.2001275818538,-0.11691280122909381,3.110680927411495,-1.0567242267790942,0.7347240469636487,0.9441121698533218,-1.5519973361349542,-0.21463663306328137,-0.46618781626804656,1.6217922944702834,1,1.0369663012837451
1.2186416437349454,0.5987796310816937,0.9508748282482257,1.4030964134352122,1.3910085291891945,-0.3451685305811281,-1.6690701941935,-0.6070380493810501,0.3688768042598204,-0.6710090217670048,0,-0.05808666794671733
0.9573490603286468,-0.3501199368254563,1.834790682068824,-0.8699776377009524,-0.7253558944852248,-0.19891121816172902,0.8424500166759697,-2.744864647019151,-0.7448922769967988,0.10533837273772206,1,0.9547317393659084
0.25577714915432503,1.7581083094985337,0.2073253972650284,-1.5041312798463475,-1.3177226631331878,-1.958076688049661,-0.7782486555971312,-1.314862797856027,-0.27910285999954504,0.48239093119112175,1,1.0077039996074435
-2.907322300109744,-1.8020171214374523,-0.6594709337554139,3.4021726815655167,0.42776000308298157,-0.7256276095894875,2.064318812281943,1.7234367341388426,-2.851849405520469,-1.9550574118648458,0,0.04847048953741027
-0.8679628481944826,1.2959117777514848,-0.8098320343598592,1.4902458571955113,0.38583754458668607,-0.05974193598662657,1.3688160854433646,0.8713697650651665,-0.8594596149632819,-1.2885913642381954,1,1.0619080150744924
2.4722778615132786,-1.5743437082232996,1.5006336758724865,1.840968929205445,0.3642953742112752,0.22609812679603847,0.07243456351598326,-2.1637379281691267,0.4106340886349975,0.48211684604459104,0,-0.033253086018081156
-0.02189440342550797,1.3747678419072722,0.43269210215735887,-2.4237383342353516,0.3826604106929602,-0.658716060164176,1.6528184895208726,0.8543444066133685,1.6349554941187865,1.5438087696401501,1,1.0468688483459825
-0.9528263472692686,-1.0311326423558964,0.6266427701991053,1.4693616002471552,-0.19063572310249866,2.461072920270521,0.13379101581204186,-0.4515629736716722,-1.7606359554489412,-0.6708905516730035,0,-0.03920711467352045
1.524280593261723,-0.70468075795295,1.8697685213204174,-0.6046561799484427,2.0503711531505777,0.5663785148541242,1.2065459725134526,-2.502206941130511,-0.38798326887654616,-3.4261437171513047,0,0.09131046734534
-0.631443431196228,0.15648603882961526,-1.0939148414523112,2.7652019841714655,1.3282774824850851,-1.2063527618181018,2.757725954602999,2.7213747855848758,0.6084045419943565,0.26083195925192393,0,-0.056688551270986424
-2.2983414953278922,0.8157067039992006,2.131572839968995,1.4941167135228302,-1.7171609773716208,0.08271093268193065,-0.2871973410481366,-1.7307585137569086,-3.8690875648438867,0.29400654788933656,1,1.0664239405395866
4.382093233729806,0.07984421355678764,-0.49287623159544003,-0.3770797222855151,2.0456558870790555,0.45182215753279453,-0.12986154154076143,-1.3304533005023607,3.2274833025708385,-1.576021288267905,0,-0.032824305340936194
1.559059524814686,-0.46224879980479827,-0.5700397212591936,2.8727047557442984,1.5881645877077475,-0.9899777061742012,-1.6045081011264277,0.6561163564187322,1.082715615482777,-0.6244341077786908,1,1.10066232273973
-1.2777656581102015,0.28177741093817515,-0.8726970466756152,0.9267032826077249,1.3219867772682972,-1.4059036242716436,0.3814538482246718,2.481422846236576,0.2841382242953664,-0.5249385400327696,1,1.0295660364426242
0.3262037808979278,0.9546332141744338,-0.3860401497541446,0.1491032091324893,0.6440424366237525,1.5837097715872996,2.1993738920659105,-0.4663360239295217,-0.3551073097126006,-2.1139386989100997,0,-0.0508008264704111
0.5634003699314669,0.1923469667298092,0.6676485548963738,-0.055087469631626584,-0.12186629717332753,0.2737102199179464,-0.0010502773224405912,-1.6747255989731524,-0.8038024984424778,-1.1695194675748495,0,-0.02611192397712534
-2.7328833282755944,-0.7385687365197625,-1.2401248355543915,-0.7495151610565147,0.6186609752161996,1.1140773658507868,0.08920107043815123,2.5443902050876974,-0.7479842588999733,-1.3822262746091878,1,1.039059060261187
-1.5481052923176515,1.776093516300981,-1.108137125202281,0.6476682194283987,1.1306873222353806,0.09818003461767717,-1.2122558029887704,2.419910963874103,-0.02745955116700177,-0.9595878935104943,1,1.0526322208807781
1.4502328873425112,-0.35049930495516757,-0.016725250531818503,-0.6892400005726343,3.075360274389062,-0.9409895699196784,-0.10443249249467816,2.940308624182793,4.24675608775037,1.72426921582372,1,0.9964642204137769
-1.295252699484914,1.0696970282250169,2.2858483254966373,-1.0854600629196978,-0.1856062162637333,-0.7559054248131174,1.3933804250532045,-1.3876980113395925,-1.8091827013025121,-0.24971255004269588,0,0.0022329140481733203
-2.1341780654539173,-0.7808887535842894,1.0875499246501568,-0.019252878407195695,-0.8011552634697159,-1.5376587823325518,-0.21589544897024565,-0.9144636391335303,-2.84763785247434,-1.10102793816856,0,0.03791765163220328
3.914733580553127,0.025917531581972887,0.08079281270628191,1.8666339180332008,1.4605011502680045,0.020115658460984176,-0.8914307886203613,-1.3198803062107873,2.2735503156612853,-0.30597479171046293,1,1.006589921350541
1.052779318640631,1.5131121538991341,0.8746845705617587,0.8450880832856251,0.24069155201916637,1.247522824709503,0.4852924671514477,-1.0192956118929615,0.11159300951218697,0.2320312845975543,0,-0.06467524296691879
-1.9072940236735292,-0.017209248613737058,1.6463321106981925,0.43031857040541,-1.3151579626279892,0.4536323811502551,-0.6349673925434586,-2.0291412916870053,-3.5977967962185167,-1.162878272835702,0,-0.04064870123200903
0.0008092911377910461,0.2555644714192035,2.3285244947931774,0.7396626280610472,2.3090686145297603,0.6601624423212223,-0.1886780658071297,0.8431456553929547,0.8912981889706184,1.043671090632929,1,1.0117559971575834
0.2640424407773443,0.8373208184586205,-1.9485762678032974,1.2490855795298244,2.960747016411851,0.7629377078192788,0.16047988053509865,4.002862213514688,2.846279244265337,-0.4004260615478282,1,1.0607741208248846
-0.7708439450802674,2.066384065342961,0.5141330118323484,0.6759340551158977,-0.006471367525764604,1.3699195174350716,0.671258798253038,-0.39531554183427525,-1.3162362752876187,-0.823161895801362,1,1.0807991212081025
-1.3054594184375423,-0.5779204294253065,1.1651394663319843,1.2592342005718615,-0.1460010037433188,-1.0131601006204425,0.35389094021419243,-0.42455717986356234,-1.917947557223772,-0.3001417587745816,0,0.03897647103857252
-0.07733318676519041,0.050698146483262194,0.4064500347039559,0.2245225082887905,0.9153107316038571,-0.9755841869219186,-1.1812854905722279,0.42879982303757325,0.23625310643777256,-0.2623998653847309,0,0.014364538051818188
-2.779655124838378,-0.6143019746093197,-0.7106510633689389,-0.6767992053874086,0.19751145361753275,0.10671195551176321,-1.1361412272880784,1.7911317361830714,-1.3519562546091597,-1.2984506762595713,1,1.0374406942991239
-2.9489984291944213,0.1712399746285645,4.079443033264722,0.4825221846455966,-2.0781648204788032,0.04050974766480079,-1.5124438977481807,-3.8984788025277224,-5.820481862120154,-0.8256402809672886,0,-0.03333754251034279
0.8943503595845117,0.7250884751862952,-1.406948509962759,2.1457112898866866,-0.8713736484028276,1.0430956813541108,-0.36777556743851,-1.0159650766717938,-0.9303728819324487,-1.4548289418650453,0,-0.007661548012910709
1.1058894003075854,-0.5317938433986712,2.505207029974814,-0.7472081362127388,0.9907280837751677,1.6587116265013544,-1.2750596349918093,-1.4233388401474252,0.6048367589826117,0.7403301559392037,1,0.9587934639330262
0.951948955402702,-0.9599946094776602,1.5041585179724626,3.2391790392279667,3.386681515548185,0.004732485632645278,-0.21961577814898187,0.6859715824731482,0.6165959788986531,-1.2299844288476967,0,-0.06243713053538558
-1.4955316471637823,1.5490927450224867,1.1403322140863836,-2.9404563957032614,-1.5166582434539668,0.6873053990670901,-0.08473258620756811,-0.6606337227649055,-0.8462176378461608,1.407271656850103,1,1.0166774505818101
1.9386694878035646,-1.2364090633099685,3.3673649519180637,-0.05435091186366514,0.61965277174412,-0.8993370075926037,1.0147100469870254,-4.228843757193742,-1.155135169457952,-1.4565062316394588,0,0.00927566532923718
1.533185151519231,-1.6156743024490388,2.083027012073775,0.5803060994307596,0.8033969471614967,0.8169199092313784,-0.943270974421299,-3.0342403703358323,-1.0136339655912732,-1.9873744579321462,0,0.034382624225450645
1.021297336912596,-1.3286367363868248,1.9135240650219847,2.1814522014111954,0.500020673659781,-0.14306646977155701,-0.38713605650313815,-1.8800076823324314,-0.9399082167812474,-0.2758956796023403,0,0.02730559154462236
-1.7099981370433366,0.4711892435268481,-2.9932267891809694,-0.4505259991040338,1.801276954698125,-0.5209609387301187,-0.6869807222637341,3.613358298340812,0.6767572693476981,-2.8813722783544033,1,1.0121322135661932
-2.3660158504656557,-2.5370383268528904,-1.3482078448067463,0.16944539585586504,0.9573630301030762,0.7442766687762318,2.241960063570164,2.808772640187733,-0.4469771688879113,-1.2406084716234311,1,1.0278308332838777
-0.09621201845532823,0.5079944060806837,-3.0643886540619487,1.3561819710236422,2.6008429224941594,0.37631165839944986,-1.5704853145744255,4.062174576063397,2.2131390700066946,-1.739065240357677,1,0.9978658451886262
-1.518551583410771,1.2322569131326109,2.0881763936001585,0.4648473304975349,-0.05974503575417589,-0.6734857671298948,0.8812491026944852,-0.8881747589835266,-2.121823947323264,-0.14151675501773775,0,0.02064456976112003
2.1318620012113283,0.7811351042807543,-2.1704323586769907,0.2059008924422846,1.858933956909997,-0.7850440673775239,-0.8325312876007627,0.11113922518308769,1.5185243569028368,-3.702970369857797,0,-0.03630722013431798
-1.2402927465535338,-1.679725263626313,0.29176813427950576,0.7783865232909437,-0.04501607762434756,-1.6791111258943503,1.231416289443313,0.08795326391967988,-1.4503677508952393,-0.7537603878426726,1,1.0184852962819566
-1.4356604000463935,-0.8940985330124812,1.685793789533308,2.1051127872731605,-0.7424996808585458,-0.06393610801886326,0.053872378337375106,-0.9997981653893947,-2.653716787770158,0.27292482376960137,1,1.0334208842643005
2.693289256600103,-1.0326003090956788,4.337758934102571,0.45455169723537625,0.28045352621443154,0.47241453107700754,0.5965214815838114,-4.780875755882041,-0.68996403348708,0.39253550796981784,0,-0.033484071403610156
-2.0935792114152583,-1.0244492558134517,1.5633539444273497,0.755801455752964,-0.008357328642710105,-1.1458754995187108,0.800813667832188,-0.240193119667918,-2.36887844180387,-0.4957472920525545,0,0.0025916049496423365
-0.12489236537006043,0.22515969346400055,0.5469154768604153,1.5190654084297879,0.029537652394829972,-0.5713519767967743,-1.7284530384221535,-0.8402552411806962,-1.2939876834842665,-0.9179804693161274,0,-0.03118012548146798
2.562196532206735,0.4885867816076042,-1.762560310114405,1.9966547189766395,2.279984465691542,1.0858932550686864,-0.26945859992531745,1.2889858438751023,2.6552458163321324,-1.2556690977578435,1,0.9736746651741942
3.6024884837871567,0.4770505959654445,1.2970847963216863,-0.4581728742749185,0.4802974963199652,0.33953672341531277,0.3626552857750062,-3.220274766664456,1.2658772584413813,-0.5773985134755046,0,-0.056246467755107735
4.192128809388456,-0.42785033212746104,-0.5437114096980795,0.42699320838394605,2.1422619855516656,-0.31676822947221095,-0.14884086876884484,-0.556284957958569,3.501774661308698,-0.6601529112069859,0,0.06328874625832778
-1.2593765669551162,-1.0479321382171352,-1.2439391092126595,0.9453979257593742,0.884317794332212,-1.1619055302136594,-1.290257107571355,1.9453842855178352,-0.2660570474154751,-1.273967092863135,1,1.0532842587360023
2.6967922460071616,0.14260549680484408,-2.1954072851814836,0.5609822312021879,0.526250560529938,-0.043797739748130886,1.2180329758869035,0.6535153173264805,2.781450062877711,0.09225693181081795,0,0.026871692711366857
0.5409633393805163,-1.0733941219203937,3.158608097426799,-0.6793130023325609,2.300607508901561,-0.0672736080289046,-0.04446110620957235,0.16718228153217127,1.501388640091066,1.7074644382060418,1,1.0986097975971907
1.090220904942468,0.07194170248947031,-1.1105478934187902,3.2258455299748414,1.5904848847981106,-0.5571549260687367,0.8292450573172894,1.5085361261082508,1.1406063309806718,-0.43578306441304626,1,0.9905377151715804
-0.2734546533999662,0.9905164908765058,1.3775863111771502,0.7683222843455868,1.2885077784887122,1.0219912832932159,-0.19303151742147923,-1.2606250476910146,-1.6099489825564446,-2.710689947846235,0,0.15158812075553174
-2.342849124359254,1.1457061495466685,1.0057854320299318,0.2736780496053114,-0.4367657350020753,0.7911629908763239,3.149152917692769,0.28350255651123185,-2.0674652165687877,0.06672589354007097,1,0.9886235292318389
-1.4339363810871255,-1.079915055558342,3.4306664347541416,2.114244911309814,0.41167393977543054,0.6853275042016005,2.299777867630661,-1.8289630783874158,-3.168736957008499,-0.5770211119260209,0,0.012759667587800822
-0.3109423405156213,-1.558671070075632,0.20458104846997138,-0.9247849615806503,0.7610666242709174,0.449134059572827,-0.31251339893659885,-1.1178205948766542,-1.2298366790412656,-3.3035732797699033,0,-0.01988889569701041
1.1545246461725818,-0.5988208949637396,-1.0966395601125134,0.07346244341201236,-0.23016909892722248,-0.8119781621162306,0.10756483436979532,-0.2983620163330016,0.6991848720556751,-0.4569332665565209,0,0.01861627800301525
-1.1542309345520292,1.5784664170866447,1.037594957958447,1.3163427882603065,-0.18028640048227862,-0.15370112903848923,-0.9709685208433789,-0.9241222429105923,-2.2915943881984653,-1.1528058462868427,0,0.04178074639431223
-1.2231809528743802,0.9650288636784102,-0.6513239759206033,1.1416413561840535,-1.9619127632870779,0.11770654401730293,-0.03117784586080743,-1.6019552812078726,-3.17537863927452,-1.9335366441109443,0,-0.005695819652654197
0.7855409386522256,-2.1064793481107085,-0.5783982600324766,2.4207918278268648,-0.6176071490411161,1.2052742251303956,1.5900607688497592,-1.128070368225978,-1.0557897653319517,-0.9914259193123238,0,0.08883599235588104
1.2216991093758283,-1.1410913602004742,-0.258860179092411,0.8786171321863175,1.6449299448053631,-1.198442465947841,1.0651945149104205,-0.026617885552430026,0.7288319363997466,-1.822862255795899,0,0.011957464231673036
0.9853504056940057,-0.727902537351271,2.360887760767414,2.440049235581019,1.6027077235083391,-1.8211756922720994,1.5461797963224655,-1.0797847293184994,-0.3189412371005204,-0.08274097166168215,0,0.013524269305509956
2.205105106440259,0.40430934423315834,0.9532583271767603,-0.08089539905805943,0.762420577680888,-0.18742126329652878,-0.8822321361467608,-1.2306093817626835,1.4155644978621007,0.41441690102455286,1,0.9545501152743141
0.45986835726576036,1.4631595783263154,1.0067503726982363,-1.8649155458198736,1.4805765691045658,0.5558882928895881,0.7997571119439482,1.0682443592609259,2.1967942007282737,1.4619957580420853,1,1.0209249537275191
1.0972495618358762,0.9955541770856634,-0.8226650043393826,0.11177281007936524,0.08228963862599814,0.3596591019916207,-0.08026108840161325,-0.6222467349180457,0.32997786251553685,-1.2218711308218442,0,-0.006701361040468281
-0.8140984722930331,0.21152727293344598,1.108329777729339,0.8159443437253617,-0.8442467779819566,-0.9872212934320279,1.3222805504945006,-1.5345402251544344,-2.234350911341666,-0.63300012574157,0,-0.030411986466864344
1.7138757438854237,1.8298058082363127,1.1329042896979051,2.924058129141187,1.8856599683557183,0.11622228981326325,1.1861639977190568,-0.34233857538050805,0.6830552557714006,-0.23110552886649138,0,-0.038823720407418195
0.6588731712059166,-0.05453923262740382,2.4224794812555777,3.418872811718101,2.1104234668830775,-0.848489928325443,-0.16702639260598132,-0.5324007023449029,-0.5098514098351453,-0.2530759792857328,0,0.13358816898783427
0.9934534657589897,0.47106001785919405,3.390953217078833,1.1441768485492556,1.639518719876199,-0.8593693550501899,0.4178364285139264,-1.4451470590334539,0.015251392615485066,0.7509608104480296,1,0.9868261374910482
-0.08654228574683231,0.30864931183403793,1.8863382492053913,2.946776986272286,0.7166898291274924,-0.07546497675724476,0.8295455004313278,-0.917012242085681,-1.5039907032911137,-0.22402888217276806,0,-0.0728492710390634
-0.6827707706553288,0.7695061654805823,-5.259243098916079,-1.0375402941405807,4.897297779532021,-0.4421122559156888,1.0799427618159991,7.9458980269363915,5.161163680391553,-2.4883412867875476,1,0.9650889270133713
-0.9412849222927078,-1.4581753551597205,0.6824092981996737,1.9003948009023421,-0.600179836455035,0.6900950528343576,-0.1475695166485416,-0.7379935403756062,-2.084049296510361,-0.40992456008047506,1,0.9974216080261893
0.8523897480779082,-1.2459393224587663,0.41102786710331307,1.6710115420921547,0.29977294321394454,-1.967958113510384,-0.030413804261923336,-0.9653167480304643,-0.45531264390842485,-0.6941086436499497,0,0.02733335163082425
1.6430345755704847,0.36598177970564444,-1.4940091081606934,-0.5382455597512934,2.3491440760513616,-0.5138704678359602,1.5243983395076335,-0.030440645149133954,1.1759484067535895,-4.320324536035383,0,0.027739826086265674
0.12483535520362776,-0.034007525801909466,2.096333773227884,3.0222596418389536,0.2609095946356703,-0.767082877118273,1.8716912472402363,-1.291433476711431,-1.5300773522392968,0.41632484231760003,0,0.03383072758882627
1.4640779432550661,1.6247843445422587,1.2337152035732701,2.7202550283650355,0.956582851763775,-0.9434401726439898,2.5620445488323704,-0.28715552226485114,0.6989367832985756,1.2943829073178428,0,-0.032243015331866486
-1.050572822862215,1.0653616441603704,2.479871890234527,-0.12282447655369877,-0.29873522550105736,1.263600948736405,-0.6668684892663096,-1.8194723931195456,-2.1898624426377316,-0.289412708968103,0,0.017022022175077273
1.057461786535276,-0.34728231001055804,1.594586982718365,-2.127209784689491,0.07720452532973587,-0.7357155397671844,0.4500561263589758,-1.3196662789665812,0.9721717728170621,1.091269102228342,1,0.956197026794471
0.8229767533070762,1.7005271872564867,1.9842110496310241,-0.511181451210361,1.43522066732022,0.6615741782087902,-1.3131262018474679,-0.2596013627472477,1.1496004831118043,0.9849293604835653,1,0.9690178508492994
0.5966359128545838,-0.33230216733719936,-1.6209258611026134,0.8631093163249076,0.25452132920157744,0.8888154609240404,-0.6648912141491211,1.4788536923780715,1.364565439380187,0.48994218164317327,0,-0.045885448725012976
0.8569795231475121,0.8756587780480651,1.2876609112817679,3.0730521480825748,2.4312491050901635,-2.147114083154827,1.5208196849121554,-0.019176023555102364,-0.04378638221443279,-1.3104809899569763,0,-0.05941944272991348
-0.5261254603424583,0.4025653722306897,-1.2881401803901849,-0.17952447082206469,-0.2481249568170435,0.5406448765371263,1.56487170710723,0.29359719440661025,-0.5637241780666647,-1.5420537438672457,0,0.05321047444290044
3.8191394674559187,-0.47335693821762637,-0.15940117941947318,2.358276053008554,4.161150873427209,0.8507238344674278,0.4186859514992846,1.8946328978382858,4.695770312285542,0.4400398134308633,1,1.0344305850489444
-2.4055259527846613,1.500243280444373,1.79196421190344,1.5406506329372527,0.49757573603688865,-2.0006699903452505,2.0643241912263774,-0.6056208676112096,-3.339255423098556,-2.027849885721041,0,0.0488332684989065
2.59112311077606,2.1550738667656373,0.41187145875693987,0.969864836101702,2.037249842718812,-1.944769796850374,0.06546753183972158,-0.5037447533844656,1.8831680717744026,-0.8038776830842232,0,0.0019656533012148156
2.3829244391339657,-0.5863741639381664,0.9885009239149143,0.36722197333258344,2.0811956033400807,-0.4227821713254149,2.7902313997811348,0.08486666762152142,2.5756818574125493,0.7978574014075386,1,1.0388403849432573
0.1955596319336541,-2.119932071030424,1.1194934811748678,1.9140940491735678,0.8060466818208527,-0.15189170528911575,0.26704547023449804,0.029320265476392618,-0.16157786676386277,0.5288664769182112,1,0.9119355297678727
-1.3418210106830009,0.07442264023492703,-2.16925925870319,-0.25716891080084503,1.3413338572888265,0.1105032189639745,0.41640522452206075,2.7474942834615566,0.4761469161795798,-2.0353703156294953,1,1.0431543759022677
-0.34747056156437994,-0.16818624794052145,-0.518044532007413,1.0000284441464231,0.6894299215658601,0.9228101475483717,0.2773375624002388,0.5960688284662733,-0.3648348412443426,-1.2633589997103343,1,1.0088559915002515
1.2995620559792247,0.5194510829701859,0.22015918416645974,-1.5650722868305014,0.17010853228460343,1.1668177599254037,-0.9817447655352954,-0.32140660598323145,1.6540817786937911,0.9616750225974987,1,1.0313554800074582
3.7643206872914656,-0.8469721005354518,-0.15479248419878155,1.2204612498735907,1.8030488875678286,-0.4757949706392276,0.8197859353214116,-0.7777445272285198,2.7219555082404825,-0.41452643324827554,0,0.01900116495243066
-1.3345633386461182,-0.37128100622667876,2.3935023545755056,-1.071440543529187,-0.12692727790172598,-0.9759127406714881,1.1649919795891155,-1.4728007246133654,-1.9207348074191641,-0.38652608997344484,0,-0.04935275772684433
2.0970411222089327,-0.7403498780224594,1.743864150983827,-0.3646269659430953,1.9335526636027751,0.7806234135090662,-1.5528720905086382,-0.5732788631716474,2.0688189992404955,0.671271694215978,1,0.9250980112304477
1.3580917277885174,1.9150853741257774,0.41124270597714474,-0.7671309829920352,-0.36756331456834923,-0.8245145678029794,-0.7877492857884731,-2.275231240026054,-0.322324685151125,-1.2962574794573785,0,-0.03560270830914816
1.4803704992533695,-1.7114304010435375,-2.876330621844975,-0.27275294132312955,1.1390026663126682,-0.46912238944430096,-0.38255139556129025,2.9428142800206634,3.6584716608067662,0.7983618998317998,1,1.0282458640636456
3.495688459083404,1.5501561256879404,1.1720152911409452,-0.15968188067803846,0.38993810304702625,0.308819068777004,-0.35075018136364794,-2.8567483107072396,1.3928322277552785,-0.08686784568453021,1,1.0345045707587697
-0.8228601360196847,-0.3850446699343717,1.335684464606731,-0.3521757047305405,0.03822906968383566,-0.22763986143253434,0.042554489545614284,-1.097194745522353,-1.525300397072995,-0.9831496999690118,0,-0.06839711386909314
2.813968072836169,-0.31200517137357897,2.336449300788166,0.30802262250493806,1.5400217421975955,-0.43494508849669544,0.027402169043836383,-2.1047545681924276,1.3742360849495128,0.2612663391899541,1,0.9509450316265893
-2.56346039444443,0.7567539136199207,0.957191828707053,-0.10208081390011925,-1.8533612887797553,-0.8716497279496344,0.30372950894454115,-2.009334377510901,-4.253098607590892,-1.967770734021832,0,-0.03616178429704197
1.4779228519260181,1.1468696729868453,1.6996523947184004,-2.619366691668195,0.7085378104769189,-1.1955365827568385,1.663008799827479,-1.0450732529132012,1.7949702198686162,1.1624296617617538,1,0.9821347469866593
0.33373162074775464,1.342300249977583,1.9766803269617836,2.868849541985153,1.085707146122108,-1.116430732954923,-1.1429281277742376,-1.3809211240393848,-1.5031629636687196,-1.0624428320432802,0,-0.06810254154263261
0.5425262750870443,0.1041764234795534,-1.6733137422106847,1.8356632426865027,-0.705726984113654,-0.938974620453591,-0.8806339165510237,-0.5493635253633682,-0.8664504368440614,-1.6810336934459498,0,-0.07110258830700664
-0.52067713270136,-0.19257651190348868,0.8503254834810632,1.560027364976817,-1.2097394943933941,-0.3833365536303847,-2.20334328846972,-1.8991693098070204,-2.5130546561052998,-0.7345853077052258,0,-0.0410917648203777
0.9374107540144903,1.0610906244113385,0.3883028047802064,-1.695076718651011,0.5689666542941281,-1.1000135359664605,1.5126329016843998,0.16657327680653808,1.756614458748457,1.0059257745559862,1,1.0043126918112504
-3.4595937529531424,-0.09020627772359807,-0.7904420665293685,-2.7948212435392072,-1.6054394277383732,0.32114872029927677,0.40911485325552865,2.2494260695798443,-0.7335252907118713,1.698610213437767,1,0.9409702830123254
0.6695210282364199,-0.6789305446675501,1.7509858029292729,1.229382415963924,0.26558513069885104,-0.18149430136296904,-1.9861352544230186,-2.0999144556479123,-1.2625432711825868,-0.8925970760258558,0,-0.005790175498588306
1.2415222318532366,-0.9359817268749496,-2.593702118126335,-1.6047354038660373,0.8647735089987212,-1.2388089684508847,-0.42658260281317845,0.8064004324326344,1.815150759652949,-2.3857983755364542,0,0.052927640807090774
-1.1618813044404135,0.3542135957379711,0.403933972084346,-2.7938779921783703,-1.9315930689720497,-0.12733917915315662,-0.38220523538307527,-0.805431891167982,-0.8034008084707531,1.135716475215951,1,0.9349110131293245
-3.707121206627728,-0.6731461641469566,-0.4954346886915454,-0.21238264843814658,-0.08030342952593417,-1.4853329239066335,-1.9166910080673465,2.266918223959301,-1.9560418339862597,-0.722727797537692,1,0.9896777120794731
0.9620540429108472,1.3803704906207237,0.778005424525752,-0.062662245822657,1.1785977569581867,-0.7826787478912695,1.295009952175391,0.3233115675423549,1.4439799345206465,0.8322416868275531,1,1.0512378366875386
1.1728772150209719,-0.026365993827086525,-5.265135679986311,0.6683294481052205,4.336200035337421,-0.24576833076499044,0.15883642876895818,6.2293613448096234,5.092004578482177,-2.562971103922866,1,0.9790865804818095
0.15890112002542034,0.7167900250015904,1.419755823328659,-0.38669845877753417,0.6849481052079489,-1.111118140552169,1.498044567573533,-1.6823496078992384,-1.0772188775875824,-1.8799640022088384,0,-0.028683484542920946
-1.178210846066055,-1.0283008935328097,-2.411630897943585,0.06726003350467291,2.13154109114219,0.24771624676108014,0.0925894471507929,3.8520630001904377,1.4565208691377693,-1.5643798764998644,1,1.0581747907153236
2.3761666114851137,0.22274924178874314,2.0145725867755715,1.079310023964263,0.32634082640140605,0.14688596919378397,1.051366936525875,-2.029222223185247,0.8238298974198692,1.4475719683544161,0,-0.015310103948577392
-1.4440341688012133,1.0717847351124632,-0.026484536754471488,2.83014329358008,2.455669180220003,0.9181245966034564,1.2189414878978704,2.263693119480511,-0.6517590377008713,-1.795701174986637,0,0.0552247512602784
2.51078933675931,0.9598778643642437,1.2668474226387898,-1.4704494113480486,1.8712089308835713,0.32119694208692684,-0.7587855883927003,-0.2879507704839252,3.0326197106746595,1.0734519558560676,1,1.02144826955636
0.46994300378418485,-0.43976629661842037,-1.0185348026799637,-0.022140299783427908,2.587039640066621,-0.612630237691251,-2.108756774461991,-0.002570110617921362,-0.1708471183814785,-5.304530102852437,0,-0.017142232645491837
3.169165615413319,1.0309769978001706,2.456496026704799,2.262143673197543,0.5877487619781987,-0.6990268077477451,0.9884959699784608,-2.5464187408544454,0.9122126825692516,1.6061855651027734,0,0.02398452652987652
0.337640307173142,-1.6380877696769822,0.17371945946351763,1.4084044971420366,-1.3816771192792225,0.42579276512713315,0.21943726230351937,-2.0691800328006074,-1.8387455617155506,-0.7725893263411824,0,0.01602247569230189
1.48318255594346,-1.7372236639299854,2.4231265012557435,0.6770461212515146,2.7819555783265795,0.821851746517181,-0.03555560313454981,0.0012870995328705223,1.6837293683165935,0.5604673695540097,1,1.0510441410501237
0.720097900908829,1.9212547448902826,0.9901932230333855,0.7191035516898867,0.6893937456812107,0.2731550441553249,1.0431645166676666,-1.5597342705328843,-0.7946380485301923,-1.6881878443727278,0,-0.027417276893250925
-0.6511090296675983,0.6272006686001335,0.9647530724290165,-3.575364475733298,-1.3156306471258845,-0.22550327378180124,-0.2580648664857179,-1.0456592551439794,-0.1686167496385694,1.0902230187226332,1,1.002060303339081
3.138121736127889,0.14657967653509593,1.317472621069145,2.289687066926092,0.6503448405459065,-0.19760335219079425,-0.66334263694764,-1.5798504550277455,1.495057696947239,1.5189947059499431,0,-0.0030757839802318704
-1.3803903641018436,-0.1617474680463642,-1.5510605381521807,0.29061726436977386,1.4457115850446862,-0.07677069265281299,0.36286267461186394,3.0066173889456786,0.6764175156384623,-0.893787576518716,1,1.0352074070819892
-0.6767143050123727,-0.18877525149197352,2.4862432704316655,1.0005144480343184,0.15008853189021232,-0.15836963921082514,0.7587598585760394,-1.3224722858887972,-1.6998042736156826,0.25511379632767395,0,-0.051258959722208786
1.2758648627521714,2.029790582586369,1.1250994026192962,-1.4238975200873951,0.5614037350094778,-0.4019212987233088,-0.8724536051720158,-2.2174924849345716,-0.10046969646880517,-1.7807388173950487,0,0.0508488524118928
0.3969482146866563,-0.6162696710851978,-0.14793275114419246,1.7721208757813804,1.0656198197334652,0.09381892114058153,0.34805955532645233,0.6229485230954755,0.2968330034553137,-0.47743898725593004,1,1.0233164386085207
2.3007458070779294,-1.0870345895422158,1.6539461047348583,1.5896579911284507,-0.5384592437884077,0.8777747615288143,-0.39020826540860476,-2.2993070588675786,0.35046887634599605,1.7891753958508376,0,-0.06584625368164732
-2.3671517823310237,-0.18119592362423093,2.139348984662445,1.6331467461607625,-1.6561727287264705,-1.6095832266413177,1.524624077397308,-1.5387353364525977,-3.8066732415126765,0.4658102480924191,1,1.060413141274025
-0.6862549716895443,-2.1386408152333383,-0.13381112970242715,2.7128758365902748,-1.6302780076864964,-0.17557247215078872,0.33661036684632506,-1.78193597732514,-3.149895208713997,-1.4759038778927227,0,0.11170465403988657
-2.878002254275078,-0.17454396454890916,-2.661280742157122,-0.39941521344483766,1.4533775226826426,-0.2622695669411927,-0.4710085428096335,4.292364301897649,0.17773107694978854,-1.9169784426108425,1,1.0500916984774704
0.30421649402335216,1.702485288318987,0.48639304490906776,-0.8385592927697947,3.006644742734021,0.30391708927005817,-0.973603980845966,3.5971667980533364,3.8162055282944736,2.4615648484720767,1,1.0713492383613235
1.7799745187703846,1.8852019589797915,0.11555363440502509,0.13178258483401517,0.9822981663479025,-1.9026659370642653,2.1525730335278936,-0.8909498089259189,0.9401721875439488,-1.0617000886533667,0,0.0042685690801294056
2.7954015758175332,-0.34036908933230214,3.1894636159737235,-2.62562748848525,-0.557147175533953,0.1547576933444065,0.7068144471068956,-4.5297790960098645,0.4408492064680425,0.7340963882157011,1,0.9169247540130745
1.136911396634085,0.8385853740677481,1.364384493832755,1.2435331049500253,0.8156042716126273,0.8955953085619345,-2.1716205602006857,-1.9289094647282676,-0.7725454018676771,-1.5495229082637119,0,-0.09220602255837625
0.19796828008847966,1.5682053048123137,0.90367007390965,2.105014784379845,-0.30777846272632425,0.12090470380010752,0.17004427758738927,-1.1810024443233273,-1.2986225078405178,-0.08475695454999288,0,0.012754102193387924
5.245408144952867,0.9498845395324536,2.49683571260378,0.5493553860940255,4.561744740540654,-0.7944012086398788,-0.10220881330062143,-0.7215796108207578,4.9447213318080045,0.6429956352979462,1,0.970401059613501
0.17393500332279077,1.6672439730730535,-1.2860153412984476,-1.0309526650631995,-0.47333782345352904,-0.6047829230838194,-0.7464219985002193,0.8491857204686415,1.0688637222195894,0.6374884098800364,1,0.9542711860836324
-1.3697082194446675,1.4520928219006812,3.322716064035447,-0.5938244549954637,-1.2613924437886066,1.187093255437758,-1.0461305400378227,-3.33213549899977,-3.505674275080252,-0.4908886338224505,0,-0.0031373341984337676
-1.7672694590706994,-1.0056221605270812,1.3136060216817005,-0.157785825721259,0.527802885436319,1.291476911394445,0.6780450358374844,0.08556162928533646,-1.5541544685811495,-0.7927793526448739,0,0.03077926439306441
2.3524445579108915,-1.0736192517113603,1.6292235072823278,0.1512604985885071,2.669318938972868,1.6496952233425952,-0.5851929711503682,-0.019623807021162527,2.5916393865359733,0.5368964662308786,1,0.9273621226618927
-0.5689014010372884,-0.061626671865441934,1.2371045732156203,1.5864876859554817,1.9132585592784372,-1.6253648340213114,-1.0393404902425858,1.183967976766173,0.0855245198164501,0.05279110300549217,0,-0.022443881014019243
-1.0621084326242831,0.14288568515878608,-1.4459977196894196,0.8900756828311746,1.0782186179143705,-0.10347029386141172,-0.24088882582244325,1.9522775712741114,-0.10961896869133861,-1.659659165724743,1,1.0754935341560157
2.563278625181866,-0.1523018215145934,1.9436715466036225,0.30040674984823923,1.5833909439736273,-0.03743872616698321,0.948161853489166,-1.5302441054681462,1.5478133706552069,0.3550763372719765,1,0.9462355809889312
-2.0254204559305498,0.8443590577105803,2.9039656918036627,0.08415371239945124,0.7587192447955577,1.87244027357434,0.3710480058693341,-0.29670543253131304,-1.8854016945488268,0.17755089122116785,0,0.043488059358247816
2.263078829837755,-1.6144584500181622,-1.6558775136917183,-2.5475914698351834,2.45548408579302,-1.5081435589422487,-0.4050481742120308,-0.610738887248883,1.8560623062355701,-5.033199477534609,0,-0.024236538077449698
-2.185217816555181,-0.4455497514310169,-1.1882163306163966,2.1610144218126006,0.6248757558053063,0.8864755616767508,1.1931942244766973,1.8794040555499203,-1.6857343232498276,-1.9440250244978392,0,0.027289687992497636
-2.959887871440567,0.4008234927046907,0.6591589684084358,0.554690125153249,-0.8246586727072982,-0.7725446560735268,-0.5549864038607362,0.33849571278299045,-2.824798752323671,-0.3960697724530461,1,1.0548663753601433
0.37694618585235795,-0.6024182895701564,-1.876797013728864,0.9312875910644308,2.078633957218627,0.21613440352018298,-0.16150690370406642,2.400060394685823,1.6462376666578302,-1.5460346749019136,1,1.037064088349251
-2.3769820865163482,-2.218547818024651,2.944281782677944,0.0809145921225477,-1.893533065959235,-0.3678615779268347,-0.019467369931150013,-3.1297827385453063,-4.645173507952327,-0.7760970195980115,0,0.045457980110693824
-3.3447959269511283,-1.32635147981429,0.03487509203613448,0.6232996383612923,-1.1004178486174059,0.13060066634858677,-0.28261154191278054,0.6337461516267618,-3.115222801026459,-0.7593479754542191,1,0.9424203233296022
1.5341963247175128,-0.5468587027880553,1.0254115622798947,-1.6881545140507495,-1.7108011941753851,-1.5336858334078363,2.4275702999638202,-3.411424534364867,-0.5763308126651555,0.04412060988106514,1,1.0556829853370648
-1.0176090244728289,-1.8334473411343302,1.9909885334860724,-0.4560334161555908,0.7357668743559914,0.6787981527924805,-1.0077155589906335,-1.4061066785145417,-1.943245861329218,-1.9586869944803686,0,-0.042634655731740995
1.0538492562560706,-0.30053701105197567,2.0505040778870987,-2.5655206394730747,0.7046559947666684,-1.143050175120014,-0.8761440322706797,-1.177695403081038,1.272858884246514,0.9678846535357714,1,1.012977088278577
2.3783058364735323,-0.6188632918041952,0.23439657093984256,3.664841246605186,1.5746505227970569,0.14194397403001416,-0.025806886085635042,-0.07081088755426312,1.260211195143968,0.19007604539269884,1,1.0129123093498613
0.9984432790481375,0.5887633688573388,4.193965034966999,1.359540737571859,1.1752980546552685,0.4495944755482657,-1.046377059275956,-3.182454702916188,-1.4651967693901216,-0.39330693551424467,0,0.024256127943479047
-0.013415412880607658,0.1298368649773061,1.0716625441251317,2.14076320565501,0.1887647046015991,-0.3135931379308227,-0.6346319256625306,-0.5857022741228384,-0.9887495649165746,0.1540953099576976,0,0.016847833803009526
-1.0316862803964462,0.42573980755758756,0.8762630931550566,2.436181538074377,-1.943856306253578,-0.1868763279684904,1.530538550424739,-2.6001736886555022,-3.9249863567622083,-1.312496073948548,0,-0.042190498926236164
-1.086235506489634,0.6841165509829463,0.9229474786857852,2.1299112914389786,1.0200589103317916,-1.6685228463907964,1.1523527580717836,-0.21803258266429057,-1.9939312591686014,-2.0106817334460194,0,-0.06749337061478582
-0.2524272566421787,0.29911450867984885,-0.2691227235091419,2.0867475436718124,0.16199452206264053,0.2173215199746465,-2.3421814570741026,0.1733361287747093,-0.8605587962978541,-0.6834105069190096,1,1.0436174339980884
-4.21021937216195,-0.6469744506124253,-0.41749686831251487,4.045916453941338,-0.7609386243378358,0.9508100914026137,-1.1211437327974334,3.020940448096716,-2.964643741638407,1.2266084867539675,0,0.009291728875945779
1.8343952976097728,0.12423718224557945,0.7546272908452919,0.8319637285501863,-0.10019461555145726,0.6497339456925202,-0.9090845053737056,-2.2021997084689646,-0.16152936784811342,-0.6037797597362575,0,0.05746884204789089
0.886381290002709,0.4976743610439895,-1.4431672141328682,1.271781783953271,1.6613016247073666,-1.1404910543593736,-1.092756492699453,1.0719859351314158,0.9836232499024051,-2.013865710896687,0,-0.002236646709393399
-1.6326985637411315,0.5150028414775658,1.3714837650170808,0.36204366509588615,-0.5539548309207123,-1.614833793638587,0.6402147497037468,-1.0754480578005918,-2.5252366746489647,-0.8274441397105454,0,-0.07025821803384802
0.4834531132972646,0.1956070478453668,-2.3934980900279696,1.453017181859754,2.519449518705073,-0.07374431879470807,-0.6902956725772437,3.075439533214401,2.0554976436593493,-1.7275119139253912,0,0.04830648405020531
-2.7062018441628295,0.5039667278948785,3.691014594154947,-0.62342688081479,-0.18597928456820556,1.7059845713811583,-0.08315536895049717,-1.8193519853809959,-3.559862182162277,-0.5571315602622793,0,-0.01851853048305535
-0.668681944712161,1.1088568982046167,-0.5906972894779665,1.5913496365667843,0.7769611246290731,-1.239898301541024,-1.0688403128408261,0.748086120525127,-0.7912557429014203,-1.6193830697709433,0,0.017100172871051058
-1.1941816776771792,-0.13207310554270418,5.049047429115992,1.4482454630591015,0.4954435797304576,0.45583143556578454,0.9429812404830894,-3.8050813669292194,-4.207633797695469,-1.585888054532353,0,-0.03237297142397596
0.5637836481504013,-2.161299811880606,2.235695774315379,2.6659223678626685,1.9623966561026729,-0.5437334518235517,-1.9888515999240137,-1.1371833100504116,-1.0092837537073838,-1.4519228168999168,0,0.08221508551168454
-1.9956191182105498,-0.660558885566455,0.2742381340761719,-1.235535104374729,1.1655134662379845,2.096751303974146,1.1070964005909099,3.1984543045029867,1.2119850135664552,1.9356359386938187,1,0.9561717587908402
-2.421873084519481,-1.3635646617600605,2.422383429244068,1.2221273978961245,-1.7334178716898538,-0.35608895229396426,0.6842523289924134,-1.8036990765303347,-3.910232542639042,0.48416275745475224,1,0.9831285122946912
-1.3230276267805718,0.43815367569664115,-0.30919163272031225,1.1681322648638928,0.3051855892356615,2.041617103033241,1.5610040907501053,0.9813271649778104,-1.004863495306741,-0.7287233944423139,1,1.0053724351348658
-0.2325620261848913,-0.5199592747275738,2.1796573384001174,0.2664541910453919,-1.1556389922035835,0.5867846392387319,-0.2882329121097101,-2.804844126955528,-2.3202046568850583,-0.1394130647611984,1,0.945390883645652
-1.5580400854749048,0.26293706216015633,-2.1080837002089297,0.48548122556297135,1.5086980705289887,-0.8232638151931552,0.5455412683402913,3.379477861654731,0.6197253568032022,-1.3558761673014073,1,1.0165259764293797
-0.8299974415991491,-0.8086474992604464,3.371580280066804,-2.4997707857661364,-0.655389347198396,0.38987183628168326,-1.221007679224901,-2.181935701790732,-1.2555798367287276,1.266683292471297,1,1.0805955238733744
-0.8690711711982533,1.2392327717772267,1.7106188835512983,0.5547077536943079,-3.0610707010183975,-0.6235708457097872,0.5948062747511941,-4.435669848642553,-4.561647169336049,-1.2725119136688807,0,-0.024523108034685524
2.5196319127882947,0.9702551153286566,-0.14452711716499578,-0.5009697877160451,1.8590509833308686,3.1750305303442974,0.5032679067543145,-0.9996184771910411,1.64186801595267,-2.2596821807163083,0,0.019757140951586274
-3.6878828554905327,0.38452699891372805,1.6206127980966187,-3.067496521636634,-1.847123755121042,-0.37204488290242393,-0.43974225166042313,0.08122466870987602,-2.332337303903837,1.5204069398809514,1,0.8625282306980722
-2.286739689891584,0.6084856772731269,0.200728276150284,0.2388539893102557,-0.24611473246822202,1.016875000188552,-0.5486234979149337,0.5375861815021092,-1.9994790456223805,-0.9174276331614002,1,0.998053539975758
0.3350503995990104,0.871326893386785,0.567466248639912,1.1811238472792314,1.1970791827372707,-1.198627125914292,-0.0025720026487927147,-0.14546169631340555,-0.16869766968268732,-1.0773772637344203,0,-0.01565211429631027
-0.40483304017919264,-0.6945540266757808,-0.1876412658815867,-0.3360454358053018,0.7498380573764099,-0.4821859181977997,0.8185824872952885,0.48711397732903244,-0.03807744991169607,-1.1120165161897184,0,-0.04092488012051925
1.1746998137785654,-1.0366316716631891,0.07067681150659177,-1.7248717833495775,2.0039095249765984,-0.8171187621701012,1.0421482458679832,1.9664352484681238,3.4931867176350564,1.61814590087519,1,1.0540725234814265
-0.20333867843824627,0.5283099801262054,-1.181968923506055,-0.9597393773615785,1.3684202057139832,-0.1803440966691993,0.6360397748717278,1.8316757728213875,1.3327194968576106,-0.9677787824744948,0,-0.016312184081191408
-2.062577058783018,1.250785339062316,0.6248278937401461,-3.014790022064488,-0.7408216599784143,0.18645704249327086,-0.05753903527988313,1.2742353152321924,0.1894690023752964,2.1676578480249584,1,0.9911261256453207
2.2916268428297224,-1.4508607576020796,0.6786978119807785,-0.1656438685330921,1.2248040108834326,0.34684660318285254,1.4341414344192893,-0.5757196477568048,2.035428289819112,0.5053869825551419,1,0.9811403562605464
-2.0553931457891297,-1.2634489401570732,3.399544202525558,-0.04475215767689078,-1.2270847306570305,-0.3541273638134449,0.37113430816246457,-2.8254995615897265,-3.924415140717783,-0.31518274022386195,0,-0.09584079358825383
1.2174845316911973,-2.078928259215219,-0.48564332787971143,-2.119409708938857,-0.17370057272416006,-1.364020488666864,1.0461104775328343,0.04191877796462585,1.9506987824779458,1.0683090248972944,1,0.9434006779961519
1.840159050773583,1.6625106224744737,-1.074765740479394,3.555544451551105,2.3267209378091267,0.7965432647361111,-1.6852121765363501,2.0736743522504115,2.3270124989613055,0.23218180144634792,1,1.0480546743060108
1.0382256216224874,0.1512693994580877,-1.4449960620596656,2.007626434691951,-2.6645676798923703,-0.625368232871894,-0.12255640889526313,-2.8501357005227743,-2.2659675306363867,-1.61713995611272,0,-0.1054975323439986
1.025895984754169,0.6505528718428084,0.3903409894430727,0.7444421084883395,2.1491660821999448,1.0615656878061115,0.2975803201897127,1.7195045369962005,2.381811237549512,1.186326429463338,1,0.9616842325192148
4.202630922795472,-0.3218106460707105,0.3417703268350234,-1.1338343451936692,2.0265065936957325,0.5731199011490096,-0.2654721774690736,-0.5963504002991135,4.22660807491714,0.805763633186051,1,0.9800139971855119
-1.3608573858899895,0.5545581465301777,-0.13044450328295887,1.3186125892681857,-2.8444239171429393,0.7236050015069934,-0.8749750643767862,-3.0775573366133844,-4.5567259215644915,-2.48417190223548,0,0.08718109336457827
0.09982610365554723,-1.519099722665058,-0.6662224117545659,0.7459671507926124,0.8119551563819933,0.11529017698344701,0.8875284721626011,0.84768365499636,0.40123815593861983,-0.7271858016210655,0,0.03843018827481845
-1.0868692077516922,-0.20292120268477193,-0.7989770782959073,2.5974587824069495,0.6295294601778032,-1.055541881327779,-0.3215284389357825,1.4201635751503419,-0.9408765814486785,-0.9697549761090166,1,0.972141473647345
0.5896436410940888,-2.0171772492454707,0.45119487914224843,-0.502070002113319,3.0085858728066155,0.42521348026160505,0.9658676435630439,2.9730854653314815,3.40250756199123,1.6073159943464124,1,1.0652256848557775
-1.377689315989451,0.6035492664224472,0.3199186991262801,0.34281768407416724,-0.7103536568238304,-0.12715335859332594,0.684195874700232,-0.7828182646739956,-2.2157854836867807,-1.299270687143093,0,-0.03702579102505598
0.6797490697418208,0.5023220898968643,1.714587999424504,-1.6068250143996181,0.14552361364744337,-0.3900638218656871,-2.036688552322182,-1.101149410570256,0.6277837853993868,1.1068524142041491,1,1.0504549901867002
-2.132890556954309,-0.7078014780901437,1.371977851477059,-0.20820316107799086,-0.7097086486430544,0.0060735678806887365,-0.5760174364027226,-1.1822784715293788,-2.987082411861317,-1.3095785801139983,0,-0.06794386229615078
-1.1571975909467713,0.20738304477577654,1.8474650625431313,0.9735697452108737,-1.0943210010601532,-0.23240715473698775,-0.8765253000109268,-2.029701674902028,-2.908512774870537,-0.40293479988121594,0,0.05366289158945786
-2.140379314793374,-0.7600888652942623,-1.556423204697067,-0.4972413562950264,1.07141285525471,0.7395578331507316,0.26364824183997276,2.661692986960987,-0.21015338356909707,-1.732404146049689,1,0.9796933177264507
0.5815003672208301,-1.2891901874245342,1.2108676798195581,-1.3646093598398215,0.369458534835191,2.412052627883771,0.1330171952499895,-0.31894721136549836,1.0393474953001716,1.2731471065629738,1,0.9485747879529365
-1.7297596357712823,1.2399857181123102,-2.036346585228707,-0.45529148321652624,1.8341384305564652,0.203543171929119,0.01970615545477568,3.7826963958267905,1.0876351654018415,-1.250644996385117,1,0.9891428193461843
3.468402603023219,0.5265166670862197,1.3773804838367236,-2.601571683984703,0.8408655692582322,0.4691784670402844,1.5291753373330506,-3.9382371820195505,1.0370065705575089,-2.4545829860312276,0,0.013867208986010744
1.9027661550154962,-0.9047692542358331,0.19716274424214453,-1.953460974499564,1.0245881078016843,-0.09539008468576773,0.2377224009203557,0.28078155291105195,2.90113059833216,1.2600777212209244,1,0.9752625784737143
1.7329488512444398,0.387814930043519,-1.5327858967910544,1.9971760591921905,-1.8807669149241417,0.4270156844843581,0.18917140511628602,-2.0583147271508038,-0.8535152663317264,-0.8610491920689589,0,0.02769767529976619
-0.3693096769149815,-1.0812925874059522,1.0800340309925547,2.3806307118549466,-0.39786577734304207,-1.0444957571908233,-0.06367233118124566,-1.3085572692200715,-2.0798401737828476,-0.5480974535370973,1,0.9708503058167967
2.479143355209894,-0.63911620705553,1.8089985591887983,-1.1497505654981632,-0.004902155769973104,1.4864713207249725,0.8222858438661951,-2.9442016619421896,0.7214260103895036,0.2268732745428772,1,1.0310186196965678
-0.4018057709289027,-0.3970701930641612,1.9852102075860518,1.3039274350754604,-1.3665087762011634,-1.3702376783284342,-1.9370803998563824,-3.02387084030249,-3.069392359719653,-0.6744900393650839,0,0.02211110310182998
2.5792959145133407,0.7323961255550848,0.6595461148242268,-0.053220426668784016,2.408870093096281,0.6725113290481116,-1.7272647472242368,0.6146985331868186,3.3050137979647958,0.94187930837587,1,0.9969538472646032
0.9492670491876016,-0.7871012041817733,-2.8467203934742153,1.152263545092655,3.0971398476048786,-0.11620166821610833,-0.7884673310891847,3.688342670865699,3.0557356452476845,-1.7349235075314926,1,0.9779308843817025
-3.296749009421315,1.0254050347381674,-0.438226958987342,-0.15818093123370414,-0.2796432447085968,0.312436162668842,-0.28766369112749335,1.672810366230132,-2.0546855054809057,-0.9038894239440501,1,1.0075770397882633
0.17035978306938215,-0.8371671411393847,-0.707280701462085,2.3291361576601353,-1.4135723638950841,-0.35738604725893,-0.2980518948964358,-1.9419441431377402,-2.42852124676874,-1.9930146304395724,0,0.027512687151684964
0.9239801340742504,0.37354010238102875,-0.8125743838906283,0.6072306708028948,0.39284053794494633,0.48790273777538296,-0.39497914255666466,-0.057552144845288575,0.4945168851496174,-0.9241298655449666,0,0.10308995763658042
1.8035677952080165,-0.225906424775555,-0.015528202208507924,2.887804038686583,1.574555488409023,-1.258810840683061,0.13845703861398054,-0.06141902691360369,0.7991208363903775,-0.7931123426253748,1,1.046971021089909
1.1049541231762037,-0.8348756063284029,1.698007201716412,0.9540409399586957,1.6517768879325025,1.3054525763177172,1.6324898963736874,-1.2407330263192977,-0.07702779534060883,-1.261631810620446,0,0.04879949749079207
-0.04853012354150099,-0.3728062465769019,-1.7880218713035425,0.5004393611886657,1.9684627422520904,-0.6336914001667941,2.523343348571573,2.554063404323064,1.500122180324301,-1.427475363418287,1,1.1544256097430141
-1.2027214005951194,-0.5650430084999462,-2.306139257803183,0.24028427915865602,1.9945248979767394,0.21110614505697814,-0.17189073242722303,3.563241029779794,1.1411383343892572,-1.7268048182556806,1,1.0257979238383923
1.863462194719823,-0.49183639540582613,2.346319161845905,2.9930034695758945,1.8296442611319508,0.3040943271378514,1.4804649663509866,-1.2488978443595709,0.28181286516516746,0.1933411523630375,0,0.024232175565585115
-1.439239458335894,1.270416044108485,2.02428666743958,1.459459327473197,-1.1825125248565234,1.5476306366089647,0.7381521263454552,-2.2182267064312855,-3.497157543122926,-0.6600332804275678,0,0.03520075371608271
-1.0451766926728707,-0.3020049053829048,2.6887146464090845,3.3376094737167077,-1.5696030860454933,0.527914044270202,1.2200567129904276,-2.2595330331104844,-3.4331948646115054,1.2979930855073922,1,0.9495517011205874
-0.473618049036984,1.2507429137497033,-1.5858003193426207,1.3013223926683655,1.1208954745524635,-0.5391739759987562,-0.3372108370683041,1.806384593877064,0.2290390103127479,-1.541289933047369,1,0.9778049181790622
-0.13994766977011341,1.4847552777547193,1.82099943015929,-1.8509365198688732,4.331782251532244,-0.14077624784866666,1.3857977121486167,4.259924768558478,4.454512607891432,2.904423898142591,1,0.9746915366653833
-2.3849531522527196,0.0889970882800999,-0.45954862277379904,0.7123392322148663,0.506140394433715,0.7662240945387282,0.35099673420269917,1.4364422155654222,-1.6727859038720931,-1.6624836418496831,0,0.03238069886097809
-0.4698822723186331,-0.10840089886122808,-0.07998804484732425,-0.843049610434814,1.2073849798497647,-1.9758536678820289,0.7694405764091727,2.3965994723900836,1.8935644063084311,1.6266404043078238,1,0.9912912718889401
-1.506786240311087,-1.9930448949392139,1.3759416333894503,-0.07649800178508315,0.2248622556961386,1.0674161880564201,-1.0584596317349053,-0.2399799955618907,-1.5448088877714463,-0.48280709147686396,0,0.006911171273715141
-3.21730592716882,0.607555298525123,-0.6500110557310661,-1.1337004041897099,-0.047091745825211584,0.38900959554732056,-1.9464167526470955,1.7373163692548326,-1.695640613729131,-1.3803758460257733,1,1.0543727310074231
-2.942042335768412,-0.983121724558826,2.97833576796003,-0.2837724160930182,-0.9224526417519654,-0.03805298053395,-0.7431079042329524,-1.9440151714586278,-4.134886303859842,-0.8655288664041996,0,0.04315753693520694
0.5641257921009706,-0.4213870438287442,-0.393166964599615,2.6401530291640967,-0.7217713038022118,1.0620039480558465,1.0137778995120423,-1.061731529215575,-1.2367851100300085,-0.6805092231643302,0,-0.008086050152062351
-1.164415602023929,0.4197836231935312,-0.10875146420781745,0.5436687169863154,0.1835158580601699,0.8085389951084476,0.591984799362389,0.3172152668575116,-1.2150023240416559,-1.2252232389972246,1,0.9665002451560889
2.003220826437772,-0.817106532885653,0.1531472688723059,0.03764554915492746,2.5451378451652547,-0.2828267422915152,-0.5057432381519884,-0.8785946312353285,0.9917635598724297,-3.3491456180711294,0,0.05676373658265943
-1.5871920249020146,0.029615397056040875,3.5682117510425178,0.8155787707427136,0.40839074927288443,-0.23325984631157165,2.0266847783646984,-1.5213494959870026,-2.5925296681259233,0.03282796336237115,0,0.03869455904549329
0.721787486380592,-1.3910708873931181,-0.4932633242489932,0.7976347198480415,2.037947989482654,0.042462887197531406,-0.4025524094262266,0.5982102972828705,0.6854492430944714,-2.272103685023854,0,-0.08031284091476912
1.8271735269946765,-1.7566505990027286,3.007545568819912,3.583358071075985,2.282906839883715,-2.305279086726335,-0.017128890657324997,-1.4280762833715495,-0.005955468608403493,0.03247772178443764,0,-0.01565769694541404
-0.5831503253511297,-1.2247211174761472,-2.965883125296326,0.4447370374513322,2.519882734618974,-1.5036360963462962,-1.0063933480430418,4.19765231409588,2.127541999782719,-1.748036789672917,1,1.008275773100838
-2.3122063288434997,1.0998509716899703,0.22456078399156887,1.0263766315128986,-0.2857768750416385,1.3850529441650188,-0.658628454041007,0.7444840064633726,-2.0549475030679694,-0.4908203655048782,1,1.0389414858560515
-0.048811437891723264,0.6699030102665958,-1.0778054907516572,0.020311724121341745,-1.1768816977629974,0.7697144484563924,0.6209488472251592,-0.9666706647955463,-1.1324702853420725,-1.39334318339078,0,0.04550507474698856
0.9397390707261035,0.8088980136829363,-0.15384025802895818,1.483129480509446,-0.18142086561669513,0.08707129982568206,-0.8301347336316571,-0.9182121537933293,-0.33477564542773997,-0.5311887505812276,0,0.014195300058773674
2.1014361091207627,0.6107635434102114,-1.6925247696674397,5.110620623812009,-2.8613721210531375,-1.1059982895308673,-2.2252431661865124,-3.267875607622576,-2.4951099268983867,-1.2591827142400276,0,0.0292623765679428
0.3449749307251633,-1.1545877505608255,-0.6867235815421533,0.7626809502398635,-0.8555146691065185,-0.644182660149681,0.041644961517549484,-1.2733477269788407,-1.1684216116669812,-1.4755325558808534,0,0.0032068401189076813
-1.0015078887898579,0.3294470039581489,1.0378308083883048,2.0127102367864858,0.5381570854006846,-0.24858630954392225,0.8415384793253294,-0.24016071466607034,-1.7754913965240813,-0.9761202498027857,0,-0.03369258440902803
4.009956993606052,-0.06916720573972578,-0.2769148899036118,-0.11542566600851845,1.934781118828249,1.8197991603911794,-0.06904117066527773,-0.4320577460032883,3.6981293129237978,0.10648420822519544,1,0.9869367804479373
0.8110388817265203,1.5971209749821496,0.3228043745748109,1.4251929882576837,2.202634527934081,-1.3637511383051322,0.32792402045235564,0.555123208771808,0.7505985518994996,-1.338055436498475,0,0.0009495593320054136
0.056557812969348475,-0.6977893180552892,-2.0237678187566805,1.743431123848254,2.473152763893471,-0.8595813235877475,-0.28473949166671564,3.4817632914870003,2.0020845770681768,-0.8685590220393372,1,0.9982660374990705
-0.03032532468303617,0.21991860512756994,2.034601227134921,-1.0937652846069974,0.6579495523201673,0.754424448236252,-0.5630806452849023,-3.71875428998121,-2.9064981447423164,-4.768175307342241,0,-0.09427864522217354
-0.09522036580889714,-0.27015641624537445,-1.4328935438596413,2.2114158153471264,-0.8275037452280318,-0.08124795947395605,-0.06377285698959755,-0.3497262639462958,-1.4106238144769534,-1.4943025389084834,0,-0.019874166746471564
-2.0460556811919273,-0.0010369770179853312,3.0637278426975008,1.2672707950423079,-1.8195997691597499,-0.7508092171142485,0.26789918281502145,-3.294891476011208,-4.786104065950272,-0.6696162929400731,0,0.002810282654457593
0.6033534431429219,2.389902573023747,-0.07739746315944851,0.8203905828990145,-1.0815754961823965,1.323003438075895,-3.6195420980037047,-1.984760553889254,-1.394355489970471,-1.1820015944503377,0,-0.01406849959528505
-0.685365796045925,-0.8471278357029567,1.8555605010197964,3.0857231770244535,1.0890650950420873,-1.5002857980239717,-1.52165714220929,0.6207713503904492,-0.7622024420491185,1.1750372511933116,0,-0.012341189775579287
2.4200839930738987,1.0662422811871797,-0.7626561728960317,0.7695272083961697,2.5871154875938833,-0.8703374793845873,0.010843255677798891,0.31305660767171106,2.144518009730771,-2.180538130405599,0,0.02439956854022937
-0.058480299985633755,-0.49904613628902816,-1.5169601173420806,2.447736622360996,1.5330041060320663,0.29343282797915726,0.4335358765952298,2.297651034209999,0.7757726046680855,-0.807614889661872,1,0.9460521406475683
0.6667904991639273,-0.913451963127936,3.350393048883225,1.8040809548989818,0.1175854820983252,-0.05579009064118596,-0.10512020082406023,-2.909148816805873,-1.7714815607050711,0.24486441576427254,0,-0.08140211069756056
2.172244997695822,-0.14513482997636867,1.1451222670701302,2.5820117495831623,4.012440679957656,-0.21752416453152207,0.39890271037537245,1.7431475684836117,3.0283799227058816,0.47224705441187165,1,0.9825915104581663
0.13368572224624276,2.2825960528907765,2.2320310134242174,-1.9507456047594458,-0.35133385613968704,-0.3483401862148294,2.769114496647759,-1.5426495687689128,-0.086888194911982,1.3015682735248675,1,1.0382057202750894
-0.6956425949316736,-0.27544951334533946,0.7447477716420685,2.2702499865272663,0.597988453160085,-1.2400060286859336,0.7293817350480336,0.27599263717036854,-1.0953244045825286,-0.2450115546404873,0,0.08437765197433193
-1.855380428923103,-0.9937670401660683,1.4314498115871697,0.7708168194135951,1.603620857233425,0.7638142057397639,1.195638802099669,0.4042889443821294,-1.7645457525638717,-1.9707787944520359,0,0.039106411954737005
1.2479437881327828,-0.6845361426454917,1.9562865676341072,-1.6611923839324327,0.8583080747239549,0.0855986742778244,-0.6880015572503937,-1.0468741579209355,1.2868318642878696,1.0067238384945965,1,0.9265868120065577
-0.6180343901770304,0.12214338292495079,0.19067612501877762,-3.2437675713982395,0.7901309041077481,0.2714118802847143,0.34450290377626025,1.9440966668051072,2.1694839608748264,1.7956672640868832,1,0.9883816380311614
-2.128993889039127,-0.8177905776750556,2.731277557362494,1.012157996222025,-1.674248199274188,-0.8173175287006482,0.26382332708762274,-3.0391606990286126,-4.663075641498725,-1.0332331656696725,0,0.01283171905407647
-0.34767018301138186,0.9772669679296699,-3.38741618464914,0.31138655582216046,3.049274882620715,-2.210252230445493,0.8753294774193885,4.6052922492431705,2.632108701735931,-2.2577941902269583,1,1.0088795558461796
-2.7903058876198426,0.9747853200784341,-4.227925489469838,-2.152208047205628,2.8420297412191795,-1.8599597809541726,-1.4981633363306772,6.539615958994987,2.381687250781078,-2.3973307323825397,1,1.0269652276471437
-1.7449993135275692,0.36197064340898033,0.949059406980776,0.4878131944442725,-1.6803947089125337,0.754430879996332,-0.8573383793427733,-2.3514962569849067,-3.8912254771110018,-1.9689204270426366,0,-0.04585244732303804
1.8987767489139435,0.5790851789030145,-0.7553644456330155,1.1222327010610742,1.09059164920738,-0.6481821339623858,0.38176114487253515,-0.21248647917085461,1.174003238577806,-1.1962833514709241,1,1.0032471543775372
-2.19719107837449,-0.6535472827671781,-2.9509359692112236,-0.8728390080093897,1.8023373643219864,0.12707121022709328,-0.5917704353718949,4.143329215677849,0.8002691469069523,-2.4157598158668216,1,1.0210161414888064
-0.6805321892818442,-1.5622783680224819,0.2925438664062451,3.0354266055958816,-2.8114434003006306,-0.6709449520827484,-0.10186737151345138,-3.531835581367328,-4.666695903406418,-1.9960111263035483,0,0.041283547665182975
1.800815919952449,0.9968829400789271,-3.9307652455167768,1.3289511369485503,4.701915322116844,0.7305191597929735,-0.9388489029744829,5.440789243744749,5.124266866509873,-1.928771197281578,1,0.9597140916693604
-0.6213355317917905,-1.6407742334227025,2.0896570928731215,2.0787223939913835,-0.7838475130225182,0.1773842795296327,0.4816085731995573,-2.090370851945942,-2.6953291237773764,-0.09310040935183961,0,-0.017257843362144903
3.791915238144299,1.4781679522315574,1.0813236989958965,0.22607970024590596,1.381994727902156,1.693418819678781,-1.4958343871089952,-2.438705720752818,1.833273915541167,-0.80903659890477,0,-0.13519088400366702
-2.6535747469828346,0.6494359050731549,-2.41250757867577,-1.2749943914079704,1.722112397076899,1.3752142059768193,0.5471781439362066,4.230283730999406,0.6660731031357567,-1.842083160542178,1,0.9689269016211113
-1.457748005020787,0.8354754675836013,2.9326352336043042,2.1551491068515487,-0.7570473031824363,0.42286036715484554,1.4684126151592207,-2.190674134135994,-3.5193042159876327,-0.024130521727003695,0,-0.026220744648552154
1.158735524942896,-0.7753246128578923,1.4518068746820711,3.483672920835866,-0.26233553785777897,1.042246347099411,0.7536736733085176,-1.1744717859395974,-0.5011902606475404,1.7125141662203802,0,-0.05097922540837216
-0.3532875788668779,0.7655996662646364,-2.3657845783057114,0.8524661179658934,2.7299263854138163,0.047787340896837886,-1.317988748129338,4.314788648205673,2.508560417329473,-0.7580318163324516,1,1.0082806075116326
-2.218884245771494,0.5491733968877375,-0.00463127461012558,0.787202322715156,-0.32328083222451753,0.8229562497611079,-1.2506007827981365,0.5556364183194925,-2.121753972121905,-0.991886321031488,1,0.9972027283977366
-1.5258360192021325,-0.15946779571036873,1.6934833637153859,1.959858274088206,-1.470441983120779,1.6234871207164658,-0.32286350082550713,-2.381902669264832,-3.9583917846825636,-1.0635093788500714,0,-0.11296069387888058
-0.3054228408654043,-2.1826167003429697,0.6687434487487476,0.8833521815615295,0.7041369418737237,-1.0219445691616111,-1.0747878383102238,-0.07373444462005546,-0.6129472389242687,-0.6913009495372586,0,0.010775398465087824
5.286563257941217,-0.47311168509816365,2.351497795701585,-1.500309870013937,3.085959219750326,-0.3794414912969388,0.4670375043675162,-3.0579564599462468,3.510839887628878,-1.183593839628128,0,-0.046416206539451374
-0.5040182687967159,0.7959802711080827,0.3633221925450407,0.4167145334880107,-0.528752940492879,-2.080449025727129,-1.5054972179689046,-1.0021628582582294,-1.4972256195903824,-0.9472823248090394,0,0.024284447959525758
2.83967703885258,-0.1497610851585922,2.118908050525669,-0.7722080366767056,0.6293895250365305,-1.8756586288002737,1.706814751588489,-2.7672203342254464,1.167521896648153,0.3347306407798549,1,0.9359074376135668
1.3569188175820863,-0.8297303912472999,-2.106402686679439,2.4364820947432686,-2.01008541329634,2.513891972555159,-1.0344993891381715,-2.1204617723462365,-1.6120625666928659,-2.0309421243946755,0,0.0015003269265470062
1.6027785874545435,1.1629756843605967,0.048384327058812904,2.155092529782431,-1.9481689480719637,0.3841291494159515,0.9601143542326268,-3.2310893845577637,-1.752909566224228,-0.6702203511532784,0,-0.014158166444325297
-0.29431429604808845,1.1583400075213985,-3.5657412631258416,0.12951253944226504,3.0459175897184148,0.2090747515677273,0.8335638436637168,4.705115139672627,2.797369114042046,-2.2720037078647954,1,1.0151550942475165
-0.30368718164569275,0.5406478938084365,0.6578552699922753,2.199762205101919,-2.278819084984094,-0.17717686293732915,0.8027626101473182,-3.1581662973842954,-3.598798799757125,-1.2426256991210756,0,0.006234863882567342
-1.262770415820543,0.21165522985655955,1.3130026541043047,-1.636022190952744,1.1009189177196066,0.8820192325338192,1.8632816050315424,0.35587529153158476,-0.35565731628982716,-0.6725222129747837,0,-0.012758208751072723
-0.970559223538788,0.05558103437121565,0.2597086249826389,2.2340273331226737,-2.0711427071738244,-0.1896326538809749,-0.301700767454409,-2.3002199511597636,-3.6501722332356668,-1.3961559358004372,0,-0.07681361570221223
3.157316893755198,1.468812473572025,1.0685415678283323,-0.14834680846593862,1.8339811321069943,-0.02013545649106862,-1.0976658146698486,-0.9949790266422116,2.5939784792517204,0.2849251056556925,1,0.9261396018269484
-0.061592897544026304,-0.7351761285088744,3.477204883985969,1.4325756048814946,-0.2967780076036226,-1.0809064022972348,2.3250685817919767,-2.7336195735925854,-2.1936135963527734,0.624467778303575,0,-0.029194346954610952
-2.011842139597824,-0.16000790182020888,1.6349743507976482,0.4526695571640943,-0.7101928920172835,0.1687434472432669,-0.2081801368652568,-1.2834958257634412,-3.0834850232237745,-0.9797967091108293,0,-0.0004139941964793485
-1.1437283994256735,0.7619241505929096,-3.9539410068157075,-0.6928135405692151,3.128106067057265,-0.4644856545951161,2.3873457803135727,5.711715047342808,2.978424919336327,-2.1241011545002824,1,0.9695876026400442
-0.07074330924811378,-0.7725661486535749,1.3277260097639485,-2.487951957316394,-1.2588460636846999,0.12041690215854196,0.8650925320048655,-1.765854562585513,-0.47834466830174266,0.8751303384508697,1,1.0312605965289732
-2.4114887742326494,-0.45973297750980846,-2.1131726470462393,-0.26967183815100704,1.5156411608612692,1.9749277840419228,0.7900523835815149,3.7385357446136105,0.2544178783803961,-1.6815933034731079,1,0.9860389540394158
0.4304199508387331,1.6060840676439947,1.570755921853668,0.9042161042214968,1.3754949963667298,0.04032904773149814,-1.7013518546025106,-1.4426536537205863,-1.006058404029408,-2.1063503948042746,0,-0.04825063623897552
3.6719546823791958,1.784297664003417,2.6052611770534937,0.6654648372514556,2.0641024115635256,0.49014053038909156,2.8022086605181755,-2.553972948721859,1.7683573286329357,-0.06336000902604644,1,0.9860951853506046
-1.9628007979531787,1.3252343010664043,-0.7079417943344906,0.4386490066674943,0.38840806552934803,0.33424923457360195,0.443871237362393,1.6189665506129949,-0.9868493219610674,-1.0223499196996224,1,1.0112929918158275
2.9559305254600394,-1.5145034235441748,1.675053096275764,-0.9256764487118747,1.2268514895325315,0.5220240980969459,0.49489037910304867,-2.058635220304206,1.825873266939175,0.08152237719987565,1,1.0162442359412291
0.49046050500008276,-1.5849681369591326,0.7143722323450259,-2.32869663501087,1.6618257772001603,1.5403398292527426,0.6901563718592233,1.648954511213769,2.8385476416126614,1.809765028299969,1,1.0939189565996565
0.5425223805127346,-0.07714945575132683,-0.1556500855786236,-1.1406062972749273,0.45431992380506514,-0.38176959950477257,-2.5425079770629972,0.6276553814542823,1.464961320861374,0.7659743316758375,1,0.9665545329998291
-1.5255668457964306,0.2596330504822567,-0.03102912585650297,-0.258538997772515,-2.147927584697779,1.8069080897766543,-0.9125555747510875,-2.338257531022778,-3.602106951338837,-2.339160243081672,0,-0.0036739330795200194
1.1328366836920503,-2.5442236291369538,-2.755906764202775,1.5369348927744588,0.6908670379761186,0.7724297844033614,-0.026212676483349143,2.6457986645187885,2.519490309072197,0.7675258032512102,0,0.02130619734097132
-3.237189349615761,-0.06258286150974893,-1.3384746596164812,-1.2981253555960093,0.7754988563149802,-0.6975935089048892,-0.09003642152435012,3.110115054130717,-0.6333862710970466,-1.3371370681595045,1,0.9988288520399592
0.3808145747976054,-1.3505732439095823,1.2515167209865148,-0.9995383552904357,1.429027939612598,-1.2251484483032329,1.2858635434965695,0.9573141862865339,1.8068412858533454,1.6033768822801562,1,0.9749690927005673
-0.7021921366063675,-1.5199182054987015,-0.09935406982258899,0.8271214392479012,1.1787981629602091,-0.8389229046169131,-0.16408356962193588,0.6043334538025953,-0.6593506292921035,-1.8502954423634734,0,-0.07746285881721218
-0.5887542007195341,-1.5333588308984676,1.8383812783626454,1.7440340724699763,-0.3993873935111846,-1.3703822092283517,0.39595005256890714,-1.7454105857387696,-2.3456728233693123,-0.44681347119797243,0,-0.025541727952650778
-0.7761449375744773,-0.2696473139092257,2.2937704026484114,0.2900155648768977,0.3610872134036097,-0.4544515410068138,-0.16845360893777986,-2.1916694516313444,-2.5378893955788504,-2.0316254310464488,0,-0.05368512063589005
-0.34537148906767534,-0.2575030372326256,0.0544651258586516,1.2485599612473839,0.5629133266561877,-1.0026520144412134,-0.47941541372426383,-0.1784832158076794,-1.0249419152600128,-1.5964026585761455,0,-0.08633033405618892
-1.1183679469596468,1.0902931003313978,3.0255662762210305,2.6910614084203037,-0.2825097827822771,-2.033075499215014,0.22229991193368448,-1.6319993427970452,-2.803864900953357,0.6873866230820072,0,-0.039783942083529325
0.2684436862316246,0.22319096888809822,-0.4711820044915882,1.6086188460973672,-1.0606131711176368,-0.33119893347230567,-1.190488163963646,-1.3655781168706587,-1.5146976305147741,-1.0831802338542598,0,-0.05235458603832273
-2.208442282884164,-0.2941150859765302,1.5040189142231886,1.2306555494775435,-1.4429154890159626,0.452667771911911,-1.124820213099361,-1.5603410817438652,-3.7385234356916244,-0.6762412937038682,1,1.0291893272646475
4.429400583387335,0.5565046246836178,-0.49371941820716136,2.3658031295051067,2.2328920317353713,0.16265028501659037,-1.002582765600717,0.5366928228449086,4.24508425577025,1.4427263316220316,0,0.030054591870714686
-0.45640547745525495,0.3573617689607705,0.3968112047655199,2.611621824961101,0.07987586284996784,-0.1479157116454675,-0.6699470018056971,0.04191819998045207,-1.181057389946736,-0.04293984211290802,1,0.9548060355209562
-2.851359590993291,0.4307800327667882,0.9861096922313355,1.0619236149636182,-1.2175809631021632,-1.817699956754786,0.3256870440254292,-0.2118173078032848,-3.251118562140585,-0.128013398311566,1,0.9869885684718439
3.829933397039909,-0.09917153103685956,-0.7739290642773706,-1.0205575343973656,1.3310816777199719,0.6704301768092238,0.7832281054166701,-1.63500590320125,2.54482899608347,-1.9457502472997665,1,0.9070878668943733
-0.18282188540878896,-1.0357977809313894,-1.7783417177737517,0.6985747780854312,-0.8266095627067699,-2.181326301819945,-0.7736100500503517,-0.3991943825308942,-1.1844027039728264,-2.160347345178982,0,-0.024716997509134708
-3.2363936736669072,-1.8367969814948344,-1.0055290126648428,0.2280654539448136,0.22408329540863736,-0.5084396695377374,-0.42896236341096355,2.8988759500922003,-1.13420051359477,-0.3309201219495992,1,1.0199490950351173
1.551065291474403,-1.541296253287114,-0.8372269963780927,2.1530038096425335,0.3913857558706233,0.9640404354189851,0.16052018661350062,0.22229699144744952,0.9843081644889088,0.21871958430654104,0,0.04124689448070514
-0.5996678028141904,1.4884712178559134,2.7639759595299007,1.8903014735963979,-1.4657582509861804,1.9989709199488876,0.5008707436135046,-3.1797610804104015,-3.391922664729321,0.12238837976947159,0,-0.03565235408456569
1.686540961879452,-0.45355871376019413,1.2821623403076576,1.4039950632040177,2.7963218867167585,0.8174834784143035,0.3057432821790959,0.86326962052371,2.2145201341935508,0.6150050023747571,1,1.052592743026376
0.34089405542671747,-0.5981373920685938,-1.5373513252919317,1.1766813065286283,1.934587140639895,0.4975362451223757,-1.1335141698964375,2.0733463882426246,1.3249064533252868,-1.4351676856132602,1,0.9242154039243264
-0.06632755946324542,-0.7509482932764018,-1.4291579681490778,1.5239058079351966,-0.6003247408581066,-1.631638638695203,-2.1649149730976944,-0.24318051946954497,-1.094466861320205,-1.63288780658829,0,-0.06238138995718963
-0.19658769752632788,0.8867610495137974,1.3217587895140515,0.37689042640877635,1.5466884531763356,-1.5161400544069406,1.4411010527182468,0.4651244568843645,0.2482650243910368,-0.04847579920446232,0,0.035483093281893814
2.4871176141502382,0.6739184729792327,0.7633329258639577,1.3867525427724208,2.049890983563321,1.6627674451978527,1.7758422743543154,-0.8437314463692266,1.3978724173137491,-1.0416693597564604,0,0.08355606142816237
-1.3468161449556943,0.053408273608238924,0.7923927428810604,1.3894037032207036,-0.18582815711114842,-1.25093560014589,0.8070522841199115,0.04671050090138098,-1.636732372557093,0.011530577307568679,1,1.0246715994091848
-1.2319646578354382,0.6881908871533833,0.4982355023728787,-0.558704091368295,0.1307464264237692,-0.7512856829232372,-1.8787545109704251,1.2596285650097923,0.1639689192537381,1.3836771255468587,1,0.9979828806732994
-1.3975564274417203,-0.2963054160552257,0.5305620337501868,-0.9631816239045918,1.1979404689565114,-1.740275814965429,-1.6060599050033286,1.1383922619969475,-0.17655517087893452,-0.7522137336906801,0,-0.10975918732611044
-0.3520417450856703,-0.9601925604271895,2.838791968284871,3.6072691698942463,1.8420344518352112,-0.3522978664836265,0.6310169866316917,0.08631679978968462,-0.9248071267756369,0.7688557169569368,0,-0.10112235280217396
1.2504166299941712,-1.091965840285991,3.371329948605145,0.5685237674792814,0.19068562024123448,-1.5113008715976217,-1.468815206629401,-2.757575658153343,-0.5916300168470973,1.1068971321965426,0,0.006470476844793448
1.150461139913736,0.5112757415807598,-0.17461675114880149,-2.0950084466224075,0.8403607252030747,0.8104513678732886,0.1790159726090269,-1.8793795206623645,-0.10742838245982433,-3.6815077598001933,0,-0.01790313347855873
-0.2856427919701867,-1.4480941090810704,-1.6127575796619738,-0.8640187920961673,0.5692355152484788,1.879605794079143,1.701540800320765,0.7361282957280267,0.13352944027478753,-2.3130203322469587,0,-0.0552917591076059
-2.620652662410378,0.31415366267276307,2.043816632747448,1.1656861900218778,-1.7831801895314037,1.6725311371684948,-0.13635934484666548,-1.8613043570657521,-4.27014098903427,-0.31457048156977807,1,1.0032766290415025
-0.28098267516979747,-0.29580873934668633,-1.5702695297455471,2.2406456161618222,-0.48903706579745154,-0.3980965839865511,-0.9833170530868658,-0.015427221886894016,-1.3890221303121915,-1.8762728742606978,0,0.005756568375390479
-0.1700926178428548,-2.224186459580011,-4.4128495244899995,0.32452728601131176,3.4229106146907786,2.1650147377779896,-2.502545724922949,5.3464023155925195,3.2114962494553025,-2.866286577283274,1,1.0472207934270137
0.3905042967416197,0.24418924651852703,-3.9903734762327483,0.6347247503031576,3.073531994273657,1.364517048672585,0.30171515174622265,4.41865275136208,2.997554789862903,-2.6910263891459083,1,1.006830114150635
1.805396473957348,0.9235597440302188,1.946952815283535,-0.8939959445395064,1.237706117881345,0.6586622858919134,-1.0034606689637842,-1.0750750831455003,1.5795443150773725,0.9206832054406546,1,1.0614197184167193
-0.4403745141511467,-0.20808246746834985,0.40810623993858997,2.0660144053043963,0.4125579124824804,-1.172751765499645,0.8612705774991237,0.11748878287912502,-0.9687529301463328,-0.41984286199827103,1,1.0003997014774406
-0.9313292044406203,-2.2346725088567534,0.21470846753859463,1.6625791053042807,0.23935834939337353,-0.09138155581900893,-0.48902889093682717,0.46209340251169895,-1.077183524000296,-0.3441554705008091,1,0.9942332502596332
1.2459441087097916,1.1817885232554703,2.9297539249498525,-0.7879047400114217,0.40515020234230215,-0.04716383431108454,1.3331894854903676,-2.5155062346155486,-0.09390251276763668,0.5532078299521732,1,1.053215609312359
-1.6868379239802396,-0.26251040991246166,0.9308363709399538,1.3051402603672804,-0.7854401943380392,0.669811336179966,0.03779818195252608,-1.1666618936986617,-3.0560630288119004,-1.3295939292123022,0,-0.04892204400207173
-1.5251232453142651,0.1949296562527658,0.3687330867916594,0.5202738332231254,-0.43031424241280947,-0.2889199276200014,1.1101057324759447,-0.19081783421911627,-1.8807626852428785,-0.8092893812998627,1,1.140722372663308
0.4355742889275165,1.2517217228821065,-0.33324106967405975,3.214060709776922,-0.5767112083732815,-1.136402661776381,0.5408319243616208,-1.2454758622023356,-1.7468486990053955,-1.320151436566941,1,1.0187628739083368
-2.1401213948790274,1.0215846934239219,0.5148977511380484,-0.09786265970439456,-0.20508537768486845,2.0633830161197295,-0.4748492681853472,0.2833151463512166,-1.9009155333102192,-0.8067214182471116,1,1.0190414626418836
1.1593937264059728,0.9590698104221155,0.8360155440559001,3.2675093658723786,0.5782813626246015,1.0334468978466904,0.5267233426629505,-0.6708346056292791,-0.2424160938936486,0.30413031670776847,1,1.02625479869863
-0.563552097505946,-0.8506692137191039,-0.7051416666796071,0.424963694288346,-0.9353474269050349,0.19453383239606295,0.23583041227257814,-0.9224969365429465,-1.7229885942670065,-1.760535450405047,0,0.09385682376658212
3.3539333056180034,0.04075333606863285,1.88839185648297,0.8621787907665781,1.456402817452636,0.00029906622863039463,0.8881806231368455,-2.768636714856182,1.0352070295399827,-0.8442956885551525,0,0.03962537058363033
1.3782114690166596,2.1179768068095206,-1.778711747143384,2.0064265554227183,2.251929574843259,-0.6464496590665959,-0.781089742674482,2.0079904767307126,2.0417933466806337,-1.2842456640198878,1,0.9197472010498038
3.1913064456763354,-0.5730048692797525,0.17071519605057173,-1.0984298064337858,0.8658892066523035,-0.9289035614129358,0.10591197389831508,-1.3435076632026606,2.4845348736546846,0.022871423442385463,0,0.07017351923837521
-2.601308980887598,0.533619392032864,2.7019484251021795,2.856129707174487,-2.6762948442544103,1.0538753507230345,1.1046703731152638,-2.62771134278336,-5.204597259460734,0.7679118376795793,1,0.9829551710277491
-1.414365698298124,-0.03920329539509694,2.1699102728596245,1.9423695209288379,-0.7045984927695481,-1.778511313403234,-0.12800866787843224,-1.6862618166084804,-3.1285126020644585,-0.2782721141690495,0,0.005357753641966174
1.0642576736401281,1.0146979350436618,1.8415256559900341,-2.2661249835129174,0.3840754818168626,1.5909843278971578,-0.4112019798693617,-1.288522744074166,1.0741848866650496,1.0058922873786997,1,0.9360373013912366
-0.625082923270943,-0.4907551600105741,0.4290063135190163,2.7717374155777335,-1.504354160660252,0.7652460574578756,1.848420558794612,-2.071268743400893,-3.248015474623855,-1.309091430790796,0,0.026310100906194785
-0.33289280512400965,-0.4413946097521544,-2.3284269234833648,1.2964979233206657,2.3572952679361427,-1.2635919864561282,-2.019795470697815,3.810942207261024,1.9647760820260296,-0.9645390702753001,1,0.9674312854966224
1.613035671699385,-1.069777533594069,1.7105381022385555,2.307013633486119,2.7669610672909837,0.13033952152617448,0.26708329561762384,-0.05181785881655845,1.0714258758985848,-0.44184719632329184,0,0.005008481899673688
0.6704960239565294,-0.8974467975356183,0.07450536708104427,-0.5432725546626935,-0.7390847158773679,-0.11465539206411643,-0.362456326852827,-1.1493152798066972,-0.08079202972226637,0.062300299509019386,0,-0.014204950268039149
-1.4159933922339198,0.3463999609169216,2.2172548768911264,-0.8059398142311505,0.9236879641311653,-0.6493554225251013,-2.9546633671082367,-0.3036476062096737,-1.1547118203119235,-0.41465920829166314,0,0.0962506400867926
0.49036148819659575,0.6900234774085708,2.124030084781888,-0.07977643813184432,0.7011910002319319,0.3177614259144631,-2.6148328012218207,-1.029011659435297,0.039414345161593776,0.6620871904865904,1,1.0991130150072794
-2.0065620950414065,-1.53958887167793,0.12057023291168545,-3.52827449766446,-1.0348056172336229,-0.6538914593875784,1.5836701013468522,1.133292775630541,0.17729843862491204,1.7411979587451287,1,1.002325658510737
3.292045726641598,1.6341134228229575,0.5153739462230356,2.602089795791716,4.126566874932871,-1.1696120271768258,0.04651887528182232,1.821512495535895,4.154486964084935,0.7590035587755843,1,1.0031988855684428
-0.18760304006843898,1.4002953331564998,1.280238124809943,-0.8477596285730531,1.6405946449628233,-0.3023664111838477,1.068384539914172,-1.5921404674757862,-1.4234097898081661,-3.906717613800528,0,-0.018672148317475754
1.31312138792945,-0.8438286840417755,0.588040123825337,2.7335813463025573,0.8082118049952021,-0.3737088971018904,1.338088783224377,-0.7286055974207745,-0.06846775563096094,-0.3644820852733225,1,1.0553003145751394
0.4032285501696089,-0.7745738280367586,-2.942806449487314,0.9710718825620609,3.038230492120158,0.6375640704192668,-0.3315859408151923,4.1071419999491505,2.8992494567024893,-1.6418361592298276,1,0.9835540064833311
-0.31272476390542425,-0.3869934834655128,-2.3269016344290456,0.2251872961328747,2.0468125155140315,-1.665943367887472,-0.7740905905808687,3.088799456980385,1.6557774206918212,-1.6878380393310048,1,0.978933136267715
1.3331953211458005,-1.8383184879677352,-0.9213281782027549,4.008516558096306,-3.9814422819555344,-0.7387159574762245,2.1370490998095417,-4.811915930367242,-4.142178853915672,-1.852368376131823,0,0.048929643183248224
-1.2242287232926217,-0.09491406826031958,1.6437601423387225,1.1399035539375202,-2.0662170266399835,0.5754910291451693,-0.23199217365124725,-3.187140550447865,-4.082377297043209,-1.2199591837647807,0,-0.02691495476583247
-0.697330967350072,-0.07559600901760259,-2.108623586325727,0.7615694739926872,1.8357541900878003,0.1344083177832034,-1.000704475846368,3.0099013897606364,1.0767022357179012,-1.5991059645217038,1,0.9981122482775735
0.2806931794553893,-0.10882586973248816,1.7763396611619322,-0.5841418593433119,-0.5541834147460913,-0.7493858544375491,0.6892616448257167,-2.024365152683958,-0.9200187385013059,0.2504143463247238,1,0.9209344609244503
-2.7236274320153253,-1.0378526856142067,2.818820009320312,-0.7814519065282377,0.7228080769281624,0.14117362615347054,0.6810839271838437,-0.3617749987270005,-2.4784141299321742,-0.7741260453495435,0,0.03520951725615835
0.9827285495974669,-0.9192794666466407,0.3691163447614656,2.3969778121016185,1.0718672034793435,2.3887646733719516,0.7207512376897404,-0.007312798237089379,0.27734371542040576,-0.20561071840476286,1,1.0970433469590934
-0.2658391579400128,-0.5913543513984365,-0.7413928237896936,1.3097748491108911,-1.879471039846179,-0.12518747015523424,1.021854882906065,-1.8291741259546703,-2.4221915940972516,-1.532999366152702,0,0.036061268639989597
0.9588564432835449,-0.520182689995494,-1.766223702900827,1.7670559620793544,-1.1072340608599327,1.0838659621889137,1.3145300597284129,-1.3562926446574175,-1.1407802979799377,-2.114923508798042,0,0.07308995837736525
0.7324205208667282,0.5150993838442609,1.1253799772622395,0.7373253053338478,0.33181107216774364,1.5247583057288445,-0.42640340655121683,-1.787628047639685,-0.9168931833270052,-1.283987695489237,0,-0.042305106808866545
-1.3424257645248878,0.37637359056357,-1.9264202081769377,1.162663201636955,1.6137452287733915,0.764409919596821,-1.178800879162239,3.4748054042639622,0.7785760043995517,-0.864965467253936,1,1.01181621410141
1.633216392051097,1.3247104470606548,0.778185739625743,2.0562249481238046,0.8791713656555418,0.8275371010925998,0.4621342438995722,-0.6694618976824519,0.6001248247036447,0.27617437946710366,0,-0.04715799621846948
-0.8880684850761733,1.289107962414437,0.1980268605593899,1.1198867513481667,-1.2309990360027718,0.8797384946186406,1.0714910579935544,-1.703341569674371,-2.772698092702232,-1.7131198403705727,0,-0.011388277279067143
0.3357797504059127,-0.012787657981532639,-0.1868015529435687,1.8369003466350056,-0.8003651106811134,0.09394767943912846,-1.9041936436882452,-0.5108219454371167,-0.6262761109875837,0.49658182289962527,0,0.038610573867625245
0.13001357391689572,1.0196655469345288,-4.558946306186588,-0.17193294443011808,4.540464277403113,2.1801857782220027,-1.218704619011522,6.937519931107055,5.05566677880179,-1.7630173092083674,1,1.005091030655165
-2.271662065605363,-0.6163535237679244,-0.22975336498362364,-0.592501650045745,0.5316896152122141,0.9646019620428128,0.7066848178252945,1.0381269324790305,-1.474274148807302,-1.92540980529915,0,-0.07063205113006109
-2.5313983149199366,0.5856656489374601,1.2941048219574196,-1.1889585286987976,0.026708943743284808,-2.381759004728538,-0.7185647237507635,-0.1627393578663751,-2.257817248934038,-1.266983332858366,0,-0.06575145527688768
-2.5430340148465023,0.23102704152543277,-1.7638989314444165,-0.852137669883543,1.0185762344402447,0.35408343331046116,0.4742993452739038,3.218460182812563,-0.048343637820606945,-1.4014642805305675,1,0.9309418034254613
-0.10433431670304916,-1.9163761024488082,-2.969550262521429,-0.4236350061964851,2.697380714548852,0.5947108432514903,-1.4396902515693304,3.805708311518957,2.5148135032023573,-2.193362002639244,1,1.0245726294969795
1.1758109207692031,0.4214966581830076,1.7437767543825675,-0.1188294694049753,0.8235901584917187,0.3725404481876609,-0.4767820343354581,-0.8827228458309985,0.8350500513038819,0.9338889890922567,1,1.1031947267828335
1.976578535052567,0.15961229129319743,-3.736636574737454,1.9489295229483024,-2.9530173152749315,0.6583716126350736,-1.09731624046855,-2.417377326833958,-1.3703866723413742,-2.667185808812822,0,0.06812291220001064
-3.3483998863149065,0.5946622246182872,4.859299382407478,0.3903829035347455,-0.6629866150302914,-0.8681752445942627,0.34473907456571246,-2.4373175872084647,-4.798647427114257,0.109708258297051,0,-0.09479925995730322
1.6194596331518194,-0.23865995933944936,-3.21517551892516,2.2412469905635137,0.3988601066557782,0.3056063533198544,-0.07325262643705464,1.2429346625185527,1.3731328523097446,-1.388388648697525,0,0.0710537969034892
0.19324552430379138,-0.7764050685684417,-1.2142404150458297,1.4381171670144743,1.761867945526086,1.8919582377493411,0.4187143905131044,1.9523287685347428,1.0775281334632165,-1.0590983812882697,1,1.0468200208507323
-2.051000126386064,0.5506035146541884,-1.7571786735673038,-0.33466951535904066,0.996202615190452,-0.7554608185334912,-1.9664742555098647,2.7656846764396916,-0.10245304301364866,-1.6179297423148677,1,0.9227350027235621
-0.4843604822675558,-1.100301894418627,0.7673775483634391,-1.5298588974665925,0.4769929992279509,-1.3639491858563213,-1.2685227842252595,0.7199240584505238,0.7868312353969821,1.0977402302373345,1,0.9848399191644751
1.4945155940101091,0.7194026287636303,0.5308104807646351,0.6619661249517252,0.6739773014329726,0.5885494654165118,-0.963011153546463,-0.625355074187746,0.8855438955244718,0.2066005727410577,1,1.0547761205747905
-0.13189251624335152,2.3206681587175635,-0.9721663604576065,2.101365579898701,-1.8399625448289059,1.1538337946412953,0.5184070963782138,-1.8618609788303846,-2.6222908655831976,-1.8611574064009324,0,0.027521675546739267
3.1147551261915485,-1.2138849564483563,-0.0028182205108500114,0.8103630009494759,1.2457616812647223,1.1863115482516167,-1.5237436821072903,-1.0090986783814777,2.0271067616328895,-0.39552127793505276,0,-0.06545475261939929
2.2698509439356087,-2.487180919324802,1.4950698154836923,0.15498611542674867,0.9224917249102976,-1.4426278409332194,0.25965821727169747,-1.8238074994684588,0.9543590487511263,-0.04904482052346837,1,1.0305371077898098
-2.3966706814918477,1.5931339400041644,0.3228442714024462,-2.611158313999354,-0.4352194657886619,1.7849989019453851,0.17036334020486998,1.867691239826873,0.14447779569473643,1.8870340774089092,1,0.8931249701959706
2.5400959680763426,-0.2676980867863122,2.2877897619909606,0.2898385529654346,2.2558629056384776,1.447890908090077,0.7104855268473528,-0.9386263310946794,2.0999820487399425,0.7645566724741283,1,0.9888588912121394
0.2960692200359457,-0.03190986812711955,0.6309999583755308,-3.0963056775128903,-0.93677092192914,-0.5064350256459581,0.3491491629773274,-1.0981602062678877,0.5335541696755695,0.9305896613742644,1,1.0568978384700025
0.184542780383685,-1.3063651444144821,-4.490317999546177,-0.45713377298105407,3.642755234014104,1.555418332808683,0.690167624183214,5.298110733668064,3.745703149321117,-3.0190161726543585,1,1.000919710778566
-0.0790097353278344,-0.43843253696359735,-1.4758975167353228,2.222989099578515,1.4241140965306525,1.0497823074020283,-1.1394182211732269,2.0282416023726704,0.5850784997154058,-1.0647340900547009,1,0.9750531225019027
0.8340244916146697,1.1026212129409123,0.39259253124717164,-1.0462899797802703,1.5383105421744294,-0.20132309620009667,0.02528816142469067,1.4095702314801724,2.5158134005796953,1.4786468671761555,1,1.0444673126886175
0.8461631220817964,-0.4572846565996953,0.7486146043271287,1.596254484843969,0.3201301382089181,-0.8718011604182617,0.3641000761060149,-0.8223181713608619,-0.2058231013356522,0.01752096524711466,0,0.048737590754329076
-3.4155288376860424,-0.46075468041483914,2.815386887893087,-0.44191275313413003,0.35206146636305147,0.6633118513083384,-0.27791926334624845,-0.26271696856959326,-3.200124836001863,-0.7684663512005521,0,0.06550198464334751
-2.510015473511581,-0.8240121847967264,4.453864038656725,-0.5211823506412465,0.030493559245784008,-0.8324817253647913,0.3290793645861065,-1.9853216894979109,-3.3568686601201847,0.12359441112673952,0,0.04371712142231937
1.496191301167997,0.8528891556381992,1.5553149915233124,0.4780278522607808,3.7642042484055,-1.058626185589747,-0.5192806720848727,2.136634351078116,3.472064151998823,1.47251760275089,1,1.0540687396968573
-1.1787086425471114,-1.112854111608385,1.3490494118474783,-2.840552632010909,-2.6388122571124426,1.8847390947312266,-0.07001777283631158,-2.663596893179341,-2.2675445758075123,0.372051168157436,1,1.0366454278718766
-1.9505943537665744,0.470689431557678,-2.5198754963897154,0.21319426146735354,2.313975727394416,1.420941308922298,-0.9208185422275602,4.822727656333723,1.4497511999276107,-1.169730457719362,1,1.0132764324558237
1.3471639570622231,0.28304527375880184,1.8628385994163013,-0.5088301418709128,1.0339788244524653,1.8448847813690743,-1.3192955673895612,-1.2255212543190763,0.8082530622843379,0.34510164116385433,1,1.0044754499881907
-1.02275965446046,1.5891312019241544,-3.0315491900442684,0.14380074075484683,3.122544663611242,-0.3695243664287324,-1.4399936980679575,5.323157201019099,2.7292534960389987,-1.334030548091081,1,0.9881370140451299
1.6954658370615405,-1.4733437804375582,-2.9454547659497576,1.728729666917669,3.8304615482792705,-1.4766253710334616,-1.3694677008760825,4.548575347327032,4.415890547375434,-0.7417316969683363,1,0.9393815853470138
-4.025642607781652,-0.5517041611574824,4.857970190096539,1.0864215271916289,-1.5574491657244118,1.1395725945117177,0.8082637693592474,-3.081128328345888,-6.265630569344429,-0.3214248927797092,0,-0.04776557544099044
0.15818834082814415,-2.077242934137581,2.2941771196743312,-0.6359713985578099,1.7683840797353207,0.7945462862139644,-0.15261884549480775,0.4294651681906665,1.162009124813358,1.365163540271915,1,0.9858992759032396
-1.076273904839733,-0.06807066726845386,2.4052356584104313,1.8426190681973753,1.9024730949140638,-1.9298404337291657,0.962360399888817,-0.11038495088219469,-1.5110456539204686,-1.1026235008968595,0,0.012072607980121466
-1.7114752398885213,-1.730969034962882,-1.262171297437504,0.5336740929657313,0.45691601677244653,-1.8552270653242517,1.921718791077919,1.857713024492627,-0.6663936408272948,-1.2431404358888256,1,1.0720406299002132
0.3286177003977633,-1.2315729280491567,-0.6969988804868497,1.5611718092782318,1.3347681182999453,-1.7531663952976762,-0.819850974077027,0.8927446956752465,0.3556507815993014,-1.3259298930746466,1,0.9979101386062244
-2.5537952023211226,-0.056794931868898606,-0.6410375210438921,-0.7896737457247185,1.021227956943938,0.776107174205945,-0.8239706196925856,2.7279274958980824,-0.24976224736621233,-0.6460632730898119,1,1.0501738145438833
-0.7892416103932026,0.09233371703212509,-1.023142617508858,2.1560481377990963,1.0850172769860904,-0.36210958306159013,2.4634958629544514,2.0195074640932953,-0.014145414707771071,-0.647144775888068,1,1.053965782821606
1.7343918830948974,1.027440983692651,-0.02670787676400388,1.5072510326788946,2.481545698692601,0.7252765667745492,-2.0853349406053554,0.6827981261454774,1.7394071466269188,-1.050563953965857,0,-0.01157233988443955
-1.957105864608959,0.30465250101650254,1.7472245477776642,-3.5716056663333955,0.6761820402333538,-0.9981674068032484,-1.3266994854562695,1.7373803500777545,1.0278968959072523,2.399447699482075,1,1.0297345105685092
-0.7220982162029779,-1.4754922110181068,-0.38028719129085187,2.786250621301532,2.6517778428628622,-2.954310752325581,-2.661709076965646,2.1960597735707292,-0.029903251457630307,-1.9493587987853926,0,-0.012176402086243076
3.278900451392422,1.088652177755826,2.2109153809493245,1.197236641088971,1.5573074668316136,0.8098860625492542,-0.4648739491737856,-2.6251266834988773,1.063884684468394,-0.3746088163318537,1,1.0661067947039238
-2.330996123361813,-1.204523657437879,0.400434431190676,0.4977299884604255,-0.1773403038449748,-1.5931864850670316,-1.1733943343338686,0.6751008890543829,-1.9481041638572743,-0.5487814790453027,1,1.0317921669132966
5.419681905536727,-0.006584901928737488,3.043643809524231,0.11961033265260523,1.1907065072668161,0.21130226209907305,0.7859953420780464,-5.200478139359019,1.5333150459484999,-0.7001497290845333,1,0.9404758122655822
0.1427748821201118,-1.0260908885504056,-0.6763609847624794,-0.33121004183107083,1.9627694838828464,1.0843676875011556,-0.09985943693462605,0.6712080638653114,0.42268216711495127,-2.9155590959779807,0,0.008076232607692337
1.0802126667009326,0.3922830553835679,0.2429623031571303,0.35231488379502784,1.3187458716409641,-0.6711698098584843,-0.49532641892033047,-0.2123730479611379,0.7439361131114223,-1.020180174167361,0,0.08240560809119399
-1.6836920210170931,-0.8222151493600639,1.0182809427416006,1.131623131702877,-1.2546963111869114,-0.8428740071231702,-1.6376706720753667,-1.600567777484971,-3.328399291285087,-1.1829087099492352,0,-0.00906155172733506
-1.7214512374237962,0.3399333477931805,0.5664443370164329,-2.2858872713808602,0.031949892145096026,0.2993235184437572,0.09204218534273993,1.6550540671521667,0.5806592340161817,1.8377050195494928,1,1.0223857515047534
-1.7785015321782072,0.6063240844799437,-2.769001417467683,0.1494048731674057,1.6773641821947758,-0.011581113124646068,-0.8301745500589337,3.7474362303621325,0.629325659841134,-2.1941426076781054,1,1.0272939418869573
3.7123581679757094,1.3394487682538367,-0.26501330535428824,1.4636899431162056,0.22292158915342553,-0.49896692279598004,0.9529439017626905,-0.8846691773548965,2.7039980263288483,1.816587213652587,0,-0.051831144958230026
-1.8912548907042086,-0.7675440548800317,3.0144279319168463,4.563888643838574,0.968410785596367,-0.3088562903459208,1.4473056036333236,-0.27839060259533827,-3.1124915366415107,0.08353490011386766,0,0.025535397460675697
-2.7775735888852227,0.342554053378775,3.017709590205387,0.5537691982094796,1.184455754958294,-0.44901353867598626,-0.3041494813943543,0.3037995271426407,-2.3129222584696283,-0.154103155711941,0,-0.06969175760173128
2.435943808834763,0.7054293026098832,2.2752029284754247,-0.8857196207233371,3.708016320059565,-0.2005043833100162,-1.262921491777678,1.0990020049667129,4.129857257687503,1.8582048494351526,1,0.9687187946799302
-0.46679626548055597,0.2606961792282181,0.8865944379205722,0.1973592403757174,1.1610272818355987,0.26043190794444393,0.9131336652861587,0.6206671637000968,0.09554073705071556,-0.06500707851243392,0,0.0537861483747096
-0.14263574903287124,1.2070055867471738,0.4357778653474712,0.8911943668099359,-0.37444028008585184,-1.1678101718813645,-0.5638522374974877,-1.2016771241513315,-1.4429666218106552,-1.0574381832162008,0,0.0178378145154179
-2.7500003135005455,-0.7703395133513132,2.098478360231484,0.2075280303551209,-2.1694450600756534,1.2302856958786972,-1.247381267286639,-2.8453949195364956,-5.01338647520688,-1.4716433356629732,0,-0.01522389038732635
1.0714598867772693,-2.0222989118454664,-1.0888678541236168,4.176319158982894,-2.7282497849964957,-0.1193317907495331,2.398319095081008,-3.0722179223288664,-3.0124323152097823,-1.3895869380628092,0,0.022323051062259375
4.186654680744832,0.16844588597208987,1.0977063568028687,-0.5741400931886169,1.2581973842398715,-0.8413963393324232,-0.725786370144451,-3.0955862396100273,1.8971135060874702,-1.2895074998313787,0,-0.0030046123877565723
-2.2105055574116355,0.7164916022032067,2.116481552453339,1.900822719738604,-2.0269209650342197,1.2510178855938763,0.2980115818381754,-2.2470182425087852,-4.363057257852735,-0.04021792121832912,1,1.0006289251175917
0.4669513274542576,-1.745860338554486,3.7170935900940845,1.9293703157986104,2.7387258664155176,-0.3228994742332959,1.845556018994896,-1.651930968836208,-1.1051451527484777,-1.5906271300680117,0,0.03284092633600688
-1.5968798214814832,1.0967650075898785,0.7839627746687274,1.6456052996724746,-0.8391724506300333,-0.1099146903024861,-0.3479339744234473,-0.6300874879839917,-2.5632406801701295,-0.4022243086920064,1,0.9636316129670434
-0.8683229737983651,1.0679794909231966,-0.7051291565530319,0.9755334818818256,0.607214630458096,-0.06147361006683614,-0.5344731073294516,1.1545423944863222,-0.4255737215774959,-0.9901205624415578,1,1.0020168202777346
0.9793418235520759,1.5056374834387913,-1.6562978847155412,2.2266111343288273,-1.290938688948477,1.0106839961418261,0.05139745698853957,-1.1489335962919567,-0.9953082614361115,-1.2613300997504042,0,-0.015613409730332645
-1.7851648403825644,0.877714171414024,0.5312516856103594,1.0458574069235491,0.3673484858829602,-0.7097419286402817,0.25006800868623713,0.43647843152574556,-1.7954732868751182,-1.090479577427959,0,-0.07928016873001278
-0.974954896061752,1.3332316249446106,0.6653989348111173,1.2096398931681316,-2.461322400503291,-0.06220196493552289,-0.23973776761533724,-3.1141215382441807,-3.9655637747107924,-1.5847898503559579,0,-0.046022787812464994
-0.7859317870738141,-0.9264092868191575,-0.63300089584416,2.2209214262458614,0.9310305982163468,-0.021007360126637602,-0.6044844758406217,1.7311150194024378,-0.1816479496398392,-0.32871508073861755,1,1.0784103223531916
-0.4704073315352174,1.0221249941300405,-1.993158624563983,1.3252114751775592,2.1141995538935667,-0.1583179330041202,-1.3197491112310664,3.1477378430307192,1.279212092731193,-1.4050159586457613,1,1.0192361657292617
1.2270553511934963,0.4025768428926594,2.4712302155186086,-0.11719698091118125,1.201554455643915,-0.5440375398494379,0.24934141504062307,-1.1360176744012442,0.7853339251177424,0.9745485781161254,1,0.9338205849299306
2.9549069610957854,-2.1151745906288792,0.045870833649920284,0.33701024931192247,0.9244965285270212,0.8253810052152363,-0.16682139481482025,-0.9234233939219301,2.1455986539498535,0.19634286171868565,1,0.9229822812075794
0.02409541978334362,-1.2311673420519929,0.31372493402524104,2.276530244014399,-2.5055039027505144,-1.3845452168434786,0.745000740264612,-3.187414120903797,-3.3462355932824086,-1.0522474581261714,0,-0.005608195005529198
3.6338120331790877,0.791941079449409,-2.4885996069891605,-0.8689944285294695,0.8307776983663051,1.9799798653738627,0.41649742054684125,-0.5578205197232398,2.942308997774006,-1.9265234002332918,0,0.07805932665882412
1.5156298405280553,-0.7963610621351561,1.1740398959002651,-1.2007069670541248,-1.2627027998406448,0.08791563480500712,-0.6747682544726443,-3.1723071770411857,-0.5417649789827288,-0.0918939079918688,1,0.9906620932597824
0.842823712111151,0.4729780456749433,2.0852662617465656,2.026476645636806,0.11162466134177451,-0.2252642972346627,-1.1036190397456933,-1.431287211726278,-0.5366004390537702,1.230271506983697,0,0.0653499776702008
0.37545089848625,0.2546101610255243,0.5089185286728527,-1.609100297710187,0.5592239986691456,-1.3377571893994444,0.13066347247017382,0.6260414406940498,1.592641291023048,1.3843082688356745,1,1.017596538540933
-1.9641121754429602,1.1854960128604688,-1.9161009542966774,0.2802388527359605,1.756579052044382,-0.18447098433928444,0.13831670385485037,3.8162630025671436,0.676782040085657,-1.163147308952305,1,1.0235625228922947
-1.8497736155905267,0.12330706291600187,1.2932958851170513,0.7078951420312658,0.24848097892681986,-0.24467651850144517,-1.329401134514552,-0.3056463807064667,-2.2635614554009162,-1.163627725881554,0,-0.06678602546522848
-0.2671879621325248,-2.139219254427758,-0.3496914214454332,-2.045529154275555,-0.3078138425215937,0.5305292848330334,-1.9883676005651576,0.7220533488422279,1.0028889502644878,1.03089835174386,1,1.0468761460874878
-2.756456575061246,0.22902508249686374,3.566300858390963,1.1620640141530494,-0.5496542214152105,-1.1091784311265072,0.6455959830838512,-1.9350984222679128,-4.262507925849075,-0.4299091023521242,0,-0.01674660186368036
3.2597986113005204,-0.4431848686271412,1.014214023335518,1.2973005042651535,3.912734643932889,0.3299466824886611,0.32358350588087403,1.2970992204927887,4.179646684417501,0.9029222278328818,1,1.0431546226805455
0.9937043578500895,0.5325123530335995,-2.1490190646094844,2.5767151699966893,2.2746582982678913,1.0615735917392373,0.7041251203902738,2.480811962992858,1.795321440694876,-1.4669352875358652,1,0.9592915009006944
-0.7792393571617195,-0.3914113327678112,-1.3237920320226086,-1.6177841526562107,0.9285664967564877,-0.2404521454128602,0.14559421695598843,3.385894090692736,2.46265643604721,1.700091984361691,1,1.0088524673754957
-1.0293481832274765,0.5584137625391673,2.4368273479183804,1.9825155816603246,-1.1678900747190952,1.133349498663249,-0.09653475992636701,-2.525778979644886,-3.3927725795209502,-0.17579656254816733,0,0.017600147696881573
0.4390467703884351,-1.5453915571999615,-0.0729254879842769,2.5734371957752993,0.8370707662570473,-0.7512990393524857,0.36062503034754706,0.21880846557286368,-0.24755517461876148,-0.6745796747173682,1,0.9922983341712067
-0.7983178202841039,-1.0743585685709662,-2.4636733566886555,0.7234738963635592,2.406551092765544,-0.8724179345474161,-0.8042784764276733,4.283597264512829,2.045087365848277,-0.9152711581072476,1,1.0202272596543078
1.5991085993007044,-0.36339889181443175,0.9292143028413212,2.0722912740651482,1.5236349345537459,-1.2282875635949844,-1.2381276388959541,-0.12014647700525145,1.040121790047998,0.3605466925407901,0,-0.013319853759625438
0.12457501392711201,-0.8362279319726534,-0.3470719486912419,0.2874685852130934,-1.5870479910300288,1.147923427067108,-0.10830414934622005,-1.910161866895035,-1.684482229913917,-1.1275779497865555,0,-0.03245298765206397
-0.6316674719079003,-0.979655818251365,-0.4356816055380006,-2.1033452804927673,-0.015171173978313357,-0.9825609392760634,1.5586710839548623,1.4709404831976958,1.284046248291666,1.341751676596707,1,1.0802741691396982
2.3438128081823386,-0.14220598660943198,-0.5507618648381405,1.0327334427297918,-1.0372863240360868,-0.35639120552201925,-0.7632529876693585,-0.4558698767660013,1.8553786730403505,2.7386387121192772,0,0.05244764331807211
0.9021851467100386,0.4518925713857754,1.4220938140130586,3.5550519200487662,-0.03275103104055277,-0.7844320765007852,1.0754134821544417,-1.5078947987334117,-1.1847684411975465,0.39782148148915053,1,0.9619567627475911
2.6663487722818746,-0.9911887319261282,-0.07093058262099627,1.212971867977752,2.3217498204069305,-0.7333154782972183,-0.20840721278389884,0.6540978604574594,2.856037788881933,0.15829051205691702,1,1.0284222152797307
2.9926610591900165,-2.1585261734230987,0.07683233621399277,1.1116940256664236,3.518614715779342,0.8319192165782117,-0.15850368553410635,1.6989272985666255,4.136036256324617,0.6063328349574879,1,0.9628660572649423
0.7398893619545786,0.4519317760194321,-0.49183189030951713,1.8652919540764015,-0.21725794283055866,-0.8667101559763385,-0.7679007249368095,-0.5788278016540819,-0.43020351509771854,-0.5945312382164551,0,-0.059234232183116214
-0.3185065995924372,0.9770836633619949,0.403453381661931,-3.137787606969784,0.022582993817449215,1.2722448867201532,-0.48475485549690717,0.9250108686917589,1.645014282267869,1.909906249842921,1,1.0516904720699487
0.6980965001164656,-0.538053080056453,0.9294149676409905,0.11925038339667993,-0.17502183181593312,-1.4508489002147555,0.10493835952998185,-2.253298895136476,-1.1980109320997034,-1.5808129849557473,0,-0.08520498128237029
1.0906316405432401,-0.7489295316024224,2.3224970012658535,0.22456906535072763,0.11975418815423733,1.533053682605455,-1.860433845962216,-3.8187596476757504,-1.9968401056514933,-2.383644925441833,0,0.04634279567882706
3.1259182748332623,-1.1726915901595942,1.439327245426624,-0.1954842935450809,2.1289797206154644,-0.3440927280373196,0.11730933492101994,-0.8050042003756751,2.818719888387144,0.6401204016451367,1,0.987363884371347
-1.103417633373918,-0.5484793023097686,1.648052433001677,2.3825702967541895,-1.0531678669263345,0.02154164143851543,0.08454187870361275,-1.7270518006325857,-3.049656720821357,-0.19157160508783677,1,0.9894226698459736
0.8900835221210639,0.1127118785912505,1.6408913988909666,-1.1711898762361017,2.307240336034989,-0.8190228525040167,0.560385861285075,1.1773022843745782,2.6156445787270606,1.6748171096045417,1,1.0204875609811646
-1.5725622806392072,0.6754002431165834,2.2588286526808297,-0.0010765225473883255,-0.21003578061307338,-0.8650491862135976,0.6281338487478242,-1.3260573869381511,-2.3985689443220486,-0.4728044958819111,0,0.02905994059971262
-0.14832544946787896,-1.5727745796905899,-1.157984694140257,2.685566320702347,1.2813556309163965,-0.8248590408617825,0.10180650158843768,2.001038847680183,0.44920918352380046,-0.49455700265232205,1,0.9586828411585546
-1.333597908949177,-0.3017722771130864,-3.170873695283033,0.9338379021137795,1.177925792805341,-0.022427064915464694,0.9949951218724415,3.333202973040379,0.43904790305713437,-2.201116814344397,0,0.03588628043750317
-1.5863149960899345,-1.0081486660013108,-1.9387188093453604,0.9665773671800766,0.9078986915025995,1.4143631395379919,-1.0825744339076548,2.426974466169962,-0.36028743734009283,-1.8431682304404546,1,1.005668526901261
0.5219377396131483,-1.3739279329655056,0.23989895761420676,-1.6855731413632984,-1.1944935483559962,-0.06786779103421746,-0.16688101042477466,-1.1436758798566677,0.2333140186718459,0.9334255603948579,1,0.9371972603565981
-0.38544179074609064,0.428382461140386,-1.3807539882948006,1.3817072475163847,1.1302417652506052,-0.05632199585395019,1.1795012141844854,1.6821689210050865,0.23575884529110483,-1.3797291461490682,1,0.991506275821013
1.7194223875397243,-1.0993269206235872,0.5088661639287937,-2.4004961866250465,0.5503448324178262,0.9768193616716658,-0.0518124218104891,-0.24516310933868404,2.478418697208907,1.3751674181268556,1,1.0690639507779462
0.7861803398468445,0.8476733928620073,-0.18243078303769034,0.9566226540905839,-1.884621923110233,0.302692183434607,-0.8565027030932068,-2.9451116910188397,-2.0841171193013084,-1.5024778133815664,0,0.08382973991228483
1.9101735780991163,1.7511427346721882,1.8787030647194327,4.236571692093669,1.4434470099314687,-0.8781280969031082,1.2029173085964209,-0.4912512669202907,0.6272773168818645,1.5347193987995142,0,0.03586742288043387
-0.28183215260211214,-0.07810167629318523,0.33044879440542707,-0.0027765002316422205,0.1468366314082139,0.3592749213850074,-0.2290440373089135,-1.1259651312362284,-1.358466562600461,-2.089593503249291,0,-0.059517174408418506
-1.9523050783153622,-0.8872992794703353,0.8514444591197965,-2.888067024758368,-1.468243571548764,-0.0734714255174228,-0.6108538083945698,-0.1161695480305775,-0.9226865383631339,1.3578561824265782,1,1.0245303451227945
1.4996942385669103,1.2454611468216463,-0.7352655140098066,1.0897440660327107,2.512374055061411,0.1516079103715293,0.647868248755623,0.770246435384067,1.4894791979733701,-2.2433158221662195,1,1.0425430451929596
-1.3066429710823264,0.5137546616955689,0.2370861967086395,0.7799812903837029,-1.1597358477268747,-0.8164883082485422,-0.515193314461977,-1.5116001191759643,-2.9450085740213763,-1.8981913155034817,0,0.03628539916593611
-1.4284096753063875,-1.7376808461967244,2.1601965361501563,1.5694450144920726,-1.5646161255183064,0.6876068801557436,1.1650653642997666,-2.3329197382540254,-3.533468603637759,-0.015012026361914899,1,1.039247714434396
-0.5950643288780448,-0.02975710107467705,-0.6361717832953453,1.5231920435153898,-1.5546695594727837,1.008646724623233,0.16995987093552753,-1.5730412169079933,-2.6249391823801114,-1.8408620605004258,0,0.01816315396237654
-0.6548553611884598,0.23194559029010253,1.274503563311746,1.1425076732087194,0.32061093711985444,-0.4684000547406717,0.045408467981997463,-0.6832441911514072,-1.455083972603613,-0.6469494526814716,0,-0.003620616941527185
-0.19363543804042505,1.2151619605326252,2.5351588901523217,-1.245624453737789,0.25952539426792487,-1.2594664050534579,-1.8999858393151419,-1.1178061963235948,-0.2634573425680043,1.0988294563331107,1,0.9695816252047991
-0.677833833549938,0.6139741134196337,-2.7263269438416007,0.1865318551419074,2.028574986325901,-1.0427193220974136,-0.11803360011152218,3.276857366555074,1.3368320991279283,-2.319277030112822,1,0.9051032240749252
-0.5844943202189148,-1.604412983711113,-1.4869780391286098,-2.6015048638067864,2.9240243192669038,0.8030342636939594,1.0828529541768297,5.9477917316380475,5.156202423888612,2.9320371156739427,1,1.0169820883356675
1.7494575584956955,-1.881703886268545,-2.5813413965668235,0.26529729335442465,1.532101025182694,0.6361793146772251,-0.08921313831964106,1.4057194295197262,2.2907985829927036,-1.879387745651281,0,0.009302642182609427
-0.011800652652291688,-0.3793474118091377,0.38862017223665846,2.1988693228614027,0.6478654440928815,0.6806661366958501,0.9079491259574854,0.40286522391683804,-0.29227341394276657,0.14788668427881269,1,1.027878792141241
-2.4941377557174613,-0.90701598279588,-0.42460208618237605,2.205633372562655,0.22439884849013803,1.2006159486542147,1.9429901805686849,1.6264709654167597,-2.0160012022101887,-0.9525662396032094,0,-0.0668771846646447
-0.02200736491031363,0.5038688122827683,0.26266819407743547,1.6929502274235948,0.7599299004396394,-0.45407952335997215,0.9607007787010667,0.39278243379872163,-0.209708787586539,-0.24435161547495887,0,0.03225083446575302
1.7844892561827899,1.2570625858297662,-2.0337923636875095,4.6453054485066545,-3.6608147322746905,-1.685933046323129,0.15592144233095126,-4.128880124074988,-3.524550368335508,-2.307178819732986,0,0.10272725473103886
1.8099428932553794,0.1219131635244661,2.517250789555264,0.2917750803513861,0.4164607999460179,2.130357098527755,-1.021387512676185,-3.031108982701381,-0.4279045660417953,-0.37767265971114805,0,0.003922506538895567
-1.7188354456311512,-2.546914193732058,0.9088072604235238,1.8728028534879204,-0.37725073221033467,3.0261813174599297,-1.3284438256852285,-0.17049192231481927,-2.353929559368322,-0.3140265095555207,1,0.996916734039673
2.332076876197939,-0.6812985386562329,0.8006733748366653,2.3552345824073595,0.4821542546884342,0.5231569377735036,0.1988780118987021,-1.1258504127747158,0.9055509607509661,0.9418145846639516,0,0.01545011780428505
-0.3774142142412489,-1.7534828074989222,-0.5639651336368896,0.9078435426877683,0.8782626412379302,-2.2683765890810235,1.2477951333243353,0.8888552787198957,-0.12297631059183191,-1.1562126821634033,1,1.101616851235517
1.2231385716828502,0.16954695867870795,1.930615011833671,1.887394680935138,2.3909414706578223,-0.02654772137084417,0.8815704761380926,-0.9736433997638595,-0.02360971561610421,-1.5665727066499697,0,-0.05118238808499455
-0.9401167201517926,-0.8964710072367336,2.071204477459977,0.8371364487259394,-1.3417553826011352,-0.18983629589391413,0.22719937157379796,-2.6891399721270006,-3.1738114008728475,-0.5898796778422182,0,0.010160346669695248
0.1523917522776277,-0.28938855669567987,-0.5268286449086379,2.3040450343179897,-0.9051689926700254,0.8244160863228365,0.7488493421126241,-0.9437961251251445,-1.4835645429777018,-0.8167905373865956,0,-0.03998287111488221
1.175962055057912,0.6112088970547901,0.7606993350908805,1.8891334369834203,0.9847034966759958,-1.1808030816471176,-0.2514205128393013,-0.6412378535105395,0.14772571196966247,-0.38849892742576153,0,-0.02735023604224975
-3.3439078967421425,-0.4089832972479895,1.0009930189497331,-2.1841306124916136,-0.7220895575294031,0.6775399203581709,-0.49081749997399976,1.7005800151595643,-0.9745642018550804,1.9881040077118972,1,0.997520484605903
1.601222867765089,-1.8910932576522337,1.959879599757023,-0.6119784997183797,1.182467237585402,0.5092144632299732,-0.796866511002695,-2.6239129644421495,-0.2562194617838711,-1.9700556419065158,0,0.06736616208067794
-4.715121252415196,-0.16329639570523535,0.3744180214810724,-1.2322879427491635,-1.2475308373231822,-1.4937427276457738,0.8689959220771294,0.9182708366753419,-3.6677052819259397,-1.0151514499727954,1,1.0900495300344368
-2.3747563969818684,-1.2231754645899355,2.823416120561399,-1.6042782766993993,0.39382479098022105,0.16545690621076375,0.2564873730116014,-0.628833622815899,-2.043547843005689,-0.2831864246387601,0,0.022407107231335318
1.3498222137536602,1.0741650400035525,-0.7499608753305587,1.7935589952705273,1.3842219821542159,-1.345047872131159,1.2300311445839818,0.7603736265784652,1.2697240022244503,-0.5754367275566239,0,-0.018829736151174267
-0.13582656216953914,0.2968715847104439,-0.956631338051296,1.0911697134662257,1.6999723696415354,-0.12490536823080861,-1.3829603958066963,2.0564362841353105,1.003361429414727,-0.7554411828637189,1,1.1246369433319259
-0.8029386810334918,0.7917962820463507,2.905752233756908,0.9742365314898496,1.2590691932334945,0.4152058234649635,0.3567244507682599,-2.0698942709281574,-2.6313433647100175,-2.4635677100207882,0,-0.02137772406647601
-0.765643041456361,-1.3912577354733806,0.9516117887563526,0.5114685165374084,0.5490744723602954,-0.8979010079928486,0.21634480133791728,0.11230288497963846,-0.7227165301204646,-0.19558571251807855,0,-0.028556795717986867
-2.2556360855406457,0.33872494423179966,-2.081869623400171,-0.4700754161409735,1.7118748263403867,-0.20414245806352732,0.7127919208790907,3.8898176406871117,0.6178604512924382,-1.5143724574783564,1,0.9112528477710636
2.090443541857585,-0.7125939812219163,1.3995730974753973,2.80202574069462,0.5745366808997823,0.5936430625864056,-0.4046294671205223,-1.8306562783397065,-0.0468322326647493,0.12641342121080568,1,1.0698045784622372
