feature_0,feature_1,feature_2,feature_3,feature_4,feature_5,feature_6,feature_7,feature_8,feature_9,feature_10,target
-0.2697176333998859,1.4040188605627877,3.1151399900102525,-0.8521741794358746,2.885525021799287,1.1553030833551614,2.3254902587972923,0.6366308725776229,0.23530889506145228,-1.3559068187076324,1.7680407982826642,0
-0.3742100691177763,1.1303919629096475,-5.672627064114772,-1.394955930755087,0.7990604251625993,4.2493338957877835,0.993879882927951,1.9438244066996364,0.198138192320645,4.23047299815336,-0.9679197952374647,0
0.62191627838632,-0.907764421517912,0.6681725773569256,-0.9490483336961577,3.845682803744325,2.112695867756443,2.1861645566182717,-1.9411236128764071,5.701029386132637,3.716326878148721,0.4195733437508018,1
-2.931123523513772,-0.8305735181452838,-0.19627949856242666,0.2234484687004212,0.41856494929787424,1.1015277356448614,-1.1868705585824766,-0.007759047986670042,1.5018364606843357,1.0947247838305416,1.3651475018675656,1
-2.3881863726810346,1.4941619013183856,-1.4317281292465949,1.2131334785214938,-1.5644601659978148,0.026299170694104146,-3.3513558374307406,0.023960845923546192,0.11730563853240078,0.495624960967057,0.4286882321330414,0
-0.39837735076620734,0.8847300786708446,-0.27398054890240625,-1.2139419448818052,1.2432949504440445,-0.5266907804094552,-0.8251982656843229,0.2521840683635366,6.117676574181019,4.147543232582898,0.9696130600748596,1
0.10425400166699714,0.04948250067123738,0.18752824825584805,0.35888868684079683,2.0990967064018085,0.644902277073051,2.0246050339570374,1.7094644783791813,-1.8126863834981672,-1.2287356954245898,-1.5916979651219494,1
0.49184788418476527,-0.04129459946837277,-4.635895436886765,0.8431164928374,-0.6121245797329287,1.9445575489158688,2.144935390361059,1.4984564243909706,-3.605350851557133,0.9115211692174645,-3.1091068290914565,1
1.189970632277195,-0.6485707707383236,-4.961495541661705,-0.8988248650692306,-2.4641035121664463,1.8481851624988614,-2.2143893506789016,0.5430179217919859,0.4981778220866369,3.5389139697203476,0.33239835711020504,0
0.924661061137127,1.4378315104346928,-3.7993484761269833,0.07252481686994275,-2.4660485071981224,-0.27926327373007154,-5.0326665730527305,-2.995927310007353,6.482631110865471,6.008903278532414,0.19822043832650182,0
-0.3912856719142606,-0.7692675537157496,-1.578896337439323,1.161598604241495,1.3973011861163565,-0.8846280903151449,2.270252691155151,2.435305284636102,0.36773503911377964,1.3028613814825523,-2.8835674651897625,1
0.33633746782982205,-0.9525943539720467,0.5004737659882194,-0.003931130861915657,2.9009366521467337,2.0022109175700558,1.1773520785578926,1.44249416222912,1.4655901649142835,0.9373485330095958,0.9803176748284244,0
0.017486956037735233,1.5276150603773926,-3.254829453692215,-1.0456595322933084,0.328101391298633,2.9497741655649907,-2.7991337275128076,1.2357819630400786,-4.309811567815489,-1.4703592298857808,-2.1596172592997704,0
0.654624049040504,-2.017513760072248,-1.4853078652621343,-0.6401359694970267,-0.43262573867635745,0.1340498506939064,2.17301304634902,1.9747642796161802,-2.242522698071176,-0.10121469728268462,-0.9647870580563068,1
-2.411781400589934,-1.2588576511949225,-3.1693228645893012,0.7186244047925351,0.42639435374653134,3.77148357708947,2.60964275249327,4.533587095049912,-4.620381326389686,-0.10482303456524034,0.6586336429296722,0
0.03465051909808052,0.47460017557046574,0.6080639927337529,0.012130477887319307,-0.23858928058831796,-0.16652267020968536,-0.8101571697375186,2.761965297682309,-1.3544304886523675,-1.2308545793556585,1.6703404478470005,0
0.8847244561634445,0.36814073002845593,0.5937514522988743,-1.9834242692010284,-1.743976333737677,-1.3160411842446957,-2.825532732975583,-1.5162816707929894,2.930924809042139,1.268163228679774,1.926313959222068,0
-0.996585426052718,-0.3282396534035206,1.284650849862318,0.9146603958502116,2.3575533159879773,0.5794670980045766,-0.295108640623414,1.4870280344151108,2.1001944305079556,0.5138358076131806,1.1868193251833141,0
-0.0052835840034460135,0.47053963830856504,1.7694032295872197,0.22009965300150286,0.27969446759272854,-0.27446674405951255,0.44454517323763276,2.62599786351558,-0.45274694850146935,-1.0541017021944459,2.6109735317768354,0
0.5001884739658018,-1.2071628487732724,-1.4491440929760713,0.09419792456526303,-2.791583966209492,0.012706713055778751,-1.5093741509882692,-0.16091818524590873,0.645077405139362,1.5839495642236283,2.132749944284953,0
-1.4004242811368355,0.5734232027847201,-2.2999550924659546,-0.9627088356258423,1.5943186435359202,5.304472193455318,-0.7556258271843697,-4.832587915472516,0.720498798727015,1.8600890355928406,-0.7192459258197188,1
-0.8088243753844996,0.6703132269650615,-4.328030681636477,0.2852297579304592,0.11205502035724613,1.7048200213494,2.4059156961766037,2.0581485854266877,-4.289051539677162,0.11994719142914934,-3.9946443566885743,1
-0.43441383853581206,1.3912133560568822,-2.5051017789540353,-0.842388886037618,-1.8165985122350832,0.6138050220658963,-0.10798321657454801,2.065384340375651,0.6405939552882935,2.5388835448256666,1.793284350079071,0
-0.6131677992881146,-0.3505079395154359,-0.6936118358559108,1.7266027291213335,-0.6972851142915777,1.06753379220637,2.3045663750550895,0.4601601923098886,-1.4652455337167738,0.21278664726715624,0.8850282784385474,0
1.8023201222526208,0.30990599324040063,-2.116906340915827,0.7153769431874816,-0.5259156406527685,1.5007356258430173,1.3680058810898794,3.2624980200713862,-0.6140036588362008,1.702519467788513,1.7169717313210018,0
0.8727255741161629,0.13473095636502377,-6.419178753626536,0.058942455638868824,0.043759997032352005,4.454668332339839,0.40658241694906816,3.4448302712515875,-0.9242301605630562,4.0222533019503,-0.33376246470971105,0
-2.0431629948006687,2.212104789969413,1.3209111340538564,-0.2976288425300228,1.7526723120099637,0.5917307981100672,-0.2695815706776281,1.1824303786814125,2.278940107709975,0.7562286093991786,1.9158829533311708,1
-0.02395339590380539,-0.375056436541658,-7.450075018785193,-0.2517605500631925,-2.8449804722436633,4.200164852933385,-2.623832244700444,0.7177419980599877,-4.41315314866948,1.689043691815027,-1.7228143497729485,0
-0.10416827468020837,0.13981331720189077,-0.7473065376399392,-0.7591891784464295,2.4674782758574594,1.616537740303204,1.3178691988425808,1.1018979762390477,4.132190897907501,3.6125135750577004,0.9226062604510276,0
0.4455555351804373,1.1232836054199231,-0.08906751852316308,-2.0667939815139653,0.6060179491043285,2.602063650280393,-2.9080710332899216,-3.07948676514955,-0.0031321380356816335,-0.48094579893197054,0.3733777412421192,1
-0.793618833324319,2.891138334413955,0.6063110252166032,-1.2212511340815089,-0.35373499795819474,0.3830375724770648,-3.411128890575423,0.1736127840989261,0.49133555309533805,-0.5171847724705751,1.8961996602205282,1
0.7586816033611121,0.24876392399865538,1.3110538291978953,-1.436743784826007,0.334710426074057,-1.3055615383103727,-2.822541429295508,3.38705700219794,-0.7859477618670836,-1.9390382907681207,1.027547263977071,0
0.06488357382500416,0.7378848335555381,-1.272740201827695,-0.13275792279768714,1.5661860886679997,3.406137731831403,-0.7035836353177023,-1.8123519639304653,2.238287379447876,2.3545602143469386,0.8134971796625794,1
-0.3102056847091332,-0.6160025473462919,-0.8850048111169806,0.5158375208621347,-1.0479447874985381,1.1004061640539013,-0.310391459436427,2.174356526614651,-3.3643997371797343,-1.429126880932007,1.100623846698214,0
0.7279652780318325,-0.619817960333461,2.86532640801559,-0.42864207824957307,2.637911206348994,-0.3423183802914873,1.09456115438656,1.4253319350299867,1.9376045363343883,-0.40261449444640895,1.3895598763465487,1
0.8878012510582869,-0.5714693682517087,0.040120418049592696,-0.6208316613350555,3.366603623691377,3.582342995136553,1.5852043746038125,4.031087397688034,-0.7550181856998307,0.0673228149511641,2.106896205223877,0
0.9788782702856067,0.3952030503524027,-2.9161293549036396,-0.33102392502964534,0.19184078708900698,2.6765540976683644,2.2631780780068733,0.010934053502668406,-3.761025368279034,-0.2647282354227123,-2.296164278350605,1
-0.9269377533880967,-0.004770347309162542,-0.8374578665298592,-1.4324059648228857,-0.27742439467868407,-0.6232566034053431,-2.023250472447227,0.872252265002071,3.8551769294339455,2.8978679244223224,1.2552116658258352,0
0.2510591096353723,1.0561217460871306,-0.7604585957196751,-0.3531066271177962,1.6462277025438845,2.167004100988027,1.2129749363580649,-0.7697228270349238,2.6683915239227423,2.6441455876954345,0.6851817857323353,0
-1.3985068928023492,-0.4367784107664335,-0.9492248579299959,0.8235432648791605,-1.884297044067805,0.21801333849122373,2.1947574492108446,-0.9248533079581525,-1.3929487293129448,0.3600354439282223,0.2893317610914885,0
-1.4759724580613105,0.055454231003897035,0.41805354246388393,-0.9085770935237054,2.639358122310268,3.3007111637053295,-2.174092788479034,-0.815778183369958,1.754540951141579,0.5882808574175409,1.5332105158203428,1
-0.07128085568210803,1.2243508806995613,-4.083936316452734,-0.988539325631457,-0.4659108382250534,0.38994805877503225,3.830781660690401,2.831148518123628,-3.989651676618211,0.4648327693786444,-3.925544790264541,1
-0.34504106433843196,0.09609055502204966,-0.8500757878283727,-0.8325609835896287,1.5761905874865096,2.9714070640023227,2.645977290054108,0.8791177935875486,-1.0740322057659422,0.5462573335367779,0.6000692495331896,0
0.3061966907823687,1.750359466356614,-0.11370953270767055,0.7010940556464529,1.2123768037240643,2.1757064074307273,-0.3887879578829271,-1.9240522989100906,0.6597335090715749,0.4503612508056769,0.15970052831995973,1
-1.3161056615706976,0.4407338243086897,-1.181249958812845,0.23094267361601725,1.083514918107926,0.6176160902935515,0.590211180612801,1.414054485609785,-0.026800097201788536,0.7275152666623814,-1.1010569961320213,1
-0.4402184386124494,-0.7862757377807216,2.9759539931395613,1.0039902940366077,1.5558210891391706,-1.198443147502557,-2.778772530651082,2.298957620454539,-0.23404899800805734,-2.7698453455084664,1.1321234282342263,0
-0.80572313532149,0.5686353359296644,0.30018990577180427,-0.7812237378426017,2.5360117233093367,0.6392589631027402,2.6244221385446775,-1.6678121749736723,6.372951885650376,4.5444209726404585,0.4266439047376972,1
0.7534251459999978,0.9957310966934956,-0.02055690755927364,0.2086381105098299,2.1910469564323645,1.2495342888960534,1.5945179571079588,-0.1557184068822337,3.480154911967479,2.676619214835643,0.5426024869195707,0
1.6132371851054108,-0.2167763983794083,-1.6616747265123963,-0.028331219907716764,-1.0850862445999732,0.9362800071133053,1.6778288855768466,0.35789487599320435,-2.689119452592005,-0.2731644103572186,-0.596850827108828,1
0.6062532408219864,1.2776742252613171,1.974243283673688,0.17077002701515012,4.4101043367105515,2.733084942063998,3.5548870683213543,-0.27276357962960485,2.1563673816608846,0.8258348989378808,0.9911535528756609,0
0.785265380119087,-1.8280769380842001,-1.6857153804816172,-0.9040507968961432,2.1096907119387303,2.5132448996421752,0.19240646580503296,2.9720565119601092,1.2717843149233279,2.1696382540120798,0.9379664873724356,0
-1.329977697682222,0.34037544795604,-6.410528409981791,-0.6650562174809419,-1.860293066710951,4.101190397479348,-2.3055446849058168,1.286747116755582,-4.60568817272038,0.8592191254720443,-1.6797336772781817,0
2.7077016991722247,-0.540463552402577,1.509434838938708,-0.38252100674884326,-0.29859541163707226,-0.27629629020298574,2.338167682633624,2.0245653280755054,0.8304914840266258,0.5433642720332656,3.4100726544108704,0
-0.26297518560248895,0.916351420265549,1.6562849375186588,0.42774233250157884,2.487099580226138,1.144492602700107,-1.6551632144174926,-1.0115438146471947,3.018433166619638,0.5614631872542203,1.107260278023909,1
-0.5642526469263965,-0.3730159279854264,3.8057948157024235,0.9315779498185135,3.3992147716882486,-1.280768240350072,1.6611424514533497,3.2101006269301386,3.833646291975957,0.42745097937916854,2.460626157344409,1
-1.0292265603955069,0.2896578412004326,1.6434052094455756,-1.9384681653560847,0.6120109717573425,-1.6804393128620845,1.4844525137828763,-0.4861122132164162,2.256256346415048,0.6004565193071386,0.014952855766633855,1
0.2415135746779964,-0.5276810326883015,-0.9855359220153159,0.7742792898368358,-0.09970561618102858,1.4902358842540502,-2.0450601838497287,0.824795924949749,1.4889016813747704,1.597823014750926,2.075142654747809,1
0.43888976425433607,-1.5879096903309189,-0.5072351970045359,0.8255120140665722,1.1766656865292966,2.2494611346042905,0.14285449358258906,-0.7465364012098983,0.995568393113767,1.1590464498818456,0.7437829858922949,1
-0.1565206101400915,-0.516976810252628,-5.790448037856657,-0.10330632815371574,-2.6893843862218194,3.322736178250549,-2.8156589960820853,-0.903873952275738,-2.216565726752,2.0433047945012124,-0.8909398186935893,0
0.3149038268313406,-0.6796127338545415,-1.918546698127686,-0.3445835829858985,-0.047283138601801666,1.3349627336275032,-2.8668520115683744,1.3861115674488764,-2.268665110134567,-0.8955621771221571,-0.9320478393318117,0
0.13971318425191312,0.9015101472194587,0.13932312062029914,-0.6984032494651868,-1.1637753764594831,-1.9072445386708399,-0.9299169080798184,2.6617098708761353,2.871502176948107,2.001116306106737,2.4649080925004405,0
1.5680063704760774,-1.222416308668315,-2.048816971773074,2.00968006512416,0.9628264513023305,-0.42132242280768706,2.474645921753866,2.035604539737652,0.5536305963793019,1.9005922716947756,-2.443245405577113,1
0.9214763329893579,0.6274169767050554,1.5397786858818,-0.10277156901270693,2.2945460473548307,-0.7510179573865963,-0.24837283466836424,-0.9604705404922516,5.682932788685188,2.577673983314405,0.4551020781371804,0
-0.618241877068485,-0.7016501327892088,-1.2530063112704548,1.1201824217134757,-0.718938303764783,0.13404802747240763,-0.06281759051093594,2.2569242064494244,1.5699710860937595,2.2336107752016074,1.858321271971159,0
-0.3378233017724179,-0.42601918008142076,-2.31474505419129,-0.11137693213413948,1.5557970635260578,-0.2635655371488519,0.8819934236959937,0.5186708427020502,2.1145898092390922,2.6056245628526584,-3.3695183987270707,1
0.89519622200875,0.266482453989239,-1.9720902800651345,-1.3127088836442817,0.00028838966406774524,2.411654331515702,1.9930853520708045,0.5051556029687624,-1.5262870975199878,0.8878368785245336,0.1811751012369336,0
0.2352952443952056,0.2804407920742859,0.9154889330828605,0.15796773495385014,1.306500695753249,1.1316826125768433,-1.470253307104848,0.021959914539617875,0.6116052607870107,-0.4263633597512835,1.0561602071263554,1
-0.41981210214753556,-0.08495158031150518,0.41405228517612,-1.7356712691339042,2.1808117469202637,1.9532336607209588,0.6594717879684262,-0.9576220625255687,1.5638143488237042,0.8852702043277171,0.34822312303678027,1
0.5093607064194244,0.7342191515915533,-0.021196541318044333,0.9529053626302504,3.9373568187727592,2.9225415815260885,-2.2149417320697147,1.2669210218637457,1.990842152804213,0.7838449002193076,0.3325356022831434,1
1.688408536291752,-1.1985584505624405,1.4373680426212958,-0.567796564462938,0.09578502749241569,-0.49449916338530797,-2.3080652735252523,-1.404405172110788,1.028308783500299,-0.751868120206775,0.5810676436000861,1
-1.0830208134449253,0.016980878757100304,-0.9279874220063707,-0.6705582328396891,0.5337946294514805,1.6468958807485605,0.5230032872588788,3.3820878830784356,-0.8600069713337917,0.49016583635104627,1.8122652802423793,1
2.0472285230626794,-0.968500165471042,-0.3851116457542586,-1.4047756968869551,0.21371343163790202,1.5963883096313647,-2.197033912667754,-2.667047283351872,2.2696722364289745,1.453639346438863,0.8250216931785727,1
0.1752800873982883,1.8554909731681746,-0.6633971264890253,0.39197916446839476,-1.1205875582951288,1.036476252999955,1.5422215072037213,1.563056189919486,-0.5364786101402964,0.9237150185079214,2.560359916373195,0
0.715956388818266,-0.20428691631721446,0.1629235747083717,-0.2955562936428236,0.04161106160450845,0.5234980561834877,-0.6632244652687961,0.24243127776862228,1.216610086334257,0.8011625475411129,1.5486554562746426,0
-2.5451844251860094,0.5126239260582676,2.1494292931186103,1.9785221132411215,1.6345757878048346,0.21407879938204444,-0.9612497923368756,-0.7697059706073204,1.4189976816633079,-0.7068245993465645,0.8990613808262412,1
1.4204350814731665,0.9190992002901791,-5.322873769518672,-0.7945015346046241,-0.7521556105010438,2.5856852507628085,2.421952867639497,2.4548583562321538,-4.113882558755911,1.2114584065710468,-2.637560399985416,1
0.3076207695943356,-0.6724990429028438,-4.58895130985124,-1.7531436129265623,-1.943169592367484,1.997998720869752,-3.7825014686026037,-0.6538791797977126,0.09288354318919143,2.4883536891755336,-0.6799616396935086,0
0.6388149124966619,-0.6120213890981506,-0.5458052356867962,-0.29692753833549557,-0.220332567593591,-0.7369809244186161,-2.2520463656243037,1.4921162183668741,2.8770549914528982,1.9822943295502933,1.2064119645773754,0
1.2725436976029765,-0.2899014781697901,-3.3569349389866256,-2.09840538980254,-0.21605389001734743,4.433716026050654,-1.7966519007075212,-2.9726839104533376,-0.8431337728846245,1.4505024379287157,-0.4251381322429977,1
-0.6686086484536155,-0.8835794851151202,-2.027186045066379,0.09977197226772003,0.9648534429811639,4.884892749957681,-1.8684429001203764,-0.06628165018104804,-1.6619605697991537,0.1989201329440643,1.3938590158824393,1
-1.7781891728034036,-0.5036960179763929,-0.5129564426620539,-1.3635576997813754,2.0055237402503567,1.9132917890825112,0.9287467037525485,1.321708687914603,-1.2283466072875793,-0.4099922964170286,-0.6696152292777833,1
0.7742376364809871,-1.021218791888765,-1.5995654178127978,0.622091485500281,0.19057172383015786,0.9621814296574847,2.4559203428348457,-0.9007320304063884,-1.983708185045069,-0.03085476684102484,-2.4481705742608493,1
-2.4483602830974474,-1.5202089504033949,2.9151845503372122,0.8244338655226888,3.69401590336997,1.0728629488237007,3.140067926677305,-1.3798930897279114,3.544877875738909,1.0011558804129321,1.0453780058275455,0
-0.003583616570207447,-0.15273825075483796,0.19968345333002002,-0.05728736079195859,2.6248707562330127,1.9199559402590949,1.3801469524970507,0.3492088749113882,1.8063710416387868,1.3436087184355514,0.4318974933748724,0
1.674980205936804,-1.5386172061976235,-2.3059029358491645,0.30276592520700346,-1.7935542807016296,0.6417083913683754,0.5011985250530735,2.3275869315077644,0.34732870694053897,2.3730611102077046,2.024398539730065,0
0.17740794205007573,-1.4035982252642034,-1.9766240819239462,0.27864820096843446,-0.6347793729592299,1.642868662114676,-3.464300734516971,0.5414776161174831,-3.879339185904564,-2.0710078552016538,-1.2782216349331907,1
0.41257174767570026,0.8783044080667192,-1.9364895332355274,-0.27466040118624496,-0.9644308741595743,1.407992746632306,-0.3581319145264875,1.796091818276823,-0.8648990480037744,0.9923682043073423,1.3248182433760538,0
-0.9176211990163208,0.6101292657707184,-0.6704492815912811,1.2638242581225683,1.033274551717218,2.409532121185306,0.1736200792927045,-0.05695995449250457,0.1426641737574228,0.7465599870705686,0.8796097176573676,1
1.686450838540181,-0.35219616430283757,1.4133306538520685,-0.8454710832159831,3.5669513288909718,2.0036551110676157,1.468833711156347,0.28661808016957946,1.7938837324430819,0.4965794971804043,0.6592808937224006,0
-1.043829981191396,1.4296244722687974,-2.326698489774259,0.8805412121557442,-0.12796307908164528,0.9535665646686649,1.8943274892339295,0.9297642632671891,-0.4949692694277233,1.5882343409538051,-0.9808434974754134,1
1.1790272370254642,0.5665383859769935,-0.06219972163333517,0.0465386741529528,2.0235421423396396,1.9329698808734288,0.8972769965025165,-2.5858717435595624,3.9270800857004677,2.838588694739099,0.3106057752443735,1
0.49417372305054424,-0.7317768185771073,-1.514886046134407,0.29896508576224634,-0.39811127299336757,1.6232597873334345,0.7973796370436586,-0.6345583380831388,-0.9208280054132092,0.6632465768680254,-0.11644968615845863,1
0.4450459523345208,0.5828134087991143,-0.830693709326837,0.8701076011132629,-1.1286129997418541,0.8149107280328437,-0.5229144209960724,1.340880052985575,-1.3748428919223699,-0.1340216482922476,1.5038070829830192,0
2.0106298108760217,0.8673542249905398,-0.5222515489567425,2.271452468393244,-1.7463165927374136,-1.5866072734724215,-2.233774494344357,2.794499305468725,2.424558668586957,1.950905859318052,2.6587285942496512,0
-0.038753370177437504,-0.2520736795780246,0.6112071268288951,-0.8285915752070664,0.3225320656211752,2.0883041749704674,2.8972389808877637,3.4864375092602575,-4.1973607055506434,-2.140546165208305,2.599083161398283,1
-1.2065797152867015,-0.8379691453283052,-1.0934178285110645,-0.6324180560149366,-0.7536642688350521,-0.1903264078139073,-0.8974224797475907,3.7429820254948223,-0.18783526920232735,0.7299901275863194,1.6089758074625933,0
0.5831283838647399,0.2785692947504073,-3.0208626358451824,1.153969722856252,1.4187645364970047,0.4194593140286169,0.5260944904914611,3.103012780052693,2.0515429097910003,3.269303598611613,-1.6732069845305702,1
1.5277900589725577,0.6070171747647207,-0.9525188449708759,0.351807330540211,-0.19195528030339948,1.4368470868820638,-1.549956634875247,-2.1218085968086644,1.5342347554472076,1.4604748162445482,0.44524398642879703,1
-0.05170844073981112,-0.39416221673833063,3.6083395766644584,1.386722532380519,5.1906801706862895,1.2688229619342373,-1.9160103440340643,0.5136725606208046,4.803384671511343,0.3190424001711675,1.912400678141946,1
1.6007076870933068,-0.25374890156014285,-1.2762427171226252,-0.10865021809252486,-0.9012408922459827,0.31541507900097376,-1.6536824007565727,1.2534597517877593,-0.4656714693875045,0.3634071951340464,0.5534346086681443,0
0.9929682727021762,-0.4157502125235997,-0.9189206578357052,1.59961639409312,0.47010247986975995,-1.6748059647005507,3.0896598489095104,2.8873783530953974,-1.4436842702658625,-0.11691459862247111,-2.6338537586783017,1
-0.1979788411637318,0.03277537230947762,-0.5690299217515417,0.9032319041266542,-1.3463718798554472,0.8765699427866595,2.56377371601467,0.9934371492358683,0.6431850110930715,1.9493187602128534,3.074009210089683,0
-0.7371338265641639,1.1709003512442244,-2.4641092180271396,-1.6038511595653315,-1.3697903627539525,1.5124111282677115,-3.056457494694206,-2.5230516754628427,-0.15250165212475325,0.9300536617294919,-0.8464533137120254,0
0.8470643180230103,0.332192490720157,1.0588611427516113,-0.9124678354399273,0.5624089936598313,-0.6696713142366892,-0.2913926403240139,0.541443623473436,2.105188221882355,0.7254505641234654,1.1354446280834551,0
0.4017562602539222,0.624313268156596,-1.0821187962651087,-1.5854837532441353,-0.11417648918231804,0.49143669949517566,2.9176282293929905,0.5222834806199791,-1.928770815857739,-0.05290748777418797,-1.1707026501619864,1
-0.9422542932468425,-1.5432599431412528,-1.5500332535110544,0.18236064815082906,0.8469083515493443,2.1774507486120536,0.4144350071611592,1.867404510801627,-0.7031368826121149,0.8052290106018897,0.544812237170319,0
-1.2417289381233796,-0.3326558242338186,-2.8353596002322203,-0.45049582857645604,-1.1877048248408828,2.789995174176978,-0.10033989857307724,1.6651776116400723,-4.190333822152518,-0.6322719466053681,0.3729453676514982,0
-0.10876827980269907,-0.3001796904061089,1.0509335310729546,0.4100444688543301,1.5339071906694017,1.1083239734399115,2.1470509047755484,0.41096630144171564,0.5543891443433528,0.22935859765476396,1.145117714392244,0
-0.5896827504841456,-0.8276752621231688,-0.4900880218612438,0.031242831551253944,1.2165230558461704,2.8685998959065797,0.2387942119808033,0.1294281609297403,-1.1809404834048105,-0.2549714782231127,0.7911980240413325,1
1.0786211989633518,0.16626044307015725,-2.4014966739278356,0.8043163732706547,-0.16638305852109414,1.930561205088523,1.694844111586541,-0.2995157622865148,-0.13954663635087208,1.950307312497567,-0.3907344223097049,0
-0.23300924617447996,-0.6130841354357929,-5.688423265246697,-0.6070818503635024,-3.428546240030122,1.9956438622624153,-2.6826405659201162,-0.6540808024089277,1.2524735582434345,4.538373843976701,0.5994253762948373,0
0.2799543794494602,-0.33826968370140764,0.07208219658250148,-0.3565194771528995,1.6598040613409895,-1.8031042603429386,2.080703269824232,0.7378944198597724,0.9012616975420992,0.37641210059908725,-3.1921088490241254,1
-0.8475858044750918,-0.8159774115247542,-3.6787694285187547,-0.22191006567959232,0.5575226559041262,5.216549115832978,-0.7367445204105545,-2.108188756737766,0.49743075364232364,2.9111513484275573,0.43777235996706565,1
0.003786449994877154,-1.4132731763266475,0.2269580896890046,-0.9317209216620425,-0.9548319282188023,-1.442140875212775,-0.891185520581609,1.0924137417668491,4.659812486781722,3.202012551725268,2.894831437541042,0
1.1730485922440665,1.1351470031018132,0.4921691443136822,-2.037393705475087,-0.2694592479033364,-0.45051851081812644,1.0241185374510002,0.9552966223031982,3.9250562096337323,2.961648148525384,3.060679519317806,0
0.030566717392213356,-0.2518140733247647,-1.9714959897086732,0.2992324857081504,-0.3871107215968582,0.9894763160580995,-2.0824234811142226,1.733995078539766,-0.344081102676116,0.7868163543864958,0.28527514531743237,0
-0.25861224145507994,0.5466292528543659,-2.5527378322530967,-0.3298342903351141,-0.9570611162200451,0.8927269791177632,1.18151978128729,0.7426401064235117,0.9299721481270155,2.7890466572266743,0.3860408770824225,0
0.5434360000395729,-0.3667503678955914,-1.0433332187268332,-1.8988336339931156,-1.1699457632525903,2.6360902992724027,2.1694429951688003,-1.1402096708925824,-4.293937346673054,-1.4518785643509555,0.4703348134688614,1
0.7133210528724051,1.450568893762622,-0.8061263095081969,1.4720433775269688,-1.5993974590003919,1.155958548047055,-0.04679158591699284,-0.3837120733273647,-1.341995130233925,0.008701099303602633,1.5277627650527732,0
-0.46452505495105867,0.4100192500334335,-3.1680176767360066,-1.3181302900509972,-1.2546420099206417,2.5851134275077556,-0.9879540175816658,0.4703987977043601,-2.0667442023176053,0.798508779777028,0.27322954115077547,0
-0.356994082964299,1.116010378882888,-2.3754438573993846,1.4754781175782052,-0.4635444550128718,2.6082483282713422,0.1593149712058708,0.924017923868669,-2.3652128433543536,0.2636934411335109,0.3152743063607977,0
-0.9917728587127211,-0.04433825525193959,1.8388229563178156,-0.2638383022516838,2.1018443245924487,-1.8803206477051102,-0.7742015541088001,-0.40883320755105346,6.847669721709747,3.036904729140039,0.6349789347450179,1
-0.4066239654464325,-1.0347037442192009,-2.3418251967806523,0.680118269796388,-2.090088565559407,0.9381078589162719,-0.5965788519492565,0.9516137646862508,-0.6358721442594816,1.4224973605966889,1.3427824472130923,0
0.7562175575689011,-0.38861144824293326,-1.4070789970212518,1.3807491959793232,0.5240446953881945,2.731582862678384,-0.5048158703463022,0.1606349728267168,-2.280222179885828,-0.6145677560857044,-0.11386051735281422,0
2.2354085384750793,0.9860084888086365,-2.5062057401961604,-0.6818758599235775,1.1644714710664656,4.163700143456158,-0.35396648658668484,-2.33790377684062,2.989382839652004,3.8508890044419815,0.9484311752324216,1
-0.5673072135561509,-1.0826038739264539,-3.018581386505144,0.13480167565422602,-0.654569162516623,1.6879127567882448,3.5648742805931906,0.7721486670357642,-6.356594499208657,-1.796748685415877,-3.4678836051542135,1
2.7956939128803433,1.3778660922807915,-2.745752276534642,-0.05401621281383445,-0.5290792427500821,1.3023004000617255,-3.204580938252514,1.7329119977843666,-1.771025731578511,-0.019051455372786075,-0.816432057830137,0
0.5352455153299058,-1.0618969712484174,-1.0606530782522583,-0.20960854728674125,-0.07127136872022566,1.0752829633606686,1.2423209484026887,3.4130493925631074,0.11127386495450509,1.4749654670666879,2.296688000642512,0
-0.9914800496934814,-2.5098744540216718,-1.4728338787654183,0.10018036131717001,-0.12065587330960081,1.11411735161181,-1.3337538384104337,4.297589021481635,-1.30238479154678,0.1713701043751248,1.6678088411865848,0
-0.21928176798598686,-0.2329481268964293,-2.30348605850936,-1.206433955673882,1.6166470812283174,2.4250298497679763,1.3273228989137023,1.2333713263769746,-1.6786515100439217,0.4773614113791348,-1.855603959021178,1
0.26439890871872046,0.42391024754815065,0.4172807959829908,0.2803519909077451,0.15199937138702002,0.2008076207816194,0.5748514892768508,0.16118576933663165,0.2008053643171945,0.07689953841353903,0.7261983719814521,0
-0.10764373774067221,-0.4539863877277485,-3.274631435074591,0.5936195272272086,-0.40752061117255556,2.353149854551385,1.9209239790353587,3.233050335509103,-0.6276581819605617,2.570503507648926,1.2801594827187555,0
0.09794145948383132,-1.1491205339319437,-5.173919610412792,0.09926512724765044,0.6896816023353243,1.8044637585702794,2.071876469292775,3.0389518456157734,-2.2080460324314433,2.019149615564702,-3.8326337189482453,1
-0.34740626938115654,-0.055549264471756225,-0.9753585823365005,-1.686618957617668,1.2435375106972142,1.4688372173527933,1.0453205244164125,1.496756576694828,1.8477550004098757,2.268863083387048,1.0160521410827483,0
1.316788482951023,0.022958853095649736,-0.5193126447115171,0.8069752832747686,-0.07840583231802922,0.2892431641892118,1.0450147512407089,0.4486595661860914,-0.8483299876159643,-0.010134891744078445,-0.3139961920189712,1
2.067418910385197,-0.3281394124699156,-1.1458022055464057,0.007127221120951029,1.6965458084801608,3.8262368414230674,-0.8682805382035069,-3.912342366507432,2.1670772311266635,2.05964355903793,0.004207987680830638,1
-0.6713393822200808,-0.14458099390196397,-1.5501840534113158,-0.03905158273231631,-0.6176146142967861,2.4014817654397835,1.0370910687602235,-1.0035774170214165,0.2034361901675642,1.758463510583674,1.441923309835536,0
-1.8000475467266759,-0.8923627587791867,-1.6588634734716963,-0.23313584115499567,1.1576848493317589,2.693511716927698,1.6057413983994842,0.6351156560686957,-2.8032535177234488,-0.5287884699124561,-1.2054265236543626,1
1.0286161788200534,-0.5048997930191589,2.6991274818707436,-1.623845128655143,1.825285755997236,-1.59918171843085,0.5336156739988234,3.377540661431488,2.6961943207103225,0.24485418444449858,2.28699420103592,1
2.180436228900549,-1.3566623672653066,0.5064391419860252,-0.756087997662241,3.263958686114141,1.8394244892080809,-0.8248772991260751,-0.04042530162199398,4.04368491195181,2.162150586014074,0.8289450704725263,1
0.35179434078292504,0.5391630852841185,-6.23065889358359,0.4771735133393758,-2.36853214244084,3.0624419297756833,4.0465173398493555,1.143621155719324,-6.610147477229289,0.5522534378487736,-3.165683584072745,1
-1.2634220853918787,-1.5079726238361142,-4.478819345493907,-1.3816151637215903,-0.9687640878599167,3.525775399610962,-2.7283227796487655,1.1076234347418115,-4.746810423974222,-0.711275298496741,-1.5224914867901642,0
0.7991770990909941,0.9377047420172223,-0.39364748256102966,-0.5281767329113862,-0.020418145763560158,1.379205197672511,-2.4371468314823796,-2.699613313381842,2.2074740922122587,1.367425131552172,0.7932642656643725,1
0.7334342538740972,2.005861048963352,3.697444394812849,-0.16455556610002442,2.9651237235182237,0.6317937894627335,1.4229801672461382,1.637971102504383,0.6409958155797434,-1.5935098548439646,2.494120432826687,0
-1.3281485222706002,-0.6166451011815561,-0.9445338902273865,0.12888553270082564,-0.617460205934157,0.631187779573683,-2.574326148193027,0.019107439465325227,-0.41623027482270797,-0.09396697548347999,0.22437011085899305,0
-0.26516310424702777,0.009078278607967467,1.918034549026677,-0.5504956098697471,1.9482265364491498,-2.0241393544404827,1.0632637752499006,-0.90973609804755,4.958584811411929,1.9463663979083807,-0.5532995304970686,1
-1.7713551645995882,-0.06564964807146256,-0.7059772926615862,1.2983961010031861,0.5076810909210385,0.27259912971294475,1.8005065441179284,-1.7806998194446062,3.5924775553521275,3.2215478892026836,-0.17788680943944635,0
0.3374833590309667,0.947252719589629,-0.017082648980125358,1.078417824199607,2.299818038069733,2.744366774449916,2.8959803457102424,0.8126523849623666,0.15397774748167814,0.8504886486259574,0.9804917423055852,0
0.842199100373388,0.6148828622208147,-1.1427334053459615,-0.07543482171682604,-0.21996319496937167,1.4293068091059988,0.938968991817509,4.460053588938668,-4.011338191184458,-1.4239229450165625,1.193015685311818,0
-0.4194631309349846,1.226669363718132,-0.843114043190119,0.28414966033959593,1.8749617273574741,1.721933886688865,0.7311089211855148,1.5535764063667887,-1.6800415892903908,-0.6042986069360765,-1.2119245592998804,1
-1.1471152250918855,-0.5459770612512471,0.7421486100795608,-0.3058126927823538,2.107624321365879,0.6009006453067517,1.1636970861216986,1.157422108002848,3.370992858253633,2.105072233622674,1.4366391817044597,0
-0.34514849408940795,1.6374080437356486,-0.5883967873086307,1.217998101547031,0.7788415052574434,0.11945931308122937,1.027987075083409,-0.8832247158511417,-0.4870434681622964,-0.07642266530939112,-2.2621496260537666,1
-0.3627209881461777,0.4090351032364573,0.9150364041644946,-0.8443264701370045,-1.153678328164184,-0.013945334043213187,-4.740239177887574,-1.2538614846184042,-0.2876000986193345,-1.574660479318104,1.478658144749187,1
-1.5491500030943,-0.6823870874835842,-5.99629384193866,0.6930919059676205,-2.075863182732169,2.7681404920369763,-2.281660950906181,-0.22149731456903998,0.36325565496330053,3.9952522753751296,-0.7362457559269697,0
-0.4074742905916038,-0.08257552485323137,-2.7028664440766796,1.701502794177222,1.9567595626982177,2.4720415077634836,-1.165100845993769,3.108609773801539,1.9655556212149898,2.967161113749696,0.3874295092333331,0
-0.5581886349531423,1.6928734415301414,0.6209569763260342,1.6670113138793887,2.0706615231349765,1.5558673302428532,0.9874715511178194,-3.46718298108335,3.3450995655043605,1.8908395331894612,-0.2762697842803381,1
-0.8528807518813,-0.6022615423916747,1.3946299785130036,0.24760614319914415,0.28103766624032156,-1.0932379690594018,-1.296192783908273,-0.2419018394041883,4.249843474147886,1.8392212195306825,2.0412898052134896,0
-0.738842571713569,-1.530111202907662,0.5116433071382016,0.5256963038571941,-0.7261725194032709,-0.19092312164107872,-0.4649882952025022,2.7269560694340322,-1.7009362747685823,-1.2526869213501306,1.940593264092986,0
-0.4957935761471127,1.2393113234511277,-1.2028163136915715,-0.30464430218434285,0.8700030828507307,0.8960178813014122,-0.07692467059207608,1.0585842342518041,2.376968202302329,2.46810803480637,0.5589848931303851,0
1.0861853969091224,-1.5718044112589986,-3.0483838728912604,-1.2497911849747823,-0.31413411556711135,1.5147430442169205,3.6787248805043355,1.4885330807852621,-5.101445699181095,-0.8703242662506099,-3.0253735746566552,1
0.19498467904085776,0.3338406292942122,-2.535327826260928,1.3170656278691208,2.1263233888423168,1.8652514866063212,2.5370366892066447,2.5273692547411315,-4.368224922724356,-1.2689228832800592,-4.094179635579459,1
0.2071317979494278,1.159289429203953,0.18475589911248877,2.168123191482692,4.094549225760654,-0.38756189211508985,-0.5746906693380369,1.3371033638115395,3.1645372135692447,1.1852068267015579,-2.880745951862422,1
-0.9874837217767695,-1.1080926055613245,0.4001826810594184,-0.5350686629375789,1.8854658362108547,1.5985381460494383,0.4964351728717229,-0.0024768290029572038,1.625437789673747,0.9892524354750258,0.8781570460449277,1
-0.5782116535600716,1.0841231946905578,-0.5057155266245499,-1.7618782496896108,2.2383022648697564,2.24631143234154,3.073088167914768,-0.9149289290808775,2.2422582154077104,2.4581499275157963,0.03020867395637772,0
1.2532087398672715,-2.029768778756912,0.5213250728450423,1.5506806461390137,0.14319399207890005,0.5569963915392515,-1.8141950776473266,-0.5813594891964355,1.4072899988532002,0.40815224894449087,1.4581358191941969,1
1.9011489503733463,-0.5101248155019428,1.926817530907783,-0.2439897393109827,2.475891702441216,1.2906431883871032,2.6986291360985994,0.33263910630021587,1.095591760455565,0.09513447625024074,1.412268811674387,0
0.05888224361970502,0.19620441115262804,-1.6238465709663308,-1.2819605455303429,1.11064789981059,2.6385538452652746,-0.5839561120045056,0.5136694771865034,0.17651909237239793,1.189525757373111,0.3417808592693927,1
-0.20761373927257717,-0.08362349429588532,-2.1155100381340137,-1.4085621195802454,1.5397889236237163,0.5775658143831286,0.2773963504172854,2.9808293391815033,-0.3211775165779448,0.9558866535802409,-1.9933520274430747,1
-0.40417716867780573,-0.26102174019860597,-1.4351160091007726,1.0378262532217082,1.8835992616660606,0.301489011838311,2.0015578670358303,2.2393646098003153,-1.0894537701316322,0.19067421039204224,-2.8294825522268416,1
0.9458259492837449,0.9396300582567217,1.074692871543384,-0.16683532667354467,1.5763783717834388,0.14534068241849418,1.8420484379053406,-1.4223377218628368,3.3403937196174898,1.850389303406844,0.38941559794219793,0
-0.7546364939211935,0.7241855442033002,1.2380691596858842,-0.2016776960777745,1.6175920699579325,1.6896549222037538,-0.8485742012508994,-0.7282139487099826,-0.49463687996759936,-1.315480232995243,0.6534036294588195,1
0.15082467113770365,-0.9686554283008869,2.367369850212754,-1.4197027734201952,1.6015216079756422,0.2202532284855867,-0.6993434057326455,1.9411131099337597,-2.2757317477151657,-3.2662247656395227,0.7979754165007036,0
-1.4546010892769552,-0.5948404749271018,0.3447458789758006,-1.2140179528171735,1.8517924652024231,2.2270966143479147,1.227899344292879,2.9472090448009127,-1.0834860711590948,-0.4325612955771012,1.8996864685656196,0
-1.3227445843316663,2.2946058580846906,1.8371460138791602,-0.44625080784295673,4.261216868377011,1.448599240443028,1.3109286442907142,1.044695679897434,4.43479261932454,1.9982011835378874,1.4811840582183278,0
0.02584862897951105,-0.4939109928013023,0.6474001873259544,0.960041068884701,0.8982935130949045,1.0896420469928925,-1.4899187178164939,-0.8611250000003099,1.2832740256696158,0.22165930022753366,1.0589501464722693,1
-0.46345501204776046,0.6616925345365553,-0.1996723037088034,-0.04684917758399399,1.242782844812914,2.0631863068716223,-1.0893253273589403,-1.1959646307138387,1.902626823841801,1.3080322449140123,0.989186293862345,1
-0.6619046969231459,0.8129438089339107,-2.589338433818004,-1.0157268161477397,-2.4922541928605453,0.47378706217750444,-3.1658020998682446,-0.2614777016631924,-0.3141754402184555,1.1171990796413924,0.4353445648352422,0
2.3038868230820007,1.9312923137020686,-0.862148308726047,-0.5247683334489888,1.544508441962225,2.5507537662008213,0.286193029206691,-2.0941875711240003,3.5157943789738324,3.110515086272016,0.8174973970284883,1
-0.9437496265835791,-1.4252561316536214,-2.99282052860623,-1.4340918613867835,0.43544884118735383,2.7421975659668574,0.6659078628853885,2.850343488541677,-0.7756448310818814,1.8761533300738105,0.6765151449004656,0
-0.6668797546320189,-0.3815744707940074,-4.067508866372211,-0.30565821276539584,-1.2906202791992047,4.618663110966664,-4.566375292502757,-4.002390503839681,0.5871100697732953,2.492061605541468,0.47671325556843536,1
0.6825763832411024,-0.6890840740957127,2.2767469590854446,-0.2793652238191514,0.7134405211198533,-1.2152650902359272,0.28108949408185757,2.017584320946545,2.3348820223039106,0.3676222001844637,2.660043992873571,0
1.142242872513794,1.1865393045429349,-2.5534840403762566,-0.760990272894151,0.5618448216762936,1.9588018314703906,1.1521022305619277,1.262540482322577,1.6149057598309002,3.196504098806463,0.43445866890607043,0
-1.1244782054778866,0.13071069213955525,-1.383034246961624,0.531252379832461,2.3910564350184362,2.0433648192534473,-1.4200398341646499,0.3127038851221875,3.253297264459918,2.723660960321513,-0.16441327098735548,1
-0.9071474519209248,2.1498006657339457,-0.5508261224547538,-0.7009346077413728,1.4409993179382883,-0.21212347572641566,1.6355678489818133,1.762071544692227,-0.5747334860435571,-0.014163269488199903,-1.9130460174397812,1
-0.5623005423822451,-0.2503951610436264,-4.306520341944039,0.47525868885844363,-0.6424855247776904,1.5102568614119698,-4.008032851830418,0.826527603100123,1.914173168976735,3.369487945118168,-0.7115470869005807,0
0.019850634073501447,0.14566440545385348,1.8114228941192643,0.7821548357498455,0.3691578884584258,-1.2236844519473515,-1.787612978134498,1.008224629477346,2.13798706315979,-0.00038650584452559755,1.8279792807135513,1
1.483273383365385,-0.6701064480667798,-1.2046631497484352,-0.04619063097843176,1.339670715287813,0.2839439287118376,1.462940966291581,2.867178726128316,-0.07231373432629895,0.8996366522784497,-0.9952191168586828,1
-1.196032514297354,-1.0546789878413556,0.6094322676032027,-0.7165184863562392,-0.46962113513131953,-0.09960420322024444,-2.588585741414753,-1.6372879275481995,0.642842592375911,-0.4664542336302837,0.4875196835386889,1
0.09490873519574769,0.1696070213592021,-4.727247816043668,-0.7699574344631773,-1.30336050913118,3.3230430413276206,4.75339513236416,-0.014715010617441182,-8.630936275243844,-1.9084366035634308,-4.291627459743465,1
-0.7542586822955265,0.7859691568184243,0.3876379549278953,-1.1464373460287622,1.4659398399344448,1.0498087201087984,0.20206903392219622,-0.5753267444876007,2.8761059788444627,1.8005977692643298,1.0699069602822469,1
-0.02190172502660752,0.9199268441860338,2.747807580097881,0.2603069436359328,2.2029565100514343,0.2971976241232269,-1.6066212219220977,-1.7809566025688968,1.6184606803069121,-1.2296628127223026,0.4505978805685841,1
-0.7241517509348967,0.48855856609016024,3.409852529078306,-0.9047691483894332,0.9298369077144909,-1.7141354805405786,0.8568303489050231,-0.8435138319958289,2.7469091470335623,-0.21782391807975454,1.5871843227998008,0
1.353411723290274,-0.7214982735339559,-3.097835472524801,-0.9939887258387216,-0.9937687473101162,2.1575172227679777,-1.230569616192642,0.5519531358536972,-0.9696301228305264,1.3827756481303475,0.15532260774188955,0
1.570490028455113,-0.8767659221186469,-0.0700363659941671,1.1030471877197299,2.861802725313182,0.9453361429289922,1.2628719397223795,0.6913841666117615,0.4391051873093256,0.2059304023542503,-1.8680192799933122,1
-1.3004692718377318,-0.8164676569932338,4.446532845352043,-0.471684172340326,4.803037833630494,-2.354195468470592,-1.7016195395312947,0.11024221454365213,8.459040174983206,1.9545272936481604,0.7579056309857655,1
0.2413137195024647,0.14167125031704111,-0.015149940883005728,-0.02055276408746027,0.8215355515629122,1.3651668218306452,-1.0090737291321656,-2.6085376117367844,2.335089952208049,1.3768831787197855,0.28658553448580404,1
0.0932016933085006,0.5652298831884179,-1.3195535082997158,-0.07008687403289275,0.8714702197535724,-1.6446749059847798,1.8971749850200261,3.050153382117847,1.6758098213755832,2.08874496606566,-1.7727325006190093,1
0.1440747577022496,0.35019501405245235,1.968620913965854,0.5008936149697879,4.360069668920007,1.053901096200978,1.3341839129347886,-0.3568210702126404,5.4849979972889695,2.4821773640867013,0.7710569030110465,0
0.8137923911883023,0.45463156991941733,-2.0247390391179234,-0.47904850924882814,-0.5708199993329224,1.6541286016719683,-2.3680042134500443,1.8704664243190023,-3.629366146083134,-1.5077670786446409,-0.4579258870564902,0
1.268023646394359,-0.9347173809217846,-0.512803377404675,1.8404464149448392,0.06786045376928951,2.4035273621048567,2.344032806899851,1.7683432385002589,-3.09133964531215,-0.8744038252196438,1.6157848314633625,0
-0.4353671480253324,0.9822879505761148,-3.0970631049445765,-0.7115604768694305,2.772514426835383,1.0874798716038176,2.0019574729960894,2.5221801629608684,-1.118649070009495,1.0176922817388094,-4.702284492303306,1
1.2101490393210992,0.9545064856444873,-1.7141502617977964,0.1328136350817408,-0.27447290236919564,1.1743406711423,-0.8915064067645326,-3.062181918883736,4.528800663229818,4.123205785794887,0.4648620871553383,1
-0.7656863618329716,-1.1622246789804778,-4.0666241817168896,-0.9631469483185372,-1.1523163701833457,2.154636366066639,-1.656936665855759,1.8094662656678873,-2.2447793030534107,1.0001923276749034,-0.6787996933172129,0
0.38812326713972856,-0.44575101383921417,-2.748061508584864,0.18615949701595433,-2.9017124466913247,-0.09272841236092066,-2.6670496276965343,0.5778027571120263,0.8148233018668293,2.2136376262308572,1.2144764700992177,0
-1.3937416432700944,0.015364254507985701,0.17621952601476126,1.6073320935131863,2.100685894926169,1.3624841063792916,1.5589051124757773,-0.40853877366253344,2.43300501498979,1.8043674509651062,0.2901869122307372,0
-2.2430538080451647,0.8725849483642187,-2.016596524929214,-1.4566588919179633,-0.7101155012515914,2.279466050850883,1.6548414716277833,0.36116934197581263,-4.202180222463188,-1.0320108758888842,-0.6793803822423634,1
0.6929728977467977,-0.3807388597275634,0.5582602879712575,-1.6003960070420735,1.149858835957707,1.1801052514430068,1.8898832488621107,1.5355377140476971,0.4293045240667678,0.5521154220384474,1.7600104888494592,0
-1.7210182005384087,-0.37051260365189753,3.8746307322381455,0.9420980086184433,1.3237953979625232,-1.9731293153541034,2.2717820959869774,-5.149066706792767,4.697425341611282,0.7561689882058571,-0.17628468418123955,0
0.03607891664793282,-0.8374153466000301,-3.473012097029592,-0.09321508153599974,0.7268522217188325,3.2435918685155456,-0.07765899034696577,4.608929284716201,-1.2371980335186938,1.8180415752579937,1.1586803704160424,0
1.5593462759207337,-1.0188206131120698,-4.2268039906835675,-0.06065968015098746,-2.493034653442717,2.5897079414051616,-1.3641631180085467,0.8290589691481753,-3.6323158954874835,0.43912038417310095,0.009541120479889531,0
-1.0686472696171214,1.0316829192640762,-1.2452122368356344,-1.1986791068270872,-2.7240608132590256,-1.0404594982402182,0.9493346653322019,-0.6804163512425603,0.1705137154104692,1.3751056766026346,0.4874999167630272,0
-1.250892909570318,-1.1594962639527502,-0.8103622381210219,-1.0080706505698624,-1.050890949551906,0.5597470639121813,0.764716531164487,2.801595830436109,-1.6582137382706639,-0.010891109604059368,1.8566347993268812,0
-0.08070804270649864,-0.905289437321223,-1.1100854118802372,0.05517237824543445,0.0993220349849453,1.8611113120236795,-1.6923749750147283,2.5297999876609003,-5.21392931315709,-3.0849628446266086,-0.4920665892879055,0
0.15680236557199292,0.33612576036388375,1.9547206865176818,-0.14855237706783153,0.8548890051730977,-0.3723986802199557,-1.9177282364659323,-0.6616395914487465,1.5549720521853678,-0.6353408142963848,1.0840931521747084,1
-0.11536730977950209,1.167651276271514,0.4943392794747638,-0.3400804020794019,1.030657805690179,1.2518897066008463,-1.9393878332901284,-2.0602569900820615,2.450209598927164,0.9666680548808853,0.8314256873673879,1
-0.9460639792798142,0.78871223912978,0.7519885912957139,1.2178889578095848,0.9241170539234346,-2.456275061442429,1.9555608325923326,0.561451504735874,4.310102496893361,2.567013579906063,-0.5489620846594745,1
1.0337376943193337,0.2989972744585827,1.0204449668038862,0.8238902671230832,1.554618097075425,0.9393006849990295,0.030505629090705644,1.6542706679584451,-0.04644406464505464,-0.593729034120577,1.2660785484511883,0
-0.8349502121102849,-0.08698882340471639,-5.867422896549346,-2.571817963011024,-2.267003542335212,5.544582053256183,1.7087135185347206,0.490001008269184,-5.063028386156747,1.4416976552194982,0.49028272017401986,1
-1.5218016267004075,1.0106799773671618,-1.3863308288089609,-0.7807107104030454,-0.3064831631072351,1.8847817569277887,0.20899475401618495,2.945173246708576,-4.387535889992956,-1.7612361458164854,0.45928353824714163,0
2.1017140871889914,-0.11304803786519556,-1.4602551420353924,-1.1460869024900424,0.6865308031315318,0.4605034122362551,1.792772200863392,0.8769666882734828,1.405028045251273,2.2234056531326294,-0.6262509933765998,1
-1.2109756533424927,0.5179947517280481,3.997944538417705,-0.4703588296307919,2.3694310709153585,-0.8200158843203875,-0.6468260471734486,-0.7889068091418776,0.22552267611915228,-2.902159043526383,0.14696162616573483,1
1.1289450373385217,1.260855987428303,0.1846903771437562,-0.6045352711589804,-0.9141808420512191,-2.0375054356276476,-4.816657203730752,1.8350319081634934,1.5356730204796545,-0.04050640410234463,0.7763712818918176,0
0.21854335600761593,-1.8627105456017183,2.26372310282731,-0.7113492475117269,1.0821900341560258,-0.7279720150746587,-1.1973358396675717,0.3768033699936866,1.4528409501575545,-0.7500213889815748,1.2905895299132844,1
-0.28476373213820916,0.19342276588934001,-3.384954527883952,-1.6610763221741658,-1.8435695144405915,2.001978051091421,1.0545366811224035,1.2563088438892445,-0.3250194650554832,2.758225062244031,1.5152921330430398,0
-0.9478226213676411,0.6798195391374093,2.7612466050691444,0.29806139940533194,0.6383941692139683,-1.3313246624951134,-0.6222652710753123,1.1400436997664138,1.6595304948515448,-0.6784231914271521,2.2540280995625466,0
-0.6703389229495064,0.557991712793844,-3.5708412921115986,0.044190163850524884,0.9279556677967317,1.8900881106797995,-0.6686649871250225,2.4968985643566266,3.0923942283018184,4.447982807554482,0.2718112991857792,0
0.5634338116823345,0.8435086088545087,-1.6628719694010394,0.7882027074022778,-0.7030355366606794,1.6725143681464987,-0.6493249504305707,0.9795369238685105,-1.4956871062225798,0.22847944248331076,0.7857259565240222,0
1.6210303033517808,-0.8759437620796758,0.11626483324181286,-0.8055639257202524,-0.6953234654077758,-0.5532878069329645,0.09646857830919275,2.7786367763410587,0.9785721238941887,1.0038677972231649,2.5233838586224326,0
-1.5210286650340468,-0.8644429274708663,-2.9010916603780172,0.35437543566216406,-0.6334342276391323,2.9823303043477494,1.0220699216260702,1.4500265132568908,-2.4238764863209457,0.8549421220860374,0.6821102734804846,0
1.7203430222726281,-0.565672316063868,-2.787753257906098,0.24465156268966542,-1.5749741457540858,1.509813906855317,-1.743792626765952,1.6422066958558053,-2.0069873325660756,0.43821864529807364,0.5328739469804746,0
-1.6223401077552497,-0.05191326857246671,2.2100522440019805,-0.5606893431170905,2.474254024801142,0.4358420226317542,0.29796080390584545,1.382866399887327,1.8851682725384054,-0.07215603881103072,1.7286382717154953,0
-0.539261028831052,0.1903936688475115,-0.6572816456343386,0.433784171471065,1.4079804228550925,1.4555968299175701,-0.663368163056226,-0.8606135471421308,6.55983997931037,4.988800613132691,2.282390440360064,1
-1.655198049867219,-1.8724650818527266,-1.8464270643958367,-1.6059342678048993,-0.3470592162104693,1.3100122871550683,-1.2804622741653389,1.1370284541593945,0.07396542113762065,1.2119100343422105,0.6402392492248651,0
0.9438963024581883,1.9918310057605078,3.7444663564753373,-0.9725797782158755,-0.018800349484912937,-2.664683261350659,1.7532406071517739,-3.117302768351541,3.412589712081274,0.12144960260656124,1.0375650564391936,0
0.8932476499605017,-1.8209123070952051,-0.483756902218511,0.25387766136570705,0.19629719401397083,2.469973367587861,1.1531356385161935,-1.389842039259956,-0.23705664536320858,0.6728167683610875,1.223672767895863,1
-0.030425309838602834,-1.3149279058317798,-0.8194136526840814,1.99857416602202,-0.9998337886638652,1.031269049710215,-0.29945882322305106,-1.260773539362619,1.0623861044272302,1.5042930145292916,1.3943181669986506,0
-0.004377445815388878,0.814443199174785,0.11616076507935234,-1.4745655101159914,0.8864842665587148,-0.14657738009630394,-0.5478030669073415,-0.6209431682008061,5.282176299070053,3.464269919596653,1.3355607579467708,1
-0.6334250222697235,0.008300957469067154,5.40888514248502,0.43307321395411036,1.4658336028750232,-2.8833213919430394,1.230299822963966,-1.636641237672361,4.478245709660675,-0.343424433793426,2.219691354533601,0
1.3720169173368508,-0.43197673476248505,0.1839412833678152,-0.02206557687584417,-0.916491533229216,0.7883081251552556,1.6819397348299545,1.2757466857948083,-0.2362996310070921,0.6042459237256135,2.945759512881888,0
-0.39067506071151226,-3.0649469856387825,-4.174246341936377,0.2611862816797797,-0.6002856036003099,1.2348020426673443,1.8033356442755601,1.4965242188106518,-0.9066566103640793,2.4598020541868486,-1.9974922878739245,1
-0.6269481311176586,-1.4855899667514258,0.49254011045357815,1.548377429660833,2.6717572039382587,2.3441461240333004,1.1560264235528543,-3.8804103687236604,2.374583994330714,1.2499303324838003,-1.0019003232578,1
0.2298902783898205,0.0042016836200325265,-3.8085545923306747,1.032794865570288,-0.3710342766877752,2.3137430715832785,1.2971916034201894,1.4557287917543087,-0.6232531678942831,2.5353786050142455,-0.46854434651139576,1
-0.6383728968830829,-1.2238404194414576,-1.7900305410019253,-1.254020586702148,-1.4671733598085213,1.3855407103909634,-0.9697615274902873,-1.0834159705496011,0.2108108252806852,1.436177546075625,0.9558516993011213,0
-1.0280434087966364,2.685166088137321,1.497778994690335,1.4183477648596103,2.179669361587293,1.153155666616274,-0.432255325789181,-0.2942639920274873,1.9480531027357704,0.2563880381505854,1.1883875457054924,1
-0.9391155977632344,-0.7483882478750359,2.7668586418284695,1.1665629983040835,1.7989406648963557,-1.1449594985477587,-0.22822514929257065,0.34436549146249884,3.4834586576179594,0.4508677363455227,1.5522432462687281,0
0.7254534605293083,1.555920031444876,-4.329331827862584,0.03927929968970531,-1.303133669121606,2.8967720563333144,-0.9711920062288656,0.7002464552844276,-2.2902728397853305,1.3448394544180506,-0.5709529604229076,0
0.5926568737999413,1.6462647659091652,-2.8870906865762933,0.3881209011384544,-2.1404031675754926,1.5899603181431474,0.41692883497620636,0.8035070634991309,-0.21283364745554786,2.38400420198445,1.7325771694043248,0
-0.4541840542408127,-0.7325408685994849,-1.3334691028629668,0.16074393541710472,2.3994344767684286,3.584144821505463,0.5458948764100122,-3.1056193153181746,4.133203381553226,3.791677107093298,0.19293400406513073,1
2.220698713428368,-0.19346912948766587,2.750822692775151,0.7726418272799754,1.4067922127252874,-0.8924026721226512,-1.753030024975915,-1.6238819940856812,2.5827820137248896,-0.5830824280249336,0.6472362605375828,1
0.8069144613233153,0.010204372587378711,-0.07494508939615101,0.7642966239735961,1.2446867350532407,1.7632666684309704,2.1489432484222473,-0.3962877688286124,-1.8021680923756846,-0.8070116980787274,-0.7230467235256111,1
2.139870760307539,0.513904886606966,-2.3663376673070147,-0.28584438351770414,-0.42780779523456824,1.528525327254314,2.784714463000378,0.47588048378126735,-2.978435926159588,0.09906206427934072,-1.5691347139181258,1
-0.4416940664152513,0.8065702755412225,-1.7112731359265634,0.6042581591087348,1.9137916679574096,2.9699568018735096,1.037359239418907,2.2438891932504843,0.2802053270930484,1.7031982753234374,0.7406052184611509,0
-0.10563865723666667,0.20413751427053717,0.17934560033898694,0.5091917914238654,0.8478090559802861,1.0353703550593365,-0.9241827244267817,-1.8883838692911383,2.4148529336740174,1.343979394034934,0.5489756575180078,1
0.5556238004819438,1.0918449485362576,-0.8386806319768093,0.9663055979654898,-0.5952807968936942,1.2355278718185951,2.4664417787081403,-0.20808074320749892,-1.2225602635548687,0.4544642471095235,0.533381348424476,0
0.9423441934895983,-0.09688952938772435,-0.8917257858163048,-1.7896311155751217,-1.9565388197648983,0.7053046801103133,-4.4314343500137365,-1.4701734938448459,-0.13413045901558227,-0.11387621064990205,1.2911369062773395,1
0.2465586960159184,2.6124227442707975,-1.3401132839825283,2.373616911873935,-1.602600898714556,0.37695651411573106,-1.0873550672830519,0.843060122761576,1.4106761200843279,2.0711125896096565,2.2172000272418453,0
0.16066414606308707,-0.7620048615554609,2.0786652105430976,0.08319940219512659,-0.2043413942542016,-0.9365234331621637,-2.6961146106769167,1.3888580063382703,-0.29558436881680245,-1.9247005329952653,2.0780123732296047,1
-1.3787182943025968,-1.9505509575585396,2.0626767077105623,1.6470922848452973,-0.3238258061357002,-0.6660907733737891,-4.363880692360455,-0.13036859485314922,-0.5612176502150692,-2.5362316473943785,1.4623424344904705,1
-2.201963448269273,0.3522228495843637,-2.0776216997507877,2.241531225399614,-2.188900177919442,0.19989741839105257,-0.0596479644565191,1.678160727238783,-1.3565019025760041,0.7987361441426228,0.9279154996933405,0
0.00019451018835725414,-0.6460340452229109,0.7410733049986565,-2.0036519163173914,0.48425504791382534,-0.8596606532141167,0.07105100396446529,0.5302381083768746,3.249017801423573,1.8058980177083548,1.2727012973962193,0
0.7383705123243359,1.504412877698901,-1.228723069021779,1.2903885286628636,-1.1480682483718934,1.5838362751688975,1.1105179367547855,1.0714740499451612,-2.3668883734541444,-0.1665378910658435,1.3267459847431202,0
0.7972337648697406,-0.4330574901752716,-2.1343169560715016,0.7222702745824979,-0.3436173750830229,0.9425522010214781,-3.8637882990922594,-0.6330866497685774,0.2838503514217904,0.7105484240773307,-1.0963602233462328,0
2.2012924256132638,0.7981554754055519,2.473187058470077,-0.4705840760824865,1.3051341906893181,0.9226943767458881,3.5479982502867387,-1.7397070875403302,-0.8105169127200805,-1.4153912459015223,0.7938600160258212,0
-0.33172405467540717,-0.8970501492141044,-0.7715892305759772,1.2073151868483634,-0.7929087737775938,1.0385184505790144,-0.8983147390312981,1.4191845286645584,-2.047729654795341,-0.7786089470496587,1.0916456928732357,0
-0.780467210034829,1.543936445065497,-1.5372629478818434,0.0377958396767647,-1.3402437425690585,-0.36425545933642467,-3.390645474931684,0.16892073783412842,1.7172920156647655,1.615777781374667,0.5189383095464043,0
-0.8384515114811965,-3.3870231149375294,2.5380756208570916,1.6778584915834935,2.5785518006989188,-0.4202622563218459,1.127022912535402,-0.6555723119535078,2.8165976669091957,0.23886038042108182,0.24866417313809575,1
2.2842625453511602,-0.28514864934164413,-5.377360570531016,0.5164206037962918,-1.7944381997154273,4.462891535523259,2.809821072529376,-0.26373624451440403,-6.423511932691308,-0.00521679877928749,-2.017228696895364,1
0.982271744483706,-0.31555368561606256,-6.579136972327735,-1.5071644325256266,-4.270028599832129,2.193624999929428,-2.9369413953544043,-1.6210956527596823,0.8476282832888308,4.805918911082063,0.10079931678202259,0
-0.5678286149724515,0.3414878477741901,-4.3871697547527155,-0.8429885016698675,0.9955904125687245,3.604705884506082,0.40590334429938657,2.810539764942794,0.17062323829023016,3.3013256712846135,-0.061201199160551445,0
-1.2071637441225793,-0.6378689124025156,1.3075385099359307,-0.06523518172316035,1.0239544275325314,-0.14400120162099994,-0.3689110308299428,1.4226442361418643,1.089045873983282,-0.10282784635114628,1.4315034931006967,0
3.754058785690899,0.03900248212748962,1.2606935779821116,1.333795671599665,1.559107218836824,0.22096915107970794,-0.7167453359606855,2.116377638408923,1.1810141753395773,-0.07533887881617307,1.6014447139701264,0
0.8446295884110131,0.6368395096916641,0.05134692000928961,0.47796273437298736,0.134692102162851,0.4534118279392586,1.056173608692217,0.05449637089405657,0.3156401931389085,0.5084662071055095,0.647784965050944,0
0.5461578709579192,-0.0296728729852154,-2.3906503639896397,-1.8040429285186208,-0.4782118083939997,2.6301350570135638,-1.934157718408589,-2.3123959781541905,1.776297511966162,2.617215369157802,0.6397423095754933,1
-0.02424942787557647,0.2514932416044837,1.0264855690445722,-0.5746570673627317,0.5920618549772092,0.21276167466814322,-0.8675648905671106,0.6290245340173968,0.5370226132940082,-0.37043473443592956,1.3071269306556115,1
0.19974156790344774,0.05618666633207398,-1.1803588885913048,0.07943349469841168,1.6439360473186113,2.840765772332226,0.9570308004233171,1.8862293929878988,-4.040993712767996,-1.8204126637317448,-1.044578796598199,1
1.619656916859831,-0.31469767483811956,-2.8441648689975123,1.1831272647540072,-1.2421627913568607,0.809740022934941,-2.0824786460677887,2.090824221056196,-0.2577353610512183,1.5150006202982849,0.42981126181059337,0
-1.7646711760262146,0.7600573494235531,-0.2976551261727837,-0.25260088448490925,-0.5608279125972934,-1.0067074434634402,-1.1959836989699688,3.2939858133055187,1.739336683733185,1.4265861904758679,2.054624444009246,0
-1.0616459858488172,0.7657825916672185,-1.2544206905575084,-1.323408079976957,1.0336596208723585,1.493642421674359,-0.06173684432843296,0.8158903823104033,1.678419848994566,2.039242483646523,0.48610963208546987,1
-1.2432345541405332,-1.145065864753296,0.3097252892371229,-1.5742498621562449,1.2811394227003192,1.064560606166163,0.5471850880500684,-0.45384708204271695,2.2379370007347674,1.4996042326313865,0.9627993487242273,1
0.25878959892208053,-0.13034550376608495,-7.670399874443728,0.9985894003281365,-1.9566044370317663,5.606301886404148,-0.4553441014685031,-0.6906659809252151,-2.3434696699409407,3.7768043411477943,-1.0858728658338919,0
2.1715925897490407,0.1665090514551452,-3.23885156095963,0.4813266215262238,-1.427789904211894,2.293168134516425,1.1513401158278302,0.8990266940997531,-0.23442333055891057,2.6967479616940655,1.3427000260294186,0
-0.08382134762873156,-0.17839201023678786,-0.7117463833690775,-1.3235465188491295,-0.8112549841790271,0.22166497576814592,-2.540694092247209,1.7549481734822137,-1.4017640952214714,-0.8236434980234828,0.7340376152582309,0
-0.3986335353883119,0.0059120424125420476,-0.36916763231221844,-0.5867676571200066,1.2839163953915207,-0.7657113822950516,-2.5130123823072084,0.588319830823933,9.612652365232885,6.412293213908653,2.601240928834067,1
-0.4511830489007359,0.5007474213698059,-2.2965736020536474,-0.2042750548594433,-2.4884468238416493,-0.2004639313798311,-0.2704235258857044,2.083402699235167,-0.6765732098400852,1.4029323322117604,1.188921882745389,0
-0.41435165793398265,0.2614276282122001,-0.5952041019305657,-1.444036178183032,1.8068942671630128,2.222100562598995,1.8702439328187093,0.8225011071452686,0.4551509578987387,1.1663369633889917,0.48676714461360127,0
0.700450862108126,0.2505368624395493,-1.1533111037593387,0.921322398966879,-2.4150597616678438,-0.3149466385792412,-1.6898099518318868,0.09548867386727411,0.8991815625851926,1.441579031868038,1.8872390462394537,0
1.3956225238641344,-0.01976147755207921,4.9323385997619305,0.021609012362710872,4.021438413537389,0.09773898584651952,1.4767526895122547,0.7335492651968195,2.6771749577369808,-1.1631633156558867,2.477179479968292,0
-2.6210364189102506,-0.7835257291830593,-1.2912581367129887,1.2185173448019175,-1.3219355602218181,2.1361336327620015,-4.81275990635287,-3.23962585963525,-0.26700859428125656,-0.1053993580047754,0.6297514583757569,1
-2.1345880177108487,-0.3630073491077191,-2.625712381602069,0.29979525761527726,-0.5205971994823866,2.333715495874615,0.48137022427027676,3.1430364515293854,-2.560626131363928,0.4823839984149195,0.997290272489545,0
-0.6201517507450277,1.5760891046296783,-0.9130887674662032,0.3662095993775665,1.2367934148675062,2.615869727732071,-0.7715827523207259,2.486137472259271,1.6846163776611076,2.0501138299984394,2.935158821946624,1
-0.32633416038148316,1.1914378278339168,0.7425303826048816,-0.16654451444135485,0.6764560708290032,1.0732575097311063,2.4238858187235217,-1.218703864885676,-0.541656434087679,-0.31661543465840114,0.27501721029203785,0
1.8747233385820616,-0.3534107397121749,0.4621794751754507,0.050984986624367325,2.3472905006387452,-0.8578502298353081,0.09414301315983375,1.0528176268563023,2.2000836802219137,0.7665459625882218,-1.6276375475063711,1
-1.3656612242461905,-0.5892808308309462,-2.0554331273169852,0.48447501353730105,1.379072269459666,1.875128421048526,-0.020130400250036207,0.06265771079189886,0.6852849447353508,1.652783662136604,-1.368704631733117,1
-2.861932879203369,1.658405030198817,-2.673285700643114,2.1539939994021746,-0.9771967455386094,2.096248260819176,-0.04589356265969513,0.6468868573367549,-0.39322639314340524,1.8424938856003301,0.9198535600483363,0
-1.0619714346072056,0.3442680221315092,0.626362280898591,-0.4422458782617821,-0.7013163276605145,-0.21883609357549694,2.58973476982948,4.108195881885587,0.1445002268330591,0.8543836162284237,3.8691902920036414,0
-1.5952565169911186,-0.1316419518765326,-1.2234086960991661,-0.19335934092058038,2.022162396772216,4.010735881960091,0.4038048715584176,-0.2718120457766737,-2.5557984603242376,-0.8552697871535293,-0.6540478841331483,1
1.0200856340176403,2.6669655776530736,4.791222906553418,-0.8058139703349382,1.5414316556651437,-2.151026125232306,-1.8922948931608683,0.32601219180341556,0.2506561319804096,-3.5481096442914177,1.1374893707864058,1
0.4707565985984989,1.2992937334280055,2.3340269010243175,0.46051684345037786,1.8631938985053766,-0.128468542355739,-1.2975791353935595,1.000722999008965,3.038701174185391,0.3703225850527362,2.3357710503199374,1
0.320785670496091,0.5754460830354373,1.9129670026751064,0.5611960530551569,2.3087170713079455,-0.5334140514574954,1.7708425652068636,0.8474862162235124,3.7737804527556444,1.6069717864297868,1.1777312711653194,1
0.1666053619427056,0.13033015913635454,-3.591400278115927,0.15799404183379878,0.7238844868039527,1.387829052854952,0.6958094203501138,2.9451397438124634,0.08686627539679953,2.4961798717494053,-1.4408506151293374,1
0.5420077148301553,-0.32582763823763905,-0.9182889913678346,0.0898386568898747,-1.0153231739962791,-0.23974399836267346,1.683562950317818,1.3395440871744886,-1.7921128725575513,-0.16532834549284714,-0.18956109088274786,1
0.8931134679797179,-0.471359928022366,-0.5086916756908878,-0.009130366670757459,1.4545739811803944,2.913532269096408,1.9642673021757115,0.26576344524078743,-3.2421486172884446,-1.4441995793049265,-0.48791025991070525,1
0.2072559560342129,0.9255401537774103,-2.2877148458129635,0.11550160755255844,1.6672602052707512,3.1460584871004804,1.6110357990241835,3.28466853162065,0.4720252173205344,2.4700073723103584,1.3484822442875422,0
0.013718046127501224,1.4972774655117873,-5.177344585866578,0.8912210984543684,0.0918128931254868,3.8636333075398754,0.6434520350497607,1.596299426834291,-2.856627788125531,1.6675106804915742,-1.861008404283072,1
-0.6285458468878173,-0.4649443270937034,-0.00098581588122087,-0.40695335664479027,-0.7703975673885195,0.23301096876278404,-0.37342492610724165,1.730740459593623,-0.9842854622675926,-0.41941396536543163,1.7299612725251237,0
0.5605656172546141,-0.524518623656838,-2.840104459242859,1.454199684771522,-2.643253558382434,0.22475625598718774,-1.6780349361600146,-0.11471250204195949,1.8831350943036596,3.217495440676347,1.3496581106894654,0
-0.39978924504959784,-0.7041387039693693,2.1134451411500232,-2.0090838226780043,1.004538031227362,-1.2872265975857582,-1.0690203949884325,-1.7038757560817155,4.354597265594507,1.2356065907551588,0.8952290867096762,1
-0.597374588055318,-0.4976035291047183,-2.1654217517321466,1.1138012991994735,-1.7065629307909669,0.5717293108804022,-2.547091722857953,0.10340211242568964,0.39820488135479476,1.425230603987458,0.651923782199068,0
1.486202350032165,-0.0345550765353907,0.3558708389806324,0.20799422578976592,1.8410122826142898,1.3480686928818397,0.5044669640723176,1.7221925137618475,0.7394208567090335,0.4701020718244032,1.129221750007564,0
-0.23904779939956086,-1.0098588475755756,-0.7908007150688442,-2.1509749117952763,1.3086189786565507,1.4074365878404818,0.5207739934894409,1.3560124062522345,1.140425750834563,1.485610305795285,0.5916089332105956,0
1.0263810197290972,0.5689067403660938,-2.481058455749823,0.5982398599531996,-1.32778253299315,-0.342140337457848,-1.952036471659977,3.6364117744196296,1.3396765538536606,2.4696947324218876,1.3544249346732573,0
-2.140488734584534,-0.7461705711893414,1.9736550051862105,-0.19537963678622441,0.4697039133538663,-0.9765429898544018,-1.8426974375648992,0.8068084588231808,2.2939592779542073,0.02750597790633702,2.141551975702042,1
-1.592959214512298,-0.32803560521945974,-0.7761892782137723,1.2036307582061234,-0.3779759907194806,1.2363540048846162,2.746207913113834,4.151432998548952,-1.6518200967605963,0.5142051147018686,2.6918626269981765,0
-0.7688932373776216,-1.0647212862910176,-2.633845387304367,0.8786898880760066,-1.1945843541629348,0.9500539956067175,0.48682607042381765,1.4548668978711286,-0.10817347020757269,2.0390401589864457,0.5112332743281238,0
0.8860808850973122,0.1271289121768957,0.4551116890369146,1.4783624204451697,0.3964184222786019,0.7949779880109773,-1.328123319806531,-1.649009338287795,0.837510250866061,0.012423267586411768,0.41450126798003983,1
-0.39542722785927875,-0.7393758968981212,-2.1169805331170526,-0.0036422636429588877,-0.5089564281245109,2.174723325689407,-1.127642015505952,2.158228565008133,-4.189351442532846,-1.484638231213403,-0.13282865390897314,0
-0.32586964219653025,0.5244781987206917,0.16177789928195185,-1.8226947206298891,0.1953919372848163,0.8565085466050971,0.35184105675540833,3.5922824607770116,-1.1088653881207389,-0.37095738716652193,2.4931979355608913,0
1.6793315863170655,0.7689781575573762,-2.624512193634843,0.8489867157511559,-0.3347474145609044,1.6251551134319524,0.30921472705457653,2.225964507101506,-0.009122987390969525,2.072682050130428,0.7590650194057406,0
-0.20215885684147994,0.8869294075985409,-1.298164372461925,-0.9987707312222679,2.152913600422309,0.20175796956062075,0.7198210934622457,2.2638846236339467,1.2123988697964685,1.4744109143929756,-1.8870771175158871,1
2.08462110725969,0.7549881548391548,0.7313504782705699,-0.7554800809868382,2.369554145270645,2.2821794547593326,0.7818621877589162,-1.2999677764788151,0.13295242749665825,-0.3338463169833794,-0.12136881378150743,1
-0.6685761279240826,-1.054388963262302,0.7872082720928902,-2.136735960613125,1.2822441761250305,0.6376043942865304,-0.2713879724228979,-0.34398674072971813,2.532871017320487,1.2093795817433095,1.1972915885739348,1
-0.02193296612266018,2.0269013480495244,0.043640945156839105,-0.10176288343681954,1.1286230960108705,1.3089109160109063,0.5352172706554972,0.21103064055572618,0.2892890408515164,0.3299331650266033,0.4859151805114674,1
-2.082043530886596,0.062401725054361944,-2.310047825378728,-0.3831753103570287,-2.0916387594790304,1.0841529960920304,-2.7862405994642323,-1.5929845438998487,-0.44212105644309363,0.8645477512745322,0.11726475061457886,0
-0.7172700181165319,0.5739564155209305,-0.21072540032732975,-1.0158515591652324,0.7308782248392078,0.9305877442937888,-1.1404928226482798,-2.891679026271692,4.43142540205068,2.9233832407715195,0.6324630306248172,1
0.5984307246634726,1.4833836516683825,1.6079529524817227,-0.7985931507458449,0.24781563232636405,-1.5587324899442097,-0.29377890927472916,-0.018618565719266122,2.9671725547409613,0.9185814964403375,1.215398437812319,0
0.5028635786958361,-2.229945686724367,-1.7536933053448724,0.4238939206497868,1.0340746857468563,1.7446739488492446,0.09243261439822592,2.2278392778608174,1.2528645140099264,2.2014456345893114,0.8392395287121737,0
-1.3160246153550097,-1.1549319791321733,-3.53349217894661,1.7689994601703063,1.1746114246436339,5.68250269478442,-0.23562307888014322,-3.407278632930716,0.6677442249348161,2.8984959761106985,-0.28984545832491393,1
-2.1279336948474774,0.04718009155408743,-1.2840552582159863,-0.06874875041534988,0.9636439925921342,1.3143572960515355,1.8698227433823384,0.13762648440760683,-2.162460350305695,-0.4776637249267288,-2.1340101985131694,1
-0.4229673120539717,-0.16941245834842023,0.2130110572271747,1.3495911779024354,0.6014692160323418,0.8051346649203572,1.9892221131669445,-0.5590509591556143,0.3097081743630797,0.5266330372203378,0.30799130486532045,0
0.15159808281139533,-0.39201595826636404,0.8624036870728287,1.4082753419167826,0.0703883497955291,-0.9380355580931188,1.618953302459356,-1.3507236092021646,1.1888066411434435,0.4507460235589348,-0.38137437545961794,1
1.9094609455315104,-0.9605382567771045,2.1900130829815896,-0.26793779116811894,1.7574837185250205,-0.8047929648111911,-0.07352770813077014,-1.758474109481668,4.582722018913178,1.496811265297448,0.71816890470024,1
-1.6787164457002217,-0.0831929851468175,2.544821852247452,1.1488896561511783,2.3441931813867036,-1.1112793516891735,1.0984152316439428,0.22658605971297918,4.542671984587252,1.514036368731926,1.186314030067638,1
-0.22082594499881458,-0.021694348676716057,-1.9736073142536914,-0.8135977585113541,0.054487526095760797,1.5950082603457103,1.1207512337234151,1.8840900889732786,-2.6540105437140435,-0.20326892466821045,-0.6679084464020167,1
1.2050187793160203,-0.10491326217503985,-3.0904468899227364,0.5510215707731875,-0.03440812653304137,0.19929324412474114,2.1927202637160823,1.3056596271130252,-0.11982621447390543,2.1895975195084834,-2.416092272686364,1
0.6519858849676922,-0.4023111885567327,-4.8184774706148925,0.589673610251669,-1.6162087404232874,2.856211042991987,1.5147253117261312,-0.24486542848100745,-2.320651994930605,2.1054193624517854,-1.314188735016801,0
-0.09674077359933451,-1.3432156140504357,0.8639509466038758,-0.6547247803319398,-0.22143791046570482,-0.9229383438426182,0.9850975608286614,2.61515155745175,2.74755903948625,1.9198770633486815,3.1967206666669212,0
-0.2417833326070309,0.2990321452936684,5.637048747799025,-0.5176903246349034,1.7864190482184448,-2.6086396960101492,1.7384796181271698,-2.6588215803129867,4.23386923809087,-0.6503222575257843,1.666951407482316,0
1.009398293646316,0.4317722310216314,0.6794752744646049,-1.1659100941499378,2.2181878072839547,-1.8956648249513601,-0.030432027138489026,1.2113866911357158,5.89005137097594,3.212867427591449,-0.3659857496536376,1
-1.6623971858971256,-1.3502520104449043,-0.3114351780612262,-0.20796916727671366,2.0534385496863736,2.1374441990223216,0.9867907184828388,-2.5879428153727284,3.4722758765355066,2.6847110690362825,-0.0071690463314884045,1
0.8018801234436895,-0.5367223982792619,-0.5627335860322586,-0.557159499849674,0.023359118556957048,1.2620423399362646,-1.447526291156787,-0.5844184166879036,1.193771415935008,1.0766922192864345,1.130439501640247,1
0.48477994709012984,-0.560087900613329,-0.4071061739260954,0.4931940597868764,-0.7146070592533256,-0.5572834303959449,-0.24780865857467382,2.561425088027269,1.9021502711636005,1.8781747990640159,2.3281069752589385,0
0.16672173499537993,0.5859892017759161,-3.7186584060461376,0.3917152126681522,-1.1722859300713502,1.4254239938691942,-2.1508224819549753,2.3988788028954047,-1.461939868564936,1.2004863924478475,-0.3681628475263772,0
0.037211867276509734,0.0071672413342868824,-0.7321832963914083,-0.5785491257092625,2.803443828915383,2.1509737939655285,-0.2656404345393413,0.6172202615764977,-0.7270493302276979,-0.3924837208952019,-1.7925007192678004,1
0.7505888798867103,1.229085582440308,-2.104620036861088,-0.05489356627168195,1.6431694670886299,4.350967306036515,-0.28369332374095135,-2.7029158834565035,2.6142513266457965,3.2628361455227806,0.5994957567280904,1
0.3303340797727747,-0.6699929980283884,-0.4965901734834386,0.8701444158657701,1.0097332367702516,2.2816831394485577,0.443531062010722,0.04019523238128797,-1.2469147747932212,-0.33715338650425686,0.25708097670953145,1
-0.03542853272976939,0.28931065143436246,-3.741692214706919,-0.46497920127043085,-1.9749042973580417,1.4742373844499739,-4.778434708824015,-0.61875770490401,-2.419436118818634,-0.15443511816573996,-1.6794913337205681,0
-1.5405606873891566,1.367335420799737,-0.7733924978560893,-1.0778325621871856,0.37696564444213576,1.3228238725052468,-0.7799313723702258,-0.21603451051328681,2.747513853337906,2.456839523597525,1.5974881620673949,1
-1.042632304918188,-0.6658174289080715,0.7601903374643864,-0.0485329586249901,2.4705509800317134,1.5718483629652278,0.9995449155487519,-3.008724499473254,3.6914602626686834,2.027498824171114,-0.14264272020681368,1
0.490777010886928,-0.8665167170660306,1.0953401598642525,0.2999275314116344,-0.323516026956824,-1.2662721091532814,0.7466542499063802,3.083109649004126,3.0987267709433954,2.004674678581,3.6377838479159985,0
-0.8524556251658487,-0.7417950184112544,-0.814101985732274,0.05910977748727678,-1.7092351994196209,0.6858045291279005,-5.217880216275201,-3.1443550323458083,1.9513642377387481,1.0123385448536972,1.1713791180786872,1
-1.6317230596704313,-0.16082723200692328,0.7482044296834947,-1.4485399771595613,-1.2230731856686117,-1.7073450168868933,-2.451212223280367,0.4845571565900135,3.0555664134975,1.3386011241027287,2.240379726004811,0
0.03691808142793912,-3.248792323209023,0.2969378062484782,-1.3386042451055646,0.22475852467178103,0.4587001119753118,-1.8282858415877778,-2.017484379659012,1.6142524988708606,0.5038116440154177,0.24832374480365416,1
1.0870362315066233,-0.23290405913548914,-2.0587891075635705,-0.5224058371450458,1.7950450156939772,3.4906044669127723,0.9833369703239012,-3.941511301319848,4.406410390210121,4.524118791379578,-0.3105320528613891,1
-0.11155595170891743,0.39423983736443136,0.2304942433537808,0.6101473878766193,-0.030265443660829505,-0.4583681500749517,-1.2025198250408808,3.1468721979955934,0.0125559195638118,-0.17240012866910814,1.6066013748741381,0
0.6711614578988508,0.2049052097998471,1.1022609628271556,0.14259484920824347,1.3295176277734562,1.8940931011848137,-1.524522861431798,-0.7544264501476521,-1.090373370551371,-1.7270081605284018,0.758382726700913,1
2.405928386451478,-1.47339096798517,-1.9969796613708364,-1.3395053388408515,-0.1799416897426538,0.8215812491444977,2.4242906213735234,1.894649189177883,-3.357275944871844,-0.5352271964027702,-1.6798691059484618,1
0.02839504805014965,0.8353996887037706,-0.15920750002199766,0.8687511303426222,1.4934990504858792,1.1910253018356214,1.5935119947654313,-2.005583865192085,2.32238457154673,1.869659565648111,-0.535087773915579,0
-0.5782284804098969,1.0307222283700532,-2.7630606728908362,-0.31652515063917086,-0.2137928856211626,3.03473446434036,2.3975744289330634,2.550983801795059,-2.4013530927697673,1.111894838722753,1.058086148636376,0
-0.5196785240822439,0.09399617721757073,-4.6298922396567095,1.6887639385808937,-1.723248290580722,3.936342589141392,0.06467815356424222,0.33646376188450977,-3.53075165561513,1.0901563250002198,-0.014355058427383272,0
-0.03066221646525767,0.9034237375796421,2.456632275043151,-1.0974235551917049,3.669024671017162,-0.2447552946280942,-2.897527753627575,1.0990495643258806,7.521295904013334,2.8505772840590833,2.5414061841954365,1
-0.11927572860949842,2.560686895040647,0.25152548053188667,-0.3310784435912307,-0.20092793570579603,-0.02935453378011732,-1.9488076816396633,0.3563740752776774,1.2341669684240464,0.4390269417207051,1.350768600282933,1
0.6557143382456886,-1.2039024736316855,0.6675169152131198,1.5256787553042268,-0.5064892145670948,0.5767372579396364,1.6932044060506488,2.0001412851388687,-1.0394690720240196,-0.32590928882957937,2.712232537998724,0
-0.5813847926198847,-0.29375167745159436,0.6082648350892241,-1.5007951771136792,0.10800461114539306,-0.14248705424683994,-0.016617689408738645,2.546560245746937,0.5917336642715832,0.2992349597938653,2.205042264923022,0
-2.7281649448424217,-1.4281643671088877,-3.9867689078141657,1.1804908097526892,-0.531915760923533,3.0240103819560042,0.0036028235349268023,3.9257889805351485,-3.912983932905605,0.3028633964757381,0.044411964833384054,0
0.28808951703578145,-0.6635831980786664,3.23631310644247,0.3229049473710807,2.8316201116040496,-0.7014979535397874,0.4447222305823685,-0.4182239198050943,4.2957662526425855,0.7290803418457686,1.3075750264394665,0
0.4782526336957578,-1.1976835854236292,-0.22488090387729123,-0.5553327867595976,1.8688514360285602,3.0095409247387606,-0.07026261304664205,0.9143376660422327,-0.17926421974301007,0.22997471358669275,1.4429935747954872,1
-0.2961547836542247,0.7979176299479258,0.22455292631867824,0.1887693728497125,1.0456930251425307,0.0154234189634197,-0.8432957257305744,0.6674820334465923,2.1795989242909757,1.1366098570957448,0.5264767853187471,0
-0.10180633369323308,-0.8618304459150777,-1.6786414980701945,-0.01795889554716236,-1.415747712659178,1.1122831543636307,-3.5360316365760935,-0.6657651549434247,2.1045336871600586,2.1993994363548577,1.9295729519332043,1
-0.5607776116214427,0.18145371933418053,4.211060285868255,0.023834732205322517,3.94805051968392,-0.3516528360163531,-1.2237047364019622,-1.3042292610305846,4.279469717650635,-0.44403400062894427,0.8523278249794972,1
1.1717342629156624,-0.4780290351769566,0.9775349651872665,1.7589598709577559,-0.21011396640964441,-0.3626952695655259,-0.8137770562994966,1.3572837874217512,-0.3512820252142123,-0.8545256117434339,1.5220851431169904,0
-0.44955626015524147,0.5121832745832265,0.0794637959072206,0.7473217862595293,1.105572219681233,-0.4685561588897167,0.6588717221198304,1.322765156170523,2.153649394707216,1.467783259631448,0.10915179661835128,1
0.6013187837476232,-0.3463719695223186,0.7461147301211623,-1.844424072885263,-0.6508518804652839,0.03988222748104642,0.6100903695100897,2.9317251511887483,-2.127208311838413,-1.4097082021713607,2.2876891766854017,0
-1.612487090788879,-1.127684816229759,-1.8749847499035575,-0.45670425742877513,-0.7731206909663435,1.0986767762567784,-0.716704302863399,1.4001291814513772,-0.05621389726012775,1.337508639027595,0.9835926710627384,0
0.4692678179890859,0.1792305491787539,-0.9727383089561292,2.036588592300731,-1.820963991379478,0.24251999172143068,-1.919173370133135,0.8410310880458862,-1.2134502560051015,-0.2426865765826094,1.3013837976518934,0
-0.32537345509556626,-0.2961680288691534,-1.0825657396480708,-1.2614866747664581,1.8803187292192671,2.686245593279155,2.2194495473982725,0.9880587723387787,0.5300655648349817,1.6505561207053396,0.550064974396999,0
-1.3723949409666454,-0.39751025173426663,-0.9682052309695313,0.6556389002290811,1.1304410667908857,3.051479184063171,-1.3645227585223911,-2.887249880074345,1.8183353443814851,1.6671187671619527,0.39935204950727077,1
-0.35991207934227915,-1.657234124921055,-1.593578420693166,1.6943994510837328,0.7246803941241815,3.239183112382335,0.804344742340545,0.22182971682015307,-1.440434872936407,0.46253977773032307,0.5434764782477561,1
0.5974059620660209,-0.27561869025638364,2.9625833052928128,-1.0466231155278165,0.040993010845118194,-1.974076550059873,-3.192196695772329,0.08581498900033302,0.9009171161976541,-2.0031364032835195,1.3854675196870443,1
1.1682066946768812,-0.3328178759606716,1.7805600434606599,0.5094942126933595,-0.6429897257335004,-2.760842183515443,-0.022223672594245403,3.6897964055958132,4.088569635390932,2.03580338676538,3.9047664883235456,0
1.7939926535826793,0.7840335023910472,-0.40450599100405976,0.0825646970082891,-0.2810549244883813,0.12069705853273272,-1.6218582915743818,1.3654259278184464,0.2503529612690982,0.26507659722557964,0.9699850845560029,0
-1.3411856373671032,0.027927966250495026,-2.4337935903803594,0.6328194084355935,-0.48804297580534994,1.329018862196543,0.48130158509578436,-0.11963755562960454,0.05209921433778513,1.8130496823325628,-0.5473949292021454,0
-0.4712467215007435,0.40499575031641954,2.5617195846383596,-1.9616160399288332,0.49738477447991003,-0.5143526520496808,-2.3211791873436125,1.1409794169014926,-1.8202603686416732,-3.3428013956289417,1.270235330817174,1
-1.8485825568842524,-1.592362572059125,-4.01164608444861,-0.08596702397110563,-1.3164775169832343,2.660918062868082,3.8672299173962426,1.7283991742297176,-5.419549336521302,-0.051514825795502706,-1.5022894157781923,1
-0.3115168185418149,-0.8261894477712083,-1.6564792523234706,-1.474121966598396,0.6033244602139974,1.2097712317104021,0.39720082488898534,1.027445003288476,1.8442536117485069,2.5407630989471235,0.4614124799446697,0
1.7196589537574067,-1.564769434785291,0.9250860818412188,-0.8783344579255002,2.3093182741525267,1.1988568262322499,0.5222923093966783,-0.954525167586014,3.3786457968288643,1.75388410626062,0.8414153649700252,1
1.06296696874641,0.837880637561065,3.1726965255289308,-0.0187503102061094,1.5662006266424249,-0.9378485242773817,-1.0934221350596194,0.21808056135304987,1.37300569401886,-1.4424611790200021,1.309177681881779,1
0.7426555801815035,-1.3490191371473286,-0.5896591802440496,0.7273891212890945,2.348732622167284,2.1227225721387235,1.3089489948004418,1.2065519812352319,1.9018790902554166,2.0046235334884974,0.7014715814566348,0
-1.590659901634426,-0.3997531997671518,-1.752870643970331,-0.7184782170608203,0.37884672834053035,2.4783382918822907,0.9840394795351196,2.9109582907461906,-1.9789271872624785,0.35749313866770915,1.199361919101682,0
1.1518180607630144,1.0335166175210384,-5.4419208353635495,1.1521944723440516,-0.29820727653999346,3.4049464981419155,-2.3580093276798455,2.04296871222451,-2.4884510808686184,1.4635628157700258,-1.7909869839973513,0
1.0234200879540947,2.0001369881370956,-1.0533370070953334,-0.559020289951072,-0.08902197530264311,2.632475727645266,-2.2713295286622577,-1.3186511091019413,-0.34132756235200534,0.25328504193804025,1.0785720599240356,1
1.1831202981676634,0.1813410468608162,-2.149544178357466,0.6678507296258527,0.8822303050270683,3.297941249906524,-0.9674633858689705,-4.000035965633452,4.615442413070142,4.477171326634453,0.5532578669666552,1
0.806247351824398,-0.6929152362823784,-1.3540263062303854,0.9980555357340387,-1.1556513481354478,2.261132151787152,-4.676029719890218,-2.962845564391861,0.1948605045763002,0.3144810848849382,0.9178128925958475,1
-1.7470549765571382,0.9835266253929309,-0.6571518735544889,2.2753518269311517,-1.0042333868526967,-0.1787399637512228,-2.1025061779692824,1.6269453459309668,0.33722977483792566,0.49561893793810874,1.4332942382645193,0
-0.2670579344607764,1.1156997906272994,0.23369340552084772,-0.3245888914005247,2.995161974209302,1.875817721445571,2.3576160116282763,-2.6045116647892383,5.229899995953877,3.726652266402977,0.07157485629654192,1
-0.11339168704046382,0.31734145082541715,3.0819572418461108,-0.9895517055268652,2.46412404438004,0.045947635781126706,1.5610558849974745,-0.6241142851537995,2.122347905941999,-0.34233428964920076,1.2009129314942657,0
0.29652465231012287,-0.3257453863412643,1.7775708511577633,-0.8097740909378631,-1.2845560447591398,-2.4935317135848503,-0.4433799694909769,1.9193154344788896,3.3722844969399914,1.457679630296296,3.5773868989181326,0
0.8655494755526388,0.30311355822800895,0.8706435911265047,0.20354349323870993,-0.41422573192050605,-1.5239617127322997,-0.9058471042755507,1.3811417371157018,3.528152855368571,1.8910779623584615,2.393112727010508,0
0.9482737271833909,-0.04842704444317321,1.5369418843912883,-1.3705129139040537,-1.3365672985865191,-1.3080762826057648,-4.513923819459421,0.3542584621321465,0.8854200659288937,-1.0528594086545984,2.451439617053869,1
0.1977605733544946,-0.579649650891058,-2.336446941260236,0.5602660815142615,-0.5260609724167296,3.045473936439274,1.9623032960156737,0.9580477891286752,-2.6452689373004645,0.5399571161820318,0.8519501675036143,0
-0.31410335024177766,-1.3424572275295192,-6.055344021251126,-0.4828027725888499,-1.4709036631059922,4.566172950223859,-2.598609321269132,-0.6894628934686082,-4.575694336317029,0.449332360676858,-2.379338730399923,0
-0.6044255384130355,0.07920813760404218,-1.3123492144145406,0.15448969510443727,0.5394422165709762,-0.01986461644893156,1.5450248626917062,2.3064489957070795,0.5511518612797927,1.5202930509822976,-0.46844163060853417,1
1.2862536731754477,0.21712943226257017,-1.8858100722221682,-0.7038017220074128,1.708586049008189,-1.889100192790992,0.426403343143285,2.90438085299403,4.886573563162141,4.19573623446262,-2.106690618919986,1
1.1141741913213932,0.8208997372040411,-2.3545464050168974,0.22303379612153434,0.19444602892225826,1.8699824763054407,0.24083564992627648,2.9880566905624537,-0.12046300579196777,1.8252893199794422,1.0797993178453271,0
-0.8264884100677349,1.1988593074275165,-1.444777540097894,-0.37316140503030376,-0.2538431863491235,1.8878002068663011,-1.739036733297254,0.1656188171981232,1.2265030661301415,1.7704335348717737,1.701746232519468,1
1.487602552160604,-1.3039534399828616,-2.7424867824119255,0.15654760482214858,-0.07287838219682907,3.4577890931298203,-1.8965763782646055,-3.4266390291704645,2.9337502717613635,3.6477799871485637,0.6948761126042587,1
1.2646169416224597,0.5243706054771993,0.11155423153480244,-0.4497753985848647,0.4648291211577893,1.0452542432590461,0.3906882615615308,0.8518577940963561,0.26765266912680913,0.41269566432691007,1.4452487684609034,0
0.9207708835892928,-0.40733992109260797,-3.2254417916106073,0.7316825752723082,0.6351853793916539,4.164936606616769,0.2637869899620938,0.9412175533435112,-2.668628042461198,0.5673596494316926,-0.30306467031130346,1
-0.4881998790730106,0.6606448383437945,-4.063211899833209,1.4361598461450253,-0.559661286734741,2.872676281966033,0.28719489624357575,4.1149868574327115,-1.8671324613103357,1.9281405004466547,1.0408012906571762,0
0.14922497825721673,0.4018178936159231,2.0217460414431803,0.1752309645016552,3.4723977470317267,2.0480084728283043,1.8930005844009488,2.3798833240976327,0.5739511595583439,-0.4158894297242137,2.094353272759903,0
-0.02532553130576813,2.1294113658073273,-3.6416829348211617,0.6683093108130002,0.21934126319325897,1.1994207886612234,3.4145930582189297,1.6565026207503248,-4.834178266839375,-0.5973853763286676,-4.488489933379572,1
0.3473774916745776,-0.5088408592043789,0.6844651991760621,-1.5733946289459657,1.1798283498332025,0.5337330236360356,0.1516011129951741,0.5593796445274768,1.0843741865520002,0.36001801686325374,0.8434263202478836,0
-1.8541078110217155,-0.8904313857578232,-1.423695277759477,0.5587674110135666,0.7452395533838596,2.2729180509307714,1.4145467947737127,1.4910604907747467,-0.9620954801941608,0.7745817243577204,0.5765238406283228,0
-0.9707462562465669,1.381985322836221,-2.7588520740580065,-0.19892382738768574,-0.4883177013470744,0.6644358247609337,-2.8513262728958777,1.7140916796079169,1.4311655643600496,2.314669605387537,0.08966166233268191,0
1.3816948877910602,-0.8146101593402066,-2.0351030325033586,1.957316132725174,-1.62941759807299,2.2370089266254922,-4.083111965516698,-0.4263428699787022,-0.7895729941994215,0.413231242616515,1.7050893770716327,1
-0.502577066054635,0.4899744249484333,2.133592220724819,-1.880561225520435,-1.1273723733500614,-2.2284291979249202,-4.006509579518171,-0.281736047897172,1.110481622130396,-1.390953984786941,1.5072202843539877,1
-0.1410924501658904,-0.5420885690482212,1.7140986134520948,0.9915083703124924,1.79079789273242,-0.15981928341649332,-0.7498182503880024,-1.7456560608330831,4.882139145228438,1.9514444293490696,1.076818381941899,1
-0.8279894207245174,-1.6534390957536877,1.8934969725023607,-1.2762218967694599,-0.33478454917148637,-1.504601004333591,0.598416126409155,2.7653252198862432,2.066334348699145,0.7030236795148528,3.5042642620612803,0
-0.41686573729898707,0.041404562319109585,-0.7413963526495728,-1.0214843997150251,2.8720451077940035,2.290864088565548,0.37418518720226,3.0982078611577593,2.410549583613584,2.3429765635206277,1.4642782876503049,0
0.32114629253837396,0.7005351841248082,-0.5810845844072435,0.6666900708449183,-0.6719914826247353,0.06223497971522651,-0.6312562715740315,2.3877636183419564,0.13983318030863265,0.671122700063421,1.7546102785364872,0
0.17436539993704483,-0.7356566313617143,-0.9715662126652643,0.33169293182853793,0.9578957562037651,2.2820003138602303,1.3623419723254768,2.201033353170575,-1.2260533577378232,0.3436931483942909,1.101635984707509,0
-1.8355972376588685,1.906672934498961,0.5143554937201228,1.442584709616022,-1.7537435917316366,-0.6195241423761559,-4.474092778128696,3.372494453383614,-1.7896476382547775,-1.979531557964601,2.998224451280917,1
-0.20564844659596265,0.4936586487973832,-1.758631848784741,0.42438625769923444,-2.859111778631516,-0.16805701367816295,-2.166773709355406,4.443840679128224,-3.757234936977159,-1.2838585692296047,1.9928687748334375,0
1.418936263869536,0.6733497521264523,-3.9733267019537495,1.8828836957920925,0.5858116532338342,5.863410361455041,-1.4403636082362803,-3.5831457917249017,1.1099205944409247,3.3618598852168082,0.2926862479900265,1
-1.214474639119949,0.9295848055981777,-5.392907072627028,-0.23108716089519882,0.9972643826990253,0.8423252253054818,1.4636305014049371,3.350625460680096,-1.2501400808285799,2.4686908210936056,-4.912296531622099,1
1.3639208873209656,1.587813641012498,-0.29065309716242865,0.5757256289944951,2.0101626694261823,0.7005733101713925,2.203331297491319,2.4294311572168876,0.24092570270391794,0.6985582252937019,-0.4007632146348846,1
-0.24892624049434472,-1.3337375553783413,1.8274380199841824,-0.8784865100102778,1.3625708777263656,-0.024492843572959888,-1.0239286638631493,-3.33144614221868,2.309186585659882,-0.10712328256955606,-0.44205890991318575,1
0.00022853753001382882,1.5403139300619675,1.6608599669593012,0.030409347003372073,0.8094442510655195,0.1348726004818429,1.5291105677831447,1.2169312895268305,0.4873646333409137,-0.230094811319546,2.003712738415457,0
-0.41820740835649006,-0.9878226397428091,-0.8827641090838214,-0.283833031561765,-1.4805525020861103,1.5498980573778005,2.129567231633609,1.253031968563966,-1.5338117963180833,0.5893100284244663,2.662098031816903,0
1.3374177678951378,-0.4608746458002936,6.617990022866068,-0.32884634660328,4.563543599380925,-1.7404682777326106,0.13425656842507716,0.5913566371374552,5.664010481532254,-0.6432335835546328,2.999633682676168,0
-0.9218029944620828,0.8441259717753257,-1.2331045493922648,1.4303757607400314,-0.5092654811417333,0.0531787483187548,-1.2530361956286526,1.606329981887308,1.6301357644537147,1.8780818821455911,1.1508925760260327,0
-0.45939882673767446,-0.39024429558489976,0.7269331155627629,-1.67830294119077,0.6187589744573716,0.9704278505024668,-2.534886854267011,-3.699866104350848,1.7801499358306256,0.10144600639526191,-0.07560404122060849,1
-0.19369383409639146,0.9971151245514975,-1.0869303134672426,-0.3223975719175981,1.0771153415403993,0.07008257595707457,1.0085023242867803,0.7845133642701878,1.534002795473608,1.7650287297063547,-1.161664655708074,1
0.7592541418564351,1.6023697308336464,-2.417972069917117,-0.26424423853063833,-1.5105423874149917,0.4778006370987017,-3.360131230486332,0.05111120006789516,0.9151007982797663,1.6936995322330664,0.2515621648890589,0
1.2673395823841982,-0.4128429015414153,0.5864915617592221,-0.45502235257481644,1.3650968778123138,1.95106719311869,-0.09879280973240012,-0.6982454644149061,-1.323809557996902,-1.3087134555270277,0.13467852185264662,1
-0.014207807060277043,-1.0807904937105757,1.1478779250952844,0.026214466993399382,0.3865935255876307,0.1439263589294063,-0.18943808747532997,2.4370106791085577,-2.2313032690888646,-2.1522684252238387,1.197750281715879,0
0.013613985589306802,-1.4062326762601498,-0.2981497831377396,0.0277339000312903,2.6537393546906203,3.5763606294089936,0.7387664488299688,-1.4607861046519077,0.930027381366654,0.9824169710712845,0.25742900210597,1
0.024422043077213667,1.0595419183934467,-1.31902118013415,0.32493759754160395,-0.08713600750171402,1.30305128701611,0.8733800020097022,0.5160611369694239,-0.5407194118706554,0.824740535720985,0.22093178788797196,0
2.063150749404269,-0.6978663009437763,3.144264948144649,-0.006004718329585296,4.504919206869376,1.5682531202549659,-3.372891386773058,-0.2163778245009116,6.318137263320429,1.5392018394018927,2.980407934406025,1
-0.2552290846520678,-0.27783405777247727,1.8851438567968193,-1.5071196982429929,1.5138765144517694,0.2022256904988261,2.4099101368810665,-1.0917645321738232,2.0055166954360195,0.6081308520648459,0.9167489192570389,0
-1.4127359498978604,1.109662095303622,-2.87425186494493,1.8485293832264882,-1.0355308076560337,3.8897086433212738,2.088402137318776,-0.04700901963096138,-5.618812782227227,-1.164781293460463,-0.31109199374401664,1
0.03244975090864533,0.19837521146738035,1.6518268690094462,0.49396783847377496,1.5135886752587493,0.7735776130177399,1.7364187289977362,0.8074817887186436,0.43024704537784175,-0.2984205047841695,1.602172104222518,0
-0.27406638761434593,-0.046945464556318685,-1.5128951909588386,0.7877370708967241,2.21033363011741,0.9181116496916619,0.09687999743054809,2.2739616446655617,0.11228918540862752,0.7653738664151846,-1.9436702853455368,1
-1.47544824349468,2.0350199974421295,-2.5404473378242733,-1.3411851003145276,0.8294193644567289,2.7299342200748717,-0.006466676695562779,0.6333663708807776,-0.2729529405860509,1.5615222839543965,-0.38155365744668757,1
-1.0950523583949814,2.125065092640026,-3.8950527202458614,0.9371539017239157,-0.8264970419847162,2.3176068293356034,-3.0178791852455302,1.1276223034645783,-1.7623895227026094,0.8631872253087758,-0.8638832240568839,0
-0.2687636746570739,1.2593749278751054,2.0802993013890596,1.7535950967124023,1.9799899474500928,-0.5587656200043076,0.9591532736672814,0.1770506412290247,2.8977416912943452,0.6981903059325123,0.8601028975151292,1
-0.5065166345141399,0.7606344054489108,0.9824297492132248,-1.1113269758284696,2.22118049779377,-2.0497621740198655,0.25837122242231747,-0.27443820806962727,4.880800695525218,2.1906960640684927,-1.6428518126535196,1
0.8401166484063737,0.5189796427846699,2.048643392450464,0.7421239909519972,1.4024728780861535,-0.3074199489141469,0.7021991090914423,-0.2200609366025803,1.743877062459441,-0.04745930606510007,0.9819934879537687,0
0.0008264327966100177,0.9487851960115455,-0.4170327280966813,0.5622022440553428,1.5355191176687688,1.7039271243904437,-0.09678753368850423,-1.5966480862234365,4.212678924488138,3.1837784567927594,0.9825245771498171,1
-0.4907219986801546,0.8027455611275333,3.575414087212785,0.6179229165085844,2.1734122824366606,-2.283826231601896,0.7392117756386474,3.1745820348789566,3.559773777323769,0.22682885085364435,2.360594181723431,1
-0.19967953528588622,0.9435798483053933,-3.963314878504986,2.093985903021176,-1.102699585236771,3.4442114017539396,0.9748696988345789,0.3373136951389082,-1.0159703714951225,2.565065346322123,0.7418229708438208,0
0.258472865126838,1.1100701650709712,-1.802396511460408,-0.03972080536021896,1.627139877796474,3.750126755264896,-0.2760326649205106,-2.9801091500881096,3.541286008497039,3.6506508358130016,0.5780541045696737,1
0.8445386006129607,-0.9616977761454927,-1.3619940229320358,-1.612462280000961,-2.7109518235439043,-0.48615333830843,-0.805616401223107,-0.4414160949018131,3.7793462916589213,3.886235802474879,3.07885240666411,0
1.9840373377364346,-0.1371537509016887,1.6874818457390803,-0.8435403810341092,2.78495050443433,2.345018609516836,2.28020507465906,2.1193713406506225,-1.2079002463974597,-1.2814328501099146,1.8209736019069727,0
-0.20457232061001132,0.9663976701649082,-3.6058535615376326,-1.3855257586284644,-0.5047275883001405,2.5136099278322943,0.037399499045884244,4.101836561863669,-1.971681951471881,1.4642539768667269,0.9845045625959739,0
0.3950390708438315,0.10831833389910003,-0.06328820150609987,0.06635719210849947,0.18582893123109645,0.6319494968682157,0.5028312653941005,1.222124793874521,-0.1651327408593173,0.22128794799723184,1.09378739370621,0
0.7321925878643161,-1.7169890925533045,-1.537418634552477,0.7503480165752405,1.3311614777803538,0.45995770266662483,0.3202107609578143,0.9523771599224763,-0.251042908088862,0.5512812080601137,-2.395257125958348,1
0.8835471399310315,0.5127983071766914,0.10738030504211474,-1.111733101964738,1.8736197456928845,0.07007864258836127,1.951173131878817,1.2596976625372795,-1.5255689667665786,-1.095530157578692,-2.1962623172881015,1
1.6898945154726062,-0.19756324080468526,-1.4215399787789569,0.2574410625982381,-2.1551344632338587,-1.1829593424999247,-1.585003736593813,2.692821341491638,2.0587195360561235,2.4683109500002054,2.4017935244943365,0
-0.07864141943477315,-0.7423899194394685,-2.4122419682864584,-0.8115214370917162,-2.2902597075026936,0.2291279723742241,-1.5187521799761843,-0.2712522731546718,1.4966435003153529,2.6382992605986626,1.0881844063157808,0
0.28210899406822976,1.5437322848074568,-2.013444474815167,-0.09068314673985793,1.7223431312439195,3.0487108593932026,-0.2995566120419857,5.271505349708129,-0.7108631826247428,1.172200243128774,1.9794072714661384,0
0.6150607323675138,-0.14412228814225708,-0.9452302956196206,-1.067422805644232,-2.137447572902423,-0.738252439330388,-2.560482582815095,-0.7474057466830553,2.452092496599107,2.067207307450499,1.5964606787227242,0
-2.266729463066481,-0.07044936004773517,-0.385990517207033,0.4230105609883617,0.9045922513070226,0.6230388255535552,0.04448648179507164,2.1358955352039173,1.3745862210163562,1.3494597439487785,1.1961656239555154,0
0.22980967636657107,0.14532874057680525,0.4155214636084509,-0.01947162184473995,-1.224831598487119,0.7657959838585506,2.462884373980861,-0.3550063992792303,0.8893248830445746,1.4148597812337216,3.2163387687592184,0
-1.55284108006351,1.449927087644639,-3.0410403138007416,-0.0450092425803905,-2.2580072447192556,2.7389105789226416,-1.51864213230852,-0.5394930135447338,-3.9771148086214767,-0.6299149914821114,0.2100790346269127,0
-0.601790276725008,1.0286188765643332,0.6096114900800242,-1.7353036374998456,2.3313905806814517,0.1115018015140502,0.5373752000929024,1.1897272677666784,-0.5175089107705582,-1.0258908968707718,-1.675622100585631,1
0.15983941177211125,-0.02205664405582445,0.8439750839585219,-1.3819199754444162,2.0822414761841457,1.5163776662044939,0.6032412403428171,2.666055110402975,-1.3006090684470668,-1.2267876587836648,1.025186405340002,0
-0.34009117868068656,0.6144261560294825,-2.1722587283065367,-0.1659491941249048,-1.9808160532621053,0.38300327754663654,-3.4581126424107107,-0.857886465458465,0.5782473124249733,1.3014894895432554,0.2767150377459865,0
-1.050743740716027,0.3757134610345747,-1.0672970077183217,0.05587385622222808,-0.024452098579312187,-0.476192181836647,1.12499759938982,0.8520369740293108,2.450490239557236,2.6264956030012723,0.1277387229513367,1
-0.6072952985432793,-0.1257153230457889,2.6857480224209356,-0.08469517737091771,1.404740405802797,0.35571391576243483,2.401106314134562,1.3307156440196288,0.12109953649504508,-0.9404134586456796,2.5427010640988836,0
-0.4776307669193622,-0.8633127812340653,0.49586505642664164,-1.7381310192469055,0.04297698821666318,-0.8382189728480138,-0.2672167615418186,0.7109136285661197,2.8406700830298086,1.6844265328697616,1.4589948946471063,1
-0.11839323155425623,-1.4832926487327016,0.28514225695066103,-0.6442546902035559,1.5670485586201859,-0.2893376506003158,0.1188435286073205,0.392897390165839,2.6757277191667064,1.4699346229379042,-0.30271047633301684,1
1.0460032081846051,-0.12102488258099352,-4.653873263175641,-0.4340663765724726,-0.9350671998256577,2.783761200963447,3.996583533740859,-0.8280630090191397,-5.771026657897051,-0.2531451781170524,-4.255368691783188,1
-0.02686763033355245,1.7495329016439396,-0.6105188058669925,-0.2163499855997228,-0.5153557903148143,1.0813535888974168,-2.4862526698168224,-2.297555011356046,0.4249751324675993,0.233213927888414,0.0869726294590557,1
1.0510766128590332,0.423033992934771,-3.412346459057841,-2.2316947313308595,-1.8968936419020164,0.15870476187976168,1.8176981707980724,1.2611062608848762,-2.5502520938404762,0.9014552909671317,-1.841241910384355,1
-0.2790226836005779,1.2644627259188743,2.856050781949502,-1.3995880026445486,2.212474191042658,0.13558880383890448,1.2984576218574537,0.633498107241731,1.5807815698928604,-0.4889068833315393,1.8208744323376442,1
-0.031095452312414135,-0.38648834638810314,-1.4037865858409146,-0.3513663910186224,-2.278195095170532,-0.10203434269732914,-0.10745338240832458,1.9539526599404105,-2.0032050840223135,-0.06608714215527423,1.2413309009606945,0
-0.14578498023743097,-0.041904286944088244,0.9748168631188541,-1.366435471391168,-0.07929197573372826,-0.5057887595091646,-2.6075963913343294,-0.14793963206718153,1.9934313975595952,0.3048813378320503,1.538338059898265,1
0.027841191748703573,-1.0285015465627865,-1.2086841523732412,-0.8692159026249787,0.37035457747879685,3.1608522639655963,-1.9747312365844754,-1.9992984972371226,0.15845311960269004,0.7095294207234911,0.8317964595911961,1
0.6576263919155317,0.5845023257729732,-2.0456885833577796,0.259802084895229,-0.339218578351951,2.919742922221412,-2.7094295327882536,-2.120093608836759,1.4213986174114766,2.0448580189804284,1.1054130478888322,1
-0.4688026124693513,0.3173198948304744,0.6043732403831523,-0.6874401369965711,-0.05026505433131212,0.7388329492080319,3.1418387754475097,4.968068510482873,-2.1807477404689433,-0.6298740180209201,3.4273983155823244,0
0.4885719155629764,0.6043455685509315,-3.8420207928062866,1.04143299660076,-1.1702505651380022,0.5926040852284908,-4.863215389413263,1.1346783810772787,0.3254707891287922,1.7136510350791494,-1.3197637310641368,0
-1.8125275520766608,-0.5524844361444443,-1.8851268871341544,-1.5770343132754452,-0.000860101623727294,0.3572995412985107,1.7819576641875976,0.48667323679527064,-0.7185628937821089,0.9662689505000429,-1.7460309183647313,1
-0.036069880197042097,1.5992941895550892,-1.1327625969646153,0.00036874183359649333,0.23019406519141394,-1.3033878666028245,0.5384729121739416,-0.15307461868001782,2.5673741549887197,2.289885961555048,-1.7923065431095773,1
1.8029562201152247,1.5126568818459378,-2.656031564432623,2.1748698713224917,-1.3491229572261099,0.42680767368246497,-4.689715398903013,0.8990576790656499,-0.5623285365308728,0.45059718578226937,-0.5935513049765206,0
-1.0786463338321504,-0.7946003544012216,-1.1975282105371714,0.551688168412365,0.870691572988805,0.767219350187285,1.6519451134558527,0.9675225360374293,0.228408804059586,1.2020697650557832,-0.7858798716673662,1
-0.5289351722690857,-0.5310497247584169,-5.647832603586341,-0.6820143144481142,-1.1763402799411113,3.158253865179963,1.9114514170718966,1.204310939120934,-4.877149803441845,0.807387437556313,-2.9493172497699236,1
1.1368375949553426,0.3293108095125774,-2.230053532557826,-0.36411803346307225,1.6410118167044123,1.5624847141073963,0.8781833594570561,1.4746627282094686,-0.4633561390459425,1.0841515984012489,-2.036257561566209,1
-0.7659579068615834,-0.02897945826093356,1.8427446320422325,-0.9603421398490887,-0.19701073033994354,-0.25356722554932,0.4371111934403056,1.9809645122985304,-1.7642528145056342,-2.014307652890641,2.2192596534627502,0
1.0771890220936489,-1.0911270614241162,1.288474022119155,0.7411365821172057,1.4066067266513955,0.6285100673629214,0.09874350808856347,-1.705970370173615,1.5134134802422146,0.10542120737083038,0.23112378596515382,1
-2.725178369392857,0.3540577947629782,-4.659058064024089,-0.458533421304386,-3.146300363732087,1.9673267252683462,-3.800136046497919,-0.6607051121780614,-2.2475629958430106,1.057857412019938,-0.5626895924402779,0
1.41757721086428,-0.21210880835599608,-7.797329791316625,-1.902057459161375,-1.882215141432591,4.605974803268225,-1.5180375200288796,0.6507923003584362,-1.8617540325355129,3.866665654579971,-1.4699199354431118,0
-1.680678378922394,-1.1871778925010599,3.286107651148603,1.3629596025870114,2.5423171897417727,0.4061274832201226,2.2126457023640826,0.25991987211583445,1.5256349009162349,-0.614204695650143,1.9698993525144992,0
1.5524366918673966,0.10930241740951355,-1.9989368400550198,-0.9766910763276275,0.9034979692101802,-0.2900778767854644,2.1990332141953703,1.048315503305859,0.40780156343457014,1.6551039135975674,-2.826371808409694,1
-0.8970691338718799,-1.2923871211222042,-0.8767244024068565,-0.022439003880798343,-0.8539750197547209,0.877097022002323,2.495066889024372,3.0117107921931043,1.039681932883612,2.4600313379583705,3.5286391325494297,0
-0.6105005467571705,-0.8146400741712078,-1.7212355118827884,-1.486648462131582,-1.835189267823091,0.669454115247748,1.033900137369742,0.6320785446328965,-2.014208266658002,0.27439438686048623,0.4783768578624903,0
-1.4508741851757476,-0.7005753399463411,-3.318068318032606,0.020508035009791474,0.9251160714832559,1.611846757577235,0.3556103793434915,1.7585108333951842,1.4496348049746703,3.1846165814877256,-1.0913008132650248,1
1.1411715851070707,0.37345259187602964,-2.4754130919900104,-0.2893431791406919,1.6703535357778834,3.489045851327362,0.27950063470183484,1.5261487902915456,-1.1325095587342782,0.9842159799278776,-0.3895586280771606,1
0.11454330628753014,-1.0988792325133179,2.2408366725203934,-2.216127419981283,2.546545332410674,0.9500189930007976,-0.39325862944510737,-1.8411020373683513,2.4167246803620976,-0.051703206388119316,0.6495846523685329,1
-0.34898729100238274,0.8170666515028502,0.5475989701664729,0.21231106469207198,-0.5418999360228252,-0.3219037489265404,-2.5766145916429184,-0.6783516204460128,1.7956015824748743,0.4909980594580915,1.4397497213326222,1
-1.0780160060006962,0.02394273245772453,-1.0775420384442567,1.145956175227315,-1.8873519562307246,-0.043361523575533134,-2.64515183275325,-1.8682318480936062,1.756273665037846,1.5786263140776589,0.9200541864579268,0
1.4004282050677448,-0.008734339328168958,3.20799432065524,-0.01386658371468317,0.45707403890798126,-3.121062814190119,0.48294135112387204,3.8736399193461293,4.830783877753116,1.6231095000792277,4.204708749407115,0
1.134762133477137,0.05718244283763409,-3.7332308292823018,-0.6741677584957273,-3.143492164022409,-1.0707564482386358,5.75741328064027,0.9653513598389143,-6.188475753129525,-0.7674265508745541,-4.198649235101431,1
-1.190936329446476,-1.1819770071004736,-1.7886578360928538,-1.3875578035634737,-1.3545028917875128,2.2998585438607684,-5.032555120660864,-1.1382342898667377,0.02451784751475587,0.5638674732219535,1.7157077057354528,1
-0.15983088076743635,-0.06350987379961837,-1.036923152677863,-1.2854311470628825,2.8782180009855836,-2.2598715671815426,1.0367944279194552,3.467176287760585,4.627433562121044,3.3775634095179763,-2.8672372775976664,1
1.3405173225340512,0.3653178893637671,-0.7879863873238079,1.4606672438280432,-1.4875312419059377,0.8158999211822986,-4.6426793226978775,-2.247502367508071,0.8817246440993612,0.3813319236533107,1.0379208617881717,1
-0.5132522772845587,-1.360160270623893,-0.356602602562595,-0.9367194495253786,0.05523350794737347,1.1049474351226631,-1.1745863910099077,-2.911339190892983,2.3834873752185817,1.660894738887694,0.4002556791074684,1
2.0657529830739247,-1.4262795221389628,2.4944898880674513,0.6377531025201142,2.52712879790084,-0.5045519449986544,1.3221284528883894,-2.2318937900704756,4.862282926370112,1.6830767890263565,0.3412790305907055,0
2.3649226914049644,3.0629462319508987,2.7517497083780746,-0.2046468039366572,-1.040120953491677,-2.5529776653695864,-4.093728327544881,0.6288794846393604,0.7545658537817554,-2.006545986735434,2.044972130032406,1
1.3622629137849387,-0.7020532243048803,0.39332714549184167,-0.6970960624861922,4.023542076620378,3.2644116828965903,3.1923946437524497,-2.94234680451766,2.3892871215980422,1.7104622230768318,-1.1140334983084275,1
-0.44941319883718833,-2.44448591661996,0.20044803533049937,-1.0519824089752796,0.47435094330507344,1.8090685199913359,-1.3722211795151606,0.5128314415186067,-4.466609695812906,-3.4354069426580436,-0.3535346570799216,0
-0.3719487697899554,-1.9062556428352135,0.5457552561166285,0.803782128670503,0.4749914937452312,-0.06394397001895635,1.703217584929553,-0.9213984923205003,1.2182590737330252,0.782751751622061,0.07419131362021791,1
-0.9751607282216375,0.96249566394391,0.04914003581094208,0.2131258798744196,-1.9818182163391818,-0.9986986138984482,-2.273444831544281,-1.218306450815048,2.335431603549058,1.3831291463451802,1.858208323814766,0
-0.1580569117710254,1.3993268730580606,-1.2308881269800918,-0.23155654135797288,0.5839887189388457,1.9507603263724043,-0.8071320197675382,1.9964444344109737,-2.536647126166353,-0.9737211216824686,0.02274390541773852,0
0.8402027503951074,-1.5759663629933145,-3.948798968074691,-0.37359533694763974,-2.8733430221907934,1.7344873661256623,4.423754022987918,-0.2335780995955492,-6.475164554116531,-0.748580328239022,-2.317871174396412,1
-0.4511533191820577,0.43284598944976754,-1.203020634815142,0.8769569145567098,0.7932880542120562,2.4227792399835373,-1.7547196862548615,-1.389554074579681,-1.3264103446140054,-0.5578073520252078,-1.0127898971371807,0
1.1865535330790489,-0.6598571520657158,1.830452658010713,-1.5314521567269448,2.687450987473301,-0.1802247205506824,-0.26279538642259714,2.40937309043528,4.568848367110243,1.925501300687137,2.363469805383196,0
1.4595342579620976,-0.9157331681012197,0.5965323640646785,0.0671284243063882,1.1878337541907804,1.4724556017533947,-1.7655823086810796,-0.19776743872866964,0.720686525587073,-0.16150001070606157,1.1809042508106822,1
-0.3818190577077281,1.2782482204235641,0.5450688961186647,1.0077557429936053,2.8923838698763307,1.5463034647381513,0.8754273188039612,0.09387054625192037,2.544220910805456,1.4352127113548463,0.2773272860373507,0
1.4767504868994497,-0.7990685468243823,0.49978439857471385,-0.22516358877204368,-1.6348440605099515,-0.580395849229727,-2.470007859305376,-0.7019694178965372,0.05760587773164088,-0.5497604831595431,1.4909989501576513,0
0.6179563306683837,1.302974160196328,-3.8577840333995717,0.40712829497180186,0.33469837969192684,2.3999540170176488,2.032321865720804,0.12630476901151155,-3.1760118458007143,0.5352509253803046,-3.4696644855677303,1
-1.8913110978146823,0.13969745127280347,-0.4733611673213784,1.2171272157342266,1.6466892058208407,1.8529821950807448,1.3651252004293473,0.2702720720247014,-1.741339353409274,-0.7414167101679878,-1.1449220552715764,1
-0.3643312590799563,0.5135336964828898,-0.8443980162442078,-0.9136103428091018,1.7405088927232335,1.7644813881392434,1.1624484364435503,1.6608139590057436,2.054552691820363,2.336278104545496,1.1032545781428533,0
-1.7709228407225195,0.43110442769275237,-0.6765348635958796,0.048330236391906846,2.0783219802501947,1.3885563610661886,0.48453400911205824,0.7787228088162711,0.5551510729963435,0.733915420415086,-0.9289774262011744,1
0.20260106707911238,0.9502918667467803,-2.733394182677575,1.9224099526871596,-0.8271820572614619,1.986327889507746,0.8340228360102078,2.247261687199142,-1.939748317268354,0.9994869033983862,0.657236276869422,0
0.7211589759746728,-3.6770060357629206,4.187065486638603,-0.768925238189791,2.421014873176331,-2.3990798084323948,0.8957009519992263,2.1110437831195616,2.8697759104516125,-0.7604105678407413,1.5893996966799033,1
-2.0860596172871415,0.5477106693641001,-1.8660604963607559,-1.348288707639438,2.6044545610197254,2.109301532748856,-1.3382501191516223,2.6638899730416603,2.6736874416736653,2.7424856510581055,0.19247509473857483,0
1.670755813797203,1.2958283833043462,-2.349609401253813,0.26107787572866786,0.4055439571818329,0.9317359971755219,-0.43806501908022666,0.6587926006340185,2.66320155896017,3.2902574171934167,-0.17965045226480747,0
-1.2579785896932194,-0.6988951860767798,-2.230408110722431,-1.7578265592879405,-1.5168660727442997,0.6938723660061697,-4.129195655834254,-1.0544826200446678,-0.4396480875836654,0.3570697923548237,-0.6772134664490315,0
0.715123728047539,0.9639118035219839,-1.161744506953618,-0.6060578448786086,1.3602655524987362,1.9515283808530277,0.344129302771083,-2.0171476597622187,4.835766740715279,4.194340889259005,0.7635752831065972,1
-0.5372368250596082,0.5973576693367371,-1.5078194610343316,-1.6464325703469007,2.7516452974222645,0.8375042330751274,-0.28511863969873996,1.7398567181968707,2.024518043749272,1.9101860572352642,-1.9964973086227733,1
-0.32224092407285915,-0.1471669825791811,-3.816891224672744,-0.3658759899454791,-2.5537327349835035,1.5088989661312295,3.6035507985153723,0.21419628685522107,-4.47955914794472,0.41063678438080387,-1.502555082852786,1
-0.7480139334508312,-1.1523908837743222,-2.338424192074281,-0.5755063493575895,-0.3023156022000586,2.4280964098212428,0.9079197833035952,2.375717788151176,-2.120068860176117,0.6495481947191004,0.9455420355210407,0
2.167539540503383,-0.1655067391740116,1.0561898544240644,-0.9440600329631941,1.1059076597433093,0.23124835548104172,0.6377759124939548,-0.6706717239748885,2.0521836853140893,0.8351630649140126,0.7905741338370033,1
1.0569286849193955,-1.09171229283058,-4.056427905299882,0.2602198355372474,-1.7385770468426147,2.459032671527847,-0.16273729506454448,1.2182085023319076,-1.0274220775432972,2.385852989689435,0.7606908012177758,0
-0.610676234113236,-2.6542031893160845,1.093651456292121,-0.5104930863267098,-1.1088043252794964,-0.9886603686238873,1.7752184729995726,1.8257538689690187,2.4518184564863454,1.8810392007124754,3.8670041441257474,0
-1.049163814031614,-0.5651224481128065,-3.4860632540030467,0.8811442337660581,-1.6348123382707782,1.480740760954808,0.42439980614249184,2.703085856773688,-1.2898112657409053,1.925225203227905,0.846301558129436,0
0.13591917723836633,-0.9158027846451879,-3.0492171738035103,-0.3442522151101975,1.537820044272753,1.0598168767175582,-0.5260373735797839,2.274942507611422,4.460588871101672,4.88379072304056,-0.288839871213472,1
0.05990376303071942,-1.0345205412542664,2.4074268830771386,-1.8748548066975648,2.952744682472643,0.9333424650079478,0.5854345462165758,-0.568400966030058,2.2590551642281467,-0.02695643937309944,0.9903616471905894,1
1.556846185533122,0.8036697597891782,-1.4974479254580944,-0.4697568890224339,-2.5611859330233204,0.14921995785780506,-1.1465877532123876,-0.31666374447751044,1.3730551272984666,2.1914318892895244,2.261111314465116,0
2.569126763670601,0.09725677636460359,-3.5911973118817206,-0.39111487663272554,0.3754738802947921,3.5703599050460224,-1.8938986812103056,1.5464406736683314,-4.238764764613418,-0.8936424510292706,-1.6172220078473316,0
0.3600827224853249,0.14169081535755979,-2.4119697017158757,-0.21484305503415685,1.7983649992213744,2.136307692844936,1.6637720336224808,2.0646974890702943,-2.1993790002364064,0.19091619636199098,-2.332451623298634,1
0.34118884116732295,1.2002730110368807,-1.9661944527772204,0.012445928980012762,0.5034500283948717,4.193361553398285,0.4960605402451914,-1.0026583937812967,-4.953702000475495,-1.8959328323906814,-1.0951775096004748,1
-0.053309003313465685,0.2936855293795673,-1.0076845069784646,1.3306639259452033,0.6765947385208093,0.575497974970345,2.5554691869375508,0.6382802623210593,-1.455915606581204,0.017215540770530224,-1.657537716482506,1
-1.124795531742245,0.5627710778622852,2.150258886545937,-0.8238517407105531,2.9421030295353305,-1.800904852608646,0.016515391728366913,0.6712148179064252,5.415253079133591,1.8868529057503496,-0.10134727617447092,1
0.4252545716134145,-0.46961163522157195,-0.5133419358353096,-1.4988261368622087,1.611328588207336,3.442510893141854,-1.5005183354821776,0.2796243004182446,0.36944295741938826,0.5732349817176557,1.861758558848944,1
0.7991955913838539,-0.7989153189975841,0.3509699353000085,-0.054423601899346224,3.3808990298653305,0.710134768459271,0.3575070110347547,1.5271443269532385,2.421226476706954,1.1695133174318908,-0.770474792857968,1
1.479747596656416,-1.00165160544368,-6.560034536686211,0.1679058046753227,-2.6564761123513128,2.7159019163513634,0.24835860206731597,1.9597443359250222,-2.361632733220985,3.142893682361763,-0.8468228020890165,0
-0.5431864009408396,0.20134600989667167,-5.604960339737604,0.7627804517781629,-2.1047512009042615,3.2695737546044734,3.8391768967295237,1.0678154735131147,-6.989646866380205,-0.1343240300821278,-2.8069342567991193,1
-0.6484893530090093,0.07370765725218925,-3.40403274340836,1.3181209226002146,0.9713411531547552,2.118793576318021,1.1203411121103874,1.9241581022663965,-2.1635845496412105,0.8058594288787504,-2.4928926458532876,1
0.7522103432359323,1.4607474037792907,3.3793399032392664,-0.3854449651806816,1.7695781498551675,-1.2163990956737294,-1.147815791352491,0.0571140754663515,2.739963964076825,-0.6639658573557443,1.5979705588935724,1
-0.7863683925052172,1.8717530769170978,0.5018489438810784,-0.0860055749299211,0.44824961976247846,0.5795323477778926,0.8944440475311451,-1.3116910975132225,1.2652761214321904,0.7690937265893625,0.6085618113260005,1
-1.6553080444203454,0.3978401419122067,-0.31710212571351243,-0.7964358136955293,1.3863188001396478,0.49195027063309127,0.6652350758901282,-2.188339515380553,3.3720042139415627,2.396193858565617,-0.9619493568149549,0
0.11047547113306165,-0.6388361842569552,-1.4199935836282982,-0.9815196379458739,0.7933793606511992,0.7277414943421365,-1.6996194120936918,2.739492649007878,0.3474805222047048,0.8476992165480226,0.08623110481630725,0
-1.3738444598163997,-0.3188659223211448,2.693596309457467,-0.8138593714160691,0.7686201878438136,-0.7112313761352522,0.7068515431432952,1.5821855884330067,0.5256110839044473,-1.0594741381428228,2.4208464850402795,0
0.37379873753041,1.11733662649388,-0.22351351170023528,-0.47866270098344676,1.944192846163607,2.4287897553128834,0.7462220905936727,-2.5984905037192414,2.3471320655770502,1.8310703992797666,-0.04562342061977698,1
-0.27287353508945034,-1.2180468669303977,-1.0874658071537981,-1.000375965191083,-2.110492796292521,-1.4204287268900235,-4.181772170013266,-1.3379621988693216,3.389999313695142,2.282647918382914,0.7265453579801153,0
-0.40737242125319945,-0.6397044651567042,1.868816702969605,-1.0588870223707305,1.4871163685273006,-0.8706020269719448,-0.15962509788338863,-0.7738842034298055,4.388899683942921,1.6457284283487115,1.099311265738162,1
0.9926967341973832,1.1296097627011896,2.8794348064842756,0.3916073555960711,4.142632829192465,1.266732577664026,-2.133330597988191,-0.8218587156520776,4.972720565659522,0.913205894375799,1.7073032363895333,1
0.21745333759217747,1.351635009783569,1.9969110021076213,-0.6600801653903481,0.4510715737350748,-0.9067732751008457,-2.1066710672340783,1.145016804214933,1.285176988424735,-0.7465626215313208,1.9234035636527043,1
-0.7484467717750691,0.3303263549854411,-3.553528393157686,-1.2001585227194147,-1.8258330890160956,0.5357229748642613,3.124202759279107,1.870694464768591,-4.616325077546183,-0.16420814093069902,-2.378992175429876,1
1.7101280630895757,0.00016403343600026622,-0.1360205603692528,-0.157833946299343,1.5362537251427755,1.3737204546501247,1.0293688541184205,1.6561050021349468,1.5799575741627803,1.546640094108277,1.4187927653079477,0
-0.07798789707869223,0.0021325411853106223,-3.3272765076287434,-0.8666397309296052,0.19894918612924106,2.8152697230894757,2.1084348722275585,0.7868987095027854,-4.785033838385782,-0.7487293054020128,-2.6943388742949517,1
1.0679964478937367,0.200629895882816,-5.687808385790182,-0.05817335320578964,-1.2383057270242184,4.452017516132839,0.1259626793030848,1.8139155583486075,-4.593401382350559,0.9926665245933567,-0.8822901923416229,0
0.8512453725255564,0.7483650415262554,-2.6849080248015365,-0.7526812019960534,0.13536067570654997,3.38377944704927,2.286765981862311,4.095461664705461,-3.4578376419513637,0.3878387366679973,1.4661313715592952,0
-0.5248444096144587,1.7944275797536784,-1.261591546564035,0.14879983045571465,-2.1183432187492617,-0.7890145680629976,-1.9604412263647406,1.3671001445246986,1.5210310899790718,1.8501910713861731,1.9188516338996746,0
0.7509698899070815,0.9197252220016231,0.6149057380734538,0.37337297691190513,1.2559510531657592,1.0758477856444328,-0.9059853778786231,-2.9066624173845685,3.2966166027999657,1.5923985352114087,0.4448471916562693,1
2.7072978084670747,-0.9508613548043208,-0.5332878936863115,0.29627877719577206,-1.9474669364853667,-0.6662161681004617,1.5829896098095695,1.116075082192975,3.6736572166193904,3.8157432376631277,3.731138193757724,0
0.557824294830981,-1.6458646999748099,-0.8291848092755031,-0.6428219874923803,0.034358586017300574,-0.4667927692849101,2.2450108397413437,0.7938671230429439,-1.1114200575752122,0.0650395959831016,-1.622511286241091,1
1.7588886167447195,0.9285519686781378,-1.3714664063884658,-0.19073384551316092,2.165405595470819,-0.04904530955656217,0.33017660056439146,2.242574397884507,1.5174655429425798,1.5978243629425983,-2.1358888951590784,1
0.22339218971484745,-0.040060087102216854,2.2806866973395845,-1.1209816480621202,1.6178813235653244,-0.9059900270629826,0.007594437389051967,-0.2701273985400644,3.6826445526321305,0.9448648409706325,1.2696347118918587,1
1.3926985740353222,-0.06749808780036325,1.7882651251859862,0.9169022597148944,2.0310025096089657,-0.364208504366486,1.2596620299436005,-1.1419587648405514,5.275235329464174,2.601995656624564,1.2150320604426894,1
0.7919827849445134,-1.498910574597685,-1.2550217186097334,0.2579075880381753,0.08914364544773523,0.6098019747287047,0.5134081744115655,-1.3376146849289818,1.6205269744887592,1.9673550229395245,-0.6879999776924115,0
0.10382079226856067,1.4237786895563698,0.08804711977674652,-0.14456734729598938,3.283577638520855,-0.3285759547503211,-2.4046952519322935,0.5807502425050286,6.374707411482942,3.3758801435311243,-0.6343180421683983,1
-1.819220355104457,-0.4765017233396334,-3.8172669271395923,-0.240765998273975,0.41950500454904116,3.541341651572949,0.4392388207704657,4.120340362841355,-1.9750237549156744,1.6531541039158653,0.8322197003947376,0
-0.4252049004264968,1.4846000335540717,-0.14838144535307965,1.1485101024265232,1.5324676256933736,2.0029025691320363,1.8291468468608638,1.7961899593709032,-0.05330550408236709,0.6533879716912361,1.3678282097925112,1
-0.3121745166159225,-0.691206070644593,-4.359553634749781,1.5297213895569177,0.6642270511796179,1.7032489674261235,2.5536821821247733,3.0609201767421506,-4.253329914206398,0.1535613421921992,-4.106112304793035,1
0.575396378628666,-0.6561777124187194,2.8928940757792785,-0.516009290549753,3.573888583054295,0.3894577757196386,1.6769792183962169,-0.27684025190837014,3.2741095721830806,0.47728453375108737,0.8435279621580112,1
1.3425803358855268,-0.718860290290697,-1.4635267614890155,1.0648753948869085,1.8293747194235164,1.3849154284780774,0.44917835964501573,0.5599587910414843,-1.272981278919886,-0.18738819867221812,-2.620075017643421,1
1.1103614942205593,-1.3356870618085366,1.825711870592038,-0.2726783918356323,2.2899854521723,1.5702131473537224,-0.13551989122785724,0.4816986732698585,-0.47436602694447116,-1.5300491336352873,1.0622280527220587,1
-0.25807999551008154,0.08989681493041218,-4.435711693359994,1.6804103675689268,-4.272066328193872,3.3460633813733973,-8.062929772224184,-4.854139873371797,-0.9509914591399751,1.1498096622274798,0.893322564163367,1
1.064490419543441,0.8639695377719929,0.5973937918092824,0.6922283682164551,1.9696146619395338,1.5137134305934876,0.9370222576013112,-0.2773568205944844,0.6957765443722246,0.2228686053465283,0.2291911363143876,1
0.4244828186649923,0.45758829143802293,-0.22818025602480846,-1.2084940276717293,0.3748875277559136,1.2851817149490485,1.0554574257216691,2.0421418196325973,-1.099599627474287,-0.10216906121134728,1.4400412509353697,0
0.13426890685017578,-0.3754039243732337,2.7328646594833126,0.29220917779967215,-0.09811224804478813,-2.192516769477775,-1.0392990055833948,-0.3664288361470369,5.05992929122841,1.6472717898380056,3.063486995282053,0
0.15130082120383548,1.7915476917996596,-6.617027874361232,-0.7774277971175327,-0.7105889908426197,5.433898778509268,-2.400860643009179,-0.675336566308226,-4.279746368149114,1.007606964143648,-2.749799650146452,0
-0.5895093614661898,-0.10807840133962765,-4.502112549943515,-0.20868777006064818,0.6182979119108214,4.019320796370641,0.5448159220593787,4.283529956744697,-1.5842399678305337,2.3960987166902314,0.7019519152294533,0
-0.3724222241408202,1.6066192138114344,1.1618428189444958,0.3832848562352046,2.877009177351324,-2.9944079779222723,-0.692445872875775,2.548336668495539,7.203576299272499,3.5282466744652923,-0.46693669116343295,1
-1.00281849596295,1.6754163293178639,0.8942364131528187,-0.6279619697821756,-0.20882268632243983,-1.590209612396733,-1.198686065073772,1.89910012412307,2.8598982045464623,1.2985172888035534,2.0237696811477437,0
-0.46728722556601804,-1.098200611623651,-2.436848240778501,-0.37544095444814257,1.1386061767896885,0.3125495879129433,0.6622633137337284,2.2258840042741825,0.3344717685076529,1.6720422546397016,-2.2514093988255777,1
-0.9206136101325413,-0.737390138221014,0.22210648449230472,1.0501351141458493,1.9367382729119267,2.446183609055936,1.4670439934073856,2.784319004618638,-1.2161382418323279,-0.40457244686577987,1.7527356587027871,0
1.3273993428471529,0.5142844176703195,-1.0678137151790734,-1.497039938598019,-1.0822722517285799,1.1066638740097006,-0.15724368554480295,2.046139064624755,-1.8231623369732957,-0.14870524672575924,1.7105224748550634,0
-2.000809414622269,-0.6771626183998665,-0.15368601272001498,-0.9611680866669028,2.062539832634304,1.1354282448245063,0.9216917804836517,-0.957728847500187,3.075776230065364,2.229353855573854,-0.2860152080536029,0
-0.9854840596851201,-0.46175786713481876,-3.1770411653777932,0.29730046880237304,-2.7886904123791485,1.0053277760324322,0.7098713552930098,0.6810115478583217,-2.8299622674896807,0.6674559261577746,0.03514693201461183,0
0.7451839490228404,0.0630677102664216,1.6427428178438988,0.3291115253099658,1.0148829135429231,-0.6133989820336698,0.3359484176382934,0.9516497458310054,0.15004431107326519,-0.967129126492676,0.47635088058602926,1
0.22387203549797208,1.9024164943121329,1.1355620085448013,0.9827829763649484,3.398051799759633,1.1771646587984308,0.13698664910298763,3.611907810942922,3.4502800498655906,1.7658263798697857,2.4317179376177176,0
-1.8341960013674548,1.0906511423418097,-3.669989258878624,-0.4311894051461773,-0.6306792977285296,2.5100519384504496,3.960145651453062,0.7612204174376822,-8.507092294669297,-2.809647494311691,-4.410569444185959,1
0.26765114724397054,-0.8084642450071445,5.257139168846779,0.42349780955306876,3.960076422701805,-1.4657543775511672,-3.3772504561768697,-1.1194947629855778,10.128819187574186,2.6878122413796657,3.9276618916640578,1
-0.8221382563722257,-0.08975974345882953,-4.768196722315936,-0.3718977683293104,0.556503679118669,2.9939574692858493,4.294188006915079,3.2964994686657447,-7.209897655419848,-1.14099620399608,-4.327356322243439,1
1.5163583784176253,0.7348295403851416,-1.1608426515825971,0.639265690367554,0.6075505373610439,0.3971347801628641,2.7331845967080435,0.16578015597264895,-1.6075940973416496,-0.041195284530117116,-2.31464978542131,1
1.1372331005271157,0.9199829575933324,-0.06252182037687976,-0.6875582318532744,0.4032612221127705,0.08531982434485164,0.6261680087531487,2.588241450765704,1.4574771232669,1.4204705688867958,1.864526047901406,0
-0.5807437984109197,1.3434176868574221,1.9891503346007073,0.6696520727289476,2.5867603686601486,0.5274121707916247,1.324971217667974,-1.9512603734061305,2.4605614815406422,0.38176001340957844,-0.20219768030562757,1
-0.2712121829255854,-1.2173084517744652,-0.6466695470423263,0.028399724066742918,1.0443402913332371,-1.949645171189366,1.9762308777905382,1.3755587845633483,0.5908514154730811,0.6784236990504071,-3.186919754067246,1
-0.3384318874977159,-0.15221617628613013,1.4745419058065057,-0.6701578453296847,4.81312134584129,1.9904346756923639,0.824583286489228,2.0500056104344173,4.379268387982904,2.1131799549610797,1.5928065303475878,0
0.4729318133444305,-0.9303334296638909,-1.6338900375974899,0.9728206862498857,1.7452820640864912,2.6729073794892964,2.0337395903579325,1.49686547513917,1.0285604212295185,2.3502545456306514,0.6601688994798787,0
-1.1011820205891363,1.062277700528442,-4.532941062012873,0.14249808744026649,-3.2019651805925675,0.632327287749587,-4.417698939196577,0.20140457878302453,-0.16953798018666608,2.223141383708754,-0.313166801078832,0
0.11947048247454624,0.8487432535712964,-0.5019931570932322,-0.14864498612328966,1.2162265871555953,0.9792779210478743,0.44984086095507914,0.8934335617479383,-2.1109277902147854,-1.2243623312786385,-1.5230465883459008,1
-0.9715249572849519,-1.0191877753881258,3.653414409926687,0.2243521456269093,2.7180677586130533,-0.6157583631192167,0.5469545510888227,0.40418224874915054,3.117940746038243,-0.22668716964644675,1.8664773778205381,0
0.4949820496099123,-0.32967759408775094,-2.2714853641118573,-0.2816636293336202,0.8847734838665107,-0.7833097131230098,1.0451929522838663,1.7851116317017381,2.769578082895489,3.2810689986658024,-1.9906806297886344,1
-1.29694592550307,1.19372852004452,4.2084619170889965,0.5993440393505162,0.2162863579974863,-3.3727204949839518,0.8415960670419811,3.2389985694906076,4.215648644083504,0.6622549202513048,4.613335319882122,0
-0.3960825258392143,3.02053066040843,-2.7129383231348103,-0.05457162152377692,-0.6972202912541645,2.15394310093259,2.70216247446546,0.44057530144518897,-3.1944650306534896,0.29589262234685676,-1.010862142951286,1
0.7915637667813423,0.1982560781863934,-1.7356048237371473,-0.5781522026861929,0.7988524235299836,0.6552987425918211,1.702763027645295,0.3706060779852739,-0.15269433995607898,1.1498260691785025,-1.9887309036379102,1
-2.147937283387807,0.522748798106859,0.5761988727517364,0.4590175304237386,-1.262728284757744,-0.9006535803687368,1.1150609297431107,2.243939229410399,2.2241799761815475,1.9331348234047414,3.7045468353681166,0
0.15851893891668492,1.864679745473064,2.1280398493847756,-0.46706770047073476,-0.7759278728571095,-0.9560072478413735,-5.043958686306546,0.2986327400420974,-1.1896530370512894,-3.1005538371301604,1.6595640451907459,1
0.5871311147309167,1.5843572420899026,-0.9805188217188068,0.30062767596807605,-0.8871686001839697,0.6601303610508695,-0.6481067464093436,1.8156263924140525,0.11759247913757516,0.9861744175222841,1.9406531462132661,0
0.934224187088175,0.67737589288636,-1.7313888138038989,1.151387630180133,2.5013203189873674,-2.327372855808472,0.914624759065109,3.364774133987635,3.9155663002894414,3.2521294200510256,-3.697337995882371,1
0.4595104239029168,0.0652937775618429,1.0838784150467802,-1.1517110005759574,1.468884586970967,0.5779977696073668,0.7001476840300409,-1.8885534325789162,2.101414410812454,0.7420950593084282,0.08455277053114107,1
-0.0943353846243401,0.5462622594397594,1.4697539499733392,-0.3607078519140599,0.47937391690530107,-1.9159789271033634,-0.7436927965114601,2.0875998604460424,4.714971851663501,2.263856524340637,2.5391647435794686,0
-0.4616350012483799,-0.6673870523681438,-2.757541648051592,-0.38701921492095487,-0.21300456662924305,3.8103696833588914,-2.4587479683279616,-3.38179521552933,1.1119276541719902,2.282197289110864,0.3036692195462962,1
-1.8355515774923294,-1.2782964790864362,-2.694135040494585,-0.5210659626795634,-0.18235331525343423,1.919407005025401,0.2374049558226674,2.0273074946837895,-0.32685773707015703,1.8620650152572702,0.550143690018626,0
0.17360581683832865,1.3947108785570088,2.422308339346862,-0.40804581787585137,0.4183806072384424,-1.3937640709604557,-1.8522780537722072,1.3460170581572988,1.7309526912260549,-0.6568886666684097,2.221831674924844,1
-1.2892841977579244,1.3691142861757999,1.1321930298854075,-1.0356990705409415,-0.12471110543756314,-0.7596014134207913,-2.0454376652536865,2.0951535794401357,1.2629328383378633,-0.03469133657426804,2.4111635589745295,1
0.4598887638188648,1.4259087080419157,-1.7300344664347986,0.7555920357351409,-0.9568976461896422,1.0247297468659333,-2.284779462722028,1.170523450142904,-1.910608851463369,-0.46203444749026246,0.12153045814415064,0
0.6998819114821785,0.5796008043382946,4.017626756288836,0.4154120984987787,3.4370136074439426,0.07354356536450124,2.7936076812896413,0.19396175403921212,3.7448484021111854,0.49349559238755203,2.4404390312192623,0
1.6453198810398177,-1.7476625413175166,4.666177405185675,0.3279590175378293,0.7221631948877038,-2.7913068530903447,-3.217311261890285,1.1411129491986127,0.4230974584725699,-3.5028310091425494,1.819971571348998,1
0.23688464830422457,-1.0457098205621962,-1.4404414310425289,1.7756535600679646,-1.7244536748075747,0.4189134664238706,-2.743101143756257,-0.39459542095828437,1.1329623084002483,1.4762492453933556,1.399035301557623,1
-0.8547322264311658,0.02641174661050026,-3.511397626404514,-1.6698759779159882,-0.04846864036711884,1.8435896412525077,-0.22175746755449555,1.9901937470364617,1.2209733217171534,3.296898832873987,0.19469936489586281,0
1.0217982470229832,0.1915547505213801,1.8624386803394015,1.255439463698909,2.147092932601032,0.06725314383597136,0.8052694711281007,-0.06543100342672581,2.8413705880807343,0.8051745800167779,0.9782240714796016,0
1.223665486965705,-0.4037188170042586,0.8514693226107021,-0.8020930429009206,0.024958208565985407,0.8055741666745813,-2.8826707556604503,-1.935954546415075,-0.38857700865122924,-1.3881247459322497,0.47530232601297795,1
0.10809054232743284,0.9508585241470929,-0.03203949052159245,-0.05157949850341267,1.0946107275213774,0.9869370038496805,0.5740370918363773,0.320570659504961,0.820289006219881,0.7262192794436466,0.41425049064213904,0
-0.36667319940069976,-0.2716158867397241,-1.146253958419763,1.2146019407105564,0.696761032399875,1.8900247354658346,0.906895630821452,2.9158265118920057,-0.4835036336871733,0.9388691097821608,1.5881832849371236,0
0.004048239471388642,1.172863877740885,3.05572082585128,0.0648214423971737,0.29191799402327745,-2.1762982735171414,0.5384016347622909,2.103556358614135,4.102575525758489,1.2453201643277945,3.9229553755434656,0
-0.10236785244264006,0.07588615917640504,-0.7111442274910135,-0.8968002290300132,-1.4550093407230467,0.7096409127030541,2.2526028456334855,-0.3909953336353271,-1.9018352615485168,-0.08509276588625991,0.6444279502886596,0
-1.5205286106896065,0.2885833788720945,-6.656704065307463,1.0869714426290051,-1.6955685133472045,1.8679380072067793,3.9307049021137055,3.3130565564701215,-4.814880676632413,1.8796480126376127,-3.645475319378251,1
0.41207333120131406,1.389489183301377,2.553377288127066,-0.7028966614155048,0.38788461057479195,-0.48443607335264804,-3.5251878109168175,0.09889107503753425,0.32892179333393595,-2.0589907808421564,1.964778069874678,1
2.4444531094162407,-0.6098311245378025,-3.3299394732034413,1.8688934674200157,-0.06854762803260761,2.465762857948252,0.13358243528067626,3.7344619144399753,-2.7446477555821454,0.6111567891626253,0.05157414001295024,0
0.030221727279731027,-1.0063886785761744,-0.3191343151812692,0.7454165992051233,2.35166025851598,2.0733057084020556,2.115684139388505,-1.171187451133834,2.097890733681931,1.953866965274818,-0.35459500076587425,0
0.29996608982547285,-0.5970901074165075,0.4347492329901381,-0.7358744697912498,0.4552028343500186,0.8248511356393522,-0.6716883700553592,-2.5651881492547997,0.36724779348967324,-0.27774953779540335,-0.4363814083070652,1
-1.1702830068840886,-0.1295270410718721,0.19096145123228367,1.5919942374471403,0.21973059555316776,0.7992686350484213,-2.517544523088489,-1.346636754860974,2.136584571532829,0.9341844823487151,1.2152048407569767,1
-0.8677473976182952,-0.3026263085854331,-5.04586974046567,0.29224773857315767,-2.03601266739114,2.7964777793398663,-2.9925761100326946,-0.9026539337364172,-1.329060133045793,2.006163147347749,-1.02842182596615,0
0.7442223976687081,0.41800163500432014,-4.945089195564493,-0.2786312591911968,-0.9712089562866835,3.661983733170194,-2.2826500682805957,-0.7726322360985325,-1.927783965331302,1.5949621112924954,-1.4556023587051081,0
0.07322060426794358,0.36445989009707136,-1.183116515183379,-1.6706128332240873,-0.7572882330948894,1.8619409698609437,0.24117065089657297,0.18646123814895654,-1.3920928709895375,0.22842437489138223,1.2110796320622206,0
0.2004389727593879,0.42710223499741645,-1.1872775319373505,-1.5046973308027871,0.9622769171461852,2.562905522751938,0.1420042042431211,-2.0226466335674007,1.8777006543656438,2.1762430143429787,0.35056521619156833,1
-0.6709352662925647,0.6273050213718389,-0.9830684579049017,-1.1977360316803627,0.20694742783468645,1.7683175642371327,-1.792444876433229,-2.312002048350535,1.9827168634097934,1.7132849846616063,0.43407127412659896,1
-0.9999686906306557,0.7152147421915285,-4.389893651411973,-0.4373281552035772,-1.0160356432178206,3.1918820085712145,-1.6811676551176449,0.8983502488062347,-3.593166908637676,0.25659431758609463,-1.2457184620756574,0
1.7948589017806533,-0.7764466445925655,3.3646198909239673,-0.6858571913555013,1.372231702259587,-1.7422851669367767,1.5615386805492948,-0.31605101764739985,1.6863905413487505,-0.8976244797141508,0.6966026181487528,1
0.43132566138426787,-1.3770220143804708,0.9175789771423977,1.0039300833963123,2.5579962089549575,1.3855069822335964,1.5885967857324825,-0.9705064152984563,1.9937506182324283,0.9330295989889573,-0.002198039605106672,1
-0.27701898764706573,0.7655294223329548,-0.352759163091285,0.5580814465844616,1.4091735487088106,2.5119346315764877,-0.2041473115657395,-0.24728279085238059,0.6540848810250588,0.7909342742364018,1.043677746829509,1
0.005587838058038968,-0.1947898069914245,-0.6973047489343633,-0.4013669626859619,0.6813923370918424,0.9911760884960343,-2.248678092902453,1.5306967555499194,-0.7410603546367494,-0.49687545596573024,0.027959010669090456,0
-0.6788273995120426,-0.21199684382158526,1.5492204390840913,0.1010630028291422,1.4950742496212297,0.5342052662871739,-2.5458674010523996,-0.17789681779424327,3.1586046351984067,0.718768254317153,2.0615047002438196,1
0.19894609709725947,-0.853315890311898,3.7158607791250073,-0.478063470143977,2.2071543084343634,0.10697144959612914,1.1220197210230527,2.511454001124852,0.006583795927706005,-1.98767988577201,3.0081496389457136,0
-0.8513488203873179,1.0626546327373996,0.8049319386376788,2.3225170555619483,0.5272908911588905,0.9790458125456152,2.2861978028192382,0.388857235770909,-0.8050894713395108,-0.41063536532219214,1.228725790699817,0
-1.2395254541393865,0.7858324514176096,-3.5934105993334806,-0.6433667343033779,-1.9857932413768502,0.8379332220077574,-1.319678938662757,2.4357647687217656,-0.9279259337124982,1.7952378946444063,0.4130059986259146,0
-0.41690868358384214,-0.0580058173754447,-0.9820194089045154,-0.052650982220479856,-1.6404040882715307,0.007364704218405738,-0.06814309976869115,0.11544798107700127,1.5730679855954202,2.0917708667188624,1.892542086496569,0
0.5625784946050014,-2.7041507430140626,1.0708004855224358,0.08782906685076863,2.6085077098815264,-0.09302436685022242,-0.47571944855467074,0.06857310981473252,3.0567591981994453,0.9675096763270381,-0.4930594315494199,1
0.3838018697128818,0.9465147341982981,0.5562177156899454,0.16285945288539538,1.2332109326120322,0.9445037328243276,1.97419931024506,-1.0880018942043144,1.343801397298836,0.9419094332497097,0.31186907587682444,0
-0.8710828152753568,1.4662422206998855,-0.1589592212895144,-0.2882781868376724,0.19134967281205717,0.17570741592785444,1.434839092186368,-0.7667394119765358,1.7001712342293607,1.5892471363030043,0.2809731409797227,0
-0.8229101440384787,0.8416672237397336,-4.818666152552662,-0.6414880680004931,-0.017011951873536102,0.014166534390674168,0.784131244049821,2.3063671168139637,-0.3259656703899102,2.6853398625058293,-4.118752027556807,1
-0.3611576267033455,0.41954468253344657,-1.2009621535657398,-0.5656662847669005,1.2915810223029827,3.087275908865903,-0.2680567985539749,-2.1432190964104962,1.7600633215129644,2.0240139959706904,0.40699004292431695,1
-1.0660193566138925,0.8143659705288362,-1.2365850836788213,1.4712463594899161,0.8768031015893314,1.141609163400476,-0.13428091916866358,2.5017495705901744,1.5214561879413415,2.0175308562149583,1.1976261667065409,0
-0.1919329554188869,0.05426332180374764,2.214728162225792,-0.6993450361785604,1.9162641713689377,0.5210846180921893,1.4437437349257645,-0.11466625603695846,0.9775092911266997,-0.4868167203309095,1.1682644989085504,0
1.3218161391709478,0.1817445596289872,-1.1288875042835853,-2.0385247276681686,1.7803736769192429,-0.8419245724043056,0.3253901871053154,1.794898612828603,3.9249226411436138,3.1555992667920996,-1.2881780333781476,1
-1.6349334335523562,-1.2672492502515225,-2.939681041535336,-0.9802269759937196,1.262814127985387,2.0895724420782553,0.07992928825479384,1.7442889062217768,-0.6250796131821205,1.3897517774626185,-1.6623655312136356,1
0.6837173053294561,-0.8381288807809008,-4.932746517903013,-0.12491909803442779,-1.7497769189715497,3.9050896967558666,3.104219476227971,1.2462646908976176,-8.408569959972885,-1.6472229845062003,-2.420547416390238,1
0.7357816822612931,-0.5294115650030282,-1.6975705926221702,-0.5641804713165748,0.7335139383688992,2.7277091774130446,-1.3308490890164046,-2.9857872035128032,3.6528896429941087,3.450284009330983,0.6369590603639927,1
-0.834877618962983,0.33270958505977094,-1.6693606882517207,0.6181448738237363,-1.9218904544300597,0.7965002458633272,-2.0369935071465104,-0.036095715768381664,-1.6057431177445074,-0.1357455782436643,0.5778443113693073,0
0.48062896577421105,0.5370611173527448,0.9827950050848617,0.3502075661396667,1.9345935011029392,-0.7568891178686752,0.27929104715715425,1.1750363385131823,3.811508942133242,1.872085918433473,0.5389764322571933,1
1.6602829386414013,-1.2497834282294698,-0.18574825431914138,-0.7937687889035707,1.8604612164956174,1.8526099488436478,0.37282943180800165,3.8803461784575006,0.24894821446939247,0.6613258230694528,2.1176557377089846,0
0.5601856697573029,0.10442452368892349,5.575007322490535,0.8420605735133927,1.3389367331063085,-2.447794324394095,2.017987057782613,-2.6180032493664416,2.911288515251585,-1.3985317449475732,1.6602995958497702,0
-0.29885555443631695,0.09699370282947352,-1.0634023578798986,0.1531003055658573,1.2777692630554998,-1.1195071272092916,2.1993916821328847,1.5911505562075563,0.35078342088595665,0.9047291280550338,-2.952048863496683,1
0.17341369639587356,-1.5166786994483852,-4.587320135350616,0.9707390396514832,0.9980226587815183,3.02155081009129,-0.4144193235003233,1.5987844338728434,1.552680449404522,4.024384778904845,-0.9632562866672332,0
-1.262468835777396,-1.795665110327105,1.6184701192697863,-0.6732881942258506,3.024985224143182,-1.6168119189596228,-1.8419405970001046,-0.04656667537066639,8.5275710134104,4.038360506171406,0.6600953360532895,1
1.0722453936006557,-0.03936543686943777,-0.520227648387089,1.994320638678025,1.9691805508471372,2.542400604696499,0.5265941000994319,-1.5571713004166945,2.2273084937307983,1.9639393922775596,0.2787936127138062,1
1.828659389125793,-0.12669665663192792,0.4197293586044913,0.5323581601516048,1.0861063758963059,1.403035353616595,-1.614977493528719,-0.9552963427912131,2.213106392720221,1.0207500714159377,1.3913376948958722,1
-0.18150480971974325,-1.1214204910296843,2.1067323079009093,-0.43700956048096895,0.08681569178590243,-1.1892994465785818,-0.10165072165875144,1.2327036131292282,1.722790254588359,0.0009431798906363031,2.482802704923925,0
0.029466072447469283,0.73185650397996,1.8825799776371632,-0.887091988873551,2.7186142030605507,-1.0101596607560013,0.4292638239136479,0.8524406698223863,2.1390854692822647,-0.09435405251384621,-0.8415405345297321,1
1.2887584605944378,-0.31909193469594954,-1.9002143323453307,-0.13780926827540682,-0.656915722084094,0.8795406013896416,-0.3007382050191496,2.143364230944883,-0.49186845437307425,1.110816740559387,0.7593977699511609,0
-1.0595879483011788,0.5687724424220136,-1.7392770586709485,-1.956679026079086,3.566933303441145,3.5904886767145863,-0.6055402645170527,4.768997751020921,1.0677084863366717,1.9073353525463506,1.2831399237739096,0
-0.6349889344408791,1.478763721162258,2.9295737693110304,-0.20569954142639416,3.157242778795978,0.5628192685566528,2.825229020491757,-0.327307660378257,3.349180822760195,0.8998803512770697,1.6398883139591363,0
-0.7158277029431093,-1.2052200359705245,-1.2567147493639101,-0.8525343861947939,-0.8819543471411077,1.0531110267763533,0.9468747399293154,1.652774158195706,-0.4848863922028903,1.0972826974530687,1.694148696533854,0
-0.09079301625222554,-0.8830873924467022,-2.3376404627075464,0.5846273702178801,1.1474963656788257,-0.053768141893506316,2.4191537772542215,1.660832062921663,-0.9009782268778987,0.9496929336741061,-3.5706732548049365,1
1.1199573704248893,0.060618953152467465,-2.1100675663287123,-0.47835044471210875,1.5950763252889704,3.3276800113725047,1.193813447044124,0.9397934163606179,-2.843606429399671,-0.35720774148717416,-1.3456772918405573,1
-0.48358186294416466,0.7915831019118069,1.7001822535807762,0.6304330078320874,-0.9746341300583541,-1.2560497526114585,-4.740462397997212,-1.281531835406527,1.213399777225533,-1.1727742210638645,1.4451121702699719,1
-1.9121779479990615,-0.044514502426084165,-2.439470360325703,0.35161306369998285,-0.45588058681287924,0.7217303044593609,2.9963611892980193,0.3339422582888225,-3.1113799726521494,-0.09149089355105011,-2.7310093625650635,1
0.41815217559632656,0.47803541238399905,0.8037169346131838,-1.1525526994232957,0.45816846349639695,-0.4893755150346133,0.10822721812517988,-0.8646737179890998,1.986883921368956,0.7916567229436423,0.3034250985448471,0
-0.43681761838223515,-0.4364706188675733,-1.8350232546120724,-0.4550853021256348,0.6724343705709965,1.8244944658067868,0.6877629740454043,1.3796323215946924,0.5312342310191325,1.8615459840237834,0.4096978845111119,0
1.1620555000279158,0.5829626263882761,1.87706330807034,1.0361391267580367,1.0791166379050385,-1.003974330082686,-0.33273122883610506,0.3221154583230653,3.099460785145958,0.8124924027252448,1.4088506388881037,0
0.04629511860217655,1.6242612253049955,0.6551283275513653,1.6416443308253132,1.8130910714865545,-0.5905429126227266,-1.1094417818984592,-0.43717928584686505,6.734026774336053,3.8404443087258144,1.1346626083147227,1
-1.175539586052408,-2.1427270762344324,-4.103911231809264,0.5448133382237573,-0.6497455917533994,3.0584046697356726,-0.14106326227983268,4.142886224087985,-2.69659915536566,1.2988025103910636,0.8900250816812525,0
-0.40256454220348437,1.0417584682256227,-1.381514453080835,-0.15830940936860413,0.435924624393361,1.497475907042088,2.242157946922191,-0.23541022549342783,-3.7561035430321956,-1.4037727254837633,-2.4446752248282877,1
-0.3230181970575667,0.5847329845357685,-1.000418815735114,0.5660864026820044,2.3929655233763563,2.852163310245289,-1.09767384446643,2.55268969330138,-4.220608077959852,-2.6193337007016813,-1.499582868055632,0
0.8426936099066417,-0.472520998605822,-0.8077628405841892,1.3424789212511636,-1.7256282624033066,-0.30423463581657284,0.951574686252081,-1.1634806725105227,-0.7492981938035755,0.32326439643488303,-0.18462093969869242,0
-1.381944373417813,-0.1964759597613358,4.496726503416397,0.44992862883309614,3.9114715718361097,0.36299223669826963,2.344835417636695,0.5076547807818848,2.702816255784445,-0.662501940573595,2.3386091662319544,0
1.3576636387308403,-0.8522692047244265,-1.1373262709260812,-1.3859840464892605,-1.4607578820050307,0.590305572937653,-0.20976356294887255,2.924273705731352,-2.6086790712627277,-0.6456669178565659,1.5857500547602097,0
-2.294672066790396,1.2193994089977964,-0.9053670575476729,1.9015272073869278,-0.24855470837736982,1.6953100177834846,-2.8053193029709025,-1.8173492301885106,1.7318874580117674,1.4044170782032153,1.147284598857134,1
0.8855404420626504,-0.5200091163645336,-4.060492291727062,1.068963495101748,-2.234988114765774,1.5678720526565322,-1.6047401937337,1.662330392744221,-1.9399294830361125,1.3640610811884353,0.06314120799210954,0
-0.2614291106705704,-0.3053810008148385,-3.1208101930746057,0.572939536427741,1.8772663124452227,3.086654581180009,2.394982713748842,1.5700203142994515,-3.793602731113388,-0.33337431513943505,-3.2355868225535613,1
0.6193225687734026,-0.16806507313636931,0.5643196765240784,1.153385490992554,-0.9152981616668754,-0.4539435990861109,-2.4789939052345744,0.18631505470942478,-0.17363143452864946,-0.8254191814629326,1.2142923679414077,1
0.20787282193692577,-0.5455161020098083,-1.613041538474437,1.1746880885077766,0.3615185150451591,2.7379629012159685,-1.877024362680002,-2.7977189974802448,1.9828940240632347,2.1473706045528242,0.40642356476851815,1
0.5594121924213858,0.0697637798227567,6.065658744023035,-0.21162378156083061,4.260955289878424,-1.7503062398226863,-1.7882617564816545,-0.4119231786812525,6.335629122525994,-0.29366331840598536,2.494089068946118,1
0.6952013359838234,-1.5350319017647833,1.376625488569053,0.9761300347353252,0.6475299462901207,-0.7410103738784881,-1.0417949905808295,-1.5393979683205725,3.861005947183075,1.477578520174683,1.0041355249420691,1
-0.16562275155062636,0.1934569868241495,-4.309940464996135,1.0897892381980245,-3.4414151478705017,0.20990000189452696,3.4687393495713774,0.8753837770513085,-5.331226196289675,0.008678096687174452,-2.5600568114224656,1
-0.05658561619501512,-1.601737423734778,-3.1623538570013623,0.14850036413693293,-2.8259540486401074,1.17725510257177,-0.011476723170460779,-0.41730720882555383,1.3782074431675908,3.5921835864331535,1.9255266552401928,0
0.9770304371934608,1.0974587950600838,-2.3886242263839654,-0.18539291943144237,-0.17245488717189006,2.5389993320116115,-0.462074560951667,1.6872684202152846,-1.598908655940991,0.6925942306364028,0.7140720337043989,1
1.7244174191653685,-0.8965031749214106,-2.4445608551667246,-0.4484287492270904,2.4792793337319923,3.063440841284579,1.006423547612848,0.9004168680199186,2.5197187967139394,3.51387450789757,-0.2543906313610056,0
-1.7061279480346323,0.16474699711247043,0.3043310477389986,0.1595088264810865,1.0166175270822118,0.5937693994227544,-0.1392951451259824,-1.9512460690501396,3.4558056950213585,2.089121731187345,0.48885755887661264,1
1.5606092915744938,-0.9813221106667627,-2.0942370201207576,-0.9669298792674157,2.152639873762914,4.256029622221378,2.487635289424856,3.1807884431829927,-1.4500857259657278,1.228118543212321,1.186583570780611,0
1.3661362694132104,-0.6684697101139209,-4.615060117280824,0.5455225522971631,-0.5920879897267017,3.3774068330772247,-1.5149146273842558,0.23238490002771994,-1.0652053715043406,2.17590320645821,-0.8265918875264564,0
1.3984426218096286,-1.6657170161294577,-2.1103451997379894,2.6269591617528447,-1.3395046712768885,0.6745003772814008,-3.4687256476566,1.179891679814712,-1.1180569961668207,0.0917123517314481,0.1791524228700878,0
0.9387118139453097,0.3553678276587753,2.059153413782105,0.45306921606420586,1.6961443908442093,-0.44889978942833975,-0.44416167255036365,-0.5149679482675076,4.118259586406364,1.3423485839357292,1.5550034487815276,1
-0.1071217472069595,2.2576817157974003,-3.6180446140581934,1.3876848437235052,-1.0401731203117182,-0.4241009675366174,1.4800078679271682,1.1549259748814487,1.1211685070159618,3.339748819147512,-1.9125791435894077,1
0.5952989932223004,0.2801433562969092,-2.409951332066336,1.528075103715868,-1.9470893836730796,1.3678703749371595,-0.4971294762292735,0.8676568239289395,-1.2648025425984577,1.0573896413259267,1.2104752267386383,0
-0.3326374140240749,-1.7595800308641971,-0.4379821700637216,1.2297197271610765,-0.3729729979718286,1.3116745021078893,-0.6392202235107982,0.9408266589150687,-3.922222838703281,-2.3890334729610494,-0.03562617825394465,0
-0.7997874525120207,1.1426349670396496,0.41352517580574877,-0.043723878268504865,2.9790743456470525,0.5128777208573538,0.7873484894349684,0.24095507715261621,1.673339054966043,0.6087556368397157,-1.5967714996690399,1
-0.809993514595838,1.130034008794085,-0.26499629398347285,0.045547027815956494,0.26493291811840214,0.7986330238344512,-1.4210301595493873,2.4161013525483055,-2.173251232556718,-1.4702689687883788,0.5608191852550616,0
0.394839444450785,-1.045995459087069,-0.019803247474763648,-1.4880153303148784,-1.7246021703234833,-1.158394450774102,1.3250658532496287,-1.5142055632178715,0.9619645087459042,1.0581008060961319,0.3981390727843759,0
-0.4723313312350507,0.49579529435076247,-1.690574108079574,0.47160702574044083,2.137143722397915,1.55440213823022,3.232225836925021,1.55530475478239,-3.875931723339974,-1.3509649300641464,-3.838899083724144,1
-2.1909884134869113,-0.9532644455000304,-1.243234897377413,0.2745145049576611,2.293657271628132,0.6776739397163553,1.185445687453627,2.8377506212201595,0.9341517505095335,1.458658570565742,-1.2383486881967514,1
-1.6609358594394685,0.8619873311485153,2.281958819748641,-1.3594366193410274,3.4913776951324067,0.6377144343890315,2.6162233033150564,-0.9880842922433043,3.3093441895571347,1.037590449387871,0.17319514700729455,1
-0.5544554724296075,0.3963516387637506,-2.391042907972105,0.1930484177565017,-0.20211005250922942,1.5286289421571384,0.3484005510843099,1.9658717938524535,0.011337273824456031,1.896826510520886,0.5947457873447676,0
0.9166441036739916,0.6028496257284003,0.5812432617892712,1.9676216587359252,0.8741212697735192,-0.5532190323127335,-0.16426885574407146,0.9800988379218025,4.7648023740738,2.983070401493534,2.0589136955672505,1
-0.9575192368129564,-0.011796528940552126,1.0721700449524965,0.19108438396986002,1.1211096711796693,-0.2148405821133219,1.4876644024214285,-1.3384478395501338,3.2382733517746187,1.740876688945813,0.5166605503448309,0
-0.4439409274054619,-0.5359254798864197,0.6863111781076369,0.6937418206343886,1.1059227358107524,0.9619710171648954,-0.8882189854621235,0.09141452607404044,1.4976613129068215,0.504556959355916,1.380556477843387,1
0.9619892701578241,-0.08867681134986694,-1.5061117702045403,-0.40012310302439413,0.009347752704023882,0.3842478674356863,-0.6859412144037904,1.5442932327904106,1.767502393335462,2.18605279161497,0.6381729080815615,0
2.8903205198576294,0.8900797111716866,-0.3887412645223427,-0.7321837613093831,1.3828153265167102,0.6369049330746612,-0.2757117264009401,1.1274283098689888,6.358181959473818,4.80049130163493,2.7130444989619136,1
1.9169462846520962,0.4879707010925999,0.8963331701712869,-0.122893642663267,0.4276377588771514,-0.37662715126537827,-0.32084645927106936,0.36235101389575775,3.867814756600245,2.200871145817204,2.3231405922122557,0
-0.4293900634437651,-1.4187737212015805,0.11854027864208228,0.6590990536514464,-0.6972465835829325,-1.3381184683006677,-4.189747149350611,0.5729417925701198,2.064955257287241,0.5045969189561814,0.8117602577288295,0
-1.067234772022897,-0.5227496093884818,1.2415497514268825,-1.5980334779674987,0.9209665346217766,0.2986553234160231,-1.0402014533291701,-1.5953413332686397,2.2529557964528504,0.4928691130539421,0.8449841972852812,1
-2.060587114378896,-1.4722106271045872,-6.149718038500426,-1.727722453895437,-2.1861431780288,4.09205462995139,-2.876581737356097,0.4808611567985175,-4.7874022081123435,0.46354386836365846,-1.5777048926608321,0
0.4682645941619025,-0.903198245771646,-5.039000124823192,0.8111560055632431,-0.08318921621112252,4.980781932091918,0.6247561055410946,1.9742369954695715,-4.67362177173606,0.5444758702708232,-0.9179457220677911,0
-1.6631529562281913,-0.6801490361498135,2.3515509058790105,-0.9238019145051035,1.9574069915371655,-0.17976634089880528,1.7304329341050286,-2.509189038213406,3.069752983321236,0.6890044595888116,0.15095957064510968,0
0.8659649153180033,-0.6089660315043157,-0.004280996712049942,-0.29364866437463516,0.19474395822891966,0.557171067939698,1.481539327069842,-0.5412988971116601,0.29110970111632617,0.564535110181866,0.273237759900553,0
2.042066493095833,-0.7940564170867173,-2.5384502339550656,-0.13193856376572877,-0.22384317521998742,1.5390713314019089,1.2028274743352214,0.6575148918378773,1.0426561423094947,2.8192699795276477,0.2653417833442083,0
-1.0702636810168749,1.097458636205947,0.7286366323870916,-0.25767819669737047,1.6510028461351818,1.5108638140093016,-0.5007389458769109,-1.0472652033729275,2.746208075948483,1.377589497283336,1.4066024612610795,1
-1.0893214699559686,0.6065130254048796,-0.07835954716973716,0.008827820422806729,-0.4006121000961027,-1.1377668223219852,-3.819479806373641,1.2213547284131656,1.845813717915294,0.5554666725432518,0.7314640858300985,0
0.8545058436304191,-0.7236608445640929,-0.22579971537540197,0.3524154580078359,-1.2049506108668253,-1.32559673778769,-2.938685092692226,1.2562374175906976,1.5423537773228935,0.7598361653042451,1.219212454141165,0
-2.0400510613122784,-0.23455228826867497,-3.3644954568418877,0.27350759035486,-2.1066891743777227,1.5180671804223356,-0.18124485073823338,1.1569884862002004,0.35001637176369993,2.934372539272188,1.5806062177197118,0
0.012512086100823334,-0.10394214711164489,-1.1783216650385884,0.9647309120876094,0.19107645701391296,2.4936885894793726,-2.605265917746028,-2.6012222015387545,1.0659870512782543,1.0814742384212097,0.4208239183796101,1
0.08974302001657718,0.2542360555166441,-1.8919297873875625,-0.7729450687944807,0.322846018547173,2.4984271067911323,0.918800583253673,-0.013188141505152462,-2.4447646906067475,-0.18599460155516723,-0.8518444594912467,1
1.1300440743406777,-1.621291910393736,-0.19574771086940035,0.11441850491410517,2.4439676770331173,2.262685028181078,-0.158371244367552,0.3224475178673618,0.2695220141555028,0.1782212339178859,-0.24472194748383658,1
1.5026825481191042,2.7568503477983057,-2.9393592828806665,0.45938605879343447,-1.2404517307092227,1.0183379294330124,2.216369917352396,2.265898220584369,-2.7621805978262657,0.6953209617013496,-0.6246951751715737,1
-0.09785430345092909,-0.2850463193797061,2.562140559913144,-0.4275141427673652,2.0710983916286176,0.18339044655900427,2.2174842073726673,-0.595654002158694,2.380471996886302,0.39602819552977897,1.4450773176736775,0
-0.7438152201247674,1.054741402742568,-5.3479744994858835,0.6869806250084829,-1.755630403018503,1.188100836328046,3.817716621364483,0.98102947930266,-4.310049605272918,1.198712094254253,-4.0375944951993965,1
1.5022490586028352,1.5484394276391331,-2.161666439275968,-0.06386168894079954,0.07845194384834642,1.2921247644142677,-2.7578715126841624,2.9866310860874474,-2.872156637441986,-1.0860918542038709,-0.7866167795363881,0
-0.5192220791057461,1.7665808891989008,-3.5338085396659036,-0.42560661515622494,0.131806035048613,2.202278252805097,-2.247641248875501,2.606768067057706,-2.484073807713398,0.181311725534408,-1.3022527032350326,0
-0.09561555812103026,0.7052179570178873,2.970561250663888,0.9684660880899686,2.3692937265454908,0.16682809024769218,2.7440445515683356,-1.5577742606504126,2.631770360284981,0.31886141053655537,1.0786434788627188,0
1.5814452231079597,-1.394310025914905,0.013847062308904848,0.19369690525767702,2.061118563982593,2.001707516149836,1.07385772917731,-0.1259358212355235,2.453544675675627,1.969101012760626,1.0935952334924957,1
0.2589613425930371,-0.9915001222964155,-0.22774805219250047,-0.7057917700861854,2.3931640727797885,1.2839897565531544,-0.06722052880872043,1.1379318290567415,1.7981552969271994,1.240794048250351,-0.06827063393812505,0
1.5367631498629104,0.7436019865521426,2.1728012697618713,0.8737403317657041,0.458745513083754,0.16838838953113644,1.2510680341288134,0.9342375811865218,-1.6148777891937784,-2.0664237727255124,1.7392376081709275,0
-0.017901795496790687,0.0878245352142721,-1.0833420828052163,0.9690956864351479,0.9037425591154021,2.769040580734554,-0.3817461009884281,-4.4552775455994365,0.8927488786213875,1.101394972758997,-1.2016417346901034,1
0.7185485657769312,0.7237578160564654,0.7835930203334788,0.5075737259200384,3.1590054139639427,-0.7609474942941254,0.26081196204207524,1.038358170538562,4.017265553066517,1.8137989992968169,-1.1907496219613585,1
-0.2915280267628089,1.1752346922633912,2.297239713621668,0.9248431769693761,1.7046281091568307,0.06654864940193861,2.597195064811156,-2.468413058831136,2.333249669745984,0.4743975434800233,0.3374366616212058,0
0.31313071797744907,1.2367681965215103,-0.49150555853987216,-0.8321184798724834,0.8869668103769655,2.3904669381227706,1.7268738047323013,0.21633809046609898,-3.9899178894040257,-2.040522704992766,-0.820377489205236,1
0.33150399818846155,-0.8198202274428559,-0.23025968546292375,0.37644893372000504,-0.25506243022243247,0.9619024342804916,1.2491266418036338,1.4472305062106907,-1.4898579800719178,-0.3197398436047991,1.2786872305481753,0
0.07157111511086652,-0.2871982385249729,-2.3950359843024427,1.3955148049072865,-1.0634333078307545,0.7431637691772782,-4.208314415933585,1.268289083342852,-1.2277612784052143,-0.04775806373497127,-0.4189405428281152,0
1.2338394854498327,0.5886130864096295,-1.38680756371067,1.4157218800153304,0.22236483816077068,0.8158348944036071,1.0038175311939843,0.4296033290845017,-1.5527307348286903,-0.054134639160607234,-1.4221551449724603,1
-0.541197812893613,-0.6784086504439473,-0.15699551561454453,-1.2821791809818586,-0.15171895875731112,1.1114841441984469,0.9908256021477843,2.1991310686245322,-2.069371525021744,-0.7723706096348535,1.5374420126463555,0
1.6817134676979348,-2.3511241497595163,2.917793521961332,0.19070468798450294,-0.11438546821021611,-2.7669049136919672,-1.8210202188098001,-0.2907796217788371,1.8268553426538223,-1.149760144650966,0.8831172160376201,1
-0.203879026721322,-0.003451721059081019,-1.5337512304740384,0.6995093557198295,-0.6680809306679609,1.3949900567479758,0.7304672373259163,1.819646583288109,-1.905652577553456,0.16797437453392405,0.8504465356756578,0
-0.5376847291401282,-0.31003244167117094,1.3721198713532468,0.7559706992376369,3.415777306236691,2.444626339371637,2.449773845118745,1.1093751091698862,1.0834153250716185,0.40841610721538435,1.445409215037775,0
-0.2339306731776726,0.2674021209540715,-2.4617464958641095,-0.9945480541530678,0.8150890866288224,-0.5044939818630108,1.813119807500827,1.8290247889730873,-1.3643777126273071,0.537423577430287,-3.990187093655954,1
0.2801277604378328,1.9434177236323729,3.9685600878081995,-1.2121997451299746,1.473478045002271,-1.8557233897189613,-1.347164865747382,2.2377946260769432,1.1280976086639463,-2.0828024584527824,2.2791086375874974,1
0.4403532649041311,1.4888918380624114,1.6371117204738268,1.2901677861983722,1.45481848078178,-0.3595114615896098,0.6526645383048424,0.48118150007731275,3.046862017149184,1.1742406068005438,1.5197214267028896,0
0.27919065068825516,0.5695696678582444,2.986770054507457,-2.0352038852430376,1.1549053081113991,-0.8205828561881838,0.9628962270501916,-0.49789521372744416,1.312352656179696,-0.879868553791028,1.3281201447940942,0
1.2800793224037192,0.4901124031985723,-2.1755722936178126,-0.39321298924508463,-0.5770342461224333,-0.14369218475533518,-4.302453959395994,-1.0072240448168817,4.099170047156585,3.2835193204065343,-0.3022157613446417,0
0.2216894001449197,-0.8415022578371284,-2.8617369337830625,-0.5725489037126673,1.3630048787548394,1.301144028423418,0.13377316232965475,1.035574082388016,0.7096172392809353,2.1026464896817387,-2.3369047307160855,1
1.0661999388432506,-0.22169718458689622,0.17748355789535092,-0.052543408814948823,-1.5293709604963461,0.603073079854648,-5.1987575061298,0.4734270773134486,-0.5346804214306599,-1.089821455746288,2.7497944639697574,1
0.10560763560410706,0.8941915461384233,-0.041174709507413275,-0.6514838669685926,0.021843418406189308,-0.46244067292029856,-0.4338539797691474,0.08003448227766341,1.982937297569569,1.3144308363892923,0.4933907655056563,0
-0.07490736910747513,0.3472471164584192,1.1368331952527653,-0.28162217037759174,1.500185203411511,-0.2806754876889246,-3.4182260883677626,0.43458226459932237,6.2479601032672525,2.939275040677961,2.653344579365355,1
1.0773878491325617,-2.684144120872155,-3.9969951860786828,-2.6162429273734014,-2.208053238613956,1.03792430065274,-2.5634309250909846,1.5886230679944913,-0.6051676211943346,1.9936314345824013,0.13546144639447244,0
2.3017230946504963,0.23265421052439536,-0.13686498676932948,-0.24090962837671093,2.0361361045030937,1.4118882156424823,1.4433968587437396,-0.22746764438739242,3.759527945674029,2.9789707698467804,0.9077925191811831,1
1.6435435229933135,0.6807124118845983,-2.5012692195320803,-0.4958467236544365,-1.3456210902015895,0.9163139346957512,-0.7657547728641849,1.1061940173456979,0.7335694901773865,2.3213195542824128,1.0399433294788327,0
-0.5378911275153248,-0.4086927067689908,-0.2577818521241513,0.48136852186990453,1.8809491133445757,2.291255659751634,1.4438924839457272,0.01631014508501194,-2.7442461456818297,-1.5763994877191245,-1.3700674791675045,1
-1.035162677528312,-0.7349089359259003,0.3454208753383209,0.9544333981053819,0.8159707737067856,2.006193773942442,-0.7340636938674705,-1.809586511764397,-1.7891426000301232,-1.6268335474367333,-0.3016743421792032,1
-0.8505859761530816,-1.4975289207312763,0.4047865037286995,-1.5885903024907218,-0.541420181939468,-0.7584107121314205,3.203177794088507,0.23974654579464771,-1.7581141938339608,-0.8296786501540327,-0.5430580348187708,1
0.0007099560286857542,0.1331033554549691,-2.9977606624281705,-1.90578170875736,-1.1098273490820814,2.4166088766038527,-1.4233079542427083,1.2088539719838085,-3.1819551807808493,-0.22302742443606327,-0.0927335518609178,0
0.17416509672315758,0.6115821193671336,-1.2236223909629327,1.045756877115174,-0.1208779227484742,0.6731499980416155,-0.16812944708674737,1.453233000171144,0.6027019931104416,1.3639994623791958,0.7808773621663487,0
0.9483186923616854,-1.3645111588619934,-1.5862520490566352,-1.6400539995309533,2.335327202194333,3.0692271609483432,1.497114494899678,0.9934391999456273,0.9352398288051635,2.0298787902186852,0.08956194381441229,0
-0.17110318303385263,1.0102656101728926,0.579067997311657,-1.5634016059073352,0.376864404389172,0.26301451005118104,-0.790509326837305,4.307332848945205,-3.8153476748939688,-2.9684799015520036,0.9614704872463844,0
-0.09120784405369735,-0.8456657491906885,0.37030092348379007,-1.3014977434721018,2.566612286658959,1.8914804158783842,2.2324986054945564,0.8654320202878236,1.6689252328056812,1.394392824773887,0.9047078175133233,1
0.23686095529768278,0.26734698498756004,-1.941946768192093,-0.26972470048738023,-0.3111400535560156,2.625842361607165,0.8688790504666464,-0.4613822032895043,-2.4269507083274897,-0.017149064656962087,-0.21871219181281598,1
0.4892113688818264,0.07825976817910014,-0.03617364239732712,-0.06136341108142075,1.93580309868726,2.4120437734569276,0.5865824301963034,0.2884263913941296,1.5198941743177234,1.3455738597648463,1.4165746840565703,1
-0.2897751631248236,0.353198437337884,-1.786177966672052,1.3611151673801385,-0.5542909680770741,2.5652335775550323,-0.12054890647133976,1.5665269557029569,-4.703372582294083,-1.7838436486748308,0.14136397785906363,0
2.0239582835518144,-0.8942529592294662,-0.12783592472014516,0.5209334950284502,-1.2506227399351335,0.030345916359359792,-2.6893846252259808,1.3680887973858518,-0.4361913773011746,-0.4100738426098347,1.9981748805546664,1
-0.44984643240737004,1.5263694088346964,2.5834131935793287,1.146243820377398,3.0403984653583636,-1.9916292497258925,0.48955049412389473,1.0396332481193669,2.9005782142741814,-0.1480565523068531,-1.109883009244817,1
-0.3339136213926375,-0.9330953044171127,0.2681340674576865,0.591742097819781,-0.5570309926055879,0.7606560637964526,-3.7966501566241484,-0.07027392750558292,-0.08515845245539484,-0.7486080683812135,1.7616451429889781,1
0.3892097684700991,-0.6972667143179452,-0.8981196818568189,0.4118160472990069,2.88594735667538,-0.013278650933627345,0.7217510772240935,2.2163765390844445,1.9235744288761412,1.5673928430438544,-2.2586345933225878,1
0.7740533587372204,0.16044933402879918,-1.0093657426707678,1.4222725361689657,-0.5141311696931452,2.1355246225870075,0.15962673300873687,0.3485108896631287,-2.7159591650054775,-0.857967294974544,0.8024089087875461,0
0.6606265853635561,0.49275698499181025,-1.5473483256632077,-0.5311152613018106,-2.5983612324964795,-0.41522317922554075,-3.1915912195483376,-1.16544028952503,2.269031263557032,2.2503479149550394,1.5325459237867267,0
0.3239059658783923,-0.6857557737901495,-3.0267220485472186,-1.3243925799920324,-1.6752010392248338,2.2889771237072987,-3.022583722651949,-1.0762812802861417,-3.34650795101765,-0.783000651235132,-1.0381490001376452,0
-0.06364487817494648,-0.18426229398464372,-2.2978027157072605,0.29396592092169266,2.0349288044406393,1.0901349814471422,0.012697183762284125,1.6103450184323802,1.2615185917246317,2.036888366792736,-2.1634083689921657,1
-0.09932386929501993,-0.5447419836808476,3.397278613102089,-0.4463946728292502,1.1878778318849676,-1.5801860025695702,-1.5893463752725938,-0.17724791016362074,2.0714027304952656,-1.2264919060190764,1.404234227886726,1
-0.06485575761363534,2.857802951619124,1.2147413244779661,0.41765996264246197,-1.3126375064626292,-1.5166619581492249,-4.349271854117553,0.07992675512837955,1.6558230844755961,-0.34616220439083145,2.0719330534650924,1
0.006999889688296533,0.34399886347737924,-1.80587804958671,-0.9519094451840957,1.3256511681207734,2.312482842933207,0.9077680766519562,2.447304340160793,-1.6709580894133353,0.2894945056836101,-0.3525004215853067,1
-0.8986990480124372,0.041982955389127816,-0.642941280145326,0.26276789064805994,-0.32798662183901084,2.036837543738937,1.7879966905970424,2.3911363495285745,-3.85780144789893,-1.423759063666616,1.4753973751976925,0
1.8294207088603103,-0.5739054532200266,-2.155697234005685,0.14543159316292312,0.7574754120093248,2.558796894739962,0.11757372494516483,3.6487799742320717,-1.3708681686283033,0.8269747840616214,1.1290940362938657,0
1.7783487450801418,-1.5803117471261934,1.2892910067778627,1.4675537136899444,0.16542646425631025,-1.1424082531786408,0.48130926934871276,-0.6876394260282754,2.5230942675278953,0.9697955403648005,0.833029275970812,0
0.7717165297776275,1.4734416567297244,-0.36716355281734997,1.0293739822393058,-1.6418330731634752,-1.378589392097139,-3.3348293906237063,-0.9479040885474104,3.5973096081875777,2.175108101966609,1.3469686793831956,0
0.49549917863878534,-0.35174299267373743,-3.2287305518496856,0.33945317262753916,0.03669832314077481,3.9442662036199256,0.1602219018576081,0.2261425475678459,-2.7907773777956257,0.4884341407285929,-0.31278888666627414,1
0.7113152163480981,1.1595759911889318,0.10306101478693457,0.6065391020499176,2.178428460505056,1.62873611230487,-1.1051372783868767,4.9753726617049985,0.2583927159927124,0.16889463029277552,2.408401566824056,0
0.35787383965121167,-1.8166180410291874,1.2308432359390045,0.0011587329297373045,-1.3385055870819413,-1.913497245793319,-1.2260834191565784,0.746216431846747,3.2439404189811833,1.5036915317902346,2.950996036636303,0
1.085810953979294,-0.14164835020825148,-2.0467612388768766,-0.24194099144622985,-0.6879055271149364,2.780802875664029,-3.8832650890229297,-0.015517842264524684,0.7167028059085518,1.51228089207737,2.226069562302027,1
-0.09898261478379024,0.302696280616451,2.775164845883093,1.4550776424407506,0.5859660104384019,-1.3978183874547905,-2.537433791893859,-1.2823170543126587,2.268882237694551,-0.8767611310428891,1.1210138203326137,1
-0.018831013799031175,1.2017104913025163,-2.2075496800891092,0.2528932983324218,0.11601261230773863,4.152540732910082,1.8859139762298613,0.1119830379334531,-5.244623405827756,-1.4916521202915414,-0.4034619837271465,1
0.12145483208316897,-1.379369592958631,-2.900367627861416,-0.239698298064939,-0.06168135237383643,3.082110152782,2.438985874387625,2.2403955361282115,-2.029227110134331,1.4154796785355734,0.789473168406964,0
-0.596821734904213,-0.11680347486236417,-3.1653361458024656,0.060352142178661396,-0.49672631006231427,2.985277145862808,0.8773330975629949,3.6539469620667107,-3.0249598405080085,0.684666383075066,1.201011856489451,0
-0.00814013898565548,0.7629297289237541,0.9574509137306805,0.564155559967769,1.8922175435394721,0.32179465490697245,0.10238689296063797,1.0138754171386122,4.847710348447096,2.8439525224025766,2.31467167960164,1
1.2944820491005273,-0.11684960160405398,0.5051991288279433,0.40912942778513295,0.6366794736556995,2.1949957327587737,3.6123174556319206,4.131309665425075,-4.613871003119976,-2.2337450388717395,2.381868108586569,0
-1.5084630659687202,-0.402232829431692,2.480108175564206,-1.5597538799774933,4.357902787824697,1.5532963958680301,1.7024904805301606,0.6170824097398113,3.2880412307969507,0.8467379308135623,1.329169324878422,0
1.4342463648067607,0.8188814471435699,1.1879378285218565,1.7557900120852665,-0.35188801057915864,-0.31527764463563424,-3.7834341877652244,-2.12766585890781,2.719775758403404,0.40059621207952867,1.5460310738442296,1
-1.6751999008891154,-1.3593553129703833,0.40814186126143065,1.2240326399834554,-0.6548505262110655,-1.8530899979928472,-0.6019441035950033,2.3990320410213894,4.754231525222379,3.2024554245806556,3.0619764492749626,0
-0.29167266489315413,2.6683552879877506,1.574816747050934,0.32339006506957796,-1.5159201439002972,-2.0031509870923245,-0.49087596307954484,1.9824092164169076,2.0099227523867214,0.7005161531332189,3.5235289667972713,0
-0.5087116706784244,1.061931916488798,2.1353790189435427,-0.4384631522003975,-0.08982430695606203,-1.7939927775567832,-0.43329768350070563,-0.0714508106113052,1.8136081217024196,-0.22425942326068737,1.2848151499275136,0
1.588624069816599,-0.01055755939382044,-1.393117458370622,-0.1572597546431541,3.156412466160269,1.7570392689491316,0.1398650480521465,3.2715283750394435,-0.8824734338847091,0.005608560354754322,-1.9418749521394523,1
-1.757551200713693,-1.7223356712557267,-3.1001731838209063,-0.2154971863134367,-0.9246279799373524,2.2434113309193817,-0.9036008244544421,1.3400837021442467,-1.3095179020268959,1.2759838309586347,0.4567243341271744,0
-0.03717702464702898,-0.11677630623746092,-2.8810213115530585,0.9679857847207508,-1.4250172756889021,1.526383249071678,0.772748791732164,2.0309832087986264,-0.09444515526281375,2.473282146558585,1.5658378397673443,0
-0.5938257233675354,-1.6241934456812477,0.8947242227247935,-0.986652397279218,2.2339150403666856,1.4534755817100642,-1.0221318936724502,-0.619463552048497,2.811562328133158,1.1097765190007656,1.0750767158020462,1
1.5140372043144812,-1.6874436879233154,2.5070578336819778,0.8675986918063743,2.2896656954782424,0.5050729840771921,-0.6820045238546658,-0.951859592504927,2.2726246249664226,-0.31109254492711,1.1827041160381235,1
0.46090449798501504,-1.2259607004885646,1.7637148775659528,-0.7260717243443594,-0.08941600251043957,-1.0918623933950893,-3.4199746145065015,-2.32779623600835,3.723917220920399,0.6823527285085117,1.3631649033573037,1
1.6786329784897753,-0.31101574076244776,-0.9806935071872429,1.021482748673983,1.4260620660669043,1.3054902314438084,-0.4944855957451124,4.138337954485714,1.5588527314177296,1.8840824379937258,1.9770736158192126,0
-3.029559373156559,0.5321269950392763,-1.93971307444966,0.18659801678815974,-0.33688690919153075,1.5090000875296559,0.9293371788591929,0.2722696831094188,-0.5201148344244537,1.2607647683737948,-0.04400067851443046,1
-0.29164595995125014,-0.45558303171814307,-0.10842518192277137,0.031200103194619855,1.8884501918257213,0.4571117152514502,0.07140074778820027,0.6214818183905584,3.1789299690823998,2.142686211687858,0.15540463592432285,1
0.3439900768670711,1.3126259918524188,-1.296331943740868,-0.3825566959907547,0.6622140374661094,2.607300515783619,0.697811238423556,0.5801535264103963,-2.113783430816778,-0.3052557665870279,0.044557428560958456,1
1.016347141048605,-0.5416872558460238,-0.9274813577118414,1.6692590295810497,-0.014879009015003941,-0.022350637527998263,-0.4433189124878245,1.3883833724151273,2.1200756787878903,2.104466967012609,0.9295976090775357,0
1.4944768183903583,-1.6486640550284117,-5.49191591978114,0.6612269471847867,-2.5416289834832435,3.4480913244374,-4.2675093975832255,-1.6037202435394469,-4.267829311875588,-0.041636492183986906,-2.1442353889640042,0
0.3200215376083167,0.26462460781475905,4.658285032577978,0.20022005700487247,3.073426343125759,-0.6755739034192956,1.554519941223488,-0.454589600864689,3.3322300892682204,-0.5532448592543231,2.08849212092469,0
-2.068248852813683,-1.1050643166350103,0.32420836876145176,0.8965620705655264,0.377041719829901,0.4132391142652423,-0.02331377970524029,1.0701378746019732,0.75845692595148,0.485819994309144,1.428342110948861,0
2.2459457566172785,0.5207914476258129,-2.991998136572908,0.20396297913493702,-0.573509467548635,1.680092361901322,-1.2955835437853267,1.301430602501256,0.5569312015204685,2.321123207041098,0.4504040594097417,0
0.9192695627618468,-0.27191893724133825,-4.5161091609140325,1.054189790578655,-1.349910282236684,2.6269785353207586,-2.7510701415251004,0.7762852695051646,-2.252916808911303,1.0420519871183986,-1.0015476100581289,0
-1.5731682745814166,0.15660583986755391,-2.3721467012854465,-0.25510622909368513,0.7380901322875533,2.338162323383129,-1.1175831903205804,3.461791475256683,-3.434578921407643,-0.9329773573422875,-0.5995108881570701,0
-1.4383584011819899,1.7338255365161148,-0.5765986557683401,-0.022804115183811063,1.2132183855088354,2.184245940967693,1.882032984079661,0.728268229412104,-4.5144367077050145,-2.4295862946179327,-1.5481516221711544,0
1.4436386893003716,-0.40135757498494595,-2.2739075865321605,-0.466624507966466,-0.3757328735916834,1.4934060267662024,3.5094466260019317,0.21369584810167697,-3.449036024029295,-0.18695792955202806,-1.974430313299424,1
-1.750738628872585,0.6030706372104401,2.601012563757283,0.1370571899684474,2.4352502187239238,0.08510523469410203,2.14262248487045,-1.2399719857759814,3.413501792518336,0.9622160867470064,1.092163311587226,0
-0.8610126738001697,-0.042276664514267065,-3.4337571909379885,-0.4074548308076944,-2.2148280895958514,1.5287743385053902,-1.6238861879643784,0.23785713635627148,-1.280252936626372,1.3779418919194968,0.2003750362851403,0
-0.02943015237912274,-0.4550193176810252,-3.3060044812084035,0.6547081018854239,-0.2617540948598537,1.5361901362479116,0.7292232979295694,2.972811626115129,1.6214492850968918,3.7759758227419247,1.1381875229905438,0
0.8293644162395296,-1.422558290321518,-3.35519183064138,0.34225837825716515,-0.40522508262648205,1.230071479008956,-0.6104775983206763,1.527855584020195,1.4796497702968037,3.2380393727800465,-0.05599067291539672,0
-0.6652572644036936,-0.5178893674968595,-4.4050253082462305,0.20026968909139362,-0.7224626669561061,2.2567849213870725,-1.7681100935604959,2.4928833166291726,-0.7842837593679235,2.2261795977893915,-0.2745237322982099,0
-0.2435930665292553,0.37219623662777757,-1.2519071668398434,0.522976317307277,2.2190732018244868,4.509442226926821,-0.35476910509070914,-1.011958067924531,0.9940492555777575,1.6363764187501932,1.1394717628916264,1
1.2479461635297264,0.6582471794136793,-2.518518769528582,0.6009334598547851,-1.1641275362453745,2.762633857541437,-3.694196220292925,-0.5190834466164849,1.0847698986219525,2.143137943209038,2.1794408264108807,1
-1.0273176515794908,-1.1625857763208072,-2.508652379732174,0.9566545750355017,-0.4158701859136362,4.597714373122852,-3.558070270395079,-2.0493310577208614,-1.4920853112811543,0.30123824286419154,1.1356813115729802,1
0.11872931371079129,-0.9675324726882737,1.936280868933187,-0.709619092993662,2.1789025560162676,0.4022765619356513,2.086423023928865,-1.18190061023423,2.851613222895032,1.0141671093975146,0.7805823892533729,0
0.23466380902333248,1.4447570742010685,1.2888904720176546,0.12883982736592262,1.918627044932096,-1.0587621443514799,1.2976688605560927,2.173507328402871,2.7554137555483775,1.1778713642576855,0.5734716507155406,1
-0.027993694661181696,0.3472802683583408,-1.4589632812147446,0.28728242165037904,-2.5607605716951976,-0.7752721212076377,-0.5807319453397901,1.0954824191176147,-0.8637462291274552,0.5589964732934686,0.8330832227603894,0
0.5012637470851751,0.986832303779734,0.4294759916613294,-2.282791831700114,0.059291665511100544,-3.647627594241035,1.257150446351508,1.5105996353377578,4.4977601826455755,2.772810374742854,-0.5896000600622215,1
-0.06780260747434576,-0.2174360350459562,-1.3134695376788985,1.6754244494965111,0.260344242023426,0.9215634981150412,0.6259027949741994,2.4104763064353953,1.4210715139105503,2.2457490770398465,1.5237657569337597,0
-1.6963483201557863,0.8027794770668101,-3.140033053048682,-0.17173103150823757,-0.8005638465476164,3.1885078799304143,-0.5321380174063458,1.4756248985785543,-4.710551825084401,-0.9843157184008531,-0.3767525852337885,0
0.34354951528899164,-0.4004162066326618,-4.422438818286806,-0.808475318457681,-0.02114003122593555,2.5449311646120334,0.7496515662857669,2.0992211764369086,-0.6831803822861879,2.7162569303582744,-0.9720848420387833,1
-1.1536412123851332,1.1275149323526052,-0.8761167967014448,-1.4368139876464499,3.7483039493665395,1.0624568519758382,0.4304955788654319,2.836409177007843,0.6638277658831132,0.6226878241938083,-2.35115518167406,1
0.21463461592934613,-0.29899761580869033,-1.8993449752506326,-0.823122206416356,-0.022529969100239522,0.778811325296431,-1.427967655971082,2.1099854307494095,1.0191684593807857,1.8137035656435727,0.6303912436230106,0
-2.2706965747041763,0.02842828350342285,-3.095475116139953,-0.09909708646395914,-1.321161779141243,1.8981830606448544,0.5069404009294495,3.5590064362529024,-2.261997708919652,1.1013385282702073,1.3675092442316386,0
1.560921889722392,-0.47378336589000336,0.4937988397446683,0.8666615377217051,2.7191083780369114,2.3827282455733965,0.5677436122239652,-3.172205781431965,3.656949642265881,2.1416727774969764,0.09480392108609581,0
1.1616393860072667,0.2506290815655035,-2.05480720700317,-0.8702003881584769,1.9165335580293998,3.470699769581606,2.452018452547785,1.6821523992165066,-5.0099560272075045,-1.7099554246775184,-2.2338298089280046,1
1.584047649146101,-0.23440196355556892,3.331813399157405,-0.44581545410502965,2.323361670153612,-1.2836194578934492,1.7769532426438004,-3.1357350022246155,5.4180080206688634,1.5599312050905922,0.3702423631791454,0
1.9866270517113311,-0.2823274822381939,-0.35925009842549727,0.7060259787649763,1.101833099475852,1.19312241266102,-0.12705481116916706,-0.11056743224107313,3.8773564224126433,3.0326372009909695,1.680957302300555,1
1.761786162709254,-2.128357263750898,-1.9042847008495298,0.8717633646725738,0.046527428203286036,0.11585790042256383,0.45318454396163643,0.8543246988613006,2.773656012905067,3.268541758118701,-0.018900012968020685,1
-0.5057211884999253,-1.1216218415680768,4.6355599333149105,0.16349481524024406,1.5968870176050272,-1.928065569674306,0.8876182959021816,0.4666064431706928,2.9054321450820697,-0.8237602002577893,2.7248407448345757,0
0.048157226494096976,-0.07029343176156085,0.12944782198686292,-0.5601709428666846,-0.7529829529671606,-1.1990791022110225,-1.5718925932983434,3.0940630895290573,1.4726558318306486,0.9077851551776926,2.272201754287904,0
-1.4953094240947196,-0.8932382787073528,0.16232909226526318,-0.168280710910197,1.008074701599986,1.20840565761282,-0.6223621145385363,1.1201520778436782,2.28788128028831,1.6010978730900094,2.2578628037193216,1
0.2971910927181547,-0.4552450831503774,-3.591178466229763,-1.0489915623550987,-0.4194506898060131,1.1227830755272863,-0.6078212004893955,1.4424158958401903,2.343557153683405,3.9819463004911633,-0.01031331621576781,0
-0.6254639237939676,-0.059902168210185895,-0.9682088600971969,2.0417453759410136,1.2012797036956036,1.4092171280910102,1.7249337762920232,0.329434050669803,2.4257479816903236,2.735912891314232,0.635915516196494,0
0.7405944164308025,0.9220076622638776,0.13775937779514918,-0.023204487252197474,2.368454553752032,3.194106104930359,-0.3811762233394722,-3.3568624052606766,2.186189824835733,1.2598540560298406,0.1839329555524768,1
0.7561894158723222,0.9981492981732977,-3.695718057403115,-0.680254027507954,-0.4089072388875845,2.421777828150822,-2.0124150121912683,1.4940197315215087,-2.326637948711891,0.5108601493672109,-1.1154825780098432,0
-1.8576786331617245,2.2070909604801416,-2.8849007564297895,-0.18846021302930693,0.6396941685365534,2.1763869229816795,0.41081451265841273,2.2926223811616975,0.12751366864324795,2.218094149381224,0.021512697038232886,1
0.32620047029177135,-2.0441502024585017,-2.974760758125524,0.6224283266843368,-2.1202015036364132,0.8965886075076266,-2.4446825973496966,-0.32611925297054656,0.32790197344282146,1.9505421659037476,0.365179425016929,0
-0.3350563882155617,-0.3759724486227728,1.1153777300697882,-0.5907878998878814,0.31128673418040764,-0.8107582541035501,-0.27428351396693995,1.2357865788493363,1.795390992774473,0.5640117921013753,1.5890180859259173,0
-0.8560109445114946,-0.7550564924206166,1.3302244746147789,0.2753594177634063,1.5019485510186494,0.27667510902212633,1.5689797900347349,-1.8871368316749004,2.1277537232436834,0.7515746043880448,-0.014762494759575251,0
-1.5887760017255217,0.4745215423034092,-2.393824395118049,-0.4695513777772938,-1.391060671404261,1.7554407098171874,0.49811202036599056,-0.08222198123562352,0.3089971014745569,2.3018536953291444,1.2985667060025765,0
0.4775738991981801,1.0031886945245407,-4.518799826985649,-0.670571742710447,-2.1032807788467176,0.5808701494821134,-2.8566080070480115,0.7653087075229607,3.1582804932162505,4.820517829911758,0.42887984219455466,0
0.9396255120974432,1.0752666053051751,0.7850983962315392,-0.14518103079127714,2.6625875944380706,1.8016530597810556,1.5749821777999373,2.3925281291090856,1.4114038885118452,0.938749946147161,1.8967527977108376,0
0.2639255027651046,-2.2160138111748187,2.8751117350673874,1.7913008792246783,0.8525608069926858,-1.2018646555797812,-1.925060233965102,-0.8581660604521818,1.4087777887005182,-1.4227887204812806,0.9255480637060796,1
0.9538809478335517,-1.4572892394253383,3.0219835934035713,1.4265416761737262,3.357829291973966,0.7551731607902427,2.8295946518489155,-0.1060721965816176,3.1564653485810044,0.7200518007528418,1.747690571422003,0
-0.6683961216337343,-0.06300354882788178,1.0908875854956281,-0.33040808668605387,-0.2192430993361678,-1.0790029619428347,1.667969745029637,-2.713123167056697,2.727782739154815,1.4069311385947318,0.09455982332086177,0
-0.4243921648751332,1.1239521424443657,1.3635349279331148,0.5766512692159491,0.797422840064822,-0.5814374766830619,-0.9188154038273311,0.10458746961880094,3.713233794247174,1.5506713127198533,1.8900592115894892,1
-0.25125867457599094,2.071097226690867,-0.3360875443691497,-0.8111207420632156,-0.5210258212402092,0.4755564914110125,-0.39928514314038344,1.9981203749280287,-0.8508013588313146,-0.13401995075197526,1.5649955772260413,1
-0.13045816052594209,-2.2977522515072297,-3.9084853655139216,-0.3657551944089695,0.22460765734481636,4.255998692501976,2.5745047389215476,3.3606462441261984,-3.3708796912968753,1.253237164295821,0.648132125325857,0
-0.1328597636726897,-1.2279768562836075,-1.9568947210052534,-0.02653123602757162,2.403936723222113,2.9792057111488788,0.25692005217064473,2.4434682160015533,1.4189476094888542,2.413508806742273,0.590300887027603,0
0.2864402698160262,0.7962316838727332,-0.3378484590419405,0.16541040708133306,2.6035919836853236,1.3263252628405324,3.0841991174950767,-4.254011200921539,6.725699646679442,5.132546427629692,-0.8864728094693586,1
-1.0185150997352594,-1.411362773996183,3.194849025808194,1.4841205573697065,1.1160537767297907,-1.3896239884020418,1.8959691386721182,-1.739639695324898,3.433276539122319,0.5762656718668405,1.3568300117840377,0
1.2599948651223134,1.0382199167568447,-0.5569674732493178,0.5535616495798261,1.41841941784066,2.653786613499578,-1.4026168228129623,-1.3570487518430168,2.0211704920751967,1.582249215757292,1.040324855257286,1
-0.03746716728876832,2.5628809890543223,2.287351172666415,-0.6332263550014727,1.9704856607302341,0.7057015654931356,3.617112486724782,-2.395472510467875,1.5580385475410796,0.19990524848950864,0.3924929344131979,0
-0.8845438273979556,-0.5169995340864119,0.1320071041988171,-0.6143002422273314,-0.011385311835832024,-0.15725071442632887,0.16000266781068329,-0.1888124705665266,1.8478848123196696,1.3000035028260766,0.8670059619887078,1
0.7388390097804769,-0.6785461263483584,0.45889113069061455,-0.2806574705244225,-0.6066923811630585,0.35973453976880987,-4.142367075480779,-2.147763351546799,1.8546222263266972,0.26072649516713553,1.3723707605192592,0
0.11021233069776597,-0.49256844439671477,-3.900134092575951,-1.6422144104671004,-2.4906526101889437,0.5970248120081698,-3.744988806965004,-0.5734236729417042,1.9460634719397931,3.366911734289173,0.15578557007854787,0
-0.9036363342441943,-0.7172986908023061,1.4660679104459908,1.490106197953238,3.30042343116796,0.7814188395579704,2.155962776419587,-1.1560989577340852,4.637492208327559,2.4205848990892997,0.2908896644888166,1
-0.6723605291751197,-0.1600177338597334,-0.23174300428479802,0.44580181868982444,2.16438918842592,2.815139693883952,0.9734347606072447,-1.892918180805647,1.4219495816713854,1.2862867461318912,0.05012382592854403,1
1.021321324899604,0.4642637739162024,1.0657592015820065,0.8650325752166347,-1.0642035132958205,0.2699655224090307,-6.047507517297291,0.6832543228656189,-1.0858986050261616,-2.3201631883143707,2.571526190576045,1
0.5018273436679143,2.1448142294656867,-5.754068802588493,0.3130336762014049,-3.2563541567379533,1.4160300014506162,3.2091400655972153,0.944301856464542,-5.746071760683931,0.6161527286357329,-3.1480121325717514,1
0.35953335040635964,0.28674305251143045,-1.3900951121492608,2.4867200651524812,0.7154146673064161,3.0829700168015557,-1.513865453912108,-2.5489474141342012,1.010200065324245,1.391403586221859,0.24740686049985727,1
0.0013085226366293474,-0.9946578540455682,1.1668695446104895,0.788124090816069,2.6574285646067652,1.0543179399023637,1.0458960787791405,-1.7587348030783545,4.686970489590069,2.5299364308342223,0.7421133882290648,1
0.32542831695925567,-1.094357861224291,2.6195313306242993,-0.5200806677519626,2.5136792768954455,-2.1347720005249604,-0.423355211118126,1.2115782547256742,7.478322831047654,3.1712509932652146,1.9940376425417679,1
-0.07115070487579064,0.10605269915925022,-3.355391041429154,0.5744958065489767,-0.39793820741313835,2.585227228052152,-1.2950952127146063,1.33201594365904,-1.9458395733367433,0.7907429204199219,-0.43503110692264557,0
-0.043606095174186725,-0.04678636605889268,4.954790105167106,-0.19434334951054047,2.593336121259122,-0.21726130557061718,2.6226778842216207,0.5535112343693187,0.7818237315147548,-2.074897173384983,2.795293764103574,0
-0.24704452133815968,-0.7085775956080934,2.2178342101800688,1.6154647842519814,-0.17349972026813498,-1.9499819266922573,0.3742238022763168,-1.394458529446915,2.8730909883558287,0.5667749360573671,1.0961637587932491,0
-0.009856243155831473,-0.24300489156778446,1.5348172632704506,0.7966413830087298,1.2890992139559225,0.10107456905840562,0.9556923587885167,-0.6042417784723395,-0.6946165563431778,-1.4674455650067437,-0.5090702730385142,1
0.6244936036371008,-1.3265839263840038,0.8770200762780304,0.5152456487242882,2.065927973956008,1.4388666670798023,2.7144709082957608,-1.0850471325228077,1.6574621663368116,1.0709053642505408,0.3978671284755344,0
1.6430642990737445,-0.2267243889819772,-4.925791651795147,-0.017966693045805074,-0.6195237391878232,3.4815531610075636,0.1540337658614349,3.2242985276871465,-2.467373077631664,1.9637429256162133,0.025492473491417922,0
-1.178275984178557,0.6770795508490541,0.8696197718997953,1.726972507799979,0.16718551798343873,-0.7142362764319965,-1.166059954348589,-0.3158880448646991,1.9609361479080514,0.5326718510557769,0.7669250233542364,1
-0.23627143728687416,0.8282823972493424,0.46885133871994794,0.11347615951688468,0.4867379747351146,1.2580857699766672,-1.731708711864407,-0.5029594870498681,-0.3425755363018309,-0.7842190184518265,0.9032240194890541,1
1.412435883886856,0.9989947943672199,-0.8858851137476902,0.8877444522757881,-1.107852994758707,0.16133841359295353,-4.178185995650173,-0.5344158285433376,-0.458811704544897,-0.5391775277461046,-0.03098886923870392,0
0.5575382619396201,0.10976691715365756,-0.023641793952639097,-1.1925740738817363,4.134220358391055,1.5456111323823274,-0.004701380754246864,2.4813931582321667,1.8057293189223773,0.9069921045567978,-0.9069038174631874,1
2.4878924462145435,0.36504159222202115,-2.3307010679177345,-1.5947121935948252,0.20078184986850112,3.6444973464596293,1.7868811915446068,0.34430509238041995,-6.243116209117221,-2.301460268495758,-1.6580695421357055,1
0.10148764269920468,1.0161157939168004,2.2998986589937815,1.2472001499823309,1.9127483364035278,-0.2801000400440401,-0.3298821952194294,-0.614270605096259,3.2125578146649194,0.5366311753189243,1.2037341355740505,1
-0.21207014783107175,0.7339354265139805,2.385038504778817,1.5390806675343836,-0.4436947174131627,-1.008069276156792,-0.2972027659493839,1.0268901722031856,0.853635756473885,-0.6898256422551658,3.0761052944359952,0
0.06750518041770594,-1.53345771825184,-1.9931793056466742,-1.452997981411696,-1.4103148357835649,-0.872690245899054,-1.8127465161242071,2.8669312325459435,2.8392400412788983,3.2022481457544063,1.7269718226528181,0
-1.5339377730772787,-1.2102257951668924,-2.0089517277753703,1.9519715313593757,2.1036111675394507,1.6646478354265086,-1.2130651596147066,0.20989036820528284,2.8162509681565076,2.752597274533849,-1.247833650753623,1
0.8959971951912429,3.1730982705769093,3.597498672422743,-0.28203930733897187,1.0380526563414547,-2.0149047832732028,-1.254078309570308,-0.04771345293684415,1.5128975660642685,-1.7187683912887448,1.0746149855045224,1
-1.4439020446105584,-0.19998705559810334,-1.0208728932223436,-1.8595204931872482,1.3688834696777628,1.8760353077111567,2.6983512981096025,0.9956993459575392,-2.652578007059947,-0.7020102469858474,-1.423713907637171,1
0.6377237905943577,0.36578214947302506,-1.6666080669087844,0.7418165540987566,-0.5874810213465673,1.7703774396798186,-0.9860542486918839,-1.0004876209796354,0.10713166837928804,1.1636773856379248,0.44304979433906144,0
-1.1644079745949278,1.0856565860395018,-0.36302046483174205,-2.403155871449211,0.25736324250429643,2.542446883625066,-3.7839938279063756,-4.1907061561724905,1.1718871695649868,0.3192108253629069,0.3998256581974471,1
-0.5246103711478985,-0.22322783303004393,1.2111556103179997,-0.5867579806218853,0.5584556815708961,0.3077120718624712,-2.12637763149215,0.9714854578625165,0.3283845891261888,-0.8399958755708217,1.740284248736983,1
1.0003474391873983,0.31771309918768226,-3.4789472631167815,0.35181541194447674,0.6020647107133419,1.7102700525483556,1.982649526362886,1.202992016966469,-1.7912825412586293,1.2503793540859223,-2.8149587868248247,1
1.1697136568829205,0.09013414015107363,0.6169008620793551,-0.3934455247931306,0.692147912522526,0.09698485542246482,-0.390978249936102,1.2905356973038926,2.8007777465244335,1.6556201063133411,2.2167427163710873,1
-0.18618432687308165,-0.2711558600419576,0.08116021747850279,1.648797908427196,0.47244666588064876,1.2874326095572055,3.538288280298718,3.3202758611252694,0.41801274404988126,1.5107201337819636,3.2827835896110598,0
-0.34611782948167724,0.14267476644121185,0.04814637911482755,-0.3540685651260347,-0.07629960839098215,0.8617316835820361,-1.3211881880240681,-3.171782691017964,0.6002779827445325,0.03871686147093123,-0.3997125106240731,1
0.774324774420756,-0.30339726924636895,-2.519221343961829,0.36044336753148254,0.16870505555468207,3.813912417781792,-2.979164043602866,-1.2510869002880196,1.8073364078629637,2.668171660041672,1.730687710717028,1
-1.9818731564021435,-0.5164020388723198,2.0431290494497096,0.3932484849043961,0.5432045182612526,0.5685450005633044,0.44815187989207095,-1.4159856366244163,1.7251147601092525,0.16885306946099776,2.3726674858056698,1
-1.341540665876237,1.17062339629781,-1.308326959364788,-1.3414670054852451,0.1676130873919629,2.0782377832090004,-2.0143436138726374,-2.8139270496869915,2.361464410911073,2.1471700291765448,0.39549044967923264,1
-1.2402520298628994,-1.8664222733385063,1.2721544008852392,-0.6981161539889315,1.4340110916220232,-0.7636310598437779,0.32717365295430567,3.838738229998417,2.0850686489854438,0.8075860690878425,2.1251911052052064,0
-0.6271758371462832,-0.9717673211108935,0.6876664125347538,0.07376589342623938,1.4606838029101405,0.41874908484363027,1.529358937449458,-1.0681878894803027,2.786381061152683,1.6897224759546234,0.3349441572794718,0
-0.12282883101404544,-1.3607755604276404,-1.0825445657231192,-1.0295053165117893,-2.096346171435238,1.1450867094509825,-5.130375448973022,-0.5966444448974069,-0.7147579417750497,-0.3933124646436099,1.9721495706812986,1
0.3568794796847038,-0.45389153281825145,1.0364469631558155,0.31893173487456805,0.42902059229851164,0.116183068520616,-1.6586624021291325,-1.1297179689877104,1.0134645885134537,-0.3369208122050251,0.6101944063672842,1
-1.643667500322437,-0.14306649521412976,-6.16125077187619,-0.16405711921556404,-1.9705830746679536,1.343225937641099,4.2342281927513,2.3609881034050804,-4.448273955624001,1.8281613384137732,-3.7377299234676955,1
-1.3684442692727157,-0.23712965489847104,0.35326664503051486,1.405376894741853,2.7676253173701535,0.03589089307681903,0.840975385462513,1.4160933633482027,2.0471923960946485,0.9924639081438487,-1.0661281302643042,1
0.3629877954627205,1.2047495897143523,2.5047958457554365,0.26205668430410645,0.45899652508261535,-2.391676842094087,0.6626945639657764,5.103535507734531,2.7140573768408944,0.7166073123641581,3.8735700137701263,0
-0.7913024376468587,1.2849508268085625,-1.9117063486616837,0.632373928137203,0.9101472222109345,3.744965153636411,-0.7595080128254862,-0.6108674892208479,0.7915725062449729,1.9397541276744652,1.2557121023629592,1
-0.31665351872523995,-0.9109437389199372,-4.243040616058005,0.6888668750786681,-1.4045784453885592,2.2785696144054244,-0.7080875262369462,3.8660722753079155,-2.4133585167665492,1.4541636042907082,0.7320175810840954,0
1.4111757165238477,1.012691246774079,3.9121730987799497,-0.06938047684817998,3.685901476379017,-2.090920698415064,0.6723491906841725,-0.7167118948774631,4.995237555695114,0.4176909234414522,-0.4617889804919101,1
0.14506299665161299,-0.5195672341258293,-2.6224288897708785,-1.0508373663438901,-1.7735732905000838,2.909525950844454,-3.8039276796627273,-1.618127287384968,-2.077523569404589,-0.11385632470894369,0.6310642352812366,1
0.6239090343791288,-0.4093365892399849,3.2685705461570356,-0.4404741701190529,3.73808239685072,-0.15114824241120473,-0.3802464045121925,0.015606620670798654,3.938793235617614,0.19844528367017067,0.9167019461028421,1
0.4073861271460427,-0.35214727567666243,-1.366969765488935,2.1767816311619215,-0.5115635358837228,1.005764079070665,-1.705791389466587,1.5867251645386877,-1.51012384784941,-0.3005974701185201,0.41785615570777634,0
0.7866808354336263,1.1069066773695162,-1.9248130788561753,-0.7739455080680784,-0.4943962401419322,1.5891865059906318,-2.7151991827070976,-0.43867282493646087,-1.4756643199171549,-0.27263598120053345,-0.7269432673478526,0
-0.4256238988875832,0.21838233849706012,-1.444043628720609,-0.046264002915821105,1.1187131828234,3.5989588435132873,2.2064201586736294,3.019689026983008,-3.223740909678635,-0.40279330637901944,1.3586405952454543,0
-0.936353843228628,1.0532167908697,2.372225294270839,-1.8389034839364309,2.0838469734156693,-0.6835255340035475,0.536707425668715,-0.41272755289140794,2.7807542081613636,0.257872239207271,0.48624947064356616,1
-0.9009681014906417,-1.2964358203035664,2.5127258707508195,-0.34998339646244264,5.072240688686425,-0.7238921327904904,-1.2157235409344875,0.7544476708465647,5.942872154111745,1.5337128251346837,-0.7630727669103567,1
-0.3849432199956033,-0.6920791531154495,-1.192933158723963,-0.49821815179666595,-2.039231875655771,0.8147041546163305,-4.34395850561976,-1.7106990701848312,0.9317104556414768,0.8819233979994445,1.6271518332962684,1
0.9201995336385298,0.13930265693287236,-0.0420209771503757,1.4857520036985719,0.4157970099308059,0.7876311664773267,0.86773197591519,1.5291849917810425,0.010485251816003467,0.426630676421065,1.2979489863123685,0
-0.7797413384977204,0.6350958157379175,-3.9143875231377576,-0.3695796467903676,-0.08426343442929363,-0.6709058824724015,3.5967967125473854,4.2900029560685615,-1.942750083416751,1.67440904871078,-3.505550673229741,1
-0.705422302358513,-0.9587178382727877,1.9293666724140506,-0.07172343742617762,1.2678213488123755,-0.5334814836488231,1.409537371645646,-0.9772489609877821,2.8746246197106524,0.9313516872697772,0.9225322419009148,0
-0.06872619069489187,-0.7901710706456946,1.4480820352105122,-0.26582823454588633,-0.08502888615437798,0.4882782529080717,-3.913443330158609,1.8403427901131137,-1.6289653284855388,-2.544962716430538,2.453279213880997,1
0.5925313148884345,-0.04891574558467343,-6.506869825994198,-0.15927719192610804,-0.6424489210983981,4.02147845424346,0.14406069369794772,3.4311671868533242,-1.5089278124227283,3.648804208517165,-0.41775127836490245,0
-0.6420347388887976,1.1763163838998814,-0.43585680236077057,-0.3048561682340081,-0.19741445440305538,-0.3721908820371693,0.16423282334617995,0.36686264044114913,2.138330707349642,1.8689006131256825,0.6997017461613881,0
3.025185511530646,0.7728288892480942,-2.2873675312485906,-0.8765482446250982,-0.6045009412379972,2.018267418286977,-1.1678041079116581,1.452654970803735,-2.821668741781768,-0.4559387231932104,-0.06635475472549213,0
0.5172008704380967,0.24546584129987328,-4.901840331552855,0.47902824600085614,-0.02441179036787333,3.2531637644932268,2.955519522559192,2.6401491692983736,-5.482020925812145,0.06341535436664525,-2.9098711235852184,1
-0.250481600942195,1.4548440634671516,-0.50905480352664,0.6876168730528718,1.2527411272795022,2.9262285379995285,-0.6028650543835685,0.035086263785333416,0.3177533492999878,0.685724189331411,1.5392842438974759,1
-1.210316334964796,-1.367365326375796,-3.6919578058078804,0.26446269508459985,-0.6764384343383731,2.138119351065313,-2.681924329445252,0.24619543592275983,-0.5555734464834505,1.576370319903647,-0.9034712398547207,0
0.45051142357495255,-0.1847758316468623,3.157019763876722,-0.8708181677929748,3.156045720068409,0.602875009423832,2.172386947107582,-0.961434362259789,2.574657056414355,0.007321731099842244,1.1358385106205433,1
0.11163543624687508,-1.3659260524844192,-1.9484757778825332,0.4976628993677671,-0.4778191146169495,0.1506491000575887,1.753569813560793,0.370141007537681,-0.30234137580438114,1.3670137571042333,-1.309201166978538,1
0.47719875942663526,-0.18118953696258858,-2.6697889590105515,-1.8229275991605387,-0.3860575319677644,3.9972126141290634,-2.832983405140527,-3.9361060256798193,0.27813237436017796,1.5602950100115758,0.053659869927360826,1
-0.33024222421603,-1.6352121561044726,0.5105096686426672,-2.211584747662018,0.8648775640551412,0.6733909848402184,-0.08160478678905525,2.1263939708559105,-0.07119762945113618,-0.2119411620795324,1.510921080536754,0
-0.6609453870876831,0.7294739586156935,-2.6297503531353836,0.1854850911112992,-0.15934506879414945,2.693292588928073,1.047993990725745,1.7251308325986758,-1.7854013470100671,1.0442710530011352,0.5559136056582733,0
-1.3435796495383967,1.6443898502413168,-1.328758585427708,2.0242793628124587,-0.20466615131212973,0.12067774593550129,2.3236273967125056,0.08249084302679854,-1.2145988180482463,0.3838961783286986,-1.6557383463127575,1
0.6968513004645033,0.40943943210282996,-3.4851458659927363,0.9776667127026442,-0.9778075942975191,1.464159339449337,-2.711706805671005,0.4136061565721958,1.0249723959872672,2.590699138255366,-0.14251820103830837,0
0.6335576171174505,1.2642578167486789,-1.0147109667850198,-0.8780303186405028,2.3687810505580016,4.583329931421001,-0.42682619599249505,0.04628318385978136,0.008317594019792797,0.8357475829624439,1.3962767732681294,1
-1.1300037201693702,-1.0843915394773518,1.0272391178706521,2.5004068727543554,0.7247661432623267,-0.18396125295638988,-1.3985389037255336,1.1860549973147134,2.6187424158855035,1.0055576621433868,2.122256874961957,1
0.9442977953669441,-0.41791811623378394,2.845588065859912,0.3841150515009021,2.0406790252508693,-2.2556400225767703,0.00764702152282104,-0.16635726613931734,4.349616050281694,0.7688527461301933,0.18274543415518485,1
0.010049607600992423,-2.1552412152093265,1.4706973463169672,-0.45716006900548484,-0.6220409536502132,-0.9771468467332762,-4.1720981016959975,2.296179751583422,1.6128486962656308,-0.32343647350528126,3.430623871528616,1
0.8057604382342316,-1.3475692850436518,-3.060723198966365,-0.023829034120957066,1.7968951574264973,4.0624870004936815,-0.25407691351926864,2.0145611240688632,-2.036733630989005,0.6338049921887938,-0.7237212345722628,1
-1.7044338111034019,-0.8141679817296571,3.099936766260159,-0.7237341341570991,0.8825424110397058,-1.4492157652008633,0.30473829998162616,3.7597705537926167,0.028544618021956233,-1.7140487622719824,2.86790798707351,0
-2.618043122010119,0.11912191687976582,-2.5774636092625998,1.5169473144819137,0.06566857811356197,2.374377015749496,0.19903928827393236,2.000761555841577,-1.7832073753839954,0.7355300192122716,0.10486003379320796,0
-1.2072828733435712,0.5596733083299859,1.512121972566884,0.7077774460018121,0.18723203923269627,-1.3578773871906766,-0.8005155307240619,2.4190099632226674,2.400943096389265,0.7178871850016628,2.557418846103824,1
-0.6538240588333092,-0.08540267100890012,1.8064397221681674,-1.584101277343278,2.4236652929509654,1.0785812013408396,0.6684968515823178,-2.1732002445359893,1.8071471654728168,-0.01976554980948597,-0.03971690676324369,1
0.022510849458394492,1.1958186077884707,-3.513367191030855,0.9411657855705096,-2.0263334083531657,1.2269975614847108,-1.9863977015110819,2.418317394681017,-2.5458305052283063,0.4867257233650474,0.11862557710480948,0
0.06779736481322324,0.7443349983215005,-2.712536244305209,-0.18095061738211307,-0.9780698725775292,1.0065692167737719,0.9304889605391817,0.14054397261868623,0.7912868576320017,2.6874017922151756,-0.06610041643689724,0
0.8416378388703248,-1.184956669292718,1.3921108952168917,0.16337579915140285,2.155195266830633,0.1775256894470476,1.2984551861379705,-0.7603509656469304,3.6575708848012507,1.7280488577777846,0.6137056924349723,1
0.5570815206363071,-0.28365678111127346,-1.1353685394002726,0.14541219451246892,0.05108594032422231,0.5818076199951279,0.9043465488865786,-0.6298457279857881,1.7261374893376407,2.138425354520821,-0.05738434176209073,0
0.17146913257445578,0.1890887102401707,-1.6105185658917762,-0.6355718335298672,-1.4416475505176294,1.0643203603154525,-3.1954399412280066,-1.601576245151302,1.3105470772307604,1.5536943524723157,0.998494017931687,1
-1.65025639913478,0.6996638876334657,-1.5886262747353708,-0.21671580381918565,-0.8897861469256751,1.8395063242083736,-4.211528506168653,-1.4199099015771754,2.53701418359512,2.2815049944344716,2.015621467169953,1
0.1294354521668367,-0.7442916585349949,-2.2882688809540515,0.7215796315030059,-1.2078342645963436,0.31124013118832417,-0.21696527863993753,0.49297851058312425,4.287682667643989,4.770152275915509,1.9559606176603925,0
0.2844258108318181,-0.07904174290490125,-0.7690249401391901,-0.006957652532347295,1.24098699725588,1.5294233859976432,1.5590388101613826,-1.1498456246701267,1.445075348961746,1.7392321633139995,-0.46225420706671017,0
-1.3524364543799325,-1.3392925686927566,1.7662571347735505,1.0605313873930489,1.9293649558145707,0.6064099157997471,-1.0099303438294822,-0.9105191884302756,2.4429169282658023,0.24734440901842247,1.0430641651522519,1
0.24036727628985427,0.5806716930408048,2.660410911622344,2.6468108593882076,0.9669087314696428,-1.2874692437632707,0.9347697154598076,-0.7369178958559564,2.9005821492026023,0.39917536080139626,1.3636675947578023,0
-0.2882063585987159,-2.040038034950995,-0.5900361310663828,-0.36732292945894024,2.1740184744726805,-1.8069610121532458,0.11886459212386458,2.310415354757629,4.0042194214961615,2.634687316113652,-1.9862885880010892,1
1.7504050530053354,-0.7343301908745921,2.4459493833436157,-0.048026049155731006,4.60959077786778,0.7338819642348573,0.8745063270887731,1.0961722464714554,6.060398842948683,2.567217140360577,1.776843188140774,0
0.2184672646052239,-1.4384380569334578,-2.3508061888534053,0.10866727628090733,-0.5384734099798596,3.634600495346489,-2.537495112270054,-0.9830681585923552,-1.3102864938482186,0.5047017891651364,1.0626293827454454,1
-0.2610032414372424,-0.4640307039552133,-1.2124938115443957,0.8830226264625606,0.144774811993576,3.668480714319815,1.2664333491746562,-0.24792455756452836,-5.568173802671528,-2.5355623024523304,-0.3079141121579976,1
0.2777829907542444,-1.1288545792726072,-0.35945051235679415,1.042365256157655,1.0480353278327101,3.0982606497923038,-2.4119449195108187,-0.2400867351609015,-1.026548283564723,-0.735007877955304,1.2484587227463184,1
0.11930919888487905,-1.3747284098942942,2.0393848364058282,0.2942926664140382,0.6965840332678783,-0.7448141308893488,1.1853420071475689,-0.2889715413686469,0.3021909755692715,-0.9406941842459224,0.5172892891221559,1
0.24899423572103108,0.9372050001340589,-2.215043733128849,0.614237820656249,-0.9462312476365746,1.1285644176637457,1.0085905845425063,3.0101959813455776,0.23117718250141783,2.3084568872515225,1.9943567172061003,0
-0.5439417058620697,0.4474711872367769,3.2712416810151628,0.012533776569151707,4.30335464730198,-0.5622922260979064,-2.8374176546922594,-0.747336188187389,8.89177409713838,3.066698844600714,1.9228151499145616,1
-0.7493977328271927,-0.23874055586085488,1.0061357856142445,-0.06105827919679939,1.1658613759825782,1.1314532141496483,-1.929978616559723,-0.13419182916867844,1.2179846252892654,-0.10160205399440314,1.5628917480640938,1
0.17691775975205712,0.5989337370435874,-1.768858906407166,0.7565200795259313,1.919230998015963,2.64115432475345,-0.782945440936468,4.60974283355657,0.1781898084780101,1.4069801575337268,1.6017252090827678,0
0.33816277757032054,-0.19330331486312557,-1.3396199971779688,0.34862232025895734,0.14477886451564492,2.1402013021263606,-0.22351255727157548,2.0830702523832247,-2.606224078178959,-0.685122792451347,0.6996997648285114,0
0.7091819127912027,-0.7493231323371983,-0.6551939757013091,0.3549575201694061,-0.8902369229264651,0.5144014817137184,-2.6570304522675654,1.028392505633592,0.8026426042130531,0.7832751269841601,2.0087054683491665,1
-1.5400041461334264,-0.42054662541786925,0.568075894531625,-1.5221687981285736,3.429591036728705,2.6607594341875416,2.9371371832897433,-1.758806345403097,2.0549905034754614,1.4406806456531227,-0.3777768396614849,1
-0.41746507349245915,0.11111782457361857,1.5772934646709014,-0.223675235139993,1.1681363947375927,0.3005385993604647,-1.06317086475759,-1.4149649151532868,1.7106416366657575,-0.13774984739585427,0.7235353770886136,1
-0.21213156229834826,0.48783789802694166,0.2877302794022898,0.1644608656526738,0.5352070184013827,1.3252849556867456,1.6918196138038173,2.3081812140758253,-1.2430807608030285,-0.3472781837488683,1.950105213590359,0
2.1840860385014347,-0.23484876957388087,-1.3923020077669295,-1.710720595128884,-1.5277592252648717,0.10511180639430229,-0.6764651881187826,0.955313863921055,1.6985036169380032,2.3390152518848932,1.9699408113198387,0
0.6109201937618534,1.0738025278415677,5.317932550345457,1.147897955068151,6.440262386727044,-1.3848728492126074,-4.216497801971814,0.7877271141905533,11.108488714171717,2.7922061607727224,2.638228905533647,1
-0.6924778159022542,-0.3240576632918868,0.5184294405915809,-0.29457824200008054,2.441605515888808,1.6389699751180302,3.386404255033279,-1.7842310775421089,3.0487647792538537,2.3330179983556727,0.11664765308235181,0
-0.5577289053356519,-0.34956263750205474,-0.3237657299458946,1.3599265178576494,0.5498307394937832,0.9023229987356318,-1.5550678456170668,-0.5200279454357662,4.2050442925540485,2.9812991810815603,1.9796038485706469,1
1.0761808601365723,-1.1363580477934496,-1.4130529537296517,1.139188831692435,-0.5661205028661533,2.1726710179660476,-2.6282316385755635,0.026087295746890726,-1.0587674570906187,-0.027498424302824898,1.1317039060249434,1
-1.4169572000865227,0.5040652731487042,-1.414688937531035,0.035065061873452326,-0.651143050269588,1.65047838860726,0.12118225009755745,1.276923553638735,-1.7404453230674664,0.09429315394181148,1.0251543976050854,0
0.5624479915693666,-0.469202664648399,-0.9680104027363478,-0.6420082399517241,-0.06686816792896488,0.8571351222333701,0.8285652606549765,1.2117174734037996,0.390022303545404,1.292285593929096,0.9721482115543263,0
-0.2854041595467119,-0.5921349515579784,-1.4286250911133849,-0.46581688339478006,-0.10866405238145971,0.9891131720882086,-1.550386105693481,1.1691065252985489,-0.6225659842308011,0.2890006427793923,0.060834509643391765,0
1.2343797400029002,-0.8427434197093858,-1.7205927215716768,-0.02367613743257498,1.9150512637926478,4.698285901372468,-0.5294019782537274,0.03238346661806579,-1.7823433357127074,-0.020898150644832025,0.334411890821944,1
1.4878611277594087,1.751151105207951,0.9296341855785856,0.48642580624676324,0.35109502854034,-0.6748482050085087,-0.9294327561709155,1.811439275907059,3.2170939342090716,1.6536909172405831,2.5991818640965034,1
0.4623595029459591,-0.7584960890523721,-1.9445440710243584,0.1465034856723266,2.4307197914501484,-0.20185283385821395,-0.09334670331718886,1.6025639383825618,2.7599750441456106,2.579246332428901,-2.9994562771344846,1
-1.3111371797875255,1.6282363263454909,4.088683744530725,0.03093688955395213,0.5715233935539914,-2.841082243076071,1.1541550561407878,3.2214604092611423,3.7126900960739055,0.4410466544665136,4.390084630871018,0
1.3531963998397194,-0.09374090255800878,-2.529916694225685,1.4004888744184434,0.0237365093691696,1.7127273906254148,1.5614574811993671,1.616554073876135,-1.3832637410951525,1.1441129151661862,-0.5706447197403273,1
0.0418751014210857,-0.3076306111614574,-3.210887461621617,-0.8934475141157701,1.6528462995340805,0.3555084480336046,0.7210565015634607,2.891888568986595,1.364360133465091,2.807776473483032,-2.749814249299771,1
0.840577610719418,-1.2806129011855567,3.620035346187325,-0.3986333604746983,-0.061462542035940704,-3.489747361294782,-1.78055921132191,2.32958124036414,1.6615616639212045,-1.5554491685768976,2.2031849032851243,1
-0.9573720001565247,-0.8723089062839814,1.7801428352354824,-0.20066204055484632,0.4597066860158481,-0.9376708244720209,-0.5591741709256082,2.4066559694520135,1.8880473495631571,0.26683574064831017,2.7330477442130707,0
0.562609128693275,1.5985801212646285,-2.4125124279641788,-1.3180471113037948,-0.2578153888289838,1.243470812030309,-0.8036173989661783,1.9348096333529887,0.1987712933812862,1.7461493090711628,0.367639611196962,0
-0.4363515570334817,-0.6753016328230155,0.4526425914850855,0.06128641200981575,2.3891029350863757,1.531688434508732,0.4296593568863515,-0.10209951713545129,-0.07024434381492792,-0.4678222733559587,-0.7547785459581414,1
0.0862346141168483,-1.306174780004031,-0.9239460659500306,0.1926857671876864,2.5811969007695414,4.781846402793266,-0.6249259705480208,-0.8764511194087703,-0.0851565813640907,0.5786312861644962,0.8663690776251066,1
0.583894275436099,-1.5111288086976393,-1.267840855085584,1.0320193491844138,-1.4602197346377719,0.9297096193736177,1.1228071912997857,0.9224335181408537,-2.1643343707348546,-0.06688991871779715,0.9157166406318619,0
0.5676472266482153,-0.7906848342912319,-0.2063269519729356,1.0855365225769198,-1.0540714511841305,-0.5844005252933395,-1.8474534888533123,1.0736977954529459,1.4845847999676676,1.0480178927216874,1.8114381720991681,0
1.6810312775958773,-0.33487633334982225,0.4394823195039613,-0.5107236518943483,0.6532517810075789,0.21582653436463062,-1.3280870975878205,-1.2532071161216067,3.6888826211090504,2.005583457807363,1.1679806880357608,1
-1.4518760455223543,-1.1842148004419444,-0.8545044151503808,0.9433596787940565,-0.28047998423193976,0.8963575162279899,-2.9221236722699353,1.3765512115426015,-2.848099035913537,-1.9371183266442915,-0.30034301254782925,0
-2.7254260011985534,0.4695354015848204,-1.8796029461759751,0.5168751481359014,0.6004870780735445,3.1732343988218474,-1.2063971658713268,-3.074618436463024,1.7912740880805158,2.2989299891201425,0.07061503763403043,1
0.4101224775979782,-1.2632430302549276,-1.0677395106489915,0.79935680328566,0.0781223834606487,2.299656732699727,2.4614133791496857,-0.7420764831870976,-3.1877165346348635,-0.8864458293810165,-0.6800182414160996,1
-0.0733707961909534,-1.0518044388259944,-3.287169776206832,-0.4596299450226452,0.19410177512402615,-0.7015798508439937,2.320614587671745,2.176838846477362,0.766430789153786,2.8196767338767295,-2.9951028834028186,1
1.3775178480336643,1.1839928252492675,-1.009722273804767,-0.4979975129722454,0.7532445243820923,-0.7975421888432563,1.1668245487069346,1.815007763379469,0.4849279880055805,0.966928415609071,-1.6601628928194592,1
1.736090493736566,1.4956562617828597,-2.6661219148735253,0.8731082299710615,0.04675040969426236,2.3545111705502535,0.9364730485115602,0.07649623026706442,0.1814026150256195,2.235144623880532,-0.05958336820166166,1
-1.4721336745641447,-0.5341099911758584,-0.8771838661468313,-0.11891916821817303,2.210874303427941,0.2258651754116402,2.921014467449096,0.904648374858984,-1.0832228385698315,-0.1163820967186231,-3.4852603239324456,1
-0.9972732660793464,-1.1982933596001786,-0.4495793369775916,1.3259017269164672,1.848965607364986,2.4393555954565747,1.5768125934952573,2.718304356724861,-0.1894053946661544,0.7548194258967574,1.6270660964438526,0
-0.3166912519147542,-0.049497633722877236,-2.15245803955009,1.0560843473777393,0.11874637930436893,3.6529549673291326,-2.0861277407243035,-2.968816601052193,0.7677000616150113,1.7122986125129698,0.43722943364104394,0
0.16281523257287198,-0.8580486159988711,-0.15348123425327903,-1.001449071174502,1.2191318528071633,1.6801580703787624,-0.5403431368398368,-0.6381576124438808,1.759855404469003,1.2745158485771968,0.8749221907236447,1
-0.376182779339548,-0.6952243486361371,-4.6339658205737795,1.4215941757899422,-1.262716274544843,4.173347846866494,-1.159732488910958,-0.5922923810790843,-3.981190812848396,0.3374904876272433,-1.1264834904332308,0
0.7886425816390309,1.2881076792798696,-5.475906430038027,-0.8587006417607073,-0.9483593587772843,4.086218226393058,0.5122500583045018,1.1152701951733457,-2.964221830699908,1.9717762376261851,-0.9708875314712401,1
0.8867136625634392,-1.6012293864280245,-0.9128421816839056,-0.5540649658171639,-0.9245228408926779,0.23236799007809594,-2.0649715861046714,0.6516983528619418,0.41994036358181275,0.6766053996495314,1.0054835546305751,0
-0.5563692450573419,0.646543453964469,2.0274049687257945,0.9515464932110854,2.8805631858414795,0.8017289858259924,-0.27118148884993765,0.41246058507651995,3.505633696736326,0.9984973715801662,1.7483521246840428,1
-0.14408105697703757,-0.20546478214866146,-0.2221771195585632,0.8661175291600371,-1.0852706602056172,-0.8726424846354199,-0.7795422190860791,0.9694912577993748,3.58653710814872,2.8003335369952564,2.583538346309939,0
0.7540700974985854,-0.454512061349628,-1.8956082797999816,0.48957653312064586,-0.6843188553447372,1.6792914455809047,-1.8164427601546929,0.37104283840461016,-0.7415606642959677,0.5990697142674821,0.5430433908940187,0
-1.1850546217550393,-0.5950817360467963,-0.8638490278692357,0.1705746679333083,0.3719196684218631,0.7088939054555806,0.14265690263942565,0.9653417577058871,1.0176410045710946,1.394961699544621,0.5464365851836843,0
0.1757552940480385,-0.3754359623288956,-6.205361863793139,-0.28191312896952236,-1.3782631690357836,3.8950314541374866,-3.171220165953361,1.5416434659626206,-5.203506932204596,-0.023484563340504527,-2.4864678952972916,0
0.9402747522421125,-1.43877626775757,-5.842075452410916,2.0943540982919164,-2.2539122159663805,3.077803109080586,-2.2431919619587486,0.29907960619253915,-1.2730397957870818,2.8557036587204845,-0.5510688481678703,0
-1.5199584985203083,0.9404152049359339,1.8202605752142789,0.4118946890239885,3.2418796656367985,0.20944795609414324,3.700831916864683,-0.23163556393325524,3.871013889945897,1.9799866892083564,0.23081679553230594,1
0.4842038082629634,-0.9895513879251172,0.7839738397942632,-0.20336261629330085,0.14427774869806198,0.08242810914709153,-2.2919600273902576,-0.2960600198649985,1.8765261793451977,0.4424616187667916,1.600505123844219,1
0.03572403532207733,-0.07745811144510732,3.7508483388246816,0.2740581139860042,2.0959911050523194,-1.6108947468551649,-0.23566901194943024,0.07637241476764434,2.1809325232285923,-1.238353007266889,0.8527514251611256,1
-0.21752404628569214,0.9524697097987628,1.05197676708101,-0.12161260169500812,1.301437297478908,1.2348986553839054,-1.6389753980297308,0.27488637639571656,-0.45512795481297236,-1.2866557810150483,0.906102966642361,1
1.3167900077273522,-0.6919177126445755,-0.7374942673789832,0.8117823086626392,0.9679982432266483,2.765239748377963,2.477579070943297,1.901080089791801,-2.286027640433684,-0.25616355821078485,1.1877462721887213,0
-1.1020450153893904,-1.5159288340734338,0.13221888485958283,-0.2848286629076645,0.3312815693691713,0.7918291726815534,-2.1630595603596774,-0.5213083132478762,2.8783252336918084,1.6456039296344769,1.8991797419503325,1
0.6076165522316057,0.44451010357275045,-2.3746261885824214,0.4489134134971585,3.279773856034357,2.193377189479773,0.5061744031527902,3.4606365854901444,0.7038875658598716,1.8682557086390177,-1.6891639515620465,1
-1.1017416286932367,0.13562380779637004,4.466819276165452,-1.2938235631645874,3.298187919819936,-2.838966150505282,1.9092905557103794,0.40253493632858794,6.352678037245192,1.454220963858461,1.1679703405707447,1
-0.10249715452812926,0.18228005503072384,1.4612606459657136,-2.0251833753589104,1.5700786038432684,0.7105711679410324,-0.3165748813140685,-1.2794874736410224,0.7566662855595636,-0.6257718615219039,0.15304713542738335,1
0.05760952713749867,0.3254868450498152,3.257002154990465,-1.029757015551395,3.2416864538141454,0.4571937938670979,2.8221715905435456,-2.905307644097921,3.276918730086763,0.3903638579564561,0.2019855035682615,0
-0.6434070512125113,0.9135735757548009,-5.830001656898059,1.570952839056245,-3.157785089227565,2.2282478210191417,-3.2656840627933064,-1.6002277708459083,0.16020284601485502,3.5626473477022516,-0.7830184707001164,0
-0.21317231809263903,0.046247762941234706,-1.7039399473051322,0.862681269919731,-0.14206184678038425,1.9343388840909304,-1.6631700672668401,-1.8687644183984178,2.9424396010710465,3.0002951477780764,1.053366581812324,1
-0.31124665803801443,0.4635572637705268,0.16424462630685918,-0.11346769053103255,0.677186329347728,1.7397974868351511,0.9031522676162314,3.914247756325417,-4.655375564279311,-2.80600248382659,1.2193221636322051,0
-0.558208634273715,-0.5869381563819227,0.7959431881016072,-0.02247690120891699,-0.34825629485467613,1.2860008920479902,3.4519261950142015,0.4156464566156898,-0.5146994768064348,0.34837725341391246,2.8714032433996683,0
0.8915229097476131,-0.24383918074488936,4.649669233636304,0.039182935054414975,3.7761594145018007,0.5251907207399087,2.4115942742832996,0.6031125082048975,1.8121189110247338,-1.318464491841958,2.4457041509419994,0
-0.7493120478158792,1.3365339170847743,2.9357041079056425,0.12545367261489884,2.739430223858715,-1.4892762025486048,-0.14369059325352196,-0.22872392270889086,3.5403867325403255,0.06749187377212695,-0.156759106140951,1
-0.08088101695423353,0.7025512722366662,-1.4672114240756642,2.1537769784018317,-2.2585407680131167,0.9471606696730668,2.251981804162008,-0.9179703184378953,-2.1358783136547452,0.33499675627344194,0.6528857241315569,1
-0.4738629507548779,-0.7660872019312663,-2.248819180422052,0.436531567949316,-0.08497978621113944,1.6302104546363125,-0.240367477568589,1.710779991804179,-0.1390261436059872,1.549281507351505,0.4859697601848557,0
1.2481368208729304,-0.2447438201639445,0.3507899188598429,-0.2975219221917277,1.1929768833472911,0.7285125462803368,-0.38971778480397146,1.4719014926375058,0.4972665397802326,0.10018914259915535,0.9036102948762442,0
-1.1169850306972622,0.8020366985753619,-0.41552154493789034,-1.2644197445346446,-1.6657314966414036,0.3431383149054109,-0.08981909598559423,1.2399591183305017,-0.8152667731460538,0.18386286517371353,2.325777069325725,0
-0.5377456389847589,-0.3129658017166353,2.6889484744223884,0.09040511492887257,2.4211150192081687,0.5138486015047194,3.28608087476503,-2.4812860209983354,2.3571283649228447,0.3550990889645719,0.42430644419289276,0
-0.3329518277341366,0.611148980015337,-5.4712403546146415,0.29997495670162194,-2.5669538845946778,2.015519297512089,-4.194359787500065,-1.4216564835420527,1.1284839166896792,3.7216281577095183,-0.7588881600657602,0
2.1002615649929446,0.7259649132524121,-3.589316994341938,-1.5889990976754762,-0.6587906405799406,0.7458428527612295,2.499543155006351,0.8394060833052471,-3.202020783321148,0.4383374158292066,-3.483339509654038,1
-1.4912671257641932,2.7892906017882986,-4.4472234027223,0.4781770798847533,-1.8250051844831017,1.3156373960220908,3.926606885614882,1.661021092747795,-5.355823782150562,0.07344488197861554,-2.958901954832945,1
0.6064702651440546,1.2555218202695608,-0.3631174645910366,-0.1168860178411401,1.8544634517258085,-1.2818440535242996,1.0672201267058496,1.724500078817357,2.0652868156642255,1.4073471604246874,-2.094730027159728,1
0.30413237553617123,0.972736872382887,-1.5264483266155697,0.3876674897408063,-0.6408592374094912,-0.6219627970776305,-0.7310949604918204,-1.3716068925918976,3.424244646159578,3.1023091329661616,-0.6030381381718337,0
-0.30531030785415136,1.22852599637755,-1.9183615175347415,-0.2896393714395142,-1.1990757024308643,0.8292110625571367,-2.0182533773531137,1.1383266062472968,-1.0603108969560733,0.3466715194331691,0.4284647513520401,0
0.5057177915851498,-1.2646041593279072,-0.49237467469865304,-2.325234242453069,0.29622883356963436,1.0626143713608527,0.6388581003029314,3.05810597545741,-1.182155564891491,-0.0495159635684419,1.5319300976544126,0
-1.2107855975073796,0.9608980553511421,-2.5615459001740897,-0.36145727224359087,1.1860524927649394,1.598450376443986,2.089780444591802,0.8635441119978507,-3.301735014172472,-0.5364815216394958,-3.6793190692001803,1
0.3013591688261931,-2.6758294026332425,-1.6063705850827148,-1.0584652124035558,-0.2443659506134993,2.2986624694886566,0.1028776785393748,2.0188442415062084,-4.122114917484131,-1.4844491243356321,0.22270911839388385,0
2.1805167906944534,-0.5908672215286452,0.880735551001952,-0.1128598083003159,1.8151823287557836,0.7326164289475674,0.7760252085474852,-2.2797644526541223,3.3379839713690287,1.7020613701609046,0.049329246294382845,1
-0.902998101166157,0.11548286791796585,2.9751442786685036,-0.31125342405819884,3.3166693506271,-4.954390894179297,-0.9286440289315265,2.0065073239976554,8.593957445822431,2.992050282922161,-0.9079507627517504,1
0.1965912835144956,1.5069270748198862,-0.9352449638341122,0.7211225958531485,1.0562266189470484,1.5442419544508388,0.7746606410614902,1.235898533391663,0.8433729800541967,1.474491308016489,0.6811329086786668,0
1.8278938207295563,0.4625565532095028,-0.06432721547810442,0.20361214156652527,0.1606211642180262,2.291366832679124,-3.297707011767397,-2.1699657036645474,-0.7045702817914364,-0.9760782148327778,0.7420784256616787,1
0.9397828358750433,0.4682691428011523,-0.05936391837640299,-1.7237306116802014,1.4176957129125776,2.3734940315281188,0.5686018992942169,-0.5890760023192445,0.18133933937943597,0.3896208075154075,0.7455182504101929,1
1.0399617174672449,-0.14923502358977514,-4.607974629748857,-0.6240071795907348,1.1281914753945703,2.661130821764262,4.246885572322732,2.9360534943797414,-8.092290725430749,-2.1390116638230037,-5.955899338123288,1
0.43874488175100446,1.6471978692216347,-0.9934817410622985,0.8050462275859617,-0.36325668966752533,1.2603962657654462,1.4099792858967422,1.9605419024058484,-0.2368494662639083,1.1913587099899314,1.9085400082298545,0
-0.4155109489343315,-0.46892934872831,-2.925419453012076,-0.9680873803446556,-1.5155223994495854,2.426381854911622,-0.7882066329397398,-0.656992485702788,-1.550206752668213,1.0266712026698293,0.29424170315622855,0
1.3435699893608164,-0.2919277996530698,-4.24407404564367,-1.4510503892364899,-1.298430028169153,2.7266407158105044,0.1561383414851938,2.4801157908212357,-2.2309389804478497,1.7203616983656786,0.42033757711467246,0
-1.0832223792371596,2.391852698887917,-0.10289184258433301,-1.3389794270445223,0.6643964454432698,2.0712927056600536,-1.5735534803527071,-3.958961030804925,0.5252206899669833,0.0068198205318751315,-0.5647858153875394,1
-0.743951626815432,1.8047737633811498,3.6036487673029587,-1.0401992625575007,1.7207393502302692,-1.542850714469532,1.6998914815712378,-2.825466998223505,4.425356811146211,0.7791506135033706,0.7625124587265762,0
0.07366174715982975,2.0195353664516986,-3.1148274391588484,0.1545923879070044,-2.01262866610508,2.3777436699789476,0.790629149343115,1.1314449003496572,-2.1741421119133437,1.2838237585200853,1.3938283048502733,0
1.955230061070474,-1.217302473841935,-0.563049634615466,-0.75670807563044,-0.2988012925832164,1.2419884287130707,-2.3158808564770785,0.2307269776503431,0.47433362551374814,0.49842019003898974,1.590958738860285,1
0.4945132947975727,-1.064255241493463,0.07908931099366179,-0.33153182125016134,0.8727617259056777,1.2495088144889777,-1.4373980194984346,-3.610999934779402,3.232253192510921,1.7742820976014884,0.07501832609277526,1
0.2646688302139507,-0.13390051142413809,-1.0739094954949577,-0.22303370339607936,0.123514850889896,2.54995468581062,0.27018517946645393,0.5700290892792488,-0.5081640538991506,0.803519247353812,1.7580562287712174,1
1.4775249147780993,0.02553015073337604,-1.0014097494480398,0.7867986390012209,0.1399439092354129,1.4877027433374859,-1.3648855693979838,0.15036736666516926,1.978474423203836,1.9998697401234702,1.629137632417177,1
-0.937521148451454,-0.7056016622183695,-0.4364400525324945,-1.636417413441878,1.6022370060704976,2.049507940586707,0.23268018356603082,-1.438710294421367,2.477752276372101,2.0396968601841694,0.44597521691162445,1
-0.8443440246518973,0.2778945132386203,-0.6647713719476852,-0.0477400857721728,0.9069805292242802,0.31819256503727666,0.223833516573408,0.12875829398827443,3.293650752743684,2.719656943750201,0.37184454010907686,0
1.5407988029057085,0.571565299322127,0.9588449737785074,0.31227079832677923,1.6559099197263507,-1.487995039674745,-0.28752015900247363,0.8388772168260812,6.034200297455746,3.3058716026560515,0.988635734317509,1
0.8970892140879135,1.4498794689058911,1.1751704555987355,1.1829733880829232,0.10178847135701374,-1.6684574696264853,-0.23116896019973465,-0.0030241182084262963,3.808515575938291,1.8034294340878205,1.2529106490345674,0
0.36075507045346067,0.31464247287873415,2.786332590147819,0.775231440054532,1.602464548445976,0.13488041215715296,3.427539120647179,3.1300159197418806,0.8597422170371649,-0.1430531437417193,3.627771985704707,0
1.1392996513921085,-0.48525848289267837,-4.623123798272811,-0.017694818626081656,-2.005605432523312,3.468208954516091,3.854504386308332,1.0887320242450764,-6.938078647807885,-0.5895186523979932,-1.5612738931829155,1
-0.6105976089979066,-0.9934205047352971,-1.0951598654039247,-1.856508627463947,0.32014445106024614,0.1367141207741155,-1.8215492346599595,3.5849814975306327,1.6516829883319786,1.6954998475064011,1.5440427581877252,0
1.1050222270775443,-1.229106988965257,-3.122529138932725,-0.24417262234820356,-0.34000059648306546,-1.3990779813142495,2.5728706617834165,2.1079517394507326,2.6060280525210793,4.141869973014542,-2.013363761194518,1
-0.2695836412959041,-1.481879712726569,0.8741469389391852,0.8873540066638682,0.8587814632286095,0.13193590073133477,1.3909845094025584,3.5741339196275317,0.18381592312334805,0.13291727059443836,2.296451015511968,0
1.2283256689047686,0.6383428461532025,-1.4261349671944703,0.2428054251107545,1.550438241122528,2.4004137064823823,1.2197266665687425,-2.866953159399887,4.121757011367012,3.9605595540898957,-0.11347855992639566,1
-0.41173422633093765,-0.8126563826997798,-1.377199011545857,0.2492447095756528,1.150562672211813,3.1050632062748673,2.226112939211716,0.7205689256186374,-2.027192311089624,0.13594727921398353,0.08851865987554075,0
0.25042018291072154,0.48346966370130645,0.19126756714616355,-2.027472786818344,1.3065539707081433,0.3858334349960798,0.28873189080719375,0.25561945525979657,2.5759067697006426,1.6749360758136118,0.5909770825031371,0
0.3456914186628267,-0.6760281012123578,-2.4350844941138026,-1.4279878895800184,-1.0932223251044826,1.5587726142639953,-2.531806941412312,1.5234718983919908,-3.161695073283568,-0.9025835198363772,-0.32834436048779914,0
-1.4087290087489526,0.07522055899176258,0.501676675550419,-0.5550698861781537,-1.9373006682080054,-0.7881334180571105,0.8521286534260373,0.06532087251626739,-1.7559679909988306,-1.0763560973550677,1.142033492386793,0
1.461729033130503,-0.5510770520719124,-0.11805925693956676,-0.3965422015903634,1.584282273189355,0.5816660235235813,-0.08794816829775942,0.46559287598457644,3.203279659582137,2.217071498574119,0.5925788537807242,1
1.2090644795442402,1.399724562974354,-4.253281357741739,0.5422403379645027,-0.911122173913784,2.615113456575145,-3.738820544769387,2.1376960031280676,-4.41580729222101,-0.9141329253270936,-1.652539262858585,0
-0.2383377383395208,0.18617262710038146,-4.615496821298189,0.6665937698706325,-2.922101838311683,1.4558677383588725,-1.0621883597780744,-0.04186829024248806,1.9355659026281287,4.66003822400428,1.2723694140167467,0
-0.8166840668817259,0.8091850132911489,-1.781532487656924,-0.08408365840109264,-0.23996170840058717,2.674132887179387,1.3801196853055868,-0.44298119872298414,-2.273086425361318,0.12023548304660603,0.029866526511231895,1
-0.857650254685586,-0.8798631627181062,2.1995046023040974,0.8801698228941529,0.09155250403499549,-2.2763744914409876,-1.7010160566079153,0.3049952561451472,3.858211282043921,0.8821720767092571,1.869541454371536,1
0.19538805476503604,-0.7793593911985225,1.1259740353092578,-0.49168940045603116,0.20182875526555022,0.04532411819408333,0.08334295429642835,2.70896832908851,-0.797398445476121,-0.9586068713312195,2.231110881972703,0
-0.21170195095024194,-0.45181904138253387,-3.485172469244993,1.6007839325281608,-1.209674430690678,1.5802080815353716,-0.33599484649592837,2.6034553591702263,-0.9425604167197988,1.9252672729507336,0.5520912640782707,0
-1.5306213967086209,-1.5662402417994934,-3.1600432651077863,0.30019911590991083,0.3974827990079105,3.596872054997933,1.293659364296782,2.6203248819061375,-2.693467414144326,0.8351661993652706,0.3882496309678555,0
-0.8507893141303571,0.36687238233990377,-0.9465756421891361,0.9437502958020575,-0.5080667887122492,1.8387931701514852,-2.384882640869614,-1.8578739938799356,-0.3193578501569223,0.07398172336003506,0.46572059333323146,1
0.9717616016955972,-0.13656450461000832,0.7923063376636971,-1.6035137504110475,3.534383725861489,1.4661524767602792,1.4913563984185436,0.16865819775237723,4.33055979195766,2.6096029784997423,0.6756968512326922,0
0.12946645971938991,0.5936932219322305,-0.02705507196522305,-0.010127136792695212,1.569746115108014,1.5042044946671211,0.5340632247328521,-1.53983829534228,3.174434555521819,2.29538499290416,0.6142431996771125,1
0.2308320239734557,1.7944404924834871,-2.4269737139297534,-0.4558631611429673,-0.8424897560511913,1.785776257979173,1.785826412758111,-0.5379199202575424,-2.2003142330350807,0.5549692410723918,-1.0041461251781916,1
0.6628440218671683,0.9876892517783263,0.08901493180592612,-1.1880842374883325,2.6657665557307055,1.2836139074866584,2.8749416341432066,-0.40637299413502503,5.973428563876779,4.632786476537529,1.3334631817173104,1
0.1670244159621833,0.6697749858252148,-0.7136153959842769,1.3960158644956386,0.5393179676364137,0.5835156590640889,0.46363312214440233,0.3086339137924494,4.207828152647183,3.6442290318263733,1.7009798222137857,1
0.38162368756947135,0.7612061672901363,1.519431899787181,-0.43016135645443154,-0.2312365113228565,-0.46030604295983313,1.8552789865729693,-1.1529456353938272,0.334666256687982,-0.28932734308772545,0.9541348304789902,0
-0.2700200870214106,0.5105273343922426,3.3935324733429564,0.81905475756065,0.9254383555488177,-1.7790855617467263,1.121180887011147,3.6681076939569643,1.9151249518691233,-0.3665677092563566,3.728795451296051,0
-0.519733149542119,-0.14399379092724165,-0.30205351573061745,0.9287916964010874,0.24773131642404134,0.5842841473191476,1.2792276747233495,0.3659763441321078,1.0442910995496595,1.3172511584067024,0.8528808129582175,0
0.4065948737144859,-0.15137297974467603,1.3232608223275997,0.6090275865027097,-0.7248625259036225,-2.038225842313428,-0.39634974876635365,1.2599580130171022,4.322134744643249,2.315163039164917,3.0387152956197974,0
-0.31007552499683216,-3.1770326983303265,-2.1943332809716303,-0.6618175463695095,-1.725521485278271,1.8706404509397272,0.012834646213295109,-0.9751819553400509,-0.2941406330487447,1.6622221719497863,1.2121224945468705,0
-0.05722738177297784,1.626585093969989,-1.0124066104461722,-0.11623228265618417,-0.16677615158945214,-1.9537763112532613,2.5083769598180634,0.2901030819808724,0.7000369560551631,1.263732865344665,-2.659749232531404,1
-0.9884577629522496,0.7692616551667317,0.8682964822559951,-0.5868720769366048,1.3802445042008702,0.41812464367322055,1.4415274702458596,-0.6310197581042121,2.349201066450641,1.3085681979011097,0.6569469384496774,0
-0.28026532872553983,-0.2549663550511958,2.0406609920958054,-1.014391748544696,1.3048101438484219,-0.16995686420828493,1.8213965289443612,-0.648931867239845,1.9554974408953507,0.3736712386593122,1.1353185585068686,0
0.6463586048397262,-0.8923748843584611,-3.529731693880117,-0.4253254071004952,-1.439121531188824,1.4841392543380978,-3.510819925164124,-0.5626890660914357,0.2491206767474788,1.8846483445926712,-0.602872624934512,0
0.1893075745046498,-0.30705876158228207,-1.1339666674314837,0.5988284244971203,-1.7856241995567208,0.6985526723401616,3.0415882286169844,-1.398741601747926,-4.995982803138674,-2.0189328416618526,-1.6924898722944866,1
-0.41247731457004644,0.6137098339172821,-1.4216296845747554,0.9066949996598638,3.343745283632963,3.531238702062622,3.216466217125654,-3.7673066584843955,5.34826848398346,5.029673272486369,-0.846616720407128,1
-0.4172152696478648,0.16295105714368052,-2.3402299416931744,-0.02963825682251481,-2.6400559949377467,-0.836018564395193,-2.5256977080823457,0.5320099363322448,3.707428048998632,3.96908867576908,1.99937324915089,0
-0.06939886260729146,0.2669998563001058,-1.6291297757085987,0.27992346622384096,-0.950241773289835,0.29460798480642914,0.4077887420488129,0.14563807416463737,0.9493257743365958,1.9646835470731494,0.33674701588059963,0
0.439682755062042,-0.6926173225377444,-1.7730163784082626,1.505521257977259,-1.8241415357853543,0.07101358377152145,-0.6064032222226617,2.123727680999404,-0.0528904031162852,1.4186169437483394,1.6209662398935287,0
0.7356376374499543,0.18741927415241746,-2.5118581191791387,0.019799234578268925,-1.0357829851784905,3.2453596497495507,1.41801529602722,0.40584780131707143,-4.8452807485110645,-1.0174515672974893,0.0034617402821710552,1
-0.27388987610711785,1.1411191873428133,-1.0366663956911728,0.45757768990277903,2.396684041025904,2.892692011331586,2.7945047933973353,1.164533999487844,1.6179935308443574,2.49997893763102,0.9042064603230767,0
1.2516280589480497,-0.29204523523585413,-0.4445214874918535,-0.4784304849523132,0.4234979502397206,1.6356826309891874,1.9522711342843575,0.3788228723373044,-1.0402825922878658,0.16015547388109352,0.613417217260144,0
2.195418817548364,-1.213510159898507,2.237342126746266,-1.0684502366690227,3.361662753256576,0.2972785373424137,2.81784081087371,3.0845415951428636,2.523622225521618,0.8562965067861723,1.8751319203945742,1
-0.7662104932970076,-1.6312796005897552,0.38234785268344157,-0.6145317583856906,3.453245393007048,-1.1143469936603143,-0.12745598608152942,1.5653485265278841,5.864018556911072,3.2237168055040604,-1.116909315616286,1
0.4979406207680873,0.7774258506964167,-0.7318862703226215,0.07139953097065634,1.2494254065912211,2.08970817799125,1.960499568735341,0.3637970091410635,0.3020349607408548,1.2093621679349582,0.5207305849748984,0
1.3088483975888583,0.6405509669850744,-2.4458540762393697,-0.48449794414750114,-2.000605648266385,0.2950894822661111,-1.7619121579347716,-0.9798211417430751,3.0175346603687365,3.617386791059123,1.168167329712188,0
0.2574096119676722,-1.0164076418959596,-3.80501959736368,0.8850184066641077,-1.258316652860017,3.255087356631508,1.2409984327302757,0.49836257284108887,-3.4213001809576853,0.7542908772263893,-0.31928095839969106,1
0.09296796139518623,-0.21395467383608782,0.6130490727272776,1.6920500489810186,0.6889923527034514,0.3397900806930877,2.5460983565100497,3.017669270839652,0.8446880934594134,1.0517331047441472,2.5111095179813017,0
0.5770663114860907,0.4512282405527439,0.3065716108568663,-1.0619687862628893,2.673397324597002,0.5674279696207527,0.8168407115097217,0.10693938985521301,2.2314471837293297,1.1627234819099719,-1.044006394337968,1
-0.1666290611223245,1.6654664756123514,2.449322380850395,-2.540656575470929,3.5673681856887387,0.8619735402667795,2.0752015867163625,-0.9667248966458482,2.4058289873149583,0.1855210494567997,0.04616105246577373,1
-1.214703998681777,-0.44983186532339636,-4.348011068692487,1.041888971904203,-0.9863370519110001,2.9822656143891084,0.5708755620432422,2.5044853387420476,-2.0204766764897437,2.003255139855807,0.35325970959166775,0
-0.45311336847111805,-0.37460950120041564,1.6712545682509694,-0.912835497506109,0.20153864656452913,-0.24064830626810463,2.141903120378474,-0.2683845500761808,0.5285204795659392,-0.13867330110761023,1.4776236448057618,0
0.46643453893925174,0.40740405583684425,-3.096722939943003,-0.8265434215511651,0.944590012092217,3.977581772770605,1.602005963869767,1.3128150972442445,-5.298732716438783,-1.254374296113156,-1.959273964723267,1
-0.5972637252594901,0.9751389191128055,-1.1347428877527301,-0.26270847746205267,-0.7049642570196177,0.4633186768589811,0.3491227898487643,0.292153632271109,-0.06124320373302143,0.924918406309087,0.31826469948776126,0
1.5673424979352224,-0.18407294113091965,-3.7837669517540724,0.3237050561198408,-0.44933742570961877,2.7506888411652017,1.9832993297491557,1.5377079442358061,-2.2433794583671745,1.5798282894786877,-0.6430881386470502,1
-1.4966743414731252,0.17973805879697674,-1.8071212340167928,1.2842953879934875,-0.4548630636015669,0.6947982399652386,0.23045247385022316,1.1452875082773533,0.9046586663224572,2.041980846373642,0.5625148075891208,0
-0.3420138842414213,-0.9099212009964881,-4.866585942628246,-0.251591424184075,-0.9887179070156034,3.3075124448102624,-0.4466743581309158,0.466384173649078,-0.8008152541485982,2.8445619701244818,-0.39542038882015973,0
0.11111887577403111,-0.11285808616477314,-0.12504514572460398,1.4306197297560008,-2.073460721109913,-1.4410100168130886,-1.3285334333997634,0.3550633063571935,2.915370212016534,2.1916223648630355,2.514381596724121,0
-1.462975485570905,0.8281755149112597,0.7234046732636188,-0.09698467024438738,2.614982191196891,0.9264849512876525,1.9299458054911356,-2.237359849175883,5.488014925177922,3.4955246695617297,0.3125743102346974,1
-0.0869033198520437,0.9385513140080468,1.440363973715349,1.1502464785737325,-0.2701232735521071,-0.8432847387435085,-0.14992684005284262,2.0880079623651713,0.22290584841474081,-0.5413375709364565,2.294118958710094,0
-1.2715293111922163,0.08469781820496389,0.8277104535405061,1.0383031936305638,1.5710294275415997,1.8785432135315836,-1.8216910278814624,-0.4871310441991106,1.4383775671962842,0.20619578499020785,1.6594609248582604,1
-1.3558078961541042,0.20028726785245635,-1.7645272678742983,0.7292212302012017,-1.608299480543662,0.29498720716221094,-2.9822741156254744,0.9921024547209534,-1.3847067796161396,-0.21447422598880017,0.1984811249624724,0
-0.03367930176503203,-0.10699578173639725,-0.8370002315040597,-0.06520806654767504,0.7602359814819849,0.07078614129689542,-1.735622742309681,2.6845459203228845,2.706293241664396,2.162175683516603,1.2404318823415552,0
0.5728865751567712,0.36743786473214085,-1.3011421580260238,-0.8387482784607629,-0.14588147469000112,0.47922158856124486,0.4467962001522172,2.26271134063947,2.27041139154369,2.827768246747994,1.8896000747674397,0
0.9719101423728291,2.465528386611508,3.3643235324193492,1.2426990419308321,2.122946381066299,-0.41372360531123786,1.2875164080779355,-0.17248106177035516,2.1731878637975663,-0.4842326368111076,1.6861599284312716,0
-0.7007065789817585,-0.326655247374732,-0.15998633499375484,0.9591421416168113,1.460022663056655,1.118905143165484,0.710762507240543,-1.7872652392978496,4.630191913136827,3.4157756918013664,0.7902158478135832,1
1.3922424173540349,0.3485017326953991,-5.847286363124648,1.729984161599048,-2.1584603941512652,4.625991894850855,-1.3627075737160326,0.4808750304711099,-6.319686066945765,-0.40379376502149866,-1.4497626964295738,0
-0.20958037021079035,-0.1783041052529566,0.25794216718382346,0.6599676824799041,3.462703825065108,0.11944096675375604,0.41605464128976666,1.133648074957533,0.8617629825518945,-0.11598205529346783,-2.760477671008293,1
-1.9901016363870692,0.9728947575011788,-6.176383564386798,-0.006579482553986366,-1.9323499030359934,4.608856698728413,2.9024119447575387,0.7725793213073358,-7.030588318638817,0.14221762771576507,-2.2721522178153526,1
0.5802745474664345,0.6266011965032151,-1.85199150386433,1.8486186719903446,2.176905771702896,0.16640957330410688,0.47966744733769606,1.8444360522897407,1.9222624161051989,2.191771372645471,-2.4425142881523083,1
-0.16523958626149568,-0.7834707266758283,0.1858179688795041,0.6004892850909151,0.24494628493765824,0.36956953441866913,2.400223968424111,2.782170011604295,1.966896273575398,2.176849566425825,3.094855048559467,0
-0.9690295934443529,-1.4561865623832386,0.11746019277684017,-0.3669752684687363,0.9186773029731051,0.27151100444487275,0.6978162250583704,0.9050125677775896,2.6515091868807974,1.991288377991213,1.2908422850404473,0
-1.0289946844340994,0.6819520003527586,-0.19869417861455055,-1.5560938682000507,-1.4701526057216256,0.46319749543831934,-1.8054842727541796,-0.7295237099660172,-1.2676360009382674,-0.8508887944634154,1.0256902032447137,0
-1.6971162490432083,0.13597376006613637,0.5900716786278902,0.5293968938263607,-0.4891123412802765,0.5844957665531647,-3.962439190999193,0.004984752637153145,0.26731031136328126,-0.7374329880350123,2.058389059654263,1
-0.12684437110302266,0.6488852325723514,0.2577355331032976,-0.8695118684267323,0.1067443363169438,-0.24404926798310234,0.5639584419495505,4.196746125254567,0.12886041677136015,0.39725133691515,2.432495950477088,0
0.209504166781484,-1.1205122955337818,2.965553142260027,1.0357912776751947,2.00825608587012,-0.2525576712271689,1.8606788116871404,-1.6738898906876063,2.6095041960085252,0.10016519487538467,0.9316074030709856,0
0.19948407178325728,-1.6036212504127563,0.8699298115994154,-0.14470374118848317,-0.14112329517432998,0.030888732473971503,0.8917442960375614,-0.45976702436776273,-0.6789329461603596,-0.771526568010187,0.5522713465194254,0
-0.3305134566855227,-0.27219545415818125,2.0279211124786785,0.2172076255827603,2.289397028449967,2.1482500368793023,2.724693998190052,1.4605939929736238,-1.9148682131631174,-1.8732417750432129,1.8168688552422858,0
0.7077679163473369,-0.2616065192594161,1.7798475075285243,-1.8264941667246501,1.0625691896474614,-1.0733926020242301,-0.9021943707372695,-0.968259174996545,4.72336789082697,1.8227728078841714,1.3459113878763036,1
0.5629331590056702,2.016555436747926,3.1389923563114253,-1.6574446385685795,0.9336546406746902,-1.775534288129283,0.8891211345808792,0.9700498876658111,5.40063035578202,2.0714526482806033,3.7262731997721334,0
0.29030389332546425,-0.10893655576264141,1.433944078399123,-1.4777863446778767,2.382169743840314,-0.3170877330705377,-1.2994252103817505,-0.948834958807917,5.478473856102605,2.3206257651635136,0.6262006522378498,1
0.3232557532789702,-0.4721581946999233,-3.499160440657189,0.803316876646008,-2.6964594333111673,0.6684029001208931,-0.08252414840446332,2.7961329034213813,0.40034295628650934,3.1823755607220257,2.1584259230074903,0
-0.6523509898186733,-0.6761443075719915,0.2121350122454176,-0.09744285567859591,1.4359091549062901,1.467572614675347,-0.6295006636205156,-0.15844072636820938,1.9381503228889525,1.1427883526411273,1.1371112345275096,1
-0.8017155647483845,-0.2581468229928143,1.690765516162483,2.1957097225862685,0.9810101634558321,-0.6427009183449561,-0.9965261405378754,-1.3518636030500808,3.0584377538982133,0.6784893664202217,0.7294550549432257,1
-0.3789661090490104,-0.21330969718340517,-2.420549518041363,0.2475278743401612,-2.959357626318719,-0.09698234898735847,-3.3592684954255625,-1.6674751968159147,1.6197796035763614,2.295919396599138,0.7397133310662438,0
0.04483327826454551,1.4664787178579743,3.5581370367781693,-0.00035159289159132927,0.9317215692744251,-2.32580986015402,-1.4497643568148808,1.4507482051173648,1.3279131825609545,-1.7794993850623997,1.5800145340371068,1
0.7050126004622133,-0.26857500446240457,2.4240688642201556,-0.3243484321917224,0.5367062117004281,-0.3610344266780221,1.5151768315222987,-1.334467179305031,0.8289769197810389,-0.6540224975307374,1.2729004126913508,1
3.129000325086392,-0.14314274548315176,1.825042418242221,-0.574109658963367,0.5590540584223473,-0.15608539854248638,2.027202728013692,0.11433950629733869,0.8152577067142066,-0.0643524180964945,1.6831648443152305,0
0.6012827204288794,-0.06593777742329163,-3.01738690642802,0.7229107122607121,-1.7997539434399896,1.0119224468852452,-0.8153884505042278,-0.01871123902830618,2.6190376198984153,4.018879408502002,1.5034599668768371,0
0.25037271363166086,0.8542897646088162,0.15052756783121485,-1.3950818528200304,1.023010518686187,0.6148024569578332,1.4528593372650729,-0.5128130499241479,2.0826572559899414,1.6290742062929964,0.46604551776056913,0
-0.9371806140110883,1.7423092026840483,4.42714094657323,-0.12099146931878794,1.2864008392889628,-1.5370243418298921,1.7137951465564605,-2.1316016051521722,2.1914591331095585,-1.1500884231236999,1.4290222282239977,0
0.6858311166581964,0.5157364661984813,-1.01197772764066,-0.5715483676817265,-2.467058041439393,0.9284066863619322,-6.386768621800078,-0.4602687605948127,-1.2143211298400802,-1.0221985951035744,2.0486113279795477,1
0.311054746641136,0.5404409165774419,-2.5699336356016413,0.10695535112868035,-0.8088922866574249,1.9917598097994196,-1.1897680372498245,1.15000932908381,-1.499219644830612,0.6933555119809716,0.38163027681719075,0
0.10290524275333962,-1.2762561776920303,-5.056530308267663,0.16373890204896935,-1.6148859584010056,3.482176663547477,-0.9808619597322019,2.1059374761319476,-3.9072976964241533,0.8458972031720968,-0.33457722006616875,0
0.3723896850611161,0.17917164239040909,-1.1916488780688834,-1.0481494856853908,-1.1386928129965344,0.7215972893665561,-1.2008377755658517,0.2921450078622767,0.17009786640720498,0.9480092751366892,1.2099705393790572,0
1.010240265244458,-0.5194972519575928,-5.929100711878702,0.6934070862285602,-1.3732722443628433,2.2198465309780095,3.093651238486519,2.285867541343781,-5.155086780077654,0.9583063592529186,-3.626584404669934,1
0.393185612498304,0.02664233036488367,1.0558681535555219,-0.5257877400731849,0.4522541984568669,-0.5111902745542014,1.9395272303020197,-3.2835580119351375,2.8820136913423857,1.5025734209076045,-0.35950428449534155,0
1.5056897898637973,-0.7123519958121965,1.524019101897869,-1.1092258882868051,2.0010978523796354,0.38768025556211916,0.12904402528658399,3.2352594421144394,1.9650222478515145,0.5892181741719738,2.6417713107548497,0
-1.1376277037343425,-0.20705921859523505,-4.749648547859452,0.5268770824654254,-2.501251016967677,2.3894063936114773,-4.974071694620262,-0.050853527137883825,-4.1607086599556276,-0.5954420740166817,-1.6610883619754908,0
0.49775947920728575,0.48791420290192977,1.7304297332664305,-0.5720755746058431,-0.739479745192074,1.1084206003830717,-0.35805093497347396,-2.3069129169924985,3.2342003487584674,1.6295605209514443,4.55400846983402,1
-1.0332726648195691,0.527642647811937,-3.1850948259710767,1.1417226433827448,1.3272360105536616,4.338629009957652,3.0825961442445244,0.8045406191673594,-1.319037144016446,2.0290602281980687,-0.2265087660561309,0
0.40296561211278664,-0.846731724514412,1.28946020866015,0.33885083663895516,1.0357070476239074,-0.6501795212719712,-0.20520893379008331,3.0976449652070057,1.5841878474549074,0.35932119159587583,2.0589952868938726,0
-1.0112456651579136,-1.1439375228291329,-1.8936407059727993,0.8922953939143758,0.2438361052853718,2.6732310915973114,1.1379695646866381,1.3802428176064565,-2.0530050389652064,0.3416723516831712,0.4970801491761774,1
0.6664793827485572,2.194939234031139,-3.6816021306813447,-0.930329250678132,1.5173421488028072,3.9537135895847593,-0.5805280017927659,5.110830980915004,-1.5403036448765002,1.5934378131704472,0.909870596409251,0
0.4518153707345979,-1.8046317028518284,-3.217371465552706,-0.4838300377265855,-1.581802075457417,1.580072850862999,-2.7099565603787843,-0.08689017991474501,-1.2669915003605594,0.861386562173872,-0.4915470969816964,0
0.3452061096315516,-1.4514778184549204,-3.560869526639961,-1.083334156482543,0.6911096558495732,0.502390844322109,2.688671920723601,2.53978831171304,-3.0200248553614557,0.3777910271836782,-4.321351550336182,1
1.3239196567622327,-0.6696646312765618,-1.214901433188073,1.5861743743694348,-0.3435224934939938,0.6510833464291963,0.10195079245030958,0.8182072307740832,0.10562552188314432,1.037668737213858,0.39987477243243386,0
-2.7871043280262326,-1.4607722377337289,3.2221628745015467,1.157530305948934,1.1140806585194425,-2.247861246999393,-0.9415544687292605,1.2626818637480026,3.6048765837405368,0.16631000793935113,2.202535895400465,1
0.13870933128417434,0.058110692653088734,-2.2011145564001193,0.7549735990029615,-0.04175924232028172,1.3649576693039447,-0.17237249438928814,1.5293498579578113,0.0712753434992916,1.6131741205211794,0.17595621486567414,0
0.4700431239618053,1.7781654099702418,0.9584441859275765,-0.7166338222832457,1.5440451154484687,1.223400863727239,-0.4312677102033141,-0.030122654503598634,0.6926626219277249,-0.2038663115159829,0.9435287787123118,1
-0.09931482729570618,-1.1814482381557003,2.267747899743086,0.45135661416630257,2.8355739341819346,0.8536633246282448,1.112302103410481,1.3810275319168244,1.883547769485885,0.07443397762595627,1.8480717167308083,0
0.8070173034396912,-0.7992855313099548,0.801926300106852,-0.29240568912677983,0.13288215435591622,1.3640797243832423,-0.3850186546898463,0.8369529664765603,-4.044264299073953,-3.199244649769521,0.6483454388490248,0
-0.5317721021752626,0.09830913609186875,-1.6579158622955878,-1.490545622299125,-1.1604459126068174,2.5470984883821313,2.191115025110828,-1.3043979288237328,-4.091906091348494,-1.0089316305513183,-0.3189469525781461,1
2.7888926639931446,-0.0771061747729335,-2.821229334298974,0.2555301033943782,-2.2912009884065117,1.0222236888463452,-0.2870634624014522,0.40063949805494303,0.18176874632125892,2.369936250540202,1.2826973350646629,0
0.5159244336905038,0.6779749419198877,3.512700657596711,0.721143633048221,0.5345473853695633,-2.363440521600311,-2.2810209561258317,-0.07024026326639077,1.4165166766201545,-1.9239979206526425,1.1150652372909597,1
1.5519288265550413,-0.2820645201782788,0.35591903858254026,-0.24893780207836896,-1.1363705298019984,-1.8688791746771476,-0.8536571398103276,2.5994555400629222,3.673979126408897,2.4997119340403207,3.1171091444986514,0
0.8371720409934102,-0.2647822473730702,-3.58057256509125,-1.3896085655304942,-0.05796816725979603,1.7622106240104745,-1.1069827612955416,4.382500397901047,1.309217797699079,3.412541014410178,1.488899895780356,0
-0.8090439289113265,-1.178558263252939,-0.4658324942382484,-0.823659422609102,-0.392204665919744,1.0231314750352396,-2.135115158430874,0.3196883763509364,1.2196019554292234,1.02946551675932,2.0151221270417037,1
0.34579105912562935,-1.423099425298425,0.598076662492169,-0.3121779269353892,1.0897218135690547,0.09216637470274724,0.33051751052945977,-1.180347123676574,2.1121770860219256,0.9809516866672178,-0.1391499462478325,1
-0.037227831104240286,-0.8995408455699007,0.6608934452836348,1.0038819023939043,0.25991396961251323,0.2933320538045938,-1.8243727977924302,-1.1054487678363936,2.8817890335388854,1.3026532836675737,1.641937266078744,1
-1.1540732487146403,0.0404355827720616,0.9642462331646794,-1.2078038087172598,0.6895013366583509,0.6629391466156682,-1.2828451566181776,1.560731500605958,-0.3003969701026462,-0.8977434294823241,1.7455636753415062,1
-2.042589116483752,1.479470287993137,1.116563480732622,-0.13443983682940389,2.7090294935234147,-1.0637225112260453,-1.5620268100934727,0.07042573038497812,6.50912688816853,3.0586330932548593,0.13456559225998288,1
-0.4528443842688438,-0.26187755026886,-0.04535803169665047,-0.3778717385506167,-0.17996226217707867,0.8552363611505831,-2.6530260239417762,0.7479574125856345,-0.24216344819315178,-0.4462633444791102,1.4702502524081424,1
0.5082591091055697,0.16031730374876987,-0.8423237606036089,-1.0158027267929217,0.37024669338440774,1.747356157559869,-1.6752324625858783,-1.7205914546211578,2.4904139838135007,2.055345240733023,0.9896904146361437,1
-0.6176161864886424,-0.22167318113180864,-1.6877235219511382,1.167537110935367,1.026107601078644,1.7252850080492885,0.1647817419335399,1.6531881217310247,1.1265692289220386,2.03260273186749,0.49062992062849353,0
-0.4011172361466956,-0.8480527014100309,-4.379743711841252,-0.4408131824729831,-1.277961072616732,2.053722145784106,0.8004649819939721,1.2209835939643228,-2.176415455682885,1.7103728410579575,-1.2679066929313396,1
0.14900850770319907,-1.8861622250389478,0.09881933356379624,-1.7633686970079596,1.8253278222358182,0.3776017862067612,2.6274249444417803,0.9499927310578536,0.7702438086084971,0.8223802567573228,-0.7064588104622647,1
-1.128877550160493,-0.19024014004192483,-1.6732856132936442,-0.9915623928280546,0.3734539039401299,3.2383099976815175,-2.1610375963704103,-3.507721356484695,1.768249850152559,1.9925105453461476,0.37892073610253696,1
-0.858475831762475,0.01641974441990584,1.088318302408336,-2.463245731095108,2.3679236793362146,0.38192730718802137,1.5131934833798701,-1.8582664378320937,4.992346093028584,2.822357265065773,0.3287115944131872,1
2.467046477314717,-0.062579862912845,1.3335663649248446,-0.3547840665701765,-1.7101879050968831,-1.1351424760556643,1.6618146777459852,0.625125416639875,2.409768277682105,1.7030785356321414,3.9749161701633544,0
-0.3049589546104955,-0.3490794349851716,0.3854021559005427,-0.43344574368206995,1.71812675386979,1.1332790328248885,1.0959598373040207,1.216457416493282,1.5805206486002412,1.1513977589882736,1.2244681915667,0
0.4824223714608089,-0.3479369459232273,1.1881687542967752,-0.7915053143730578,0.7523132104717853,0.33074431534449933,-1.9905690970753596,-0.2862217681989425,1.3661644314820724,-0.18131170161765175,1.3177567353664021,1
-0.8334695245048,2.1073189045173644,1.256764899648278,-0.28505414637664517,-0.6700241247648482,-0.42429343804637587,0.7880849403060353,1.6013787864495959,-0.20027856151498968,-0.41464173278234484,2.584835259035581,0
0.18100186772899557,-0.7119520889628084,-0.28944392640489297,0.6576728546753128,-0.19749278321628028,1.1283032529545807,1.5076715256336106,1.9703733093602658,-1.3798715516511966,-0.08001047921354631,1.7132593126176188,0
0.03446119047366807,0.31780159989225215,1.3789685921767123,-0.3177963159736298,1.1746941481279178,-0.8171470378618688,-0.15946647232866062,0.8451492373047023,4.028086724664573,1.8717656446557371,1.775096936682527,1
1.1581568521305547,-1.5369147904530824,2.208157666231889,-1.2789885756091108,2.802961814605439,-0.19370255993816898,0.6262065229384934,0.8103856501821038,4.770956587312308,1.893391568287944,1.7954928301751327,0
0.4073473499338346,-1.7572331021000132,-0.0015838067129946704,2.2937715950614264,0.19646847824603686,-0.07977444943429468,0.2789422842468884,1.4208715706591297,1.491708861567164,1.2450997480571329,1.3147864255981596,0
0.4130812163707045,0.39706099833167424,-3.221230418587298,1.1729310862714726,-0.7354312265732699,2.5517049189631305,-1.5285634068175078,2.248216821081776,-3.818533678658614,-0.5712101348786267,-0.378956046909249,0
-0.5704820158440362,0.3026621568383826,-0.8827626767769675,0.591447743932334,-0.6253030074198105,2.2861548067557234,-4.398531638345478,-4.201270254237457,0.9121299663585258,0.4244054947889945,0.46550281182884157,1
-0.9546301445169737,0.6111450000303227,-2.109541293597675,1.0586700732018768,-1.3364877735050495,0.13914416587572231,-3.371072808383584,-0.9869538610700075,2.42468783770292,2.4478535818129723,0.1757533784269577,0
0.3128071296161218,1.8598123553934451,1.724095159879444,1.3414055283928532,1.4628912766726674,0.6683012054624018,1.379794043139544,1.375228569022055,0.24998272280579584,-0.5065503695126221,1.8548228316551363,0
-1.1073333201663567,0.5731913598458844,3.8163372687114476,0.6046406191431742,2.7662340721053003,-0.0030591515880815656,3.311947465900668,-1.0004152044983683,2.977498308018355,0.17611960350021016,1.8465710094489265,0
0.6076123290637031,-0.2684264636051282,-0.8602586634865768,-0.01197149258955987,-0.2835234152709092,1.0640592072557253,2.5075385107425445,0.24684372514199604,-1.8985557509507243,-0.10080666597714538,-0.1818415147289406,1
0.0701831287944252,-1.5466379545890414,-1.980343747342195,0.8579944180007261,1.277128918980109,3.38064579547287,0.7961803982423652,3.993043419561748,-2.3290267912117977,0.24483746730724731,1.347249725387726,0
-1.3278849404329252,-0.5745750385651367,1.688552874764226,-0.5584812158531324,2.398214695191303,0.1862301040990686,-0.8582291091963725,2.574124781123585,2.414370362772763,0.42106384978169353,1.9245824591444838,0
-0.3731183558351184,-0.20528457212933804,0.3426011502270889,-0.04992270475713384,0.39476844758557006,1.187251318445557,-1.4064801858836757,-4.125895263259052,0.4505201117154432,-0.3823532533399141,-0.9231115812079087,1
-0.017125974744318945,0.6658486613221748,3.346554987260876,-1.9458480801496052,2.4811028837733593,-0.9539145735133465,-0.6370235175536969,-0.5704462060783273,4.4795418083132725,0.5895024922673386,1.562334895174998,1
0.023278078161500754,1.685042357127679,-0.7876636405851375,2.634528931005847,0.4309023257084781,1.562403070354936,-1.5140966361160046,-0.7943918903980961,3.513789845620628,2.8597816586777,1.861972922792043,1
0.5180458072931028,-0.19329739402455723,2.619115830110099,-0.17523176041503055,3.913996239458901,0.3536599497085625,0.40439704443953406,0.9432751287900908,4.991935889117201,1.649584286454703,1.7097056742855783,0
-0.25480718184622525,-0.448351465912249,-0.6686496974232093,0.718782913037011,0.6188090694049998,1.9479648998118448,-2.03945943581755,-2.724077132339874,2.5884110882484364,1.8454447819986917,0.5629004371147976,1
-0.1817558474291991,-0.38050761646257003,1.1429085105360826,-1.670442327389147,-1.0622160387673678,-1.528725216397655,-1.548217906220597,0.028258699497504258,3.311673625109853,1.4765531312292468,2.571810804897041,0
0.22303424386434284,-0.10938906476563355,-1.625864629589776,-1.1623266629604336,0.8487157275326098,1.448284880666654,0.15414071098299376,1.3196394875333963,1.5708519423079907,2.2841294236401852,0.4942489537106708,0
1.597440158450233,0.2981426596246632,-0.89725654500762,-1.238629759720901,-0.6043290772877341,-0.10050772964001209,1.7983267533747194,-0.8242768084036074,2.379704498082691,2.6969017426017494,0.4666640859537363,0
-0.1350953482017651,0.40507458231310967,-0.3145203937401855,1.3402656089611054,0.018207079572299945,1.341532776345598,-3.4605198422633285,-0.6980141599323479,1.9414275299046808,1.0708105968513577,1.8179385201889184,1
0.7782677221939236,0.38902514524522924,-0.6801279056302402,-0.5963121704748905,-0.7147327674926149,1.121417572411259,0.6655568232162625,3.099719136407238,-2.3945994283424317,-0.5883131023858925,2.0261808068244616,0
-0.31718673140737974,0.36047576303245427,-1.8082441506186169,-0.5651523488186354,-1.1400600951721709,0.1843293608108343,-1.4320548028471065,2.468758013581094,0.7966964402353326,1.78000668819887,1.514691240564257,0
0.48507476230317365,2.2887462137547137,-1.683678273186801,-0.35850268240604954,-0.24576310205296403,0.652431460397998,0.23811488866901653,0.001689273906613331,0.27675945221342074,1.3427073310402866,-0.6326039990539012,1
-0.5225334052951806,-1.0201439064227946,1.0673927150013296,0.024988196027441636,2.259976607698366,-0.4024775056361154,0.7015441625629772,0.6329959452548453,3.5302517583149635,1.6545106915676926,0.17952927493732074,1
1.0921347018298118,-0.9757214825347491,2.8353549174695516,1.267432435003484,0.3754260259577603,-0.7629329913505889,1.0783640094573907,1.3634926760658292,-0.3575295293150158,-1.6481386154924493,2.4052082954551963,0
0.16736092273811756,2.267749418327139,0.9359021653782661,0.9547036157333657,1.1928133234819904,0.5129062893934577,-0.5747175361949353,-1.5869810175570565,2.342041131286086,0.8019001269597564,0.4798702538413958,1
0.9881793840500536,0.0591321751768875,1.3373988038743418,0.2844415690682104,0.7213360647169746,0.5981513591190553,-2.31497484414172,-0.3805894824631685,0.8103315003284565,-0.6917484497124513,1.4790729045106843,1
-0.8288933572763161,-0.6300115196413396,1.862196501610843,-0.30344767257472977,1.8006114313412414,-0.024837240056536647,-1.5762825487917207,-0.39783607468367743,4.520654075799247,1.5729766662783142,1.9828693082740603,1
0.5577984751217406,1.5761146736772238,-0.8785280088289844,-0.43105072693209995,3.491515617217962,3.4603661436964814,2.7746307649765276,1.1322965136351615,2.3377880515400826,2.7995231890449874,0.7572722883744728,0
1.5280913799252833,-0.2572925195714993,-0.6846968098421388,-0.31193226316719397,0.9855649916858255,1.3894510595300056,2.142462070998051,1.1456449435184162,1.5848331103431437,2.1738692806629665,1.2320177566115635,0
0.9109021162253574,-1.8548927978619394,0.20424048802445083,-1.2624657346341381,-0.7203852148434229,-0.6938387570166056,-1.6207700925597501,0.8387210480324937,2.4054289283745525,1.4440698914001127,2.0833584625875465,0
-0.6651805498874833,1.4855678674861714,-0.07753558652959676,0.41362124734537953,1.923000667089884,2.390926462221338,2.8678973580011196,1.2334701256378722,0.12292919468158349,0.9098092051804504,1.1963687017748086,0
-1.0242379841915141,-1.7966624194815284,-2.181557723148422,-0.8723904670695144,0.1958227572723319,1.7685086455394314,-1.98681986639507,0.629987426475447,-0.9885866187318136,0.35498453876528757,-0.7537655643480474,0
0.04486750112549773,-0.7606159014806042,-0.7403794337186925,0.03119528334507383,1.656584285037173,3.518755442861284,-1.0653212477791114,-3.4381512747214678,0.9548697629766442,0.8855147915409614,-0.24070460623985035,1
1.7844741517185942,1.0574541979568008,3.190500126672386,0.6733943200682881,2.642260028518753,-0.43054746176759684,0.27501401509051426,1.5344672662096404,2.3580315414234025,-0.4486456252591069,1.9221953751236907,1
0.5214017492527802,0.6210772066793488,0.3297779469856485,-1.767017761661587,2.546783004774873,2.436250561299537,0.5865585328670977,-3.2771906916416214,2.9116257254699485,1.7182560005915661,-0.2747712053436835,1
-0.8515074591897042,-1.3587167564992286,0.3445271668568597,0.5206610237541557,-1.1852574199848387,-0.6060041119327533,-1.5894731402747864,0.17134652952677243,1.6532322326832565,0.8846063598005043,2.1220810227920426,0
0.09416664871032504,0.9144173142624874,-3.0138660015910372,1.0337690290782433,-2.9609693732507223,1.0859682283135677,-2.208742029178743,-1.112296227687544,0.22467142849070948,2.1180452714076354,1.0809056976072626,0
0.7404811988454898,-0.7730424090098736,-1.3595135012592823,0.28191772348596195,0.20253327829065548,2.3612599614951444,1.8375322315362954,-0.04412225873927311,-4.708755896648028,-1.960179890708777,-1.5070764930470113,1
-0.3544168352465689,-0.543205306523638,-2.3408164419646447,1.5015502756619512,-0.8039003509070424,1.796509923780318,-1.0282249865642923,1.2903125485374476,-1.8253345813467576,0.3350818780034883,0.3059660614674393,0
-2.235179378653941,-2.363738774966923,0.8143550129807907,1.354065429326631,3.40523095843945,-0.2114317319588901,-1.8371997857530342,1.4314383595065001,6.336598603708899,3.1637705430340057,0.6536078257378535,1
-0.7093608125690359,-0.7624423389480187,0.024045059326227067,0.7378714611026151,1.2078842743871894,1.7992735639454227,2.8184231004578555,1.1109427415786632,-4.277640231085687,-2.407049293934842,-0.9633092276360169,1
-1.7445119091522205,0.44556840801362635,1.531939855729306,1.141596287476574,3.450205472569076,0.09072572837905979,-1.1559163472774472,0.24477770056563142,6.108122382430652,2.7071285548536737,0.9367029439068169,1
0.21945163421529296,-1.759245769562549,1.1584754485597166,-0.2198361215685804,0.3063855861270913,-0.6497964710953761,1.0373812021321909,-1.5282332275681383,1.972764397339436,0.7400995577274805,0.3082048266441202,0
0.8464798654866417,0.6304983730179174,-2.3843480999594258,-0.3578559496417542,0.6787678021420177,0.013597714870349109,0.807388490403362,1.6053914028722502,0.2697853401573281,1.6197622606158568,-2.3751994646442034,1
-1.71483472450563,-1.1034290936144224,1.1733166479900612,-1.333412593764359,2.8307881393304015,3.668797858898493,-1.9590625018103531,-1.8662611718095876,1.7928070936641634,0.1996879294694327,1.9725557229875972,1
-0.005953459550014492,-1.3487525526489659,-2.6337803997000537,0.57431644506686,-0.3448181661378982,1.389677332800173,-0.6746243069370432,1.3545303095152215,-0.16366501220415894,1.6178905902324514,-0.134807246113416,0
-0.29713627832757045,-1.343191276202039,0.39092169301359175,0.9049746608298143,3.218850279546188,1.8085145642445672,-1.9959882704184895,1.2976459265147708,2.9906380965112707,1.3070754616509141,0.9265374459466307,1
0.7664820482262917,0.17524692633161676,-0.389340200873929,1.0515610673135474,0.4395798099066529,-0.3050582493216729,0.02485451673870276,-0.18852601706890004,3.45089035148065,2.602337076784943,0.4145183481831166,0
1.1294597088737302,-1.0382243224988004,-1.5342711160338545,0.20015961930821974,1.765585490761505,1.7282059565483245,-0.8457514308707987,0.3825180723282299,2.476936246043291,2.441740291850202,-0.2971004801133672,0
0.9852376809149928,1.0446109506486367,-3.23933137870365,-0.29080083024449926,-1.1563749554023448,1.4213902967205896,4.095020881996232,1.1198943583284964,-6.064487960509037,-1.246760444401151,-3.0302147873572407,1
0.2586842472661791,-0.5133822582036401,-1.3055013949862482,-1.234083755938778,-1.799330414191341,1.465211725651469,0.6348016834501617,0.8838543018569268,-2.6876468021391577,-0.35365080093461665,1.623256505318741,0
0.2371931072837757,0.3518311717813163,-2.8684679650568055,0.21087446028854678,2.1142706969467358,3.0689071623981046,0.5375745383167183,2.160409097933628,-1.7765078526474378,0.6280178427710132,-1.8531993072287816,1
-0.23952939620377295,0.6048596379754761,0.18225889940347223,-1.0946756976256782,0.0457444442337247,0.534823285195699,-1.1001971160556958,0.5508564417518378,-0.5046189138791092,-0.562351073971256,0.8209818764046632,0
0.165403456876949,1.8020635705004466,-0.3966490114663492,-0.24427461758062005,-1.6237831591177945,-1.2709567296876925,-1.4514890444889859,0.7837500818601898,3.603591244158264,2.787987785983245,2.4783586027633495,0
0.6678708080007488,-0.7716730143975143,-5.692514283445018,1.0278568743965997,-1.3161699347552838,3.3268665783069324,1.8974264581116618,0.6584550461920011,-2.609010463161705,2.543268463633251,-1.7157228276117584,1
0.27942018396135615,-0.6074866884229274,1.3571385953119484,1.3131589222257634,3.537965540990526,0.12774115921630058,-2.8795924194392586,1.6213103114547462,7.085523708952741,3.266051955793355,2.0004214778368157,1
-0.14904182709293015,-0.3474166600796464,0.35702451147385905,1.3346461505177756,-2.179780143072004,-2.016134026147775,-1.865215378238235,1.4458718897779541,1.7954685998725037,0.9888802646349256,2.5302270282122765,0
0.09916038062187908,-0.6419210329381446,-0.5915202781560752,-1.3923534647443403,2.0418357216904965,2.767191112943105,-0.8682672456666687,1.0642563589063359,1.8981830249579639,1.7222451469767988,1.735165314081859,1
0.16243197617057345,-3.010698564597697,-3.082576703829614,0.808271099216369,1.3042754368608303,1.8221946626963312,2.3740560275300253,2.454342245978461,-4.79722987706562,-1.1524831162045799,-4.003354721070861,1
-1.1020662723598902,-0.03935447604454901,0.4898099869738376,0.4120488592648057,0.25213521254144233,0.7630803197519116,0.9959975761467736,0.3484514930822209,-0.9671220855713514,-0.6311832651747917,0.8350612146012031,0
1.78140337099583,-0.5071541041719522,-0.886382522796595,1.668736518207393,-1.0900319330043102,1.264682353150763,0.0017308328233207604,0.046260084432853676,-0.4302603963721934,0.6818367448024074,1.6812554710721748,0
1.028998873148382,-0.027386324393986385,0.7639047571410914,0.5848943900394903,1.658435990397742,0.425368826840421,-0.4180952331544123,1.177572538945625,4.702969276191903,2.8174311532584158,2.5269791859037127,1
1.001077444374104,0.20545814525758915,-1.5384912081330342,0.6467721358753911,0.25430617465972305,1.8443446362481875,1.5250388378853668,0.9397194266905877,-0.7536418177337557,0.9937919650300829,0.3398596938840073,1
0.9912491298893521,1.2329646005510135,1.2295261065931293,1.6770391501575461,-0.0037128972093756207,-1.716080139402239,-2.9186785794416563,2.0186776529926256,1.5647854519056665,-0.289751377445401,1.3333820612766,0
1.1119062983535573,-0.13054846769321515,0.49223688672584587,0.5533688772871964,0.9769400642634863,-0.24665390716672664,0.6425476752796593,-0.5939039676027098,4.4587331991346,2.8711383649729516,1.107053498441812,1
0.08817938081732342,-1.7905412474695335,-3.0386074736640065,2.7567415845234815,-0.09742614906949609,4.687433752155054,-1.7938617082916688,-4.924135127456039,0.13494718442851164,1.8581756643594436,-0.5449381856393245,1
-0.659767702299851,-0.6082695183220379,0.10720251053661164,-0.33350865594250173,-1.074522197445524,0.7543532132894171,0.6515352941243504,1.5622629705729114,-1.7825733119819982,-0.6800450377272642,2.333925301484946,0
-0.14738645758702534,-1.883712015801609,-2.9800465718769047,-0.9608150017063058,-1.0214686661446484,-0.5931521177080348,2.744069859592828,1.0174168822041993,-1.3525562921144936,1.3783393770849437,-2.834797016970866,1
-0.5787284154479341,-1.4326643831656645,-0.5193560871327704,-0.13565013810355311,0.383482272394557,0.7364720069220243,-0.24124128045054993,0.7631918001847808,0.06280739508570966,0.3994008841799497,0.3041983669532242,0
-0.9649900886587439,0.2637314195150007,2.2995987635620625,-0.256046207030332,2.8876856021940824,1.300452048147723,2.349467050270647,0.0008702005089248344,1.486967249801784,-0.014395131898158331,1.333458134944437,0
-0.09855511706709481,0.09801353240258513,-2.0989335573017165,0.9953533120972198,2.5620931605944968,4.113865954245424,1.4524938936019276,-2.0713444274627113,4.359043061062197,4.730216207260421,0.5190392954275661,1
1.5100893922314196,0.06978406494858694,-5.725679620173567,-1.6751231569463283,-0.9657737228464252,3.21855418341693,0.13781578753697155,2.251070455342172,-1.1876125628652647,3.277172355162248,-0.6277928438781355,0
-0.1970911867194273,0.6652834409408416,-3.193824419527352,-0.7938009686475813,-2.911065859751485,0.9468568059276797,-0.5384903039063358,1.0164052937606707,-0.5671430123230407,2.1435678144645514,1.5102239483588802,0
-0.4513657074549462,0.9827713423898862,-1.1203312090963142,0.6705182967497656,0.4893381070856603,1.4387656321163993,0.4877781845255651,1.8257738639310261,-0.014161566134767368,1.0387334079159938,0.9401531329359111,0
0.5256029723696308,0.5342132488602945,-4.292927121156801,-1.5850444129432222,-1.3006476104068918,3.9111478535786897,-1.1680490756859756,0.8876219370017456,-4.353097546334826,-0.030280913863328873,-0.3353309629173782,0
0.7196075488593732,1.6561595042054564,3.9221567915600333,-0.7736240125565208,3.1742238060115877,-0.7120408537989795,1.932596851986275,-1.9779239929376593,4.907636225875455,0.9215474071554015,1.0557324869350957,0
-1.0168020510753772,-1.0002201809551086,-0.35949544703157904,-0.5352308562011961,0.6538643284160272,1.8150723021341402,-1.2014814184198201,-2.9270178204900414,2.177327909526804,1.503868492312051,0.37252555687181754,1
0.5620871592219153,0.8486717473414633,4.091311248326207,-1.45885343413087,2.9725170879048677,-0.9006896515906442,-1.193578711809895,-1.9981513802776862,5.771235432091174,0.7999298188478707,1.684398207366999,1
-0.6811010780282778,1.1559281775825834,1.7157048367394445,2.88795217991641,1.3414848785478761,0.10824634238049269,2.0702448232153223,2.6004792283396587,0.9321313322273976,0.1854398396405954,2.4374544364292285,0
-0.5625159064715487,1.2761100765319064,-2.1172725709224007,-0.43856407874763076,1.0123015596668727,3.094446219489675,0.35553264049474687,4.415915422024337,-2.112872255592952,0.42568002331174204,1.5475966966063286,0
-1.6119074727087086,0.6641049774152818,0.18188082605706885,-0.5183448495981914,0.2080462965022163,1.1578960052568799,-1.8423187039381672,-0.5142253941320705,0.8767784663226721,0.3005702699992283,1.4673321952189717,1
0.535624404235303,-1.013123395467445,-3.892755558269273,-0.48233745298399394,0.4816156177165828,1.9232869028952588,-1.2753190335242013,2.6438598078035764,2.015341904478672,3.8083488796881277,0.006250531130441606,0
-2.10397195908447,-0.19073059448792207,-0.37282100117921596,3.1271877343275447,-2.4438503624140955,0.5508999804378253,-1.3104744217309519,-1.244650771057883,-1.1782252079989297,-0.37506286760934415,1.9056666124193433,0
-0.850696617150212,1.2939427008084574,0.8805557835091535,-1.9969158758418606,3.525723810037115,-1.1314732549278945,-0.98668530448983,3.10534487526018,4.2109825504253315,1.6583201405694263,-0.6688118476466254,1
1.2087956867961218,1.0997630562969902,-6.1491747260122995,-0.06933995754896403,-3.745734675159948,1.8044423899758049,-2.7563758103211704,-0.5819812503384931,0.8956568848248344,4.5417669111947205,0.104128097207151,0
-0.24637816073079433,-0.4681122550928871,0.8097650476480146,-0.18412340967438473,-0.2819242095241655,0.5504503700408857,0.6215945984818225,2.7842491188667022,-2.83366050801965,-1.9655945631066465,2.034327154639782,0
-0.8395067339443607,-0.26584518459728773,1.2142272050124776,1.3608680874757546,-1.2101044779235794,-1.9525933260898758,-3.3460619826278104,-1.0995181323450218,3.731050683013511,1.20017024772164,1.8634227343594234,0
-0.2089824231860838,0.7458977563692464,-0.8762359454948806,0.0456415617258232,-1.1942571937875341,0.663550158560926,-0.5985473292326727,0.38743198942315793,0.11551292259292427,0.8836766949137467,1.5966844096233062,0
-1.217747088837633,0.06486379661123355,-2.1616379300113415,0.2181122432391339,-0.07429266599394835,1.3466705320879946,-0.3424674790217632,4.009680679287101,-1.536801857007716,0.5869156761130089,0.8364658840568161,0
-2.5907192349694976,0.6822087816150978,-0.9193418290232708,-0.8366285554630295,-1.503806731990235,-0.17315450582840608,-1.4544856126941879,3.9402446669912967,-1.4738970673705758,-0.2404823020137583,2.1736980094514973,0
-1.5538188638503418,-0.1638403894912652,-0.13366499017983138,-0.3484952693712718,1.771889500587315,-0.911344559959822,0.3289594015510636,1.7267486559853293,2.9524584113325316,1.886467976278126,-0.8215637585827229,1
1.9931985904434004,1.226200973882706,-2.3203103911045972,-0.08743957441113118,-1.7843285097729225,0.20385780121354546,-3.9022957902311872,0.8596180292786453,-0.5907796331309322,0.48138347488251265,0.03136621057370714,0
-0.2525654018151054,-0.2873183321924911,1.336955701810991,1.759966542582737,0.43804120709097305,0.44676339510353025,-1.9058271942654497,0.7362216378256441,0.20519743426898052,-0.913084040858323,1.9933780987245864,1
1.2003694799293934,0.153067199637151,1.3398483074817191,-0.5824665936896105,1.900045656766352,1.256342964668059,2.1591787680361363,0.009243698339054918,0.7817206730963323,0.15431041452286998,1.0694894019871113,0
0.5098879004937922,0.14779001757531024,-0.5869568198031948,0.4071261858156524,1.4180686876354662,-0.3680771011700341,0.3219916879464718,0.4319031639247892,3.905392178726082,2.9166694834002085,-0.48657052801656064,1
0.6491743454168148,0.41040398231660363,2.118551328704758,0.3921405907479676,1.7056578045576265,-0.6224777939363686,0.4725003422076415,0.39992343774087535,3.387463305098347,1.0119185005059246,1.5616798897537025,0
0.40472462511145924,-0.20566770150141375,-0.13226627210104697,1.247089914193706,-0.9116162913580019,0.5565405349953498,-3.919040002092703,-0.7243124171449421,0.5732777472956169,-0.08933257346711931,1.4841941316055867,1
0.7458922930970333,0.911585787192922,0.9535501336191121,-0.3451356830783898,2.624079861746533,-0.19993827913857243,-0.4595229599496453,1.7894798280944384,3.1176438406534213,1.2119692299955611,0.28488154889341755,1
0.14375274559364673,0.09461824118753473,1.3527223634973073,-0.23337346239884957,2.736595352632591,1.1084944641635595,0.5358039221095094,1.7941039019245126,2.1888750645499764,0.7739249706078162,1.6609599804679878,0
-0.6013694644475194,-0.8935408989728527,1.2818826447182137,-0.8419895147713173,-0.40854394604005484,-0.9284436141856527,-2.151700574060123,-0.00436695354047556,0.7414746557076226,-0.688105937643859,1.200230035351466,1
-0.3801925747403883,0.8246494874037187,-0.2836282281961303,-0.7869278991672172,-0.026111736558440457,1.299961930430877,1.1529051003813162,2.220912955794181,-2.0082930747712635,-0.6135079521616935,1.5124000889083105,0
0.829474810922537,-0.956914290125961,0.9532790047281325,1.080757093901229,1.442960700833189,0.807448639706602,1.638692758863575,3.2077598365713067,-0.8918334201221152,-0.6936919714254062,1.6602874726881653,0
0.7696719332622012,-0.4816569122612571,-1.3094324156302666,0.0516723945084692,1.3809711016790764,1.5786449017647854,0.26125902500226517,1.8705023096735116,1.7328632776104071,2.210813030252984,0.7517634311079829,0
1.0140293728292071,0.6975900683442582,-2.8195661836539614,1.316225438070101,0.17538780122755337,3.825204222138921,3.2655371749736704,1.2665528703513238,-3.0111820412939534,0.8277772344316137,0.368741992037497,0
-0.86708696607603,1.8568005172688702,-3.0853056571881194,0.03274511139460849,-0.3223791288444383,2.5522900436581493,-1.4959225999979067,0.6188947397255586,-1.4390285496830433,0.8919322808294331,-0.4196772210796975,0
1.194159696114718,-0.7338595343649289,0.0929596089152019,-0.5973831058049571,1.561885891282603,0.444459506559701,1.4406264836075602,-1.1696340428557743,3.765725993943168,2.6869295341441157,0.047463104959367564,0
1.20000678194714,0.4496376204938383,-1.929167505176392,-1.1729029702534712,-2.374661406789477,-0.22449395817488127,0.2558522961692469,1.1591561607201355,3.4866549560134037,4.320378091201867,3.145393391360965,0
0.011562714628441096,-1.6739062596721643,-4.252186437831773,-0.2444509443795764,-2.2167629676562752,2.822479234262174,-0.5535146258872936,2.4183900675219654,-3.678490478891574,0.7250622014139733,0.8431901284934061,0
-0.7645636454127558,-0.46880019090591446,0.962067518305991,-0.5248129657025253,0.01681907060996668,-0.4529009887259723,-1.2897419315429328,-2.6865319079580416,1.8970930291806645,0.280501597223787,-0.07464424619472076,1
0.557910453754564,-0.35607430973639953,-3.518533591198055,0.31467393334626054,0.21214094082570267,2.95720045681466,1.1299296197953774,2.364849340931811,-0.9646943327807417,2.1679423417945056,0.24328977639215577,0
-0.10503071966428743,-1.4210492378879314,-3.0898849573012566,1.115672185180917,-2.0621572490444797,0.46562275010534115,-0.48935545341412445,0.1751524456404675,-0.7010928689814512,1.6124609242273196,-0.5829776670958324,0
0.7872116669384824,-2.210450724747277,1.535986503054381,-1.2588383878723055,1.0036601371618654,0.13737872657030936,-1.703487757192681,-0.4243815823843762,1.930248134701277,0.005644068215016951,1.3875554630928595,1
-0.036645364163815974,-1.170420763332295,-0.8806653036236478,0.3744044214358587,-1.3205439441642213,0.6754186089565763,0.2519049912594151,1.3229042355111902,-0.8579978634045161,0.4648811314417046,1.8031081497920969,0
-0.8022868452669628,-1.1556025243792507,-1.6971491813492618,0.9083468256296516,0.9181367948900461,3.698396532445439,-2.2543950966331403,-1.7663846013152007,2.183796228743153,2.4208663356051656,1.4774076644389371,1
0.3125900751164282,0.688571016545296,-0.938924240973416,-0.23288387271612043,2.3583399710498965,1.513888450995394,-0.009256342860672007,2.5746460673696907,0.712645251302955,1.0062138814881434,-0.276922568632053,1
-0.3319310931800618,-1.920698031675998,0.640247356539653,-1.1888076337494229,-0.03140879847054512,0.01009926665219052,0.9015948361515936,-1.33433605753646,-0.027593084278020322,-0.2738163961572033,-0.03111593481315389,1
0.6605586987238709,-0.8013570863088023,0.9141740996394961,-0.5047021171134946,0.5143558988342372,0.1853315535157487,-1.8698784787758678,0.5803113507812776,1.996662589312811,0.5690987228342452,1.9962452334702747,1
1.2794412569013691,0.8630822079809949,1.2616722833629497,-0.030310811058453523,0.926401082020903,-0.6218303437864166,0.18749220959147106,3.3767319470422112,1.3014957873974866,0.30734168215260027,2.216598305238607,0
-0.27095158276845416,0.8258805995287223,2.9397311393831043,-1.377171401305961,2.3284954612576128,-0.3641058357779048,2.4337636871193773,-1.1293050986380635,4.085040913377768,1.2920939525035626,1.5014223701885856,0
0.6235123512807502,2.0191136173970747,1.3125833485130805,-0.2685009172736537,0.4789692004361944,-0.2380351772488989,-1.9585193025813863,1.3685461357012785,1.4306570870883897,-0.090499867592013,2.138501032187022,1
-0.4662663845137861,-0.726580462706511,-2.3168646413710934,0.6847605194220995,-0.6115617397285831,2.7109647611603984,-2.6147197087241025,-1.7884274115628802,0.9747187942624632,1.9277302294129397,0.8516405097910691,1
1.218931305089383,-1.3282890128588205,-4.2855350379370645,0.7504939420445135,0.09538496602890911,3.1157359358924803,1.3748553524142695,0.9037691098520623,-0.6776263609639103,2.7660995049183468,-0.9831832686011082,1
0.9010834733186571,-1.2514529658690057,-1.9185619163961567,0.5405581814628552,3.732372988021429,4.784509347031811,2.9199970995140596,0.9200249885044236,0.6496848139895451,2.31595029789706,-0.16288021209871006,0
0.08004165307690464,-0.7965295352836216,-0.34134431916656405,2.0797096091203433,-0.701843525934389,-0.6093509381057807,-2.239799371981892,0.6077058419584479,1.918754749759952,1.222985379222079,1.1437510814952239,0
-0.9793609027248962,0.17917488373197712,0.6328395374428993,0.9163680091084243,2.16231979507844,1.3205552469362245,1.7685728673645051,1.2538379009469103,2.0674975689559862,1.4673776900165891,1.4628316638734233,0
1.5991277236275434,-0.8735790627254529,-1.5555121108316063,0.7852133858307303,0.5390314954078492,1.6637327422282056,2.7759438524044473,1.450647378841785,-3.8771464366533257,-1.119075508229694,-1.6259044102397588,1
1.723431896566403,2.089307161266922,1.6130855923717466,-0.14505543570029286,-0.42992305270501197,-0.7369297293276822,-4.103893553641267,-0.5630064012831588,1.6947975177622956,-0.584306424819506,1.982174745155222,1
1.4703962461334836,2.0596490436754156,-2.163265745521331,0.4786956975243428,1.6557629916813346,2.293546238653205,0.9503940301559917,0.33829607328227396,-2.042631350766032,-0.07184876875527046,-2.639954058691778,1
-0.15758804642464938,1.0370153277881424,-2.3486048651712297,0.09915984362544733,-1.5667019097496593,1.6796479498662156,0.39793701764091416,2.5013568410405447,-3.679194632071201,-0.4598671142842674,0.8461497341693762,0
-0.8066389413940545,0.24816705172496464,0.45407724986237485,-1.1934306161202017,-0.00865899300873696,-0.01644463264981444,-1.5098389460968789,2.5514586008906166,-1.5072078516897414,-1.461930315035643,1.1721889143871824,0
1.140735520418914,-2.3199420612949457,1.5415776221029185,-0.9402457031832692,-0.057569412783093576,0.3497089191178536,1.253689856055411,0.8526818949346566,-1.111182335325212,-1.2001449970594509,2.1249822395726357,0
0.6802200340901964,0.035709789520994246,1.6524668506400717,0.1071220184216521,1.5924320868421231,1.2783330854071242,2.9197151623633877,-0.6895590273657559,-0.148451011803082,-0.5240806989658398,0.9194243836481055,0
-0.9661570899599526,0.8142829097530588,-0.9904969850243567,-0.864334438497198,-1.5815992946528694,-0.050208135828044176,-2.2887469129702165,-0.06274768203599135,1.539182634697646,1.54031841102982,1.5852725862770132,0
0.7843511348211957,0.2203513379399362,-4.234876299044179,0.5397282209097004,-0.7809507172134091,-0.15710587665296338,2.7255197850021418,2.785138014640236,0.10306606265502569,3.320552772575428,-2.1720588176643147,1
-0.9030892845330759,-1.5765400214057892,1.7206693518742122,0.7785275509041693,0.4220931856952439,-0.11104083813943677,-2.283199609487651,-3.7060506279858916,2.3496712795681094,-0.12018976900827782,0.29561537862411236,1
-0.810561925525526,0.5221446341488458,-3.358762529952196,-0.7175329795747925,-0.5438890588531815,2.599205535729646,1.4973050420458205,0.7217063172633346,-1.9429748286243165,1.3896011113160962,-0.5608916629059361,1
-0.2728809335300376,-0.992606750542686,-5.181380840365226,-0.24419414885687046,-2.642120142451519,1.4594356768039147,-4.452369489654396,-0.9402083093856728,0.7412363947314536,3.168959389120732,-0.9333904320398989,0
1.8979385547023504,-2.7678529627309527,-2.171250494163083,-0.5568596935444059,-0.038897192198979136,2.0196251134692895,-0.4727301515174853,-1.868455497113866,2.7079117930081114,3.324856383059868,0.39559661014669667,1
0.7272260793282768,-0.5500144747030196,-4.442288033814825,0.7969681318716053,-0.6546388403510959,3.470160336448533,-0.9449413929022347,2.680033042854012,-4.671631513332136,-0.2250846200773544,-0.9417527876550345,0
-0.8732969639515443,-1.0238488238066483,-2.904650554464737,-0.023456007488881398,-2.8667023096335607,1.2023297339211558,0.11681276573737431,0.6266766870953702,-1.1700327970375215,1.6909956046583037,1.5314659599729623,0
-0.6297301115735291,0.7939051553989881,-1.0479190807922247,-0.47838147860276464,-0.15776764171458257,2.3407388163970673,-3.149915131883493,-2.6021543488188215,1.2332147205410322,1.0714047176935466,0.9029803048642714,1
-0.9202830196934627,-0.4342330501660412,-3.737313506362058,1.8942137826555079,0.9218187690913515,3.572032973016451,0.8408576670463493,2.161307985379369,-1.2185101119730746,1.9666437664066807,-0.41849424906071964,1
-1.0201969628173688,0.4697475562835424,-1.2428484128826716,-1.5262243808466989,-0.47380348734156763,1.7227497480662528,0.6507485829462112,1.6112025379668666,-1.5870199385710295,0.2378098547194154,1.3697105971488905,0
1.1082320765794478,-1.0626270159567472,-5.529191048699493,-1.3002483226053911,-0.12559583131679752,3.6363053908528484,0.3739281989550828,3.483258370989018,-0.5870053666630356,3.6718497154636385,0.09797081434576227,0
-0.32391031762348593,-0.07791615917097382,1.329437073797459,2.8996980663079106,1.1990021322382631,1.3340113907699642,2.067129235202387,1.230919976369757,-1.3355065900287864,-1.1427497201880685,1.6033247751602078,0
-0.9211436330088106,1.0786626580428218,1.6839725713078222,0.32566476904587877,0.673675341915424,-1.2293115231624512,1.3228728317282252,-1.4851916507143001,3.9531367170753033,1.7998313248195745,0.8465158613956443,0
2.7455567007486836,-2.127982159286958,-2.861581466210159,1.2019663144314716,-0.9565179113203599,0.7566714396780144,0.4801515761399584,-0.049129406853054336,1.194226955450375,2.892877528538775,-0.4571569774616868,1
-1.5406735139815266,0.9399457932785428,2.439141959551876,0.8905240620983271,2.6917492249080976,1.1064062441604612,2.0411790415333275,2.5966590902587434,1.1777153110648617,-0.1384354201392708,2.8721687802988463,0
-0.5386483717420313,-0.8256786695365049,-0.990095360762688,0.9056545162294111,3.0919931973603667,3.217697000012882,1.9851625662443253,1.3665422566224479,1.585465053478432,2.190596085210709,0.563668966521516,0
-0.3512767880933057,1.0529652090215338,-1.95912188383451,0.7716518020784091,1.3137081565538635,3.5193782680384946,0.36992029255111536,1.9883252490170937,-2.736859644165383,-0.33107056937723334,0.07238405440666873,1
-1.0077035256983107,0.9249672412801254,2.057142977392838,-0.29669243342817986,1.8743058612925143,-1.0972078281012267,0.22341244971487373,-0.4709096818840244,2.3048696295304003,-0.042272737415842476,-0.39254390515617976,1
-0.4234387674057609,-2.3539841263144465,-1.8401386540811562,-0.8580116646425201,1.0781131114468536,1.7134238288077837,-2.055669362434409,0.14338613511070586,5.460099805295497,4.711167818210722,1.666660250317039,0
-0.8009568957231389,-0.4952796358191154,-1.7726946092679963,0.699580351661423,-0.7169998484532325,2.549618212450353,1.619150012738697,0.7370373667082639,-2.503393879213019,0.19593479160016036,1.0678605488035253,1
1.412574748108536,1.9742647736664518,-2.1636485373310257,-0.15059457222008402,0.3536465573152171,2.6973695581041577,-0.969281183775657,-2.895726911804468,3.1278913605240173,3.47708652435376,0.3315687847478963,1
0.28098820307230693,2.319437017283428,1.2422105582926424,0.7029284581762597,0.30774149706879195,-2.1968329896902086,-3.421789611367555,1.3850045120473498,4.663725568028323,1.6748748471160493,1.6831839126725006,0
-0.35802254379174947,-0.6731893511348566,-4.001363129709675,0.2636947695682738,-0.4539470377508532,2.208025256830976,0.7328773340782211,1.7111203585218477,0.4448186494749756,3.333612227299733,0.01836472132883782,0
-1.0471178956490774,0.5516020367721702,-1.7312308705639958,-0.21369093579523804,-0.12522601820694246,1.1857105768485101,0.8386357845812406,0.6922223214883533,0.258878979786112,1.633097095113738,0.2083895112424825,0
-0.3447338966235618,-0.6764086945496174,-0.32344848099765205,0.6366315275453593,2.1082128420298867,2.6340270315848704,0.376117498167873,-1.3110292816214062,2.903830854630212,2.3415497970339203,0.9442410662715918,1
0.08613649427970264,0.9906548273564,0.49933961164934515,1.7935093676839828,-0.25512449950307237,0.1818684307023064,1.1146288345940742,0.8389935877782501,-0.5133691733083048,-0.22339430151513762,1.3272358270061742,0
-0.4996385071047172,-0.6570025975838929,0.3383589616661644,-0.40367138288726645,1.8451680545639424,-1.9347575146741351,0.40542343180172136,2.4231430654773765,5.221759777700236,3.1837984902074306,0.038090780792622736,1
-0.09363385241181467,-0.23150599907284508,1.862557093794187,-0.25144399756165065,3.389927403682423,1.2215612358530734,-1.5000075544445761,-0.001966341571751018,4.373736464840927,1.3900355362210233,1.6355527531373504,1
-0.8705412430127539,1.2576895734870481,0.7260308855474514,-0.00435432723233666,1.06634064091192,0.8044822672766946,1.3602506263358265,-0.2278922282956346,0.07955665879861801,-0.13656379077920433,0.35857925228566057,1
-0.2876854748228673,0.5616407992647963,-1.3294232868585443,-0.10159057126963833,-0.1802898718454743,2.0688790179449503,1.5553024188694256,2.9386847276164776,-2.8653216277201814,-0.34975172581523606,1.4256949924771791,0
-0.03233706773402352,1.2916751745543102,-0.6989286804799724,-0.3886504650378062,1.2701229740691218,1.9550579288633978,-0.1605756520253263,-3.3880611667265876,3.513370415147415,2.746234947139591,-0.14376287171159086,1
-1.575099586989151,-0.6936615342292846,-2.403112621667626,1.153091539556676,0.9907857944901304,2.880988946942009,0.9546036540591476,3.0997396977059877,-0.536050217616842,1.7250465645706068,1.084830659174748,0
-0.3898059181343703,1.3469843302898508,1.4667947908222343,1.743698415474898,2.606751150120162,1.062997568257203,1.1971920023894358,1.5634003289982075,2.1426199031582605,0.8252384623229756,1.7434182274214218,0
-0.7621493352091087,0.09213949998870288,-0.439768714488047,-0.947638085249887,0.4447217250529575,0.07063160274174296,-0.8702026277728445,0.313630563322591,1.7156996386608276,1.2589354368514931,0.14353240765924002,0
0.4133853120665852,-1.4686323193848816,1.1031625383794557,-0.4050677531499243,3.5905789400904697,2.242152198652879,2.0681752868928505,-1.5626494068499803,3.3523900295942832,1.829594050455485,0.3253402558606995,1
0.5649876277617549,3.3043205111439007,0.8538176803231374,0.8771192806383772,2.721341271258936,1.1827845195823488,2.6242444730477548,-0.3167762706065127,3.485510948471473,2.2879356554672086,0.6933340570129809,1
-1.2828569106809347,1.5353909151079264,-6.714059022596223,-0.5504979672043787,-0.03606136821464356,2.8076233001800484,1.5238019077266811,3.009069496378901,-2.6386208104661066,2.7728688734373974,-3.6999880727082837,1
0.7210240738031728,1.7142940092505983,0.004825480948985619,0.24961298692006592,1.919689971283659,0.8108347084415303,-0.6342997101176497,0.9534793844066524,2.0174251479640457,1.157018439762552,0.2207178647378194,1
-1.8283195781656012,-0.30593594746780345,3.5066413842520743,1.1310300466948973,0.4839436735731294,-2.648001080353034,0.5810232845669252,-1.0806060867050262,4.026659537357646,0.5184547739667642,1.689756119423574,0
-1.483651510543774,-0.5364805581683394,-0.9262815610378048,1.2336659125445935,0.49315811724954506,-0.4053125834068878,0.36768407813129256,0.6450711440570533,3.3844547532552167,2.953732214385298,0.09435610968399666,1
-0.2733236271564827,0.8646596582836393,1.9497646454901176,0.7843259604075833,0.12406543764925138,-1.3726678316062295,-2.322003220315845,1.9278450594455943,2.5706986718066553,0.24723211489118313,2.88478901648785,1
1.425169930095889,-0.20409875037020825,1.0804027395165752,1.6314399336803975,4.115822603826596,-2.4101904008857615,-1.207807889872356,2.9216984052648156,7.41113458666285,3.467905859085077,-1.0852117245359323,1
1.218353082839568,-1.4798170015421572,-2.7408956342184987,-0.09212856362642088,-0.6732901378921519,2.3833756172363945,-1.5019360200919172,0.8692639807886477,-2.395271889520991,0.0676797266932968,-0.16902570224903934,0
-0.5057414071644906,-2.011237527873541,-0.3041641625092265,-1.3172266251636275,0.906744724065783,1.4333884840149271,1.7345452617494015,1.3209071420852934,0.334151692149247,0.9934076033711003,1.2257759705833746,0
-0.22568183606513856,0.35978264601337034,-3.1864052597120573,0.8372956620927798,0.1529749858584284,5.075835910335866,-2.020528275625658,-3.793054899685095,0.267212829777555,2.110736674758188,0.1806227854204716,1
-0.8287211964333115,-0.7434149810869439,-1.6282185303099372,-0.38828206207512006,0.9769336232170751,2.6315084390786874,2.8286305903593822,1.5551403332440559,-4.378129926091293,-1.3377442595669393,-1.3103028576088391,1
0.2917868645039148,-0.2940313811062091,-0.0525887231004875,-0.25393825726054037,-1.502839452152162,0.0001466460368710898,0.8866846697049424,-0.6217107383844076,3.1432021876992446,2.883101653659726,3.1737800655301145,0
0.3941102858888795,-0.030828637525426462,0.18868427285799091,-1.3506799126671767,0.09918201124042081,0.9447529219337054,-3.1948684081609104,-0.9333366150698679,1.770052896580116,0.6110245347427412,1.5740788966415118,1
-0.21364266757221995,0.765185278355485,-4.719335864462793,0.10656195761390165,-1.0304675991543357,1.759254183068263,5.584988274737841,1.3840534094805816,-8.150907851259147,-1.6366637672450142,-5.386442736807008,1
-0.8423558625358462,0.30719505289197774,-4.3102291975907665,0.4192681193622638,-0.702919608253298,1.6793394531431731,-0.7582248112976684,2.375145737306915,0.9746770319920067,3.5764787649382805,0.01713758673499266,0
0.3044445580189987,-0.10836287501298306,0.21507758012826156,0.039699462131814724,-1.9202492570254743,-0.8141097876267567,1.0309990713410695,-0.5643493457664142,-0.9405709117424632,-0.34454781899937115,0.8421084143234054,0
-0.22341917200207187,0.46538563398435856,2.7829073879820765,-1.2007043165499651,2.4626139637413793,-0.4643550191973409,0.9554997970469528,1.548416152398321,2.2272644193257563,-0.14448555730890988,1.6002990095147673,1
-0.47548983414124063,-0.1389541948439425,-1.2777995275601017,0.04217984371337291,0.7630218039029786,1.7805730123693835,2.102753058889824,4.558942807804993,-1.7150321107022188,0.46297296749858663,1.5524129643988815,0
-0.1494083582943104,-1.3166817027789515,-1.4725679655230448,-0.5948380257836045,1.8674885082023227,-0.47530547393827893,1.5619673996043457,3.5953122972117395,1.3897327387041076,1.9348241001636566,-1.6321405669053037,1
0.7125340497205029,-1.7526564273822347,-0.07280631343853755,0.40522268848395215,-2.0125275270751013,-1.0500303584715618,-1.056218205718469,-0.9553440756325753,3.8159021744064074,2.843044541060003,2.676941861159099,1
0.07745697180040248,-0.6859399959146785,-0.525940884341502,1.0670191549341719,0.002404395502300538,0.8903037145948658,-1.6212661828032036,2.435099759876592,-3.425791629034864,-2.228559365596219,0.03704553829890578,0
-1.648462294937381,0.18727517691983797,1.656054818805134,1.5154104377695994,0.5436180365197134,0.6888555794874879,-2.5700070610435546,-3.814875742952076,0.05300904495321063,-1.7385716226457406,-0.290180038025625,1
1.2645902395538564,0.5164612966073144,-1.335933796364802,-0.33495140833310555,0.9282895133688036,3.292992079552333,-0.4908696750068122,-1.3708295711929026,-1.0668037865755324,0.13557735311563268,-0.12205728737089472,1
0.3748928737987275,-0.49883824336598775,0.36503747128075376,0.3184252440831102,1.0675032099105457,1.4808263532214008,-1.2246543529438856,-2.2148156122973344,1.4471137133241623,0.46610523924288805,0.2880968780068093,1
0.2661220189845742,-1.8527739202780178,-0.8882557502370623,-0.003774105039244134,1.0435328063891385,2.690496593929176,-1.258523016432961,-1.6657947511360551,2.3616265452930407,2.1135445467352607,1.1885833114933397,1
-1.52640281357171,1.6426218793922567,-3.656566392216521,-0.6803742882810953,-2.3389523622442834,2.4858185393928025,-0.9369921304782509,0.880426521935988,-3.36291092549417,0.3796086523268908,0.5098608263940514,0
1.2897694262852086,-0.23831259192237642,1.6818063404266514,-0.8595876193113972,2.1217853830779805,0.3813310888229158,-1.83608119118627,1.8950219279067322,-1.1202706049640023,-2.388402925703679,0.15971859023318968,0
0.3512929544627731,0.5999111598902238,3.006796512811963,0.008661573553583884,-0.7184683440158308,-1.6643804595191565,0.7576171835937944,3.2333986051056853,-0.7059737844781083,-1.8177422650012351,3.8078588295302165,0
-0.009558837341800382,-0.5373657825537782,-1.828946507259462,0.866765421364985,-0.7594863120417683,-0.7472189737596269,3.0133798632061954,1.0273549465355605,-0.08236322009768056,1.6863144739868137,-1.3666940105375969,1
-0.16222850997979715,0.1669097973789708,1.9363143692984282,-1.3904084022347474,2.3510728713670677,-1.4276964324903743,0.4460278740796425,0.11542378585022461,2.027357573709159,-0.2689971817886452,-1.3175377729835112,1
-1.2088520164071526,-0.1370663006256482,-1.1910247653501618,1.4766392994687434,0.953374199588038,2.2080886879091994,0.18407062484451542,-1.0804531463528908,2.978665217300566,3.026066355185218,1.0923599188178983,1
0.540597420574795,0.6110228115343198,1.1215075117770645,0.39500352058291127,-0.5838340709265477,-0.6233993218044096,-2.6753727696806493,0.12722058981378304,0.8231901875510178,-0.5382987234584977,1.7202907028614742,1
0.2408794444275621,-0.39457443121462416,-0.1010658104043924,-1.2054086661994157,-0.0810008131240314,1.0476308282666968,-2.850276418706584,-3.4810082647904403,3.2208802057094474,1.7532092561644501,0.8795235027923134,1
0.5329929853837977,0.591831539588543,-3.7891207916567913,1.3265022047005,1.161108477474837,3.5898114357432176,2.2452911359677725,1.1204606025489139,-3.7674369017301053,0.24415937445189195,-2.7369773317113957,1
0.7435920794968758,-0.27716129611710244,-0.1817045241281695,0.9801584451725648,-0.3830554888183242,-1.1508272297915636,2.4891528289242943,1.1642006466058517,1.104756317957552,1.4281943855405306,0.2315203121858309,1
2.411378362035877,-0.6698657869775261,0.6155539391992002,0.16798825353308539,1.0668002950445137,1.5954484617840414,-1.166500238573047,0.3697947692356629,-0.10806739366240449,-0.5516514765478147,1.3959023177751626,1
1.5889965328617968,-0.48372027758286024,4.223426626909029,-0.26035987511298775,-0.3308235932540594,-3.413228893860369,-0.07096111001471728,1.0448311151925453,4.910339895777697,0.8949491420476704,4.328047550835471,0
1.8150939205099013,-0.015502574633353973,-0.29530615242501773,0.7525350341184319,-0.7478759418973748,0.8062530728385511,1.4194847402209247,0.8837061723695498,-1.918304291688497,-0.533209819061873,1.0730132690438672,0
0.2619258332394134,1.9518421186654036,-4.854434840321369,0.7843324141729423,-1.9253595780351072,1.9111947300451138,-3.6418058123678896,-0.33954922563898315,0.5712929234732513,3.023377938762308,-0.6527183342258598,0
-1.1002013943138877,0.7147350830078343,-1.0236070751637603,0.9142853970723825,-0.29572172518178563,1.0232493441417596,0.929438072532166,0.5124112586166232,-0.5859205324721218,0.6395975727345871,0.45122644844321114,1
-0.48645252261138067,-0.7302890278996746,-1.6001620199553181,-1.8636177748150753,1.612619804065663,2.7862056395022803,1.8907102767934885,1.2997265681409822,0.07730857682259744,1.6275356363671567,0.3633812039592338,0
-0.1980871490988311,1.1810463722779934,-3.1160732908540805,-0.965585796025546,0.686821376221315,1.0242356427304622,-0.09645873318052378,1.4228536885244116,1.0252469050876543,2.565096344653166,-1.705045705340507,1
3.309771467842349,0.43427266990083774,0.5124704499699887,0.4319038221603755,2.2329743664655357,1.7031996150190176,0.27869498109002233,-1.7168095685295928,3.5535860109428277,2.102275803774464,0.7182679801632894,1
-0.839123870695126,-1.1441383933225409,-2.0740844558395475,1.4738225190169703,0.002985996130860591,-0.40801383798396396,2.418553405276981,1.2784989334613548,-1.4902457294880018,0.5399096794072631,-2.8134901381043322,1
1.3915658613672814,0.2676382151690897,-0.6764355663220127,-0.6941905399163618,-0.764516270960355,0.8974315018741261,-2.7524445772215573,-0.33838307834200076,1.2936703598710142,1.0635740487223926,1.7378910420067648,1
-0.4156411057156335,1.3135250893498658,-1.966126411784641,0.41273518003561316,-1.2675483348018157,2.6905881181793276,-3.2641560733571806,-2.208216595504652,-1.5273186062405875,-0.15378606653078486,0.42219095687751773,1
-0.27518403447541023,1.2165146669094633,-0.4621482900133617,-1.2038969950022582,0.047898675712265915,1.469813850495915,-1.4170419898581186,1.6627905599715351,-3.978565170740778,-2.5917551798510465,-0.013800834494663183,0
-0.5811334546123871,0.6776171242467586,0.42919780442429123,0.5182420535705555,-0.2035722728850038,0.7277443503041681,-2.7572176924687772,0.45021711598167746,-0.3296157936204769,-0.832976154668015,1.649939198686722,1
0.7194674982947695,0.9434775204853008,0.24893055668700417,-0.19218338803442953,3.8026364910429686,2.8697560269000673,0.655042284990457,2.6861717687644444,1.353550043231383,0.9488688936154718,1.2762062586915972,0
-1.5673045995493795,0.04083829531717499,-0.3181394675552224,-0.1667139522134003,-0.3650512284322962,0.9912677922186138,1.9977824013244918,2.2009920964485703,0.2802845276728166,1.3180339738680877,2.773031571010626,0
0.09535559961925655,-1.5893871238951809,0.869417651696155,-0.834868942086671,2.911939523389014,1.9975697343926302,1.618199112313615,-0.010458771845689885,2.091834521444831,1.1696944502630677,0.8547305070539121,1
1.8510457956022515,0.26162791987041656,-7.450299944331213,0.031925061246312086,-2.517246131792506,4.102703785308033,4.069047854911175,2.1195430315203874,-9.687182080152072,-0.7566925358559622,-4.186417346665129,1
-1.2106190352135646,1.935390378987773,1.0040581182857757,-0.2343409608705521,0.6488161296177177,-1.2805321032449077,2.2403887654684747,0.5673191505708768,-1.6189297583213793,-1.6226903000494253,-1.7332155757776324,1
0.12706062498908205,-0.20204588922165714,-3.5207259009403455,0.20140614155873185,-0.7580747961721774,2.2369488805062954,1.8542968214873854,1.0891957045592622,-3.370709321373204,0.4955997479673152,-1.4567309858294823,1
-1.005572529853697,0.18795675354788632,-0.9472751896263731,0.09348403193193527,-0.6276106481421302,1.4174651095423483,-1.979528622349782,-4.136326813449096,1.3487960140233237,1.1398888652097725,-0.3296183091072351,1
1.5507462711764723,0.7188727166669697,-2.200123639900803,-0.024802221254419273,-0.7295948470273039,0.033278959910594264,-1.8289675992753058,1.6954039291017957,2.302467736491608,2.821326014845976,0.7371227224161667,0
0.741692215309893,0.9079243928010846,-4.482153694460705,0.5641033201362463,1.549166284162287,3.0344833210908324,2.57851446516928,2.141332022520876,-4.122022390728395,0.2999329160255205,-4.237794018958242,1
-2.0150881063833683,0.30234921418337923,1.1288884449149874,-1.5849143375822552,2.402419597967915,2.266175834215285,-0.8573566672498831,0.5395004460746209,2.8033240793621985,1.2540790519495242,2.7799531303378058,1
1.4296170741171907,-1.5214278556135608,-0.2839895911442344,2.3588363218928126,1.223317348776897,2.234188747712393,-1.324984818231608,-0.971734078298532,1.4918363477600023,1.0549752424807264,1.030515957981903,1
1.5231502565213217,0.0312359845058339,0.21811303764120277,-0.18461509692554343,1.1926689601492955,2.244103278232795,0.7783200941731949,-0.5074195128107901,-0.7813791285893359,-0.3950433056693363,0.7104937000035025,1
-0.6436807084538717,1.7359276406790132,-1.3787635923207742,-0.30113444648382565,1.4049873767458818,1.5989700925892616,1.786849039898963,-0.5913226641775138,2.888883181976628,3.2164672599069464,-0.1442142606418284,0
-0.9878691687554899,0.369062345595952,-1.9396592481653447,-1.2519841028719796,-0.6545783776837499,2.292692781520465,2.4301177417176647,1.380142754369593,-2.404343980866591,0.5263824255609479,0.9446917441153733,0
0.6959059420695344,1.0119827016655074,-2.0465213617753375,-0.5816777105080438,1.6074176731621486,0.9524032101883354,0.5399952473441505,1.5174366086415618,0.06797287158747606,1.1946041044578157,-2.2084490103853307,1
1.8279472092573916,1.1251512454383832,-3.6533103523964576,1.494323265450195,0.15108960965084928,3.579274776154673,2.014865625611285,2.234128746914816,-1.7078966867767063,2.0108819175216057,0.4429994320177061,0
0.8181493599716112,-0.32496258144114615,2.9900264505181915,-1.7059832811690474,2.1272053250404652,-0.9018472059977569,1.1365259194854058,-1.1665851241121503,4.1415144319572335,0.9557006927412066,1.1584259832376613,0
-1.0638842451671295,-0.3363577243749782,-3.7507743078819487,1.4595943825693198,0.6338852328435644,0.9906401873664868,2.154827110707867,2.324176910895712,-1.709910792748634,1.4371213546895458,-3.302928272121697,1
-0.8205274594664843,-1.2542607299795667,-1.3832354766356256,0.6815625912269042,1.9968761953843774,1.972327703144853,0.45114967544247686,2.531116826288377,2.3265851668736977,2.7290583698101982,1.0851486610778696,0
-0.19832303356448502,-3.7565216962135346,2.6728462569253253,-0.08142630854899705,1.7471728384353806,-0.8678154534626938,1.7642039068728983,-0.2861864158815419,0.6276934614282612,-1.1859582171127112,-0.053958723592525404,1
-0.11896776322180189,0.44303642438767893,-5.364175063725831,-0.5655899155093993,-2.7644249755429575,2.664769077293062,-3.4469151657484707,0.16292356449327183,-2.508574722335499,1.441099341018104,-0.6412323432065545,0
0.7510386614270732,0.03063828065675493,0.14801172995105316,-0.5512186428541511,1.8345889742577206,1.9222003646162618,0.7626105202238058,-2.3080507690859826,2.2005451124776116,1.4767597688827274,-0.006026039389703142,1
1.5737483242530685,-0.3868219902770644,-2.511868448026079,0.6311228734424497,-0.050808387842081526,2.0402832504570325,1.4586704306010554,1.2209743774907937,-0.16100952038236174,2.0766401384107382,0.3606640330829256,0
-0.29904690503138176,-1.3465728128456138,-1.5958320473708583,-0.08640312439057961,-2.35385591920382,-0.06056488712571739,-1.5104366352176828,1.6067454983152796,-0.85421743276788,0.5813229509552635,1.5697503926118865,0
2.519586048369539,-0.8625414043595465,-4.241184307895845,-0.7646065210660994,-0.9619143005903535,2.287938154140173,-0.3201919412174882,1.865554766911972,-0.14202991185587546,2.9450310799636705,0.24133516810449196,0
0.7720397463812968,-1.5637515660339556,3.4648212581130493,-0.521323276710168,1.16766714940805,-1.6510918829799262,-1.8868483743956155,0.7801539744121477,1.6149304429105191,-1.5897571300360331,1.7367292851617608,1
-1.6866893676019998,1.3411956102958926,4.809167506775537,0.7737770841806496,1.9654487927911497,-3.6458588074496756,0.7683819704382941,1.641094177227127,3.4447621741268057,-0.8802013683771952,1.3964696117349806,1
-1.1635474023287398,1.0512945265947389,-0.40916909328121526,0.5512612421533414,0.6053965484248345,1.3586595492002012,0.7453221968635029,1.999800077443232,-0.4492004696159025,0.36662161416326555,1.3612249164809391,0
0.09265459346428814,-0.08314679236298662,3.6560602244865725,-0.09841420176279199,3.980383380361429,-1.1676003634401493,-3.179080383406977,0.7341229210022404,9.57980591586941,3.3931827301804245,3.2822070985703737,1
-1.0900046967964414,1.6841373138905826,-0.34328730823689546,-0.8870341280318075,0.7429332240678622,1.0527700997511977,-0.6026598079419909,-0.8682706004368161,3.764024422590346,2.82285059887313,1.4625860855835073,1
1.3203233219818011,-0.5851606342192837,-2.6026929316764122,0.9406165237771351,0.09960961157731363,3.557973570686928,-1.6649097087356508,-2.2578624374674416,1.9456796700365355,2.9735693018794187,0.9148095443288911,1
0.22379461720215615,0.8434681133497395,-5.218674653013857,0.3680956461082726,-3.572360686685096,2.2381370386649544,4.276430393121995,0.6113160333623098,-6.879518340633246,-0.05977763929952329,-1.9742894887173263,1
-1.643453493827109,0.8722016003607909,-1.0653691296846461,0.3953862880034677,1.301399330971142,-0.9593036987736885,2.922556597125185,1.6622960086717438,0.2784619796428089,1.04497109200169,-2.779597538408414,1
0.3189729485485423,1.000001382983128,2.477375829375545,-0.07846806990634891,3.1637416584449336,1.5205290548679549,2.292711908729305,1.1747097973044631,0.7165624190996777,-0.6087330820868906,1.7260384943065579,0
1.8097662972257929,-0.6304829677712955,0.4271810520003823,0.371943777245099,-0.6332484482613585,0.5137587092431839,-3.8921538969390377,-3.2777315489009813,0.9403137268989238,-0.41768357329144856,0.39001554813544537,1
-0.018950492424660556,-0.40450417321439247,-0.5260332074586641,-0.33273124808620363,1.9771857760652822,0.3618526900723015,2.030084902982162,3.2124452020484044,-1.7240598938268388,-0.6758075809069373,-1.629548629329888,1
0.7330599290121598,0.7958348218440753,-4.893558187450763,-0.4472171754027167,0.4330012823435948,4.635340524039367,-1.2810573915689298,2.2843187593606027,0.639046677174153,3.8532590674694682,1.2272004499743256,1
0.013025935363029114,-1.5494692104540515,-2.1609953578547207,0.12825518258873944,1.090563211014782,1.9604932802060504,0.010698855008086317,1.0391885560753342,1.05339251655286,2.169712421682193,-0.2426947684829308,1
-4.265612043344588,0.16908407402965006,2.373546566896568,-0.8284844698143745,0.6598561575746946,-0.5207240067528567,-2.8811803161641407,-0.22288326052087337,0.32243876973184393,-1.9318776250496974,1.195240661663654,1
-0.966484421597341,0.6025751728774896,2.1295836090662332,0.15055761087524827,2.5659826526046645,-2.1597461954340558,-0.035537138002934565,0.824940871389491,6.394667248719681,2.649654596152581,0.541126482333858,1
2.817133842836856,0.005382847292900348,0.030659062153197195,-0.7993193934242829,0.3306871013699513,-0.008681315779823784,-0.3751745123083863,2.190834604732448,1.2242842251120762,0.9382102789612127,1.5702284553758075,0
-0.34883133124148025,0.524615460449414,-0.2410378921067023,1.0019441526204709,1.73432278623156,0.6610591610266334,-0.7032745170814789,2.3722922603807204,2.929748669611967,2.0993484475796205,1.337794503636437,0
2.4118361923291043,-1.020363354698099,-0.8148769937856125,0.22623517371388085,0.21896826802334124,1.431273041709337,2.3790158783322397,0.5178754032510812,-0.07951751040460783,1.1872853194847246,0.8240314668355313,0
-1.5937522902756291,-0.2716072212060723,-2.9898497778246638,-1.2472389437493716,-1.2849507200084327,2.252332489785731,1.2646080151528318,1.4970821528103104,0.2519501888726181,2.9664695082104657,2.012994541365863,0
0.942120711466941,-0.24061449278552588,-1.6436282374372941,0.6824632708901323,-1.264104634879108,1.3677476304043878,-2.1296674961897413,-3.493586191923552,1.87105866134188,2.0688968072920577,0.2967707837297414,1
1.8199437207195348,-0.9121144773356652,0.012157175959019481,-0.621601988783544,0.8574756556667202,0.7674951700828505,2.0533465173281877,0.7931710948749353,-1.3415976306227304,-0.533570566343502,-0.37353333191519,1
1.3093943599231097,-0.6849259380225858,0.23754153647570078,-1.5426823620162082,3.058673747090984,0.4778913978793806,-1.3622193639358895,1.4598580621615163,4.608652853848876,2.511479457813298,0.35340924920105365,1
2.051902339802233,-0.32066203496796614,3.0861963241092187,-0.12474335305093706,0.38574633699374206,-1.8596759703633992,1.8531384984089023,-3.1382439523615346,2.9347106923186255,0.20079197280300776,0.4880884425447449,0
1.0782540869029942,-0.9015145545729792,0.9557707121138993,1.7467088168514078,-0.19812990648906803,-1.1940019944438096,2.7669524685991798,-1.2451600700716514,0.5013160589953655,0.16104115547001674,-0.5408490182668353,1
-0.34627739692442416,-0.4683238278790244,-0.5403625371842037,-2.2617334503924194,1.8041472403968373,1.5037247466575403,0.18055794352781251,2.5967431911273353,1.7364028306401829,1.739348818734407,1.4201247021908245,0
-0.18079019897840914,-1.311128562249781,-0.8860416742322038,-1.6912315416000054,2.1597061800741346,1.363490227970474,0.0966875476158533,1.3068220103853843,0.0446323557290207,0.4010632976907562,-1.2628775839537805,1
0.35602885768537096,-0.9212013787263341,3.308255406526612,-0.5795393601156464,1.582414131481213,-0.20152132144306845,-2.7320784215868246,1.3099727777921424,-0.1315303417946597,-2.746468805722967,2.126350131146043,1
0.316488807245291,1.017256186600537,-1.2355058884904322,0.3915041970754788,1.2680935207107784,2.2692958771405953,-0.6804986945487386,-3.3822763977367307,5.048298031703823,4.129666011319657,0.4660807457301722,1
-1.903461629296311,1.11164922419444,-0.9278358034745399,0.08900993546496119,1.4394267369652496,3.487030544330466,1.0094567799811265,1.3322075921717353,-3.191690616971124,-1.1720474914641001,0.3960416676410583,1
0.45904730250960785,0.8069839358233186,-0.6321481577855804,-0.31784276849414034,-1.212139529053223,0.36472646848279433,-0.8380976788316437,1.6539549717313955,-1.5540425193669796,-0.4869072999196149,1.3766326590095495,0
0.40136491121850326,-0.24958713098875399,0.3692915952037938,0.5961135166689118,1.240124074024582,0.7367784594726676,-0.057647880254899087,-1.8462167511077594,3.7145159509977552,2.2515738998330064,0.6557388406888127,1
-0.5027161251380803,0.41156789213079403,0.9775223326919732,1.9354140985880617,-0.4474222799394073,-0.48817484878571804,0.834879414315719,1.315735303139389,2.1489719455118417,1.4053389314555114,3.0257158196649163,0
1.0710557274680594,-0.1499773640368162,-4.3730360761335225,-0.2660439850784978,0.4021068542742118,3.7743212308830145,2.609986440971253,0.47133042526688007,-0.4756930410823607,3.257697972250198,-0.8090685358735192,0
-0.8890523847003338,1.139843569250567,-0.49445295360071423,-0.3666930440042078,-0.9768029976667012,0.43088076333979,0.17212006246611677,0.2628845408964122,1.6463981807229175,1.8833617714796484,2.2396705855546717,0
-0.6550119446815704,-0.13283405201417112,1.7749303274297334,-0.7877414006757163,2.7750083288532297,-2.62605572483529,1.0282661823238344,2.118401141071679,4.373537418598703,1.529069193311844,-0.9854958464145159,1
1.9654770503678984,0.41119949821735824,0.07697686174036952,0.5532717186872265,1.5661567628563424,1.5864565099261558,-0.470886263748034,-1.7312145585744898,4.750856219370689,3.199545414176237,1.5606602821650575,1
0.4296062049759908,0.3628886577964345,-4.3283136941502045,0.6663100744261725,-3.5018507118723723,1.406809788769012,-2.6858239816975065,-0.5288283723540483,-0.9134096685202877,2.1076643408243183,0.40052994086116467,0
-0.6582444445656409,0.7134246743156856,1.6527654022678009,1.0180429694024824,1.5925661081087266,0.08018172756721753,-1.3318092598907982,-0.9170991255483216,4.202627306728066,1.523663682000239,1.6580535746884424,1
0.6691654889746819,0.18659813930395672,-1.433497704163566,-0.812648528261026,0.24263312525598746,-0.03923378895401752,-3.8251881448515563,-0.23930379105918753,2.8223871686381776,1.9357599798142275,-0.6090923442451648,0
1.2486279809439604,-0.4451523287894752,-5.602117821703316,1.222259429048581,-1.9729683455410476,2.6911350657721975,-2.5247909428119675,0.6945122962643338,-0.8859955636616595,2.8438399312690303,-0.6560834805096549,0
-0.08541635026623885,0.9140281810665623,2.06808564180765,0.34242704215321995,3.8028418110133337,1.625530861891995,0.9108574923145658,2.736381921301387,2.2707561817742747,0.4767479160477017,2.347369602205905,0
-2.1289086734712073,-0.3319999323533108,-4.102796109828126,0.027244155055375974,-1.9070194582182751,2.229572839441745,-3.6177678191172347,-1.7352074371639605,-0.9692421478366312,1.4136265259355356,-1.1248084686496367,0
-0.5067679933825494,0.9838747575398692,2.5139548710742767,-0.2181126051078223,4.642801312701332,2.700174041844513,1.3341583812056883,3.7673946149067685,0.34674830956713737,-0.9875180770053227,2.6466609990306553,1
-2.3244791396989397,2.086339462301824,-1.2120221575613963,0.19245934900076456,-0.9014156696223852,1.8433636509698985,-3.819929177260765,-2.3591708042686546,0.4528844796195679,0.5267698546911375,0.769847076126776,1
0.0319864304056352,0.9857187774550924,0.812559931531369,1.1316298198330752,-1.0475131127863349,-1.3958504590912222,-1.3572631986102537,2.503975885155379,0.8545790105970376,0.10892569667357077,2.483368153241105,0
1.0012363602238643,0.08433700661354816,-3.9568420261207917,2.360193143336368,-0.2061032224788255,2.7510154180719444,-2.558929459108534,1.3752500003400954,-1.366264266048858,1.2552520686936726,-0.8241589564641192,0
0.14461031463272656,-0.38874107006945474,2.1980995285050677,-0.39001822919915397,-0.17155716179519342,-1.1380024477715818,0.15299574731798427,0.8643582854413042,0.11403893792972143,-1.1548158304739458,1.8805766465820881,0
0.8193688681732019,0.9953219784913396,0.04751974184229549,0.5149919985767638,1.6999253357529556,1.6340589623622732,2.9884166189545533,-1.4005717111580038,1.8356629034422765,1.8020310750735935,0.07943983098552021,0
-0.377405918279586,0.4880703556336071,3.0910522142515453,1.1857504245996686,-1.0030954516558477,-2.208682102157801,0.4355715124174837,1.1723054016886618,3.0136108893348914,0.61290278873224,4.399811662497897,0
-1.2506922036538248,-0.24820953335658658,-3.358879118457785,0.5448359810948299,0.7925763689755451,1.33749452391912,-0.7309468110241983,3.2376218848522296,2.9578920465857776,4.207879537877808,0.3842030317787051,1
-0.4373078345797575,-0.9105361934631253,-1.6489370932798506,0.09305196303222946,3.1496638370404515,0.17054972358256482,-1.0073023935068828,2.6754471051299613,4.806658919294207,3.7562176924071267,-1.391336936457899,1
-1.2258526604350803,-0.8094408633530444,2.1872388703849555,-0.4005285260581856,1.3712946192429025,-0.3141014041661445,-1.0321409565268191,-3.3579681745534127,3.1822931821764233,0.2892975855414124,0.060101517755302813,1
0.27947572435752244,2.013783783075325,1.3347901379444336,1.5354593284440916,2.702724456473642,1.1355086237136176,0.8260377360599709,-1.599368342616469,3.369544263007256,1.428720216295874,0.3452818822241136,1
0.8087932456713334,-2.2506345168513198,-2.170318056118146,-0.11100474064540021,-1.8211517404700217,2.362686816480201,-5.170109504090326,-0.8042438052806765,-0.052336585342821255,0.8353715888593168,2.105201004082605,1
-0.4225317574389595,0.18933644484596757,1.3629552962713465,0.6357737665127805,3.393749455538924,1.171977488773713,2.4439114485028357,-1.3394435434077943,4.656297797967063,2.59442417209429,0.4304343388657599,1
-1.330835659284276,1.031333899851764,-1.9392993628533723,-1.4236243444381262,2.4184064409002604,4.766437875350993,1.3936760216539716,-2.3738601822223426,0.8136214406785321,2.125693575957678,-0.4506415823187464,1
-0.25336697875680037,1.2774014958999214,-1.990374513907574,1.6710180460664503,-3.1149094075673522,2.594605085549582,3.656710953658152,-1.415578026467684,-6.609506600426863,-1.917802849456126,0.4034508122657827,1
0.05250683626734576,0.9825944188583505,1.3178191427810524,-1.8558223293223644,1.7191157596566686,-0.7545433779729753,-0.41093496426937337,-0.3066633363198994,3.8347839517072644,1.4771290406893427,0.30725315359316796,1
1.3574877194291157,-0.04393286306394152,-1.6295650868320606,0.6967602193631782,1.1901462050302691,2.676643189241497,2.2257661707738063,1.1669682561466104,-0.23069019001668725,1.5540997460941512,0.48778931626781274,0
-1.1474994273670642,-0.5361981457281696,-3.154450503956859,-0.9214168125855787,-1.3025985160075004,1.1254323859743298,3.5843216177248727,0.626642330869261,-4.485296848663801,-0.2946941780161063,-2.5483314898971248,1
-0.7977385523618895,-0.0819503159695262,0.92877448685737,0.19099365764817225,1.2426243060436506,0.9783854097872906,0.18581270683477014,2.5864684797717645,-0.49704243286435584,-0.6772739772472076,1.912671297145092,0
0.5051806079166689,-1.2772818566139454,-1.8018812026744089,0.6596797888742102,1.6841197344550758,2.7354780015665865,0.8057949152518505,0.9239312268979937,-1.5658298200907017,0.2033679129272319,-1.1417112884137082,1
-0.2473767744754367,-0.6835516935227005,0.9210040716605776,-0.8565379515944601,4.637459718460219,4.119601327369219,3.484968556819711,-0.08765781447691778,0.3697739699404516,0.28163944093272697,0.32711353514133623,0
0.41673015447992096,-0.17317749541059543,-2.7076399875003867,-1.505389436414569,-1.2683792809351075,2.146985265030654,-1.6927750746787837,-0.47677364592304206,-1.3006874434918478,0.7976706102557445,0.12354796212323549,0
1.9483596510083172,1.3836238252985271,-2.9645718514135657,1.3354454642987124,-1.0407227811949236,0.746323240125478,-1.3122528265879079,1.2292336993731703,0.20681626124466784,1.952241664183297,-0.28071944837034635,0
-1.0833070064573576,0.11906337845592294,-1.9281238392353646,-2.062293133161292,0.5169969997200969,2.1309739065587054,0.5493275434136895,1.7776709178388495,-0.6157402174412873,1.161707626878,0.4780153234233523,0
-0.8103553019583861,-0.047796961640492484,0.8493249425628339,0.2886002333181936,0.6397073662286188,0.48253390899927473,1.551222925471523,1.7237777026431027,0.6335486548283537,0.4728718899981902,2.1087888091933102,0
-0.7096657464946684,0.5958265978763891,4.116716844017138,-0.46057587620944573,2.6241781807124953,-0.16523668298211014,3.3182798956523007,-1.9885348397742466,2.621619094346595,-0.3379690864182112,1.3852458890510202,0
-2.3904151386374144,-0.04183177273028465,1.6507656842688492,-0.18060541149390616,1.9406640990379755,1.1880664488985981,-1.6965611258536315,-1.432955147204114,2.2234360311632337,0.06424206971848379,1.1549656919572493,1
0.7728276933051454,1.031072807806284,-3.1356469733064234,0.924097195461289,-0.45406603412584723,1.9097542841441921,-1.252090369587383,1.0864826074077367,-0.4183803430029348,1.6758696434346199,-0.24171374339613272,0
-0.26583732035743807,0.29542357992570134,2.5446538712775615,-0.5328252893303891,1.7543717988007894,-2.2473682039242266,-1.2955784426820474,-0.27662114485420886,6.598964323149243,2.3850564332519606,1.353837982505151,1
-0.36456644736301197,-0.8582567359503593,-1.5345968764829838,0.563234053076653,2.0049825329706596,2.4270963460306776,0.07978573126489708,2.6428393604136713,1.0716769400394157,1.8925982214960917,0.8287248372585116,0
-1.2881212408184284,1.3645623713621042,-0.4939641633551197,-0.190925501705734,0.3784680076921648,0.8845613367048224,-0.32486985043275485,-1.3631863323134932,1.5060652843537576,1.2819325119553213,0.0348448699437901,1
-1.5112724314738153,0.14995229795473883,-6.875645498935794,-1.0181117540968203,-3.3128825309557635,3.393557921145488,-3.232084700242859,-1.4295185103712136,-1.225744775058953,3.382499233129182,-1.0129640362729528,0
1.3122864722548577,-0.48987634057398555,-6.423781312290823,0.6040096701937122,-2.2392830538513566,4.453454535626576,-0.9440123278604857,1.2419170759786498,-4.728494041688825,1.2358571977862551,-0.8738141979089642,0
-1.0218971162443267,-0.3989617240972656,-1.237890371804815,-0.3384976579760401,-1.3035418564432604,0.3321358458611815,2.4370822131222085,-0.5673331589067183,-1.1626159434485834,0.6526475659302395,-0.2822778744810983,1
1.270051648680227,0.28574791487805307,-1.1239097942962715,0.3741652300069142,1.2422797583304368,2.2943054307173183,-0.37280527839101074,-0.9739316407913101,4.223645393058391,3.757115224304069,1.6393811486795449,1
-0.93015992131205,-0.5886262685930228,-1.3591591006028299,0.46412325356410655,0.23669521815962624,1.0481784617420529,0.17301733573861533,2.6096927708074302,0.8884916075344153,1.8229405217443886,1.476330090262289,0
-0.6839251596501308,1.459485872450735,-0.7143510608154551,0.3546941136081294,2.3420490604011945,0.32107865746337494,0.15250778869700166,1.1619360561262129,1.4807594054642148,1.1198243987000671,-1.8489355196047774,1
-1.0323270274676377,-0.8573113487028555,-1.983653010253763,1.779188701636479,-1.2468523885748244,0.9100346209368623,-2.1526907990478645,-0.33138875958427505,0.5382215594939023,1.4392524686810655,0.5051682380540314,0
-0.6496485643465453,-1.0134812471989543,0.1623331180860343,-2.1982660102132776,2.2699504404687034,0.11287756511033653,1.0368559163939013,2.0434797524064514,0.8019963793592814,0.4007535655018565,-0.8640976186125067,1
-1.005566764088948,0.29626425297158376,1.2125666687091685,1.3995843841786104,0.28597964381492347,0.1522604935456111,-2.270644510432538,-2.833598839291663,1.8160706416402992,-0.07943104586827276,0.44346859353741974,1
0.08217646058244164,-0.7346452031534427,-1.0824619195075669,0.611298879707508,-1.8608649397444283,-0.2117520867681606,0.45497606709819904,0.5991541961310403,3.5459902467480844,3.7879507703404447,3.1614634294684123,0
0.5793726554799816,-0.16141346166132198,0.3274632965673951,0.7339138580213869,-0.2753842483003123,-0.23647880754470751,2.2715900179450887,2.17642518824501,3.6059841321239827,3.243511470346868,3.7097320606766804,0
0.9772031378756901,0.38843536435656356,0.3402001336148922,-0.8339622339059137,2.232481081429939,1.1515201224023404,0.813732067333778,0.9105553973916285,2.6796895303824892,1.7850140600541051,0.9628479181279741,0
1.045157534688309,0.5814982252226918,-3.1820548975315486,0.2749322692257658,0.47063594000705367,3.3241630756045004,-0.5427613703857597,0.35222787783195764,-1.2323463182168202,1.2503807441296158,-0.632754133631328,0
-0.326418983602122,-0.8563836213566908,3.5243289014443775,-1.3105806404308489,1.7370299860629232,-0.9174512273292548,0.21875720767926932,0.8563041096462689,1.6627026804381653,-1.1008707919694412,2.0655850462905923,0
-0.06545085213957429,0.5062726500322138,-1.6924655518172116,1.2280382083592074,0.8237755815736498,2.229885384423777,0.07952036308589872,0.41986707000969903,-1.0252975840173149,0.44780636100033755,-0.5615194164733682,1
0.08862026255053022,-0.9528073556576573,2.2671095581231415,-0.8599864669122803,0.15905307259948787,-1.869189925339449,-1.9576466312282483,0.9775585298349272,2.557015496297983,-0.05133704601804956,2.03517136000112,1
1.1091613254894752,1.0712988711078262,1.8426587119626798,-0.1613221443717957,0.8464567038159154,0.14301373659067496,-1.7620730168622192,-1.7861132729486116,0.43359761180513323,-1.3750061893730012,0.3101364124613082,1
1.6567371807879414,1.2790126569378415,-2.8578111045507053,-0.581904740475132,-0.2015014528540382,1.9935209529345375,1.2759236585720126,1.2895462858123732,-2.451727386685119,0.5385150885627739,-1.0968242296869142,1
-0.27220949042132486,0.22361453625819938,-3.4883516799307857,-3.026086778123666,-1.435150747852893,4.15435481489062,0.9314465220171533,1.4918636972240136,-6.746313404191075,-1.6425683991493294,0.10734981747579353,0
0.079350087448494,0.07722596333138088,1.0447284971415056,0.11776321472380748,-2.0730179065316268,-2.708841951977384,-2.477763190558879,1.187536036277279,2.26438941126249,0.647443316214757,2.42801338081318,0
1.2286806252851936,2.7712291577066495,2.3004754746699554,-1.06112888609177,1.8911586241896918,-1.8261685895799213,-0.6678728468076802,-1.8131584653802482,6.640180634326768,2.59450682422447,0.5318001053919068,1
-0.08712651330459446,0.45727842372932176,-0.26178156379862344,-0.7677584544050287,0.8183984798912127,-0.9615336389504243,2.000832076286673,1.566347849269338,-0.9865170519192276,-0.4176829921412806,-2.0400992889910823,1
-1.2410765713357441,0.748210012341397,-2.688606393805898,0.403665377482592,-1.9088139365785608,2.1496877908953214,-4.026010259045659,-2.0716533690865626,0.9476828106632927,1.966068583134842,1.1906947497867788,1
0.20559479827826943,0.25629440016227506,-0.758101345892591,-0.1137317363338689,0.9569377624768494,0.7870741345399401,0.20086203133393155,2.0237821087317256,1.6593963621704588,1.8039079848270574,1.002503357247128,0
1.0155962417479962,-0.6749841388660356,-1.6786972451735318,-0.5969970991107869,3.4369582857636334,3.8859811176891728,2.6848064184630704,0.9580237509301296,2.14554601283093,3.1437204104241685,0.23383369843458257,0
0.2651835934158677,1.1212803046666306,-4.740415240159318,0.3023724565637305,-0.546280482945086,4.324625598728977,1.4856362152690084,2.263072380388914,-3.8986032211157338,1.158108718431423,-0.18379989221759807,0
-2.0684226622947173,0.015393794643700104,-0.502261887484394,0.6990995180771304,0.19701028155956712,0.6845537512235862,1.793501655607721,-0.9018262222406477,1.2949586264703252,1.6386420382843667,0.20360707590460492,0
-0.9945324847191678,-0.8134774319107031,-1.3525307659084662,-0.3834985070540547,-0.9789219964218401,1.1326739178760317,0.5214980869009151,1.7774407685939178,-1.9879010874399703,-0.01787965477070097,1.055875344634283,0
0.27752459558236875,0.12437455017234038,0.7881976589164089,-0.07813671774184816,0.7884518165963679,0.3962755981648848,1.6824411647191018,-0.06615830184676064,1.0860712187315356,0.651420240962501,0.9360550287401808,0
0.08910486218641508,-1.703194367656195,-1.1548957892594331,0.45754227050974866,2.0635486279586903,0.9018273248806071,0.38483522668135106,1.174708951544237,2.5265849755115353,2.3763537267909727,-0.7189508223408537,1
-0.7194567922753236,-0.22281058287910468,-2.6623243475369436,-0.10095056530323074,-1.4086207666957424,1.0494194774029255,-1.5802539789117893,-1.0713973260566663,2.695949849792288,3.5360597319764904,0.8590612379436539,0
-0.37709687688572585,-1.3912346760278405,-2.323350209561695,0.5278368295212227,0.2763810964417547,2.798557951612434,1.0978586883432229,2.128508277723972,-2.323999486746732,0.44423464669007784,0.4244411368626091,0
0.8581786650791201,0.21730383678029863,2.1518609255107557,-0.4877556456969636,2.4294079860771056,0.2767272373362959,-1.2119419097744564,-1.8621800895825023,4.645158508960023,1.3672472201693415,1.080223383888213,1
-0.3587765224274971,0.6813925832049301,-1.0640220302467982,0.3417948315771854,1.5140999724791087,2.153649110688396,0.38263722487566465,-1.9893421093695816,3.83827788798714,3.4127624806226233,0.3961365833834847,1
0.42985682685378673,-0.4534595395358579,-1.4941185436102238,0.13697203246448003,0.910257783054757,3.331520394950834,-0.7231960697917504,-0.9052795779497158,0.738833885258764,1.5741801792476509,1.0240949185875836,0
0.8922376009371693,-0.34334422059334935,-3.813579358121057,1.205613025203284,-1.2632234913926053,2.241644953834073,-1.2355838215508026,0.36898354601614003,-0.09426399793690977,2.4796183252093256,0.1633972078503222,0
0.8293342927320962,-0.4936149027306066,-1.8544551603447226,0.7102754973735507,2.587733149349912,3.7924593039409027,0.40207245281094683,0.2340053350163137,-1.972788199054324,-0.22471874752865828,-1.7078327379525018,1
1.330391468225967,0.23255195625181596,2.468455115556244,0.6635886604834844,-0.5369662164325157,-1.5083886057154623,1.7728104153791557,-1.9837556599962376,1.0415396743692222,-0.5010221119844211,1.0321188778389994,0
0.8451964146659721,-0.3429794779469535,4.916100027801756,1.3252603928301498,1.111590295688206,-1.2885738139267868,1.4255841894329213,1.4793078329498712,-0.050841539763002964,-2.717175946737366,3.411369541285716,0
-0.251589003640926,-0.008413471193534352,-1.8512424576133049,-1.4546237199782346,-1.2276095476254407,1.3736866741195202,-1.4310148974611996,0.24465771513131174,-0.7254607917338531,0.7291887341473846,0.8475083724622157,0
0.10445701661741635,-0.8726406180578112,-4.173191257387284,-0.9956408028328307,0.32102511609793405,2.398219969591864,2.974875001416727,1.5204574917834974,-4.045336006357345,0.3904742447649341,-3.436184893586107,1
-1.2682160471816437,0.8206216986132602,-0.5760551174006068,-0.7984289978499601,0.4097198607442728,1.6700300059652808,-1.2818675761681764,-2.1410734650472945,1.2884619664170156,1.0375559552748401,0.2474664379769047,1
1.8882406399335327,0.4405781172504322,-3.0400057469622155,1.0564253448237473,-1.6113366109874399,1.8660601742719825,-2.5965770125282375,0.017151199010542406,-1.5052552388481586,0.6917924567565459,0.017857359698880138,0
0.19835989185833172,0.5176510404231137,3.006368114428163,0.9988923350275574,3.123694317374126,-0.35168060229880105,-1.233051832791495,0.16186589608178725,6.934816553458579,2.511793550445498,2.856893060667861,1
-2.8921420972542657,0.956888766976223,2.3702559449731417,0.49372268696376526,1.568346230333936,-0.05920809324244525,1.8948352900959469,-0.22756486958779631,1.8401626391700685,0.12812821526141982,1.4926817405758213,0
-0.8387952660390104,-0.6871033663698303,0.3420975113194598,-0.8885148013449844,-0.9768657355724149,1.128194458186852,-4.667707211944757,-0.07629819679014793,-1.8391198505332502,-2.1112724945600587,1.8399199495298957,1
-0.16649478282040298,-0.17693596178433574,-4.390169549045046,1.090648984725102,-1.2949784856773725,2.61117955669155,-1.5215312668404455,1.5978786131605327,-2.1035855951219298,1.4170323924763377,-0.36270198662738995,0
-1.3676906009999814,-1.1430396657314157,-1.471025817166272,1.4117929491281727,0.7951574507381161,1.5302582494111827,-1.017582937768407,1.8117612371290517,0.08947553758550478,0.9134594176248201,0.3028149081419145,0
-0.6762783204238717,0.696925454717827,-2.5305815995859575,0.5698062608998162,-2.1722926956485304,1.508688595798383,0.12688382327351233,1.7267582921119755,-2.2147887860582998,0.7118352998936817,1.5295202852905945,0
-0.2572067638248484,-1.869996990562795,-1.8138969593247876,0.33384571924703715,-1.0359392964825087,0.08234666410301361,3.624703347186951,0.13736837205157215,-2.8656605365251635,-0.10986257919752496,-2.045542082070904,1
0.8464406970844249,-0.19122770335153735,1.5603986970629335,-1.740747883275035,-0.663881367027547,-1.0216700942150032,-0.38850675279264113,1.2249133687615525,0.7938170903474162,-0.2513208278308128,2.5020850789418674,1
0.9242830785944945,-0.6835844653472675,2.633828543450986,-0.07745968653179879,3.6496643191945837,1.1098299080938305,1.4599322204649778,2.3429032878142784,2.684050564526452,0.5011350592905297,2.5520369673575907,0
-0.2517997412635762,1.4117143452146974,-1.665005122475072,-0.0372545501185733,0.057059151699411004,1.222533041370775,0.15235911865616003,0.9982229496488876,0.29970332273580785,1.4697401254022195,0.2919122656093388,0
2.0384260619545365,-0.5413402029492057,-2.8732356402869015,-0.06039341531424818,-0.43984472945883624,2.825797338714911,-1.0400152956020012,3.2489885966997365,-5.890192517672368,-2.1182110580588485,-0.5586712570542678,0
-0.38751718672493424,0.10224624498268185,-3.2683390765143443,-1.5014894389910374,-0.8349894460609577,2.519364339467381,2.681346271952698,0.9138639831337774,-6.1616857679349355,-1.481308085029001,-2.3506488443558844,1
-0.38768739658060425,-2.024895976697222,-2.67171806758411,0.2878666550543142,-0.7675156380040644,3.2768090770234926,-3.297926037134899,-3.1049510719985123,1.8358406742669071,2.643352861696501,1.002995592474153,1
0.01127533540760805,-1.7438296551163806,1.8448344171357731,1.1606760681375778,3.5611828670818975,0.7327911823615205,3.5664013185620265,1.4334819418012184,3.3554625944757954,1.7387259449971937,1.1895258476110542,1
0.48998530519863553,0.4360246532585195,-3.447167359713696,0.4967672563227832,0.12767980988999772,2.9752914321670123,2.1470985928796535,0.19076081296144087,-3.551513661797243,0.24117046151532218,-2.231399574088057,1
0.6065095497694055,-0.9194753191134779,1.341870942604405,-1.1440639660537433,1.3379902259355083,0.7615381646954837,-2.04522545628181,-2.584702798515841,3.780337266490523,1.2653353919150074,1.213821235237392,1
-2.568442572642965,1.1498043369070519,2.469090552486343,1.1154618087341768,3.0144004608364656,1.159758333668207,3.348123693124404,0.4289970445047605,2.9195463120697753,1.1664255099427618,2.241694177085222,0
1.653624255755281,0.04899788912633968,0.37824189495509297,-2.493883785734275,2.7668289566174336,-0.012130924195384862,-0.5458974991685777,2.814051407876807,2.6234060395136125,1.2258854804053283,0.028992593646753884,1
0.2185385152335719,0.41568617981508627,-2.0607834492653296,-0.4239600672223284,-0.8317358534570372,0.8991338831411851,-0.2513528648382224,2.958725265719075,-0.44101052582257827,1.3668485217389166,1.3356670481358421,0
0.3615046556399864,0.8490953424689733,-2.5100502533777553,0.1158961960145429,-1.7998951182835026,1.9464624636027448,-0.1834675417874938,-0.9160203648807377,0.11786827635787303,2.1330606098870875,1.3005292982357588,0
-0.6627915745210782,-0.44356414870835476,-6.535695991382441,0.21318989851125048,-1.381009542004688,3.9338831847955262,-2.17876065536463,1.0062591862743984,-2.5807590282532873,2.2890613638766792,-1.6841748791113713,0
-1.8737502911459025,0.005165212086529097,3.574944334522694,-1.928784525350897,1.0852694374439569,-2.7662786713983976,-0.4662247740602238,-0.8143695795428746,4.05358634241842,0.12557396339030402,1.0295315615384222,1
0.6129967109649138,-0.2735147294665373,-4.490255411739565,-0.733849891518022,-0.09949869643289189,3.9400806761417497,0.9079326308036355,2.012170311350304,-5.189976696894589,-0.27974045194927855,-1.7819900598449987,1
0.39869562718241214,0.6949894594688132,2.3550098279624536,0.09058860262151892,3.3709909455630704,0.9379528007391097,0.7786568434828851,1.4464646044803526,2.2481016790722044,0.12084646054014192,1.6071754797792654,0
0.7578900644212757,-1.899483816288458,4.80009525773968,-0.632616693172736,3.6598713001326444,-3.006350181533188,3.222571682952603,1.8848967959811453,5.890089247237293,1.235311799342473,1.5338956373384995,1
0.44980094658197517,1.5699152776535652,0.9561006452734242,-0.1100836021418161,2.197466155893867,0.8949867404090753,0.9920379282783818,2.6753908045631514,2.4072621032778128,1.4149603233216101,2.288760844544484,0
0.7115532026502475,0.6971641526610404,-0.442552655913,1.7065788730045797,0.26177345070330227,0.7763565912068927,-1.1756519189662298,0.02275448154459503,2.848255719125957,2.206635442431514,1.6490665273204153,1
-0.852492445527575,1.3552165103439024,1.1833726437315253,0.4380247447577322,0.5439386162130058,0.41995427390323914,-0.3653276100228804,1.575580919034297,-1.260916874466657,-1.544207336755044,1.382114022563997,0
-1.1300497345855287,-0.9748246949111311,1.083520638948826,-0.32129889297790704,0.2013521771746054,0.7285087999394436,-3.435540226573065,-2.1339388755751103,0.6830837152913168,-0.9077671150548243,0.8771045553531827,1
-0.939227874536584,0.18550318709804228,1.7460057265439028,-1.3637798016360776,1.1386284758500007,-2.0644118494101935,1.1507571729917896,-0.560424050720125,2.11375475762328,0.15016939783343208,-1.1146083542850969,1
-1.0070873198545485,0.14328558122337046,-3.747407585924752,-0.990068498076786,-0.47077667050532535,3.6606524867399677,0.6297330744052889,0.3932065001672146,-3.291593524102428,0.5697765192976263,-0.7585361669546988,1
1.2204511974250627,-0.7272058459341008,-5.572692442196733,1.827312742869804,-1.2123125414859444,0.5978438640802217,4.906369110990156,2.98894509830964,-5.8970198066890305,0.29855381601105857,-5.325755737842586,1
0.002281391030812772,-1.090474875699288,0.4589935259604016,-0.5426234931677429,1.102330552430163,0.9263088788397352,0.20418394213913715,-0.20517257422415125,2.2161447398363334,1.3672124523380105,1.3189708557589692,1
-1.2524797309929907,1.9612438886946197,-1.7076008956680866,-1.0295682118791116,1.763203464572446,0.09536895678767943,1.319777517949942,1.4681907458721843,0.9752321492418726,1.6431106014542198,-2.574263323018063,1
-0.1365518593510808,-0.6277793283795645,-3.5091212683765587,-0.22760432397809183,-3.5170447011068093,-0.30905157994591637,-1.3856674821024995,2.9724122852233394,-1.4510582823891185,1.5281102932022668,1.0905279183115641,0
0.32387521762795646,0.42240824964243473,-0.9950148462978428,1.1674890464343435,-0.6527695329403083,-0.722643370448554,-1.610289590125559,3.3317372116687545,1.8890367290471166,1.9002881517701886,1.8305881463438975,0
-0.5443893708971367,-0.6716844858930839,0.7004657555710895,-0.1559877334104136,2.346267873902395,-1.2068544896115188,1.015883641313937,1.2646864580069652,1.6984575253709675,0.4148397634466977,-1.9110094185435433,1
-1.5718709916895002,-1.2190155663588218,0.8935159609372196,0.6018451072086742,1.6812088503902545,1.2220125031880849,-0.6579759419726696,0.06316030882862,3.6319236471145313,1.9538805283372818,2.3459250202936026,1
-0.6891441478161323,0.5514998466756877,3.886025516873967,-0.35460680742288303,1.8629923349461184,-1.4113980156246217,-0.6168034214728706,-0.12946396886157852,1.685367925586841,-1.6840206585537625,1.1361902311160499,1
0.20664899378013205,0.4754961896647093,0.48352182756302176,1.441880200938301,1.3466558154880497,1.5492459225863993,2.727596494500986,0.8065857718725228,0.6653715321788489,0.9137045475791185,1.5776379195934422,0
0.9015278149409307,0.6794088519841193,-4.454100889078158,0.604063347289267,0.46266091205500104,2.027419350654611,2.897468171697322,1.0781192817800307,-4.637021905159927,-0.07503888041128137,-4.953375370374221,1
-0.576836162815435,2.0661980036419756,-2.1542338163683366,-0.2424325620143723,1.0574207061051608,2.0308397165396714,1.6146647123555051,-2.24880948763692,1.604568959269541,2.6478248957235033,-1.7407613326042104,0
2.026721197939773,-0.20330398781126385,-5.449867153846689,-1.7206490515203328,-3.164549930825491,2.513884792311383,-2.3209143388286546,-0.9738818880004205,-1.364024279879966,2.5499170210006845,-0.45324968352454476,0
0.6126885603151453,-0.15564852274710064,-0.5450240471686847,-0.5529934748464281,1.4207725830243825,1.8392123485421235,0.6973471411346612,1.6334256207097146,0.19149201187848797,0.7744660300211139,0.8915298760383603,0
-1.0451658133578976,-1.4352171855577622,-1.9298890816242151,-0.31527087684880756,0.7644207009486691,2.464951440229625,1.6571699188322113,0.8992939371434648,-2.1145326001177915,0.21289406484481155,-0.7554006714185878,1
-1.8663444732126289,-0.11338847754853987,-1.7259625493212836,1.5955280882561538,0.03916399363588874,3.1935254664592274,-2.1622617697023925,-0.9753325278848104,-0.31339628212031767,0.7706434747343514,1.0594250864206476,1
1.1040168394874994,0.09625334796769364,1.0503492725704628,1.0923026891143832,2.1018737013283246,1.5251566414738447,-0.6449654747018947,-1.6461718653383162,2.6645155456406426,0.9526327184885756,0.8147548878796238,1
-0.6503443852814467,-0.41289522362521924,-1.0088084633367047,-1.3724925047433931,-1.8657857928268369,-1.1727041085926495,-2.2723909542763523,-0.3147682136973833,3.7025730616129073,2.981638131128469,1.6073240084199794,0
1.927047744441962,-0.03591495800672855,1.4669762046541919,0.5746942027911132,-0.2557057982086506,-0.644836175568485,1.1166014994245606,-1.1804875821293308,0.7154873169579467,-0.17444618350294672,0.8863557768949741,1
-0.5287222616835972,0.828944271033034,0.4842133115929196,-0.027013174479993473,0.9455021706440714,0.3798549731184525,-1.1843442257753325,-1.395214233074082,4.4410266284976325,2.526041521170897,1.3733847465695523,1
-0.7699636902048392,1.7553329959184323,-3.2835841217754838,-0.4610146856751628,3.1547518827459147,1.5150130724839939,0.6513711126200596,3.5347562088649407,1.4461087687288596,2.828323405314286,-2.9037590432542295,1
-0.930236981408864,-0.07751712474594408,-3.747291037297203,-1.2438555640292228,-0.0934989880039856,1.7481152182849469,3.0257532738905413,1.721438772511969,-4.096687884443358,0.12240912545641436,-3.1262818467786535,1
-0.3177186886632785,-1.193683294511141,-5.246853606313883,0.5063218211568543,-1.430645226023886,1.6945314228971249,-0.6293596747170835,2.3063678390418354,0.811445258575377,4.150250706790485,-0.22295693203547917,0
-0.0841151347074945,0.4486324699164096,-4.493312832352993,-0.19183805299986853,0.399719885856185,2.0053838238981965,-4.780818681158594,0.7568736834030363,0.5943635906525402,2.153773290766073,-2.4030634811165483,0
-1.7035131296790356,0.20149830121349588,0.06690691656756649,-0.7296916169294062,3.326986431770212,2.240658959841032,1.3032177410068142,2.484775712778621,2.8515765764898693,2.2726807747899613,1.622060791952262,0
-1.4504851029345505,1.0559640165436708,1.1725329546772951,-1.073662523746233,1.032852551106631,-0.9242155852319898,-1.231563008832739,0.6888661611922127,3.1028802967014153,1.0506118673379874,0.9851287820786818,0
0.08183500167953468,-0.020073557411723515,-1.2466011215833597,-0.4754282482739646,0.9546136182010712,1.60056175526974,0.32684862548791804,3.3329879827573827,0.5951108213037494,1.5859425467645654,1.6336079412795659,0
-0.9825849137541035,1.1934774608097531,-1.4765865889401995,0.3347952002451027,-1.0135046933214307,1.414365437549065,0.39232426507732776,1.587957748954509,-2.0562763300729707,0.017996799311186473,1.145631218969752,0
-0.555205873714327,-0.07369355003676768,-0.7801490338814364,0.6399852849102643,0.9364518451333806,2.5836939770045717,-0.6729713658999089,-2.1744521389465223,0.26986729285255917,0.5770470381312449,-0.11397899444476223,1
-0.4562779781766894,-0.107669885546964,-0.23239393328260033,0.20046570037166878,-0.887688146685039,0.5292654247925703,-2.574142418292894,0.4977826758028623,-0.9982010491988589,-0.8148139261108158,1.2018652057356012,1
-0.2805398444192356,-0.1596276265018575,1.502045875608293,0.35259371189223454,0.17764443967848864,-1.0339879183100456,0.18108324333807369,-0.13070626766154514,1.8138787679807273,0.33304787769944466,1.1252037222867914,0
0.24367822189862914,0.03208637310537089,-2.4526771477901947,-0.3831762768294794,3.766398246306713,2.1048080929591304,-0.28506764370637905,3.287360822274048,0.8609427623168139,1.6993616733064547,-2.5199000954861512,1
-1.3461721211540045,0.531392196833485,0.2498753554001342,0.5450719361293254,0.09213797713433514,1.3654512573706652,-3.3391142252176764,-0.9888044197368587,0.3821678757395022,-0.4058830518609655,1.3641677611147023,1
0.2016194964269064,-0.055753141622679636,-5.209083798339254,-1.1906586178984735,-0.11318169648877685,2.7005628429716975,1.715868403329792,3.0432616394907237,-1.9950749776096834,2.50402339454135,-1.6843362806921118,1
0.7471823409411774,0.5632731485906084,1.1588402013541708,-1.7865204093171974,1.318530586616294,-0.5082983547572235,0.8637828583165315,-2.403861230677842,3.8177096432277,1.7826681875107324,-0.311128606494665,0
0.294650006720413,-0.670677657478305,0.755839594811625,0.5205334120345705,2.280329783343098,1.0644794649236187,0.6344577330821883,-0.6914191694700023,4.126596619488536,2.4302923353208383,1.0931245413359094,1
-1.4492865353956803,-0.09189540106665442,-3.5761159216023004,0.8270641416493848,-2.333371312250386,0.732909111643085,-2.2336298267670127,-0.5493632943731446,2.603891436097286,4.012633752622549,0.8740788545297346,0
1.176156115698316,1.8967422465947137,2.4522649639849767,-0.7269487777170366,-1.0644784338159092,-0.8590125795076631,1.0240076285451818,1.358697459213665,-2.530749511355826,-2.752605604286481,2.4843146078854694,0
0.13781927877584452,-0.055886561852822446,-2.5740677731628376,0.7287557679843012,-1.4454254901513304,1.6024281347828055,1.4426153722502024,2.0772216132254986,-2.018482832648868,1.0449733620433794,1.0158262485296996,0
0.022642754558076093,3.11119888067082,2.638500445068695,0.6139486170007572,2.479437092245287,1.1090834388110447,1.4697029516467814,1.3977272714913285,-0.11260197983561031,-1.3929003778649922,1.942349975449572,0
0.024677150230900596,0.3721953707697184,-1.609907034695662,-0.9100861183168066,1.1148377595456673,1.784465723761842,0.596314714099707,1.7452685885377752,1.2273349461234593,2.1610808507101473,0.6521291260436756,0
1.1735029632547676,0.5596277179296528,-4.361239224076335,0.14660743789886976,-3.2181647337747683,0.7706122497676339,-3.5097911088538796,-1.3665114149023463,2.4328518702872666,4.1659648943424035,0.5575812985755102,0
-1.7440281504859207,0.556873393085525,-0.9263418612881162,-0.22762534249165026,0.5567610046329685,1.8625542854876134,-0.9134398279340139,-0.09493903415986271,1.7430384059076525,1.8375173145265808,1.370476377707069,1
0.3903358489243599,-0.2589985430905476,0.6449077843857194,-0.03407646154019369,-1.154123383825519,-2.4669509231198443,-3.160653963533524,1.1547512628842345,3.7358839176181986,1.6317046637613035,1.8906400223335829,0
-1.4093758006238293,0.9176626840685644,-3.4248501228287513,0.2729707200847386,-1.7594310009261558,2.1600151834740924,-0.29251334888710956,1.281332093779678,-1.5189154073830977,1.6054722723368766,0.9016539139876943,0
-0.19118816587942813,-1.6299307570285715,-0.8580104901640614,-0.17266676458326544,0.21615049102442607,-0.018088024500153566,-3.709307040466982,0.1717286921986504,1.0351375637655023,0.37069295823019077,-0.6350927296787632,0
-0.4605290595243483,0.9383521315439877,-5.996975546453945,1.2001931606527971,-1.1755840395873318,3.4021139610969646,3.787133989843095,1.0773984816780844,-6.671190335770888,0.10029708776079727,-4.07088872755248,1
-2.1862971246468064,0.04216193095925924,-2.3421118350183305,-0.17982446194549456,-2.0172487131140318,1.374575936446237,2.7197002245294684,-0.8866837053754706,-2.7239744600505698,0.491973932998491,-0.40707360671161474,1
0.4329775269568012,0.04129221469094314,-2.7733178292958196,1.0261246143297122,-0.9191320658950021,3.896636383207132,0.35985853408106205,-0.8591614345105218,-4.439156835444665,-0.8175128529067301,-0.202555071042414,0
1.4911554636288231,-0.6824381336313577,-3.0992432444626195,-0.7795357710687455,-1.108859775793823,0.8696563036065931,-3.4287456049018274,1.7619526507282064,-1.282039206069512,0.5369358290991504,-0.7199159787782929,0
1.1829532556421818,-1.102883740250717,-1.3111726927719782,0.691744711881656,0.1959825968425949,1.7786833154393697,0.34920836604584093,-0.579529653905918,1.385853321682882,2.075567941129615,0.8302321242253056,1
-1.4838894983134263,-0.3219178619137454,4.313808011056811,-2.828132751278134,4.538725130977152,-2.235332243588522,-2.072509150005063,0.6546953281146444,8.83796284724539,2.3666110256798705,1.6069262343336654,1
1.1372613356533345,-0.45104508428008744,-1.033395856187672,-1.4997183774081915,-1.4501309488280532,0.21502191870156706,-2.3514059467207,-0.584466725651412,0.7865529701756728,0.9613359367446275,0.9698052767401284,0
-0.42104498795067685,-0.48817441144775753,-7.031035177542088,0.12347104385341433,-1.596135635738703,4.920434397680143,-0.09803002145425554,1.7372906440565177,-3.215279572288591,2.8599939694928267,-0.6702688097450424,0
0.553764870178357,0.7970714402785897,1.8997645639622438,0.5044304333888164,1.1397401114238215,0.4734368960711691,0.848480677676184,2.572494571917245,-1.1902882504801064,-1.6436113085408706,2.1442214745046053,0
1.406924274951877,-0.7106186153535444,-1.223942327776378,-0.4790597096727228,0.2527826288274547,2.763109157917116,-2.1261055122103127,-3.111621951153093,1.3415460629394091,1.410933681135952,0.4673141913923855,1
1.1712029415280976,-0.9046554265299177,-2.8256487742690384,-0.1517424074503596,-0.9353241898864106,0.31044083657075594,2.6188685521478687,0.5043033741177138,-1.2766856260249198,1.447694324979416,-1.958634942417626,1
0.7805952086955223,1.137737822851307,1.229934606159908,0.8561277904667801,1.8705753502241973,1.2171705511035102,1.854665248948863,1.466608864973161,0.7113678300716022,0.2271044845496627,1.7604936463328558,0
-0.5966461719445483,-1.3252992210632937,0.8334396529958442,0.29499583003189944,2.3393306776219314,-0.7283894804093158,-0.8441853840348565,1.101603138199342,2.889450777000932,0.9145464531694576,-0.6601966896256176,1
-0.48926463099334944,0.6736441817609498,-1.8355337459175498,-2.401405418873787,-0.7591210703687827,1.5362688961577597,1.836938358546434,1.053002264732756,-3.6964515316947937,-0.7890860005231854,-0.6148378937256302,1
-0.6912246932258639,0.04163151462750826,1.8444649471869083,-1.933927442241884,1.0728276385257893,-0.43478678824254247,-0.5431404979334903,0.0471748889574477,1.1131550069553797,-0.606546224074656,0.8145403198412451,1
-1.6035047252477905,-0.349812047908866,-0.34872140535590107,-0.7087097965358039,0.3311703988392313,0.8576767874149164,1.0932074964379788,-0.3494173053067684,-0.7722410317637799,-0.0871528349377455,-0.39130337148370486,1
0.6064887254857848,-0.44994757457320766,0.6588290870441545,1.0056776368475882,2.6779848202775103,0.5611304185800184,1.276372182710393,0.2504960361856825,5.330211175670403,3.406976619915378,1.1088417998976328,0
-1.9855279109405406,0.4046163607667877,-1.6713982622437638,1.3621972183568878,1.7665699873860832,2.7304284460724766,1.5333953007206422,-2.8835677873725603,4.577457845173851,4.514365332585799,-0.021492891574520945,1
0.886192684642864,1.8468361915187488,0.544855912298916,1.028193026201928,2.8942880541279523,1.6542302631920265,-0.046398295211441676,2.436943333936087,1.7166464769505239,0.8539774899693886,1.3327287085696655,0
-1.0771626506672984,1.373202039151709,-0.33036447603449653,0.09136746805224025,1.4041902484523106,1.9492497957305832,0.8125479769223585,-1.4756595609368275,1.4781454004572694,1.3873980346909462,0.13595815326302685,1
-0.26814027232718085,-1.1202694784401621,3.6680683338496363,1.5838093995021745,3.0357501511595055,-1.1183735418526193,1.4737488877555989,-0.42960183843904853,3.461062166705737,-0.035201442496748836,0.5896227261170144,1
0.98867584305048,-1.0675884733362824,-1.9244401649929237,-0.16417225380859193,-0.8380056843842605,0.6201508629296577,0.22311794491691728,1.1536872568498477,0.39033119113663634,1.7961552565636416,0.5484808742586509,0
-0.672587396286132,-1.0913996546315845,-0.7842729608468819,-0.16747117444692103,1.6083451113230802,-0.5327042803711048,0.1909198040648422,1.2027213461023294,2.6474272822355456,2.0412750543082954,-1.367779957272936,1
-1.535184088453818,0.02018182481368004,1.0228125612382615,0.8506331568671844,1.4246838646543802,1.3062117181328796,-1.251271744822527,-0.2681109647907748,1.0662935683616839,-0.11380570836740689,1.313354311073093,1
-1.3921591087424472,-0.8915352066383724,-5.8863708047439,0.2439443078495095,0.4725676315657287,3.1107418661152226,1.9431057336373514,2.9349005966394417,-2.472411761278397,2.486238646512562,-3.002621146386778,1
-0.7756089583154364,0.7348222641129268,-0.05180621068211064,0.81823704696913,2.5994895664228954,0.5997866826787968,-0.9983462791572841,1.6054938302704906,1.973105831471073,0.9237306977882116,-0.5873509742739769,1
0.536887086993588,-0.9987525895289329,-2.250240368914723,-1.7031861594413669,1.4129558763971841,2.380233618043889,1.361390202731593,1.4679853768479791,-0.6158226463196285,1.3139913538343235,-0.8777839410779034,1
-0.5215874973019512,-0.2563301064940128,-4.437560451467444,-0.4560709292561993,-0.33555130981124415,2.931702241525809,2.1239287903882014,0.08460279530290404,-2.2078009730769947,1.8565097302168792,-2.1388362245497223,1
1.0208778799128289,0.22881393913662784,-5.615428118924153,-0.7991590238506248,0.008106037725932769,4.027057885993974,1.8911833508914464,3.199361243539935,-5.552326552929426,0.359476152672094,-2.5425778962397727,1
0.04570486180247984,-0.310283051645348,2.176570511514653,-0.30447995273827083,-0.05327700034411742,-1.237380906893434,1.5510227036982727,1.8784655800665246,3.415028754483601,1.6769558136601668,4.004249693200721,0
-0.542041877970761,-0.4870460465735084,2.0948843447123453,-1.1343472234017675,2.001183467010841,1.272992557713705,2.8821275042263768,-0.21209173353650246,0.07508975994596233,-0.6546054548952371,1.2977272272597202,0
-1.6404688869388122,-0.5768531247893629,1.2184937819896697,-0.152591104247133,2.8221934103412476,-0.9942376119174587,0.5006565134623637,1.0891139810269737,3.964973277383493,1.6365014268539342,-0.5581507048093435,1
-1.0826844658702144,1.637239790795439,-5.518659279833981,-0.6277154923055381,0.30384461577007027,3.655383486613285,-0.252105391980447,2.2350875486221318,-0.201837321771889,3.5999506294358747,-0.9464511453007158,0
1.2500810155783693,0.9661758239472895,1.0165513186571868,-0.34854820491892013,3.6263448200922688,-0.5271041205994944,-1.5244030897061402,1.064514197973009,5.481064102333116,2.3315430880208177,-0.4528849885453815,1
-0.7467514113583664,-0.13170452360815624,-1.0433426292900783,0.9645372907782409,0.09298584647285368,0.6297443110441434,-2.7484284373464805,2.6332670789915156,-2.1981513968863102,-1.3440618302626746,-0.19440157139880387,0
-1.736403422089498,0.5134049230444908,-2.0837497045865154,-0.20867841641699042,-1.252387196005933,-0.07786895248083336,-1.0664466291525372,2.358283571968061,2.4817347784080197,3.2276526197696347,1.8906078465986698,0
2.4936963207301575,2.518397161751637,2.312711861089531,-0.25162214971991137,3.8930897660455397,0.0514953899237135,4.230500736424527,1.396574025159294,3.9112369855127116,1.8261298996881106,0.7710332429578881,1
-1.1111232671159441,1.0161621763224677,-2.8779804040506334,-0.3296670184769065,2.0873142862857117,4.66289306063639,2.1929454071425507,3.670825035137667,-1.7220569499624905,1.5195001019638537,1.020923869542417,0
-1.0749531611614664,-0.040566887817882015,-0.07860857275518746,0.08872539504257194,0.5762092058505138,1.4207033279391705,2.6304720411772884,-0.46919953546390714,-0.14414398306531728,0.6254129323770196,0.5652982467092262,0
1.7466951458840305,-0.4134844437147664,3.4023455015415296,-0.49973504299465743,1.9034903773944918,-1.1107645512728679,-1.3781798626129484,0.06180804872539647,3.216888242297599,-0.379998977568192,1.8403086406445652,1
0.7913976783587672,1.1385048584463622,-2.347187634137407,0.038714675637128486,-0.9572048621849523,1.447067738461241,0.9911665474743333,1.2211440481395777,-1.1502212137556924,1.2442873209667908,0.42807549478487117,0
-1.460982803115693,-0.3056702081026828,-2.073643732152259,-0.08980179701636137,-2.79068952904331,-1.5130496415171066,-1.8886479676192511,-0.371582489237805,6.537924047921327,5.896243140701538,2.686321420161998,0
-0.5350352924039675,-0.3191752318911437,0.3927076810051046,0.482668465535948,4.1351122129995,3.559862928682732,2.7576166329623,2.0687365423237916,1.0138098955302686,1.087188384575678,1.3212043144814696,0
0.6960494894821876,-0.7082308040231022,2.103058276779922,0.40076071194565555,1.7758300509587106,0.15095154619184148,0.5274703387017258,0.721888374454195,1.561416230419815,-0.15823134017049023,1.579484310199876,0
0.02731114649538818,-1.6258754253470453,-1.643073157241577,-2.1138863921003814,-0.33309344561184173,1.2879291191330817,2.2886507485196272,0.18841373275612272,0.41974564191716757,2.0508722378352093,0.4972657186080207,0
-0.5212736116970649,0.33054801078902846,-1.9049209231591613,-0.30441455088116276,0.38586387702290814,1.4937683421252281,-0.6374268721078917,3.2798371718293065,0.050877331352279904,1.4252232194590309,1.1455535729263975,0
-2.340068049110605,0.4397739083805022,-4.447248159813015,1.5819159963746747,-0.4130035331012819,4.0033260058381295,-2.9979066102094767,0.551550551997237,-5.310649080365662,-1.2959314429754047,-2.2541310030551127,0
-1.6522299395273132,1.3871690749874088,-1.5998499309600065,1.3246872407239185,-0.4158330712828986,2.3249029022733723,-2.3673552582361967,-1.8873223080320853,0.6456592415713922,1.2203590574313972,0.7098605125645836,1
0.47870451821105414,0.3476304074477418,1.1672009146917537,-1.6176169724775513,2.880832707043301,0.8081406818506335,-1.1771000573051307,-0.19832882857777134,3.499723952547278,1.1923183949432272,0.41992536910490363,1
0.4814244328675693,0.271265084773595,-4.304574614430923,-0.6190042626345401,-1.316261673513702,1.574955302473765,-4.980316102922739,-0.23386729139407758,-0.7091502412148967,1.2726004632395356,-1.8561737232615911,0
-0.7848771926101713,0.100715341208562,1.3899835716223026,-1.0113657693586056,2.0522874232319332,0.8658260538953868,0.003841111574331535,1.032268968531727,2.0545383796601744,0.5825065649456154,1.737176320844576,1
0.9538580717946159,-0.34346275658772124,0.45955555723722086,0.37900153825521526,0.43326895024244905,0.9858449900808709,-2.4952541512038735,-2.9770091264632024,1.9836918980531657,0.5188735106917755,0.4180432717359204,1
1.985721914684796,-0.7654144541116569,0.5708215961946836,-0.6624193796386261,1.5641443127534527,1.0103584388436606,0.23414911248572312,1.1835266283485977,2.8515826711180634,1.8240939792484605,2.135436645352646,1
1.1134901026341233,-0.3422236898154156,-1.18576524340645,0.45348069635417054,-1.7493625700455568,0.02573045182025524,-0.2027773239447368,2.715469062127022,-0.6095058862546199,0.809086653171355,2.1815598636747993,0
-0.05736320255112686,1.1588198005994828,-8.37347635076175,-0.04463124243336793,-0.07490842609662884,4.705929695730385,1.6961318635078295,3.3753593290433774,-5.5089844035973305,1.9797747452288421,-4.572053806986071,1
-2.157710222253549,0.9604680071085709,-0.8766927996821161,-1.678695631909583,-1.3696037013446756,0.2283898013896868,1.7525582203697474,1.4833223462347402,2.7534243005661203,3.426388063229498,3.413098248369458,1
-0.9057096032683228,-1.083361317824981,0.766649804264911,0.06942255145048581,1.498830744871539,0.6677117592997773,-0.5456339858945576,-2.490742661515714,5.328635943002641,3.004992204347166,1.1781180870754906,1
-0.29618139649974645,-0.23187033694928014,0.3206648611063854,-0.6422529132862156,2.814821345603156,2.992591685443708,2.655028434891155,1.9878333821567276,-0.377446463646332,0.25791196338885813,1.4132905496181292,0
-0.9903850061011702,0.31259237521910455,-2.7467456862857427,-0.13266979230540749,-1.022120170114908,1.9667375610349431,-2.1101423416288467,-4.7906080730388005,4.119722915258675,4.281857748770479,-0.06835990878940734,1
1.05182430815582,-1.8528883001755923,2.007618348686306,-0.5031489107915923,1.4487232632871514,-0.808270930703697,0.9739360298654417,-2.5168165796520694,3.511012532068679,1.0253978830235897,-0.11971107891834154,0
-0.4822179803965843,-0.32949828648479584,1.1711546989335864,-0.23555820104562597,1.3515785319295717,1.0732462466345551,-0.689427263484135,-0.7572768091295938,2.8848332065409834,1.2151170863755918,1.996879069797885,1
0.4618477603264024,0.6132871215191368,3.109603384747012,0.8470330643548776,5.391992338908828,-1.3926865385215184,-1.9766090020535678,0.025299623661508952,8.886696010478197,2.9678702477098926,-0.14255206610886617,1
-0.13795179397112228,0.3386470073752644,-1.8461121145094175,0.11628409120136575,1.3570390565174186,2.7888437114352893,1.6744932201905975,1.0480070563479715,-0.21626183690841097,1.5295454140149014,0.10106671265061085,0
0.06247278850319749,0.8581393554741079,-2.4746744213487375,-2.2204618751003236,2.1731627355441026,-1.4401853027894571,0.8944122431286959,3.2270724105764517,2.3364799306446296,2.711746299319505,-3.9946346811299507,1
0.6876316786166549,0.6642799271896257,-0.37027835615844834,-0.7331496903962308,-1.0620816322621232,1.226596044968627,-0.20773499480743618,0.8462430295195478,-2.3769633189371797,-1.0322947772471078,1.590226586333708,0
1.3714777375248222,0.37522826809443016,0.25696457463428574,1.4471425741182713,4.272025824343035,3.6234967805269416,1.6845256289123163,3.091236502727009,0.8132148681923901,0.8479415567392453,1.557859385117307,0
0.2878426018735924,-0.9855407003902429,-0.3532274793256209,-2.272296710414174,0.75003673192683,1.4339467138287127,0.9965708365289909,1.5152338951393767,-0.34947640739895025,0.40236577712013977,1.101973748624704,0
-0.16831487286101174,0.26597603889694,0.7254762649696759,-0.6636813730313973,1.5232374372400783,1.0461314679855374,3.0771934897751234,-0.9595337325251445,2.202338953010898,1.699577298420782,0.8161075661491008,0
1.5917640247351965,1.566389799547871,0.2594448890221,0.6608919462605617,-1.6877468101881739,-1.9458597875144577,-2.7260960207580966,0.5324429737983625,4.305068476323205,2.5379269598699183,2.6971539790981134,0
0.8758585925610394,-1.6990560650752242,-4.887084243633441,-0.5385580499712824,-1.5197317348227357,4.441522047879618,1.7013701344446575,-1.4404197249538018,-2.043301088444496,2.5887339831234897,-0.17759467341694335,0
-1.8503123142136169,0.5339531543990749,-2.400665002900497,0.04442079844872473,2.411835305230843,4.678713641555139,-0.3142451369437895,1.6217977370176149,-2.940168302975075,-0.45969977054513245,-0.7493331869729487,1
0.675415943320136,0.3042875649625741,1.5821082730182476,0.003953167902536004,0.5640067337308504,-0.8077197828204132,1.6465976436537408,-2.385159360478451,2.6643145976569578,0.992335980788414,0.14360571186864823,0
-2.627043144848582,-2.0431341293470746,-5.393362074514139,0.682479148831373,-1.4919571695500746,3.2895802462700736,2.773307586025635,1.885276711103964,-5.592699352155565,0.4955858295238035,-2.0862069291956438,1
1.1682610647880007,0.7784657859122195,3.314396696022718,0.5062712785717655,3.227741617431595,0.029643598421036477,0.7896128728317534,0.16891080778783085,3.328771731174637,0.15195042499726108,1.5988106555312998,0
-0.42302404943099453,-1.3059722749888396,2.4639892655515188,-1.4788747732355818,1.319442319454693,-1.2854342647743273,-1.307068093647327,0.4107041762705961,4.456008626624796,1.194690721271213,2.2005722507460908,1
-1.2091094658531263,-1.4127242679224827,0.1826912255350831,-0.7102636215694381,0.79014341859516,1.2526005906930013,-1.9184380555921265,2.402614848967515,1.1014937960618154,0.6002436915761844,2.7054632653152915,1
0.16437791893812986,0.17400632358271176,1.719713107450334,-0.2896608167532374,0.8688628400634298,-0.35823329061906173,1.2023402487987562,0.21041970708285962,1.6963564123058206,0.35967574504447464,1.4607113532392204,1
1.2361048293158892,0.024802279492063962,1.9195941869973787,-0.3242098029223347,1.3012449967322315,-0.4383760696339707,-1.3918241346056446,0.6923937709468246,3.425692250555424,0.9007080448182534,2.234605159856501,1
0.19743953522127156,-0.2768900151179306,-0.3505136504949213,2.1706514995472213,2.434046795069116,2.6276830549394044,2.095606452357434,-3.677543870517913,1.8863164456925425,1.6712183290422735,-1.4353191416591193,1
1.5917133659143063,-0.1616683437244425,1.8707847965098678,0.09151253848685147,0.7944705971950334,-0.40519192302999785,-0.206472674592029,-1.6737284649755204,0.7100489906264039,-0.9336778896619164,-0.008474736206633526,1
0.8691637862921772,0.35159698095838215,2.0656420639195803,-0.38430794971673915,0.5598174634519097,-0.9346501645556098,-1.4559412818792241,3.256699953406044,1.0136301449787328,-0.6791396492113309,2.946356202511507,1
-0.5072454155384195,-0.610730163786217,-0.011279120805539522,-0.050936885238446666,-1.3012381372430872,-0.15717818290185392,-3.8323644365957676,-0.2934247023883937,1.3372594155077075,0.4226540681733265,1.9275602846972728,1
2.4412854288618107,0.6141011387074863,1.5381327236626865,0.6078274523125345,-0.23634114333805134,-1.800097742950478,-1.3517492777615105,-0.8486911647935471,2.94062939527132,0.6936454061472586,0.933939821704799,1
-1.3569300250826737,0.812069654752068,3.0698364353991616,0.09587918645587946,4.486108872707044,-0.8745125933741458,-1.0720988104644404,0.7469323723079684,6.5139025748762736,1.8101589672637242,0.7188124114244436,1
0.5954994353973975,0.005057513586891889,-4.153184420566215,0.8538202818421872,-1.6963634172957884,3.600185943597523,0.4676006167564135,0.6360970990129475,-3.772556236416224,0.6974753023012568,0.1337752651566002,0
-0.824974011937789,0.15434280937104525,-1.1960298112092447,-0.7698598267429902,1.2765360923822722,2.6606369636864224,0.6399671580785885,3.2918270308031436,-1.3762557072530115,0.2940000914822748,1.4605119837907132,0
-0.9586772957370564,0.8588195555026152,-3.3739977149592395,0.13652198790362,0.4185340743359476,2.6299810823573972,1.1762029230111826,1.4841043470006823,-2.182691183757595,0.989834200918235,-1.4284152224333224,1
-0.9012907586744044,-0.8849543214487755,2.040089162946052,1.4078484239370868,2.661038991770158,1.7600761721187466,1.422037113929199,2.4136590134268805,-0.5281128239103218,-1.2123040664474414,2.2026431956857513,0
-0.8045060289807632,0.296283314040929,-0.8353721732027012,-0.10519948536528016,-0.6865171653835032,0.01621197578178757,-2.4072407378622915,4.412387956841281,-1.0524130170585684,-0.2946858107918797,1.9651566413942396,0
-1.3315435033818046,-0.8488692351101003,-0.8336574791835627,-1.6969229582401029,3.0352796316671387,-0.5077170262540898,0.7045907530270739,1.906399931698143,0.8379514202964325,0.5483346116531009,-3.737400903582432,1
0.1575341040058198,-0.42507279730498093,-1.066611856348367,1.2853223094006851,1.3974906597018737,2.199416524274518,1.3456522739385894,2.0588614960860374,0.3466083063054708,1.428285119099302,1.1160255003521928,0
-0.142164359604363,-1.7325464082577964,-0.7261105942157593,-2.0031165638066577,1.631737967267496,1.628831942611901,0.6138060558702658,1.3309916073798058,0.26899453768164217,0.7854233840917215,0.036218661268533126,1
0.8107032679329199,0.3025325788535416,-1.3629652785362545,-0.16970057023667168,-0.09496396661672435,1.4825081698844793,2.1489459533644224,0.07654341316453106,-2.3781848655789366,-0.24767811846419296,-0.8448564829481915,1
-2.0903806950183155,-0.06606351102996642,0.6154994741851387,0.13455020321195088,0.2368167137924596,1.8384431651214292,-3.5198820244823916,-1.2440418012881629,-1.4123140232530704,-1.9397891470551931,1.0253527392140744,0
0.08810281166512893,1.0513908945546429,-6.995384182688182,1.1674977258406807,-2.6248089610517376,4.502285159313841,0.32115392708620494,-0.2886471495225438,-1.519961583653321,4.176567600471787,-0.11779142299846357,0
-0.00584023703759116,-0.4691267700862452,1.3049982222961667,2.666880748444533,2.704190274446755,-1.1027562128512014,-0.4205409977126313,1.9457620561538558,4.462937784125234,1.8468674902840525,0.3226473406711261,1
-1.530642051701793,0.9294408934080137,-6.0798278407912445,2.090282618092259,-2.382073510733462,3.1328718723723137,-2.102818169198385,0.7180963276891369,-1.8469316384510708,2.664233457114272,-0.650127095354122,0
1.0937660075816205,0.6914636881573902,-1.4737890134751588,0.1370532992262655,-1.4910806595194468,0.9716634572139934,0.9643645851435876,3.469158133138864,-2.464448527334019,0.035315754234691354,2.12269050056136,0
0.8795802016877373,-0.3774761238079619,-0.15110871375056442,0.0296135259889753,2.0525400035789145,3.0604350332820096,0.08364041233817421,-1.8376526717809096,0.7846766951258097,0.6559343425602648,0.24673374862234343,1
-1.844809443594904,-0.009609120141979217,-1.1986243603096838,0.13633296387775357,0.6122388151826785,2.6361009727681646,-0.879895550890178,-0.7088279012738743,0.5859821390407511,1.2147985009982931,0.9282326671807445,1
1.64536253830251,-1.5763697113381845,1.7912215786471324,0.41122672406354266,4.348892452314324,0.137325242548623,-2.1189928714803212,0.5439229479269927,6.78317855871484,2.6820622900327793,0.6857710798987593,1
-0.11270231213990635,-0.5775478469898419,-0.05447667710014152,-0.3313653347195996,0.9475200807919772,-1.8964773034414097,1.0538137597193473,1.1068893545478866,2.7489123818763415,1.7883924526739752,-1.3442740190757336,1
0.4699490964692718,1.264226027512579,-0.37338621730297744,-0.31778758942847724,1.766821908728259,2.2238298970599955,2.0182308929810118,0.6321116039104174,0.28711651638462166,0.9488879719924852,0.5835677163118056,0
0.17377383957881806,0.21716003848145762,-1.0889994323481702,-1.123427661404944,0.24325730424417125,1.5489864110324278,1.1897285959959474,0.07211131469629095,-1.5956331564056534,-0.08621291323744429,-0.47566071137573007,1
-0.4345476834272956,0.1738954509930282,-0.37097882980749747,0.03084496678952311,0.3548200206555485,1.10309064371484,-0.8814316308607553,0.9679530993104424,-0.8186081154359748,-0.37533322411674974,0.5764231027102842,0
0.20956752696792144,2.5313871298386674,-0.02666947111469101,-2.7567223368796014,2.242661210310154,2.30755628528829,1.1572567717540898,-0.7828500476925614,2.1541554618663117,1.7436803588141738,0.6343504987486648,1
0.0019338432413627267,0.07074819910901217,3.1957629173294184,0.21406251368839616,1.8453679381641817,-1.5391331466669431,-0.31941788026271634,-2.2975950626913524,4.381135213003292,0.5367510912228174,0.41812794871268444,1
0.7399762192691839,-0.5847225146466241,1.608156967363894,0.47669161579488883,0.33967411932623803,-1.3817221078329855,1.1282049714616382,-0.1187206899070965,2.3428116648965602,0.769119082481379,0.9332617743701284,1
0.5684726238112857,0.759770337277839,-1.2155870138508362,-0.8370127830716638,-2.4784050345719324,1.081090750083613,0.2148793993163789,-0.3012671365678603,-1.485489979888795,0.3811117673309845,2.0586244840955032,0
0.06432929993655191,-1.1080849351357525,-2.240333882910085,0.1855675278284298,2.4290553973711266,4.158192102904373,1.3814202853868447,-1.0713325574269554,4.777579055758955,5.23688378723654,1.4014026200216823,1
2.0932200009552973,0.2576233821129254,2.797839208024584,-0.6483946610919608,1.4739268448210823,-0.8681792732564735,-2.3781280515540857,-2.2323711470562086,3.9189703210702755,0.18650683175648797,0.9996185714897758,1
0.5483560774569204,-0.7081576719388134,0.5746261688075418,-0.46506964061961525,1.8310931413993692,1.3559898644590478,-0.5925694830981076,-1.2982898455718022,3.844813498573606,2.160252170124685,1.2711048916847798,1
0.4027070622167363,-0.0030952406441941928,-1.1839930422554623,-0.7267807817889473,-0.6196884841734784,-0.6159632117291363,-0.4623833845418972,-0.8614982459057019,2.7991705692461992,2.5570686116768813,-0.27403739719842934,0
-1.5039379918518343,0.9665731028260209,-5.184569079507523,0.4036374100280228,-0.9899675978563119,2.747914288815812,-3.8578555151857223,1.431821887889622,-2.667843117069137,0.8388051414798015,-1.903348983000491,0
0.19970528164117887,-1.00254856270004,0.4969840970004314,-0.8123762506021189,1.417295622441169,1.4357500615804084,2.3353462107927783,4.559335904388387,-2.1555247422890176,-0.9817830450612215,2.060543398141766,0
0.2929315893503068,0.4271536073454349,-5.9668668044978785,-0.06662755177938158,-2.801631418282844,4.0031707579639235,-0.4257103723821716,0.9957675103618816,-4.700729305269859,1.149888711429037,-0.3219807222372344,0
-0.5898549234369626,1.077135147385579,-2.669355017890306,1.4424982281941714,2.8589853087413757,2.8394504032717904,-0.5015176121155622,3.325666500716069,3.355253354815789,4.011541428692185,0.6256655486018526,0
-0.2981477544703399,0.5797883824209931,-0.8925987159659124,0.11698735274641844,1.1624329564835658,1.7163512966478578,0.5833124929895559,1.5045855089424198,0.40098812225869207,1.114361432726426,0.7175052490952227,0
-0.5296446013931255,-0.7478602303215373,-5.790421672886643,0.5766381368366745,-0.6637728204148068,4.806963453986468,-0.8658211908312199,0.8531865834075666,-4.259402138289469,0.9236315345571343,-1.6959761009860137,0
-1.7625459916797084,-0.06615080892755153,-0.2798449013644109,0.9846924624714066,1.4453725471115753,3.05122937220579,-1.098844993096525,-4.269313053993862,1.1698511041826662,0.6726616710763078,-0.39878301927521176,1
-1.5252567246217668,-0.6986831821833389,3.881736995144823,0.917236219986311,2.5279307945897664,-1.3754138195504164,-1.1718592604095046,-1.8004440778945012,3.8672862918498554,-0.4819313601191193,0.5259106441915637,1
0.7663161269076633,-0.5800446883933971,-3.903474428555225,0.0020822239396906094,0.9339341554092706,3.707352177996855,0.4290740443255817,2.8774056575256246,-1.0987409530430532,2.145326761278529,0.02739561312245109,0
-0.25873553943030075,-0.08489140134777931,4.363746275623755,0.4388113635046917,4.9599389187329646,-1.835618200655618,-2.003932511960966,0.5545455722569563,8.819030548234222,2.3130153823224964,1.5428208020050516,1
-1.2425718621259403,-0.42501899200519466,3.0134171943357964,-0.1133034476977116,1.2300484407078083,-1.8939170009544162,-0.2031444828786495,1.177591065189055,2.835380037604178,-0.09911596624625019,1.7892333595685783,1
-0.003913440188113338,-0.5246665955656862,-0.6581865382441622,0.5979661945490942,1.2648798749857086,2.5073739199635527,0.7069540123830431,1.1698346929095702,-1.912352708300435,-0.6019299309113866,0.34023728709740086,1
-0.22713458878250065,-0.8485625600549519,1.483838170496117,-0.7521461502441253,0.9211284977094436,-1.945213740335305,2.462622569695098,0.8080930268704669,-0.49126774290467545,-1.1669158183924933,-1.5748071479219712,1
0.8713585894595876,-0.449577473382208,-2.611399411840179,0.7434466615188288,-2.0852700980084253,2.591240751941066,-5.374500752389392,-2.6219837884740516,0.4132327830672404,1.314518315438861,1.388144024208489,1
0.5105733406020191,2.0803571646017525,-1.22897474042134,1.761427265122253,1.6278552029819533,2.296931551049275,0.03827810110635521,3.3691105630571196,-0.19591687783177789,0.9068781449773905,1.228378644608463,0
0.03677917911803297,-0.35418992625845913,-1.5788824059242355,0.8405933940428162,0.2852011782246493,2.0013011332887913,1.1188630098634476,0.9354685602814926,0.08962214482777972,1.581689357275481,0.8930141569287194,0
-1.5656005890318199,1.3497056065078383,-3.857487044667223,-0.43635163021323686,-0.20606666877785562,2.685088173749258,1.7832459608517195,0.8343495368239087,-2.3785416798830044,1.3349337407530513,-1.6019827516426097,1
0.7009383410069869,1.3894508376887356,-3.7810014908814455,-0.6408371256095029,-1.3283107204743352,1.8463616056369943,-4.304766142728868,-0.4118393219825345,-1.391422606161479,0.6785905207926886,-1.4015468249427827,0
-1.8426569872304834,0.8553833142096608,-1.5280593923614605,-0.2491565389186871,0.5974786122671207,1.3518519825045785,-0.3467482244670066,4.023901509968054,0.470906371204931,1.5924828721766557,1.8046051323267707,0
-1.4537902599938735,-0.7695091489436643,-3.3777059203719837,-0.7377060294457684,1.4225102293784262,1.3754134846546036,1.478589682460923,2.1968160465424535,1.2878200772942496,3.210883774123475,-1.8742985724182932,1
1.2589727282128385,-1.7338533195728631,3.1800613162071105,-1.1476173186195733,3.266360607492593,0.21758430105718907,0.7174964313404768,1.8172400375610094,2.999160253346605,0.14357556190741727,2.4241475070555607,0
0.014370355043148549,-0.24872285914326617,-3.693013685140821,0.31074644414554764,-0.1258498220682156,2.5796199511604505,2.4498507825367977,1.7641732596153386,-5.378661686451752,-0.804667331279503,-2.712519037534209,1
-1.8238191926714273,-0.928384166011367,0.944757425728629,0.5935281167862068,2.100100324275399,0.3344507773608655,1.3317000580778213,-1.0737865266701019,4.477514773506835,2.601387509971914,0.6316651800095587,1
-0.907593410159503,-1.5088971678224983,-1.6834314460152082,0.48211902625734776,-0.25876264853995545,0.7422046195634977,0.30807011504797355,0.5151267562802003,0.9184554964392143,1.9077041611712806,0.14535719457518592,1
-0.49313895669371,-0.6708864524772516,-0.8104111342028087,1.5332567970717506,-0.1690870072723214,1.345152505992175,-1.5628083031487652,-0.11031943193575033,1.3226845570719095,1.3867412293369996,1.5449968495110822,1
-0.20094272938676064,1.5470525766187497,1.102163422939809,2.375694809693457,0.4840402700114832,0.9285834482566313,1.7204736405785166,1.4619249697141528,0.027106037629298037,0.030943078729831264,2.6345915294910167,0
-0.7544075131643021,0.3060069127597037,-4.653123251659165,-0.09887485717289675,-0.8378495006913337,3.097100806616934,-3.246198391673351,0.9353483529256572,-3.88501792278401,-0.22685688917062174,-2.033314084976709,0
1.7150589335699746,-0.6931168241067456,3.092009320292539,-0.2959081484029487,2.1149137057137666,0.347473941778778,3.9847047287418245,-2.2821927984699864,2.2267000445639917,0.2572126158139266,1.1150897306013927,0
-2.0020713094697773,-1.2263764011797904,-0.974001418713359,0.8238663668244839,0.6890823964308599,2.0907853856901863,1.5334944644586561,-0.37505175909825117,-1.3955108626774275,0.041838834690309024,-0.41205252671048753,1
1.128232226353922,-0.6039459243064953,-2.9840782369970165,-0.21155197739581583,-0.9218807697840183,2.1737190578512697,0.5594733731063324,0.29879013580169145,0.366385148754388,2.6775191654843455,0.8114144170691442,1
0.16502513504235444,0.04145370834421084,1.635589450547338,-0.213841222256461,0.9054733659674143,0.3122743010280665,1.7637589179817317,-1.0468538620421008,0.7975279058411435,-0.12987839763167308,0.8940601839188353,1
1.3801306566800489,0.2162453582275825,-1.5598944313166194,0.5174232074707397,0.008548121189307478,1.666835496785465,2.426669875413829,-0.20839737182890872,-4.492559948354513,-1.6776206385467383,-2.2870860382093494,1
-0.6387585347863575,-0.2521306518976577,1.837721059682302,-1.5383488587056267,1.2718610575721647,0.2846901652585556,-2.0169211960742697,-1.6362177146011496,2.6040150567535836,0.13479592382049832,1.2046598514437339,1
2.2350263310578,-0.03808387907528831,0.04395882433385662,-0.7951751905823736,1.1816234484173007,1.7008807870089673,-0.8626906380838222,-0.6583416840843515,2.0262284248483073,1.3107557974488147,1.2943666176862414,1
-0.04681561760125802,-1.8115235166478887,-1.5823042690004268,0.5827407194590858,-0.5854367476735414,3.2214057129920417,0.08356348299879834,1.865649288598319,-7.343894510662308,-3.6479066156230315,-0.06340722130158905,0
-1.1505953281723418,0.31413061867655956,0.2493252022555441,1.4646402360263937,1.0101577470512484,2.018217720011661,-1.209126230491626,-0.7206813229574563,-0.2574409218298248,-0.4786126858984463,0.8342237219849912,1
-0.047473690658940686,-0.37001526638317483,-2.0574510462741,-0.25506165171330364,1.6597175171416008,3.496780525527032,1.5716503104782151,-3.643069758511377,3.9017917535858513,4.337258694189929,-0.22062101431414227,1
-0.33362611824703936,-0.7038080661761938,1.6413930641858918,-0.02051788589660357,1.9331841659281737,0.894035654471728,-2.0976630654610346,-0.7080189417794964,4.790330458734486,1.9084657542508272,2.6218572672859377,1
0.6426290356043864,-0.8150235567108405,-2.502540814973479,2.5039344820352913,-0.447659303367014,1.5180846476406304,0.3284550092175528,3.3525450430626567,-0.30315521372754767,1.9026026374064018,1.4182309321394067,0
-0.27244236634175384,0.1779340949798724,-2.1641953332994515,-0.9432372419661342,-0.7673370665973676,0.24184005618017423,-2.48087576730145,0.29324728802972133,2.7717805270958884,2.9331046278770962,0.48592924217796607,0
-1.032657000066253,-0.19306006549907936,-0.8980422644769683,0.39835725649567266,0.14852191527453695,0.5657141706324496,-0.1493327872204877,1.3829729365863461,0.6389841261798832,1.128945631251706,0.6557819344636894,1
1.4361599013139825,0.9389405981753075,-3.019731508706546,0.8395753046222505,-1.9893996715407098,1.991495443834345,-1.5719439764018888,0.9505911021883251,-3.5380077177194797,-0.4087894018294045,0.12867886189895583,0
-0.8427578629788521,-0.8783449144607081,-3.995656189579459,0.1506363946881093,-1.9189518672394303,2.5194087949976733,0.4246357794110268,2.4030003264566964,-4.124086072424264,0.33351898282732373,0.15685259999732415,0
-0.4083890197137981,-1.283601328582309,-7.978321992866112,0.044914703986519554,-1.6122345738018171,5.646138727923957,-0.2685133323542934,-0.3722414508332581,-1.3085941527813592,4.707687353254401,-1.0586067206748986,0
0.5136068804209056,0.1563312575298877,-1.1240242956506938,-2.198077463552977,-0.46133017788042197,0.32662317883316905,-0.745405174095096,0.8614019468955532,0.14087593406955884,0.7947517304675104,0.29443574835980457,0
-0.13218689186863497,-0.4525229108683894,-1.2673314866011476,-0.7865073432049696,-0.33981298677439087,1.6489503342385556,1.0880479100656402,1.9148073520035331,-2.0883218672966186,-0.04833421455956777,1.0009424846378217,0
1.043373391303609,-0.12557540740091527,-0.2932411315706252,-0.5214980815768931,0.37710628640681776,1.0830606822711522,-1.8967083050158393,-2.73981109308059,2.9464000130875734,1.8227056119988871,0.4388405157876457,0
-0.06427911319698731,-0.8802976087770645,-0.5463646948336359,0.8774456408810436,0.9269065353201236,0.35221936706541745,1.8267176863620267,1.5681065954225333,-0.7858490821938552,0.09394136016388,-0.8183002687318081,1
-0.3158144941301385,0.26058056765152426,-2.0213600205198503,1.0924334121993864,0.535308883868499,1.126509710316622,0.7942196854335414,0.47918834316817194,-0.6939990304264425,0.8695010581922062,-1.656810047528909,1
0.380041469357902,-0.1945323534511851,0.7815408564919843,1.748691497555303,0.16337459613181826,-0.1426338075641005,-1.9744421701324884,0.25864683689824974,2.230477467022916,0.7777453853252325,1.8315860816690785,1
1.0641163393430058,-1.701742857020918,-4.286007216814833,-1.0772602438322632,-1.7412002254839107,2.7343583789163417,-2.593727157947167,0.8669068911841005,-4.465395977427959,-0.5726833625457994,-1.2726381984675021,1
0.8436974387860797,0.04272267813517225,0.058865494881435096,1.4153341248996283,-0.08451617415642254,0.522820663066426,1.4920655792983566,0.4801234904098015,2.7232153552720586,2.5087954433002673,2.579607945231735,0
-0.20430938887283828,-0.23064573524643195,0.4131131714202508,0.3103595307347255,1.1026082568202284,0.3668555766991306,-0.3223944130965979,1.5985112048232377,1.409479621888941,0.7222774089462163,1.2262561023147884,0
-1.9902544755075677,2.047844981102572,-5.55760522710561,-0.6917073735162941,-1.5796612536073509,1.940672137425498,4.39602749262553,1.4271858957375194,-6.47922294044916,-0.029757245312572733,-4.49831895626569,1
-2.0569783966556576,0.4389704686847515,4.8573523133584615,0.8407812746187283,2.5936737066708897,-2.36399951286565,-0.6042430723828593,-1.614954925802186,7.657491244067202,1.7575344256204217,2.5260429538092426,1
0.27075379421830836,0.492885790390263,-0.017452438194540666,-0.30678944892223753,0.003233223033757726,0.5055470289056649,-1.4476912064726577,-1.4415791139291163,2.6125632783048296,1.6170672099715646,1.121328995925378,1
0.7342907826998107,-0.19996318951974063,-1.5637726147676294,0.4314039887069929,0.15122044681731406,2.892590238810723,2.538540332379181,0.5452325661491859,-4.729706707439632,-1.535365003119106,-0.6878522072595402,1
2.419173735605957,-0.6550133500465591,1.176446790376963,-1.3492646649064135,2.7504631272358,1.114616699624224,1.2802823050896603,0.28418292456932936,2.8694163944035496,1.3966944208276095,0.9379783069726824,0
-0.013661059514482926,-0.17636032618703879,-2.0259725500631895,0.07599951770758898,1.1143983919134617,0.34059687114396775,1.2522406058185382,1.32750539167178,1.845369688705316,2.643806968176012,-1.4354575930680336,1
-2.3645388185017384,-1.3076674324080955,2.100256974269497,-0.22138773767154063,2.4728997052215966,-0.1729179479002192,1.3557291278440158,-1.3799542316255726,4.435429015845936,1.7408313235229005,0.6408203100085188,0
-1.2642364875325693,0.91030095272008,-2.636113971752287,1.0246850934800804,2.7528282483407214,1.4741522018809823,-0.4441241953891857,2.469405600238678,3.0430551869725715,3.432270685418799,-1.5098912140107794,1
-0.8194037256102072,-0.5235409290636991,1.4554645997344051,-1.86067845264472,3.2815614900245005,1.978010771509191,1.6305962331792316,2.0097762319716117,1.2647063806293295,0.3386729817112044,1.77142303686581,0
-2.20855041048697,0.45629339380452494,1.8275514677825064,-0.7975725665862239,1.855116237484299,0.30167786895721416,1.2891897398685637,1.045114216190154,1.8934654398434827,0.44469743352192326,1.7364227108193846,0
0.7010954686674501,0.9806677415633347,-3.5068595702779466,-0.19965037538522135,-2.6522538192162433,0.00046036645568792167,-3.9183415864702384,0.5541217821414268,0.8378780986500318,2.3118424284074512,0.14981484894828567,0
1.5347648361127009,0.07538605718331591,0.8507084477298367,-0.8547547469677067,2.206454209227319,1.3128339343840285,1.4709048087530303,0.22345484997469178,1.313939503987749,0.6155456839945075,0.615410108733144,1
0.8462121968483787,1.0766974423634434,-0.3147545084642479,1.2989798123419811,-0.9190974567985374,-1.7928075192711725,-1.5840592179788144,2.1926765755204016,4.238813002881426,3.0398027156862666,2.2443492256650406,0
1.4746000018716114,-1.6513266307113272,1.6883206739738803,0.324725540170708,0.5969361210218398,0.06445703681408188,1.5922963580410894,2.983572829361852,-0.17297424328950148,-0.5232261438632797,2.9080775871428943,0
-1.1477931847400193,-2.2169092282963607,0.12720072611222044,0.949487547000737,-1.8995379942182204,-0.3643289772227074,-1.5087044504992435,1.3700748987873783,-1.7447931860276509,-1.1880464343744972,1.9312874200383003,0
-1.0221637569512783,-0.45333200187747824,1.3465907399134467,-0.5634482913239134,2.4863814391969212,0.11978198756038061,2.0349951460026836,-1.0352509681112914,4.396655436037654,2.3478409914176694,0.3277882665360665,1
-1.3284177487343403,0.1769778780139933,-4.955622299200258,0.16659921224569746,-1.2834428909239355,3.3117909804108523,-0.5087804371127131,3.405589966051589,-3.9619794512397544,0.8594636246371941,-0.09176793464478172,0
-1.6856137727437912,-1.216818771091049,-2.1457915166196466,-0.4503874192944201,-0.7165721294821676,3.2256092014696427,-3.207471404724335,-2.3431859208786268,-0.6797904115181918,0.5524161309889226,0.5510848124777846,1
-1.5478685835539827,-1.5480908335820482,-1.0231695967271606,-0.25253029071780564,0.5606238062063797,1.9510123250354208,0.3860560625936812,-0.007134496766986409,-1.0127301996406088,0.13831942622072269,-0.062372371733519505,1
-1.555915864605009,0.7077922853564467,-1.8430468900677712,-2.186849829849475,-0.9672491276403262,1.6344965158018216,-1.9126005893886644,-1.5158084792026685,-0.5635850873780999,0.5677887869755558,-0.12292910492344067,0
0.6540811343134058,-1.6125496222647262,-3.133281850484911,-1.223117550386595,-2.7626388218938693,0.20825564218968484,-1.8298628683694478,-0.6262144071761182,3.202191074940468,4.3032301147316865,1.5635847093347635,0
-0.8600968069018936,-0.20247726177364656,-0.2903998799532155,-0.6873693065062729,-0.5602761947832673,-0.6921561229670605,0.28139703647386527,-1.1441294335126413,2.2186507054202673,1.7591222531747297,0.08224512817544094,0
-1.8715822743143065,0.1032748775683914,4.828936198767624,0.1936860338460597,1.127642618164253,-2.2421656773202465,-1.767831296113496,0.3860780599996374,-1.0418084019408296,-4.41978063083536,0.9247013972564035,1
0.5162073701440154,-0.07889340125508015,-4.358529471558669,-0.8431133879903729,-0.1343550711141278,3.460076588353005,-0.6801421634845839,0.5742091210093314,-2.274714876681085,1.2567402049247902,-1.4578245286044242,0
0.9144585611276539,-0.05518665788122791,1.2857161895777236,0.6814706544413099,3.097054525373297,1.077299473319508,2.3536800614949867,-0.0946965652065872,3.5634670511349644,1.9661739404994114,0.7478712523982792,1
-1.220926845338205,-0.05160246496101921,-1.714298608861461,-0.4373014929971224,-1.2421039611707785,0.5177441961400406,-1.5559720718721073,-0.008359203009438598,1.649206934641541,2.2058634228283034,1.1345187676449737,0
-0.37304518008876103,1.2472665795749753,0.5967854719750783,0.051579109691615686,2.1686720917703015,0.12596316607818514,0.4961569317849812,-0.8437727837740487,4.941111012515804,2.908562463869893,0.2865649825750002,0
-0.21399135833301344,-0.8324964025743959,2.1860006003682937,-0.9596630982211136,2.3782867436436184,-3.283570158613651,-0.11073679625657973,1.2934074851665127,5.296958044955724,1.6354102697758963,-0.8201020587574457,1
0.09186743074440612,-0.09387169726293054,-2.7934608420630234,-0.1833338999500564,0.7722054788595449,2.3422481498654255,4.148281290813102,2.328567356939469,-5.300554935068453,-1.0637586267770032,-2.7180756653420195,1
0.32558835515197804,0.29187724906891677,-1.7290427218177968,0.7626781961668679,-0.777322318944589,0.8280481973515155,0.11832238834149256,1.6713615040887841,-0.558657431996602,1.0375271398432169,0.7285298409746762,0
0.9140794297550913,0.44070859005174373,2.521664350377405,-0.3828063057196912,2.430936899815203,-0.43763725847688484,-0.2168108284362078,2.2700314351090447,3.313938254024596,0.6288622422933752,2.3832816801320704,0
-0.5926240072689942,0.2799335262455905,0.5058374026295681,-0.3689106848954835,2.7178991634072798,1.3079473929551957,-0.0068161737180258974,2.1059160598665128,2.558529327210807,1.4524212358209216,1.3583201143310735,0
-1.224102141841441,0.6417203368429606,0.4059729409112991,-0.8044059432170784,1.6312142523089042,0.5250893526625475,0.7952431085390478,0.585003080703755,-0.6733480722723942,-0.7766924901230898,-0.9721262785126364,1
0.5447211809609854,0.7829340672725659,-0.10371980638530133,1.871604478185602,1.1432444237734796,1.106982296080482,0.2215129661328541,0.6053323162839315,1.6776338199183285,1.3676540600054192,1.0464139780680948,1
-0.7762137943629566,0.04167690536660635,-0.523004559755819,1.41480278926785,2.082020225340259,2.6572294970845105,-0.26842997056390616,-1.2273529491852075,3.991045837706515,3.1373287677845676,1.413626721536307,1
0.10987078935861083,0.7263512160254548,1.116954078187213,-0.16309235191863763,-0.655255173511189,-0.7476028176144609,-0.00924503824513756,0.15604065275333145,3.2096949928386644,1.8284963826599476,3.006993375051109,0
0.8741981395783314,-1.0581447019722103,-5.836984726879907,-1.2556491102766727,0.06568069465552728,2.942722442578735,2.963064417901165,1.923316483668387,-4.246705932322375,1.32714596099882,-4.188234201106402,1
-1.413785474245486,0.0008035040484413809,-2.4228771151256243,-2.3599630734292014,0.5596763614961605,0.06195673081791864,1.9859593548530259,3.6819455610977085,0.5596317449740865,2.347900450008835,-0.8039148333971508,1
1.2181123318350542,-0.6740093816762758,-0.8071945176928998,0.020914873688512824,0.6786672220791926,1.9363965568997008,1.077970131922188,2.5362944503421367,-1.3027956112352885,0.16410552341007856,1.3755164741605688,0
0.1739002501216376,-0.7887746121316083,-2.9917595916898234,-1.2765868896157542,0.4254892715307935,2.5993305956683255,-0.4121199440831107,2.9141527435307992,-0.9529628801089972,1.4846046593905573,0.4462214193177796,0
1.4090038012576902,-2.1194342262477868,-3.322028508173025,-2.1940225610569772,-2.4024391921842936,1.3388493088953102,-1.0784155424646438,1.39504998522233,-0.6151207221422818,2.049898904416219,1.389268648181344,0
0.16082417041364244,-1.7066655823852075,0.4977466516400379,0.24674168464970148,0.32852987137372214,0.07924819577914621,-0.7865137221570427,1.936814378009593,0.9129733553455871,0.36469134234818745,1.8717431912114866,0
0.7328027246995574,0.7656997842720504,2.684102030676354,0.7101943124445246,1.2660151354947387,-1.5500487583692526,-0.6504979692584956,-0.3649603124238602,2.9808320535500155,0.0049035049154745325,0.9444036913519308,1
1.8150799508274786,-0.2283141587776935,-1.219563869603017,-2.0999618757241594,-2.11338188516155,-0.3617816516168748,-0.8595922320511118,0.9908470428034847,2.248667708113455,2.6677081495139237,2.656018732957534,0
0.3291310462910164,0.6888867037616938,1.506020419344239,-1.700354397661137,-1.2161419901063373,-1.5966566530465762,-1.5796387370158216,1.4483176743519084,0.8518806536263547,-0.405938446074267,2.594989741633022,0
1.2616945758833469,-0.4385642920849062,0.006006119648360257,-1.1467611181857287,1.8531010765821827,2.1125968350790414,0.16031812221991304,-2.603283968173182,2.202845904355936,1.4290578626130503,-0.1427188314688792,1
0.8165537688567356,-1.64387745963011,-4.038426089401337,-0.49168543830838696,-2.8430609730624536,0.053984429736579465,-0.8861994485124574,0.8596386203088141,0.31809022597479697,2.954742595866118,-0.196783534793336,0
-0.7512959456249617,-0.5786381856459009,-2.176422433065204,0.1099644938084802,-0.4358640735836161,3.5413572630611023,-4.077045022676371,-4.338723352283297,1.0660104293824317,1.4957453217469419,0.2923931628231837,1
0.7897447546751222,0.2847337674838187,-2.025027926732069,1.8791900658815968,2.28450626861221,4.440108371439342,0.8175813383911437,-0.7776382159523181,1.6184970332484436,2.7588257667833216,0.6094555569712057,1
-2.2148052869793613,0.7038798511817698,-0.7220411952296649,0.9459203569352376,-1.0984938609470731,-0.43989661673597236,-2.0485749042293433,0.7780344255373561,1.618810910355067,1.3893983423621856,1.3601074116146052,0
-0.37437139148227117,1.2793924436041866,-0.6713861041754908,-1.3210628077435795,2.3510332409467853,2.3369537650345924,1.299982320811768,2.3207753626032233,1.4099551722334922,1.8257874787618502,1.2577162056154352,0
-1.3624838200847926,0.827969477221941,0.8329690454950551,0.9223401479561245,2.45895082099569,1.977161932539453,0.3323576241866455,-2.2590253545681755,2.668575842112096,1.2354234978562533,0.31672103461084,1
-0.5159905967827588,0.3067467067115195,-2.357928518791868,0.05674976586396614,-0.5404956561542211,1.0143106423506785,-0.3380060902306665,1.6426776149670892,0.5691352404956195,2.090429745589831,0.5432652313213242,0
-0.8212499217209779,1.0902336491674305,-1.9647529376390482,-0.4257653709707175,0.5570438355147052,1.0821856916769848,-0.8286417197428828,2.2625403691989536,1.758295605338981,2.468837670567531,0.6938826998384661,0
-0.008737923164001255,0.8530803050074969,0.2711881240506103,0.7774141426674811,1.216443334726383,1.6773918344906042,0.06526283454657911,4.158238769651195,-5.5513062903108725,-3.8386701855131875,0.23513022819636153,0
0.2532690273688654,1.3420232450288465,1.5690659996719352,-0.9244481247273515,1.1838599733728663,0.8889230619296873,-2.1395259206799446,-1.4454821338308235,1.6316817829139034,-0.3116850156625399,1.3202238939739859,1
-0.7200491820305428,0.9416807940117682,-3.001428659639946,2.2821595548383065,0.5545621451983844,3.777548105692356,-0.5344110234701156,1.6754136721790451,-4.691349426646904,-1.2322425474813246,-1.0882802728873626,0
1.2368949220973418,0.3946970267184331,-1.519485099206567,-1.6038627480826873,0.3452218127644504,3.4934136866495726,-2.752562968067343,-2.9673081217656567,-0.059072899354771904,0.525720834593292,0.21011013158243064,1
0.5553047060380035,0.1571992917807299,0.420092466686645,-0.4978628153791165,0.8798564200437626,1.046200162894353,-1.416327773590614,1.3060800955783707,1.211666583546905,0.5006821239496146,2.026686309666081,1
-0.14628032196377597,0.24127823308682242,2.9256235052344537,2.219574600899074,2.729775023313259,-0.8131210370322708,1.6304529752176968,-0.16365279336569127,3.7251963543240567,0.7511824288648217,0.8144822375386828,1
-1.4906995626734938,0.07802048357024555,0.6437821581498196,-1.0634528811798236,0.07390275177842298,-1.0667724491498691,0.821026208147323,1.3933648087266324,6.040157591575864,4.246462347378458,3.4700788532289706,0
1.193688273806436,-1.2728297659130035,3.029900939427226,-1.2072760499221087,3.159585098401559,-0.9487227609540363,2.0699723445684395,1.2927346351167128,4.55592809158926,1.4159352924284567,1.5526869723105468,1
-1.1954062156491292,-0.09619466019193475,-1.107220012701003,-0.002755682236004741,-0.7353446502455954,0.9970990823472138,1.065014322179523,1.511056102810091,-1.2751407852765941,0.39265662638683785,1.0984650728566068,0
-1.6144677371712803,-1.8458733334365958,-1.9312063161127107,-0.47469169600515043,0.4622291641982029,1.0936400589658366,-0.4959321989220449,1.9159565424557743,1.7758915323359858,2.5307673547213367,0.6720112397540607,0
0.9430797190032083,-0.6403402386620584,0.1808603065820226,-0.8523101808473486,1.347079579683646,1.1859539334588365,1.4625719100985324,-0.2600964974843558,1.0498630769929935,0.9071416569253146,0.36452804413882167,0
0.4164576434139359,-0.8962989145193678,-0.4146026803535139,0.886923195633716,-0.4321576894125567,1.2698756779823657,2.163346737753428,-0.6784488483517817,-2.50668914411044,-0.8721071775681806,-0.13902590487553423,1
1.4068590696575913,0.2790889517449791,2.7681325783218718,-1.6349910243194627,0.8968279298437696,-0.9350407324868535,2.6556422340923644,2.7071133816075283,2.7402351188005736,1.0117797614308155,3.9743044973543915,0
-0.6955516955865891,1.1780584099413027,1.3112151322149437,0.027335174878423345,2.5790789508938916,2.18414667054515,0.26873613193854884,-0.5628815620295651,0.39552817381861344,-0.5585480995705998,0.7175194198650269,1
-0.1692682246144357,0.8010208531819512,-0.16324161564298542,-2.7282812443921607,1.3211961919531925,1.6281450405586773,-1.0935526198789942,0.09852293105739907,2.0612027566371856,1.4161820666770037,1.2675615612180589,1
-0.8612531532840545,0.5654543187740866,-1.0426554667951415,-0.45613820934525146,-1.3938555514097732,0.5288714058881085,-2.338069828945817,0.07667073206117703,0.5585445507662405,0.9123120621408346,1.5323758978122832,1
-0.1579177647392427,-0.7690956646021646,2.9725538889842547,-0.41680372310795794,4.474311201784902,0.3923892026962861,3.161078799883952,1.2089123745101666,3.796643032815983,1.070592512494102,0.9949508765779852,1
-0.005460210261559434,2.4885275100748596,-3.8651017380701567,0.7098229763219771,-0.5632337645219079,4.586906846467657,2.142889488695494,0.6248569160512595,-6.3919502061046405,-1.1161060540640855,-1.1934650462426808,1
0.2668707330163776,-0.6066893736408601,2.9873968397630204,0.40408926854945626,2.664370293849878,-0.211501646458504,-0.016459145621386506,1.3376336706449228,2.5649798489730173,-0.22859507006312696,1.921126607616618,0
-0.9535851418702072,-0.4707764364454408,1.5548044523165605,0.9987066830074584,1.4332748818535888,0.7977312637734724,-1.9523107891484561,0.3397893784105295,1.9614510051617866,0.06936256729112056,2.1252382561358742,1
-1.7340872542473345,-0.9187008407719792,-1.0353730225585775,-0.16180650643157896,-0.4949375375518129,-0.7258567994329532,-2.9757313144801927,1.118888912036111,3.093586088406032,2.277769567992236,0.90465704524791,0
0.5445083766002229,0.7606896930313943,-0.2883239636473883,0.36611305526911786,4.385846671878413,3.6483672583577182,4.467589619176698,-2.137279995709091,4.6404979866517495,4.099975153790625,-0.14984017207721467,1
-0.7496976909119285,-0.8063116383105774,-5.221410310288118,0.31749483916290455,0.9314755150885407,1.2957119369945138,0.5882933563211294,3.603622238627428,0.42961251073093987,3.5776908149149476,-3.0484517721549764,1
-0.4354750414048804,-0.17901417100131867,-0.9775982368245097,0.030447134161894564,-1.6128272387780833,0.3364700176161953,-0.12506822431073805,1.343873127996642,-0.46258646496327344,0.7309959292629895,1.878951952300119,0
0.7099422236138735,0.3148291078999029,1.9171136486239357,-1.792577667587965,1.1676859460833908,-0.10103989761772758,1.9196963709035986,-0.5649439774630705,1.97588881558874,0.5313470704414499,1.3141441877297502,0
-0.32770694808357864,-1.5206866569604898,3.841068638431208,0.8337432325328374,1.046979861333509,-1.847828270947129,-1.9678952990992036,2.6886853036154545,-0.004701601638139125,-2.851448391546201,2.324866590630414,1
0.7985557427420491,-0.8880702253531836,-1.85658637022445,-0.35011653550450156,-0.22065317372874393,2.0704769639539338,1.619287663991901,1.2707900001471724,-0.2805895377345401,1.7301757593543026,1.305336874024633,0
1.363625593067099,0.208728443680047,-0.06455711058929718,0.5556528088605257,1.5691222140294618,1.2753769161781836,0.32141013293706167,1.992856527720508,1.2239258878296497,1.0898837247564617,1.3365720965081909,0
-1.0754411948238507,1.2104061445035141,0.8173266604103073,-1.2187665396635132,0.6975396240983937,1.5715032786189909,-2.269455621061626,-1.5756307512959538,-0.6597643247048567,-1.408208294830791,0.5837702135601062,1
1.3019129117926502,1.1714621881557443,0.4019586382304561,-0.45771114341738733,3.235150982701647,1.9995095891231434,2.3887344265108585,-1.5940125171790243,4.417532927278028,3.0985825988323263,0.26524004059899464,1
-0.13638148194675298,-1.1463817532185623,2.0251421616163654,1.5973606392159587,1.553289352653273,-0.3726130593730139,-0.13904949307782966,-1.894607468990276,2.7513129951642186,0.32751140322965067,0.22976676826129994,1
0.1156338567397793,0.941945668459586,-3.6264819632971195,1.5325948038560657,-1.7742680354059084,2.0928083259411308,-3.0265267254993384,0.37948505668886123,-3.0106134433349583,-0.09876615343517936,-0.768313094913774,0
1.2022011815615317,-3.0173179502758023,-7.547645665044296,-0.7008582820008993,-2.660833122707433,4.211826829872238,-0.6159929118813092,0.6896955474808402,-1.1025125854530042,4.61230420398414,-0.23894927200028837,1
1.2090646671054568,1.868735482055496,1.6498927747441963,0.42363063740760587,0.8039151258350026,-0.45994304369750383,-0.13466608601964702,2.8902320297163033,0.29916361024391885,-0.6986008633627052,2.1572710381635614,0
0.1762066952264971,2.768709519047207,3.6927725193817595,0.26306679879218364,4.717633641325371,1.1303999793390607,1.1457260164664764,2.016624983888547,2.988261670550704,-0.18463326272861225,2.384011510021861,0
-0.5815169687866057,-0.2399423259341593,3.801156627085085,-0.6876470509065363,-0.8653965355935608,-3.4239760386258924,-0.47389799396720744,0.5700706132697051,5.1211233364882345,1.2706590702136702,4.341778089855069,0
-0.5067808985383196,0.39969898359231476,1.2390676324956404,-0.47412791471094706,0.37365193910680583,0.5698423781913597,-2.0326886414545755,0.3811103934132536,-1.7902599459316753,-2.3733675902441824,0.8157706845018562,1
0.013648178401386038,0.38592618052158634,-0.9241996431799382,-0.5233871539262092,-3.2925273921835405,-0.2864272246551931,-0.8407242159654991,-0.6315519926801283,0.8804307902979819,1.6463817342511553,2.8451186053617983,0
0.6240040115264901,-0.4093371127455374,0.5178683559073428,-0.6497331809029389,2.4031483624420105,-3.1913542713528704,1.3088309878160405,1.8906587325036086,6.526384418467853,3.8132255514830673,-1.5548436787597293,1
-0.6604151659085554,-0.010112642862616839,-3.9152864740429254,0.7037852911724732,-2.3630049725590325,1.6082655540122968,-1.689380510521051,1.2032157811691704,-1.3040742200882116,1.7418059382411606,0.504556708379257,0
-1.0145993646428393,0.013416092179207919,-2.423552605531365,-0.9660396096610143,2.116624548331126,2.415630337136449,-0.36309428817938416,2.088068557027416,2.566360897091624,3.299834386235503,0.16204224960726188,0
-1.1165206721074734,0.3570859865619453,-1.1257835582761533,-0.8495203751645999,0.32205070325826135,2.332437111809372,-1.6299565219124572,-0.5897523960590375,1.3036140147059292,1.566719559216069,1.460369803738919,1
-0.10459717089486907,-0.9613737512186533,-1.4825425079990422,0.03028350211023543,-0.40089925130949067,-0.061380623716672966,1.3644423948466264,0.46730237615016545,-0.3911616054765786,0.9156023921039651,-1.1360467622019472,1
0.3396065615898463,-0.4501399251153941,-2.948362247905396,1.2844177434110247,0.6103278950196043,-0.7515860873879849,1.3862610932502426,2.2980289598868016,1.1120010384628476,2.5937264210702677,-2.9526837397803365,1
-0.17308703589516927,-0.24841762618582397,-1.2913855937481893,-0.24757712954993377,-0.9547893141965356,1.3985838263675785,1.0821092086358857,2.2531720394523154,-2.6575755711521625,-0.33361863733983443,1.3376486948077675,0
-0.49110122494102165,-0.37097206849198666,-0.7571559801019747,1.3645932350418108,-1.421175692981771,-0.7436279356436601,-4.876851054200346,-0.4160201617621879,0.5030812388978793,-0.14358263680496086,0.008137779160387604,0
-0.05561328648556729,1.4282115407188638,-2.0553467482421857,0.16056813294253425,-2.1320674018563683,0.9476614272865511,1.1136649172149466,0.9326783573091615,-2.7597354490779864,0.06912912964116258,0.5851680982334558,0
0.7823252399619917,-0.1171125197256473,-4.178332907544689,-0.2296318312697393,-1.4077678445620183,2.74394127664278,0.9265840480761655,1.9539831169083528,-2.937795762497309,1.3076655171223215,-0.03436830357276066,0
1.0065520945990214,-0.9854923502545088,4.178502110074287,1.4173958088124203,2.9292735687411295,-1.5157179820288342,-0.01325002442757428,-1.0454715334049274,3.6029975873175517,-0.6388766497846998,0.5073051817181283,1
-0.4305942718763778,-1.0390094202902445,-1.5743572264548689,0.5489729589612738,3.903728398021774,0.5088429301672602,-1.0708410128217163,2.854067458955347,2.7198252113569854,2.0455027580523604,-2.8772224329724883,1
-0.08422221984883499,2.466899921400068,-0.06676456106508238,-0.4057670436182877,-0.29236188878231595,0.21045020248642665,-1.4982961966843777,1.7225964864555627,-0.7398285256676762,-0.5712990605829624,1.1431869153826146,0
-0.6380527121855135,1.3796369626462281,-0.5389688787135705,1.373790902527668,0.9706124109753479,0.9742951929290975,1.388931181741803,0.9815366973875785,-0.640349657446585,0.16842612769038767,-0.3984885670247331,1
-0.369397284726199,1.2664603159135999,2.093977340803158,-0.025586832226617204,1.7282405143397455,-0.3636287598237551,1.3297226691882873,-1.1874904788346061,3.0981204844232115,0.8979948294213191,0.7269167089716722,0
0.3908323681814579,-1.6248226983914957,0.1628090012937428,1.0342134729480443,-0.3517809468756651,0.275824382387338,0.34163463408391204,3.667247296166339,-1.373422433656515,-0.553024555271485,2.3878900426944654,0
-0.1230655942868267,-0.8526013873356935,-0.230484870478553,0.42942718179661155,1.971062891314451,0.5748242160469104,-0.4943895624382937,1.7277587531993013,2.725586010178563,1.8510027084747207,0.45946344596722377,1
-2.1349424464410145,-0.9676803662386458,-4.0643811214170045,-0.3737864515400675,-2.279001323300423,1.2276339404545455,-0.4290569098579262,3.599226823545061,-1.4531464880137868,2.107552510425395,1.1394329560317906,0
0.8687217546792264,-2.6710175398309177,3.265729528852133,0.5522597994944252,0.17294849249347954,-2.865654812082836,-1.2242040534077638,2.385245009033559,0.8396060618493603,-1.7825364093444254,1.8543226909853878,0
1.264045513784705,1.3209146934575866,-2.29794633019946,-2.035824800002929,-1.8710163372539466,1.0958039386790517,-0.9753437184664706,0.3527270462965657,-0.34662434678846865,1.456545638081706,1.1012917285545338,0
-1.5550553539776477,0.7543620772602446,1.7308442194334062,0.8481330186831332,3.6366507418608784,1.4821122307348713,-0.7597379632888241,0.7847985562419938,3.653266265813983,1.1505801594063336,1.5772732829331444,1
-3.100222827078745,-1.2936955287481207,-1.9929181934989992,-1.14263132897294,0.992858011339457,4.8672469208946465,-1.704117618403233,-3.2788376663041316,-0.6730530327324835,0.6474648100185473,0.007057278354367091,1
0.37247700027616465,0.4535057158199872,-1.854373546027263,0.8707068148953597,-0.7088223319701537,0.01859070672796137,-0.30969770487372994,1.300941533082612,2.1170169612228324,2.789390503786663,0.764674916636434,0
1.0461604339804043,0.6632982643270751,-0.386421320013589,1.3858616351995579,-0.4620169003003527,-0.14330998698451447,0.9377673895705692,1.4110912384170544,3.7715787660122997,3.4442686960404423,2.876943366020192,0
1.9545908615596097,0.696695667565096,-2.0579137300900925,-0.9434972995770003,-1.3571304222692722,1.4428656437220049,-0.017698692410264005,-1.284347406165732,1.6969406808285723,2.864221321125403,1.2893349112604895,1
0.533031522361879,0.3494382116710174,-2.3807404385270954,0.7186197228228351,-0.13807769936247483,0.9202708713968424,0.3117715618218795,1.334476330751856,2.1734282955113815,3.2982371633140657,0.5988720833176804,0
0.7667093640050469,1.8441752458732814,-4.630369587431155,0.8828113224851646,-0.2634837552527234,3.0205521870889043,-1.8711679695300822,1.274468453026702,-1.0073301138974025,2.0904815168191235,-1.0354399312024407,0
1.5411243145120734,-0.406483141900884,1.1499157506339803,0.49342540455287975,0.727716416332016,0.7805054371293363,-2.1248401012543567,-1.0489868532713325,0.8090911593022675,-0.5776131855817588,1.0849976519841293,1
-0.6267405740747238,-0.5530126569720323,0.8077925121518958,0.16205093837889717,3.1545198525195723,0.8430137354711429,0.8695506663972916,1.133522134184667,0.8188416560367782,-0.11027905497929136,-0.916832164087531,1
1.479901725352417,1.3705578662298599,-1.9880786721283823,0.10006619269972476,1.9094143792832892,0.37530221088979077,0.08815635834893376,1.1468115524009572,1.636378676482309,2.008092687950654,-2.584845394907602,1
-0.617456666208114,-1.535619064153505,0.3358772976889813,-0.10072378741476212,0.9481957038007622,0.8671230545245013,-1.341294049516323,0.7036299459967705,1.970168223543813,1.018428216391809,1.6889067350122695,1
-0.7901592340129348,0.23722831610020256,-1.5392404958841726,1.848622429655304,-0.16663566518865758,1.1500610609024657,0.8691761765460725,1.5412091267806183,0.35506156948567086,1.6922674388089582,0.988227179186697,0
1.5117634518769725,1.4523442144240817,-0.919169996572172,-0.45130899940767316,2.100721667977176,2.0279523502780927,1.3227210959800912,1.1479926962884692,2.1830076962753546,2.426569790498263,0.650543641104529,0
-0.15551885419071318,0.020617731127037815,-0.3059818512521438,0.7436756038422923,1.8857985120669754,1.7020490877492485,0.6143020222416167,-2.0453821426231564,4.58245951167374,3.430291430480108,0.6093878055641447,1
-1.0630084110126479,1.4827049757663582,-1.3365242760250748,-0.7864184278480729,0.4060478156225523,2.071931652088772,-0.17192016706561342,-2.3238446179650447,1.6323788408571427,2.00707867055794,-0.02085174541321666,1
-0.04695939738584945,0.7899918947533744,-1.1111941788877504,-0.12339728545910926,0.061435474731591055,1.3419817236391378,0.13912184285803775,2.1827212925543993,-0.9929487262301852,0.34271508454055843,1.0464915531027157,0
-0.2037508860625672,1.0162623567560247,-1.5779033288555462,2.014508509796589,0.14977253891727993,1.3050016985139357,-1.6437656414219273,2.9336330386613207,-2.410681920760618,-0.8231457016649988,0.023638921856880657,0
-0.5257723719112195,-0.1426539169115058,-0.2085010498793197,-0.8345393813203255,1.5869086605363512,1.4888190670379708,1.1790139784712337,2.1161554545338404,1.8859396230306213,1.9010922132799233,1.8534592523228834,1
1.5492420255514403,-0.4739606673272742,-2.0347080859105673,-0.1991596942566241,1.428947069139823,3.5861270253590094,-0.27336126827909457,-3.242645532960752,3.325235383271405,3.6014284175327456,0.09905505377598,1
0.686541917048974,-0.1609239049096473,3.180012316859599,-0.7085407075495306,4.555500455421103,-1.8339226387583283,-2.3930098301526135,1.607155555597311,8.571238758228475,2.8622033095491872,1.2196281396356068,1
2.2784502927584604,-0.9512980896932389,-0.31572506837624126,0.10579303676926706,-1.0146028513508558,0.32283765688622434,-2.003630355640942,-1.612468731150197,1.2080955247489031,0.7959993214241803,0.9745283695403949,0
0.9270307520966616,0.6049138256900621,-2.3435192081617853,0.24749235495940086,-1.3640708056358481,0.8758011675047666,-2.9818580667322547,-0.7525902777816129,0.9720968224014513,1.753408204986861,0.1845198536024114,0
1.4589996746407583,0.4028150983235836,-8.127778146293647,1.265498728783193,-1.0062287646544517,4.957529666521909,-2.739093852363204,1.4796931745622466,-2.648781675512445,3.1206025825722974,-2.467652599777032,0
-0.5274871334360413,0.5831370600735137,-1.4740679303002762,-0.29838634321507357,-0.4251946126177193,1.7302854524976943,1.0251111573419354,0.7791602910699265,0.7497243520574695,2.10185953042007,1.840411241087871,0
-0.8397426213626314,1.7530334015764455,-1.7854158194233622,0.6087166458847065,-0.2545288522880731,1.9643384779378603,-1.7121472414246202,-1.4806755978127208,1.7785774868067807,2.231751899272611,0.7372533561856784,1
-0.28457577746841173,0.812062011672771,0.6310190099076416,2.216101457133363,0.28908178691486064,0.5541828661551553,2.64620439735896,-0.27656183733633277,-0.8014701409170565,-0.33037181254741554,0.43873305138928087,1
0.4568212402168209,-0.6988850223406388,0.027886704462597726,0.11648961736707246,2.223520084804006,1.7287539247033563,0.5990517388928089,-2.407133597242515,5.171116042575642,3.5809860434960212,0.6942211073496587,1
0.13131823907701057,0.4362591128271293,1.8967647768108047,-1.7467026229594342,0.5396646514944856,-1.223112161484274,1.3222447067514738,3.8213991939427467,2.654183485500934,1.2434834067461482,3.7049832012258626,0
0.3735169839400133,0.5643017190297684,-1.5877206270316664,-1.9495003372838131,-0.9869716909876737,0.6302811151533746,-2.511519405997819,0.9066260101316527,-0.37685341711187503,0.46036671740088,0.519929495701356,0
-1.4252463760221887,0.3822223135086516,1.5496747267720492,-1.3183929173698226,2.2906829913535978,0.3421295497470067,-0.4041044686764337,3.0386794843079503,2.306137471042349,0.6151546987678671,2.3142318320754653,0
-0.6276855318234135,1.0096258948829122,-0.5477203081256506,1.3616601995754574,2.689575993694179,0.5318315288880848,-0.6736406067499092,1.616135805463649,3.1985138928575325,2.1372047305853417,-0.656706675247559,1
0.811544682937101,0.34382010998251733,-0.01336163920629799,-0.4717591931966772,1.7571591454232443,1.4418791038942214,0.8565306070782177,-0.4822327585287629,0.9848899739086939,0.7606077239178934,-0.23570128150484226,0
-0.22324491120011863,0.8858580155760887,2.094971753588842,-1.5863273639705011,-0.6374578606406114,-0.9933320513133701,-0.2543841401208381,0.5198440067356593,1.4467779288840499,-0.08079290040815512,3.0351574828700545,0
0.7572747673935576,-0.07025504083089575,0.15468080413651264,1.6699628502948303,3.5903387654534047,0.22734051442096692,-0.7248245174662307,1.5901967238058572,2.971232703651132,1.2996573034801626,-1.5061186137871967,1
-0.7343309332923139,0.8051051144091689,1.0856787129145142,0.24076704745362928,0.5166232973357219,1.1813676055171543,1.3566183063907018,-2.6767730518474298,-0.5109261843549374,-0.7822059781009876,0.1215410388802034,1
-0.3462571474096993,0.8684022904180049,-0.9742391925331624,-0.5230362603863166,0.4766850080421603,1.2204435178543562,-0.89688966478353,-0.7402503321165548,3.2067726736345383,2.785710757877566,1.063405437179704,1
0.04336070829624099,1.4470970348872334,-0.5756444780773659,1.0624737561967097,-0.21426400987665706,-0.0921095017998621,0.8243083144622747,0.6891001642103631,1.9797347762634137,2.061736199487988,1.0138899607487268,0
0.9981690766904555,0.6470770616632124,-0.3218986096379775,0.5746921001274935,1.550190055889076,2.085343657915989,-0.6329904992991834,-3.349937610077668,3.2915903619603126,2.240719747014732,-0.02414027723844514,1
-0.3433785894034077,0.4856445901115764,-3.3451782327767807,-0.7610366347391389,-0.48719612290899494,4.592650792922707,0.9638225250218793,1.2294619287703041,-6.168676456992955,-1.4427093602375725,-0.23971837507575344,0
0.9973775234701879,-0.7332212375810243,2.8422328222320346,0.5809982976130428,1.232359677513494,0.09934597501635578,2.2676085771954684,0.8367111244753168,-0.06645747988608247,-1.2500537662137665,2.2298336990267305,0
0.4305536297490402,0.16367909393471766,2.087822401176163,0.5704689096140607,3.1548430447427678,-0.32732330108930596,2.230622725608867,-2.1865133700536976,5.968802811474484,2.812180882417641,-0.04544349706880868,1
0.7066757373012506,-0.5378299995416455,0.59413468129492,0.13452786223654342,4.448032743752366,-0.4916317840906954,-0.008428640369326779,2.109440736035804,3.49412254836894,1.3041088638217115,-2.3465012856774314,1
-0.04919943546928413,0.8497964165054201,3.5602351516317707,-0.07787705409175645,0.5549698580529292,-2.762928878509604,-0.7618081653555394,1.2829442951681447,4.726504441629871,0.897080972212219,3.288213276545259,0
-0.4712772867801776,-1.296760571634473,1.7779075310043413,-0.857381907044974,1.5344200779544264,1.9675936587445557,1.9610244718643965,3.7880956520569047,-3.152685986975273,-2.4722582596881457,2.968417474245846,0
0.07991362114177931,-0.08884021868735102,-0.0699424655580836,0.03576553033541273,-1.198232719817522,0.8973407452914375,-4.65244122045552,-0.28622381570872724,-1.244697537598233,-1.4604489685078472,1.5817367155725037,1
-0.5063141534962098,-0.05551574268540505,0.801272115728742,1.7675438770694554,1.2910019558741603,1.477212368471277,-0.9119155026126993,-3.074574916660266,1.7710603487536754,0.4122040862405588,0.15883140276081664,1
-0.028564408727916376,1.46606402742723,-0.6469600358157122,0.15918439793881828,-2.2188713203991686,-2.1004636144332083,-2.6731417425546846,0.5158081891518307,5.201113970138789,3.792506875612396,2.6469789893659086,0
-1.705525133470084,1.778423892513109,0.3718925591802698,-1.2750784729289422,2.1511597088723313,1.555571638277389,1.630897976843356,1.0372833904181702,1.6820160655864262,1.3181642471137092,1.1269220935464614,0
1.2844318887216977,0.37404988106480863,4.1912242531862205,-1.565124949534382,1.5458431416237777,-2.542045705335357,-0.8176845635683485,0.0496957473368731,2.530559809824613,-1.40018044441653,1.0870322391357006,1
-2.535131862272989,-0.5922140600811346,-3.466747847672261,1.1597716402851361,-1.256099424371245,3.203142825713841,3.5881678021813017,0.32996094717925917,-7.376486408795445,-1.8939335532207808,-2.222084873382983,1
-1.1975045782754803,-0.9006998220432622,-0.4747984398077674,0.03925972187668098,-0.8453609087109308,1.3457615872396949,1.0328557408612302,1.2688186981327663,-1.2177381531950022,0.17349940739102454,2.242488419935252,0
-0.5856780444087408,0.21440472859374765,-0.5573989517062178,1.2452539271660392,1.1480217369580754,0.8220057765619427,-0.14009733574966976,2.9977873053715984,1.9656022044006798,1.9036497024135195,1.7680644151325091,1
-0.5754120468548433,0.8335709601990274,-2.7547143051517122,-0.9275507693294891,0.8607861859991376,1.6910004932803195,1.368750002776489,0.9807113171630796,-1.2662638171255916,1.0392545680711576,-2.211872096442054,1
2.226837301024979,-1.3727206942450032,0.05419472046675253,-0.5580138841811657,0.39600213787979477,0.5482412522930791,-1.2720777968343384,-3.8094197672585017,4.109517754388553,2.4304560857015565,0.16892300108883174,1
-1.3892643588768863,-0.14453480555307008,1.94993818886977,0.3727135314852524,-0.16195901252946165,-0.28760235269154344,0.7843852855481853,2.3087024259743734,-1.477938963508155,-1.7655779558507527,2.6090256273083012,0
-0.9293840406748363,0.3144893757902382,2.6469728800821533,-0.7590321906237755,3.29115613536282,0.17569139580321924,1.455992175401215,-1.621594708909606,2.9671389470592513,0.22771787402413124,-0.29936264576296145,1
0.19813289153769298,-1.5902638233863604,3.2996584494509373,-0.08350052429547115,2.3506154740949396,-1.3984823492923995,-0.19782271404156548,1.6940565584924285,3.741640681215765,0.3075431287464172,2.0939216153446103,1
0.4043877335169848,-0.5573668912324848,-2.561291527511396,0.1460115110993237,-1.0867813016710743,1.9295138713875604,0.2449812963850435,2.412216929712671,-1.525418411122756,1.1563806954071911,1.420722565249948,0
-0.6640263363521974,1.003588254093514,-0.7610012296404114,0.36259320412268786,0.9668349469786501,-1.0588699249017561,2.0844244089763455,1.1546966356466266,2.063635564481594,2.0497691110526035,-1.484721832021844,1
1.317786553450272,1.1494148775246482,0.14937686412551446,0.12188411665017139,1.533561156805212,1.473061002930675,-0.7956713925287832,0.8232722630909928,2.726219617832036,1.797323728716286,1.960144049686555,1
-1.951510491822402,-2.0663778825297077,-2.022544972048797,-0.5184514124504457,3.2071648769357886,1.9337402548804168,2.1125720647022255,2.8606067378640194,-1.6708592592123641,0.16675652642568206,-3.1392758735362927,1
1.7695118820070073,-1.3864019391468372,2.211472219813645,0.31230149518322414,0.9936506228256174,-0.9308609248132989,-2.2573457258022502,1.3149139793273024,0.011444847502136762,-1.9672121856594442,0.8610246764086636,0
-0.06250639379344096,0.11780177035274085,0.6746542617567154,0.6394105098181719,-2.349377958300159,-2.565710616938397,-1.5067090170062938,0.41816336457326997,5.378164433944408,3.4105700993643975,3.7804795044122947,0
-0.8424897326016939,1.0508861956255502,-0.4064169485715154,-0.3035826937419852,-1.1018605283742118,-1.4664501740415465,-2.7687704666467816,1.3287452999263352,3.270736936981953,2.1368764607831903,1.7050591815354377,0
1.424334721526801,-0.09129815122652196,2.0290053502407988,1.1657702327211075,0.9759995786106952,-1.4219887990366846,0.22342920373448605,0.8909417091523961,2.829197552913044,0.6426413332108666,1.4074659233440636,1
0.533397147343971,-0.6129154047658046,-2.084464203850435,-0.04197071492533903,0.14563540094102645,0.30856230004525964,1.396458062455042,1.921252151179183,0.6386496530485654,2.0889723948677488,-0.6258905980461906,1
-0.974374708037113,0.23934189099219777,-0.2680794799063306,-0.9653014046249796,1.3187732317133611,1.6082382556255115,1.320419228058022,1.8354469793624837,0.5087078400791392,0.9979335954507823,1.3529307205203192,0
-0.6397427331915988,1.3422952795211576,-1.5931622109890995,0.7334697521077514,0.11705288490048438,3.1840485536670062,-2.5259479198909216,-1.3349420621471542,0.5192326526191483,1.1892478042007235,1.3316779595477835,1
0.8860428238421415,1.0520166121264223,-1.5663065400481284,0.7357497947176215,-0.3088527681187312,2.4947410612932197,-2.313246160633658,-4.10005140614285,1.5306933310303343,1.6804632403457376,-0.017190951570405177,1
0.9938267080704825,1.3968368581302233,-2.9358461191523637,1.550368801434246,-0.0956063161416385,1.1473799237351126,1.6067965652975522,0.41708833047586813,-0.08047888542860977,2.1408667607379144,-1.551418487912437,1
-0.5684800481513267,1.3657992443533487,-2.135946113429495,1.5293382789751753,1.481978089951653,0.2533414165901766,0.9764752862671521,1.8281253206067256,3.1308057019349125,3.5409137873746563,-1.130873045634211,1
-0.2221915832377557,-1.1210029797441907,-1.1614521156455913,-0.6416804747091143,0.9843439597530498,1.7874945678308158,0.02556513952114925,0.7063627341668477,-0.21285347636557816,0.6585487044439036,-0.08893890913060798,1
2.356385912431946,0.4434987105464436,-2.967266941657964,-0.6057514013889609,-2.5413943381997766,-0.1396868761587493,-2.175903236630059,4.427095790047638,-1.1118888433901137,1.2554905915968708,1.710356558269456,0
0.07752380274722641,1.5289431091927164,-1.6138308336570664,1.4653625157050632,-0.4913294613455321,3.0389279613976274,-3.157068601891337,-4.745754002953252,-0.9388724353690502,-0.2278944767350357,-0.9287709753939808,1
-1.7183664131223875,-0.512749846355387,-1.6481512358022001,0.1031072577512854,-0.1434395943175948,-1.712149514225505,0.794978702391938,1.8092835833540475,4.114906792418064,3.962691323123864,-0.3758417870294679,1
0.600879121801618,-0.6425982824899702,1.475266846027622,-0.8197955093121327,1.1219860460810316,0.5425087976856171,-2.0947686987308884,-1.5088818267208475,1.8730045796008061,-0.13563979814931937,0.9742391870442779,1
-0.33392849606225145,-0.0188031746470319,1.9038638462437827,1.3626558975712382,0.8128106511598123,-0.8669633758165893,1.8489500432689163,-2.1694177633499,3.218709235787456,1.2288912957585034,0.5512865622761772,0
-1.1180489849728346,0.1341335482130716,0.23228701097264584,0.20230801785231717,0.09114783137006843,0.7023941833429865,-2.539194400608152,-0.6145631936415156,1.838348585012863,0.7637228418301303,1.579267839224542,1
1.190438028285967,-1.1240039043579466,2.3995504471205416,0.23387295194732793,0.48050780753892663,-0.7489652979499273,1.2666096271585316,0.20689888786431976,1.1043102850378743,-0.414338189017327,1.9148300536564813,1
-0.3765933603116264,0.8498492152348966,2.9281610162983243,0.2718574194235588,3.0841192013419767,-0.6924566996591983,-0.7417506796412907,0.5743571563071236,5.410649575569496,1.4970849750580204,1.8374185236296072,1
-0.15443778812578068,0.7762316273865867,2.048583145832291,-0.04073700097659844,1.7681954150083712,-0.056749230084430335,0.4347479112345758,1.2060036373179581,1.8625375875718666,0.07848240471228296,1.7304610409941112,0
-0.021004025377966022,1.302866458321581,-4.3171246238715115,0.19712861312614535,-1.0873023833479407,2.1602179457565542,4.895729323070672,1.583006625145497,-7.392672039834701,-1.3157285484502483,-3.86947114138073,1
-0.13509111353253428,0.14119180137248805,-0.7038558040233811,1.792153442936713,0.49752655814180957,1.3968515529660226,-1.217152723529669,-3.711115729598012,4.127938195170752,3.018002024203159,0.27962327536437004,1
-0.0475026219400909,-0.5251691416416675,-1.6536868763453214,-1.1551563347260305,-1.0752900653509812,0.4414450892600852,-2.693142181621603,1.6201709763176009,-1.0600524126817104,-0.007620304654908372,0.38225163399202255,0
-0.5352328656946308,0.25902872309406144,2.8267078830169767,2.2812395213458565,1.6009055409654018,-3.5356079347707734,1.179063308364735,-1.3974881376268327,3.5719208502163773,0.1780766734245568,-1.9508783379096006,1
0.06214683294422707,-0.28560311337357375,1.1034906046197388,0.11077608477882067,1.5548372299045572,0.8538716037546552,1.554518731835173,2.3759221428432604,1.1923446763078815,0.6728044890104781,2.379001527851131,0
0.035930242043327544,-1.5540227455555062,0.18683386944664815,1.1881686629284722,0.9077174565296571,1.1118876774436144,1.2622700737230828,0.13294196843872574,-0.012157313215703675,0.19403688240192118,0.4871273193151672,0
0.16403398678228562,-0.7439427557087431,1.1805175363630058,1.6775860308147617,0.5862768826051636,0.5455932054540189,1.7576733202871337,3.3136723298764035,-1.3085853618924228,-0.9346309347786199,2.5120923383155356,0
0.6541786713678517,-0.5978702979103038,0.12592950231670302,-1.8504118329092853,2.4828898248483036,1.9267073035973399,1.10200366423175,-1.1644384080023549,2.864008712404123,2.0078814569588337,0.20704119709908853,1
1.233555990329427,2.0711682614738267,0.2484299428259996,-0.10208601219512509,-0.7289027623159603,0.0685055580736027,-3.324356677308206,-0.9997925733505283,1.189043243347368,0.12853769574243523,1.2759498027963048,1
-0.5499766019080867,-0.27425731587763713,1.0561718603289478,-1.5197425475810642,0.5607760014843154,0.5896976901057814,2.2389208231780398,-1.084402590069645,0.2813903396986299,0.03241106557978801,0.7161818242935132,0
-0.07616048300531149,-1.2218076016186665,-4.52761845140818,0.6904686359265904,-1.763814354135934,2.1043178527672945,0.9536215172902562,1.2752400420901027,-1.3372503245218548,2.583972592678658,-0.27355290338839233,0
-0.5144017747193592,1.6612952704409791,-1.1170290440171111,-2.3444619802125697,-2.022208631644194,0.8839711460248884,1.4223373598294975,3.2379665555740815,-2.367444486366071,0.11062810815123658,3.002046232768223,0
0.38663858153973796,1.3531728451697385,4.035641583111842,0.6042668792931207,3.380063105109907,-3.2382097123224254,-1.2749377836373168,0.6211433346897495,8.234259667268162,2.3057295374109605,1.2161718561811288,1
0.12870171791055204,-0.2472382395154581,-0.4504659772502694,1.0036159145142465,2.173432711344523,0.3108782868844213,-0.11426404466094886,1.154467877111788,3.2425728859291896,2.278600761936012,-0.40795413879435205,1
-0.48707812240349396,0.6288523080875249,1.0244319446985968,0.12294422001950357,2.8829779087255485,1.9261916761634725,1.0329506907519415,-0.4499946439296806,2.659051267040917,1.3351195113025367,1.0170035688606596,1
-1.2266152835908717,0.7779148894647255,3.146977300298792,1.481548980990383,3.988604806232603,-0.545555669301643,3.316617647822179,1.2195168628369015,4.985327004868042,1.8245051122678744,1.3326421343018333,1
-2.250924615588675,-1.1656277981974106,-0.8620112370747849,1.9428711036329642,2.4022331051487584,2.9928077477103905,1.101402269512258,-0.4775563373800997,2.8241953017148087,2.8056549696784696,0.8667142402364587,1
0.46660120522851917,-2.1274450234474136,-4.601966351338553,1.630961209493651,-0.6209610523385491,2.9491145711236344,-2.9988086160989047,0.6444062142484628,-1.5432110889879467,1.4409567547794813,-1.3223664807155289,0
-0.006647530364835954,0.4657913746001861,-0.13680503582117595,0.24832313756902885,0.3689593885183462,0.37302338440781435,-1.8820179387245592,0.6427987749315329,4.281164276834625,2.909048301241789,2.510268378641387,1
0.20952829160711736,-0.3207288691562495,-1.168888755857037,-0.7562172175888165,-0.9724747307340296,-0.6749616706538311,-1.2606069594241154,1.9110522294852519,1.8135903650065432,1.9682572650128116,1.2146078926020594,0
-0.5607964783879258,-0.15861195150749002,0.7577728176627953,0.07357997372192296,2.6745938401625704,1.5304436566909596,-0.3729741927706298,0.5522428458460598,1.371711089146453,0.2647266578282519,0.38586477069968583,1
-2.522863960849723,2.887712603746275,0.705448438469395,1.1970192073049601,-0.7197295335916962,-0.7328046815937559,0.8478758348478461,-1.2518324719958085,0.5939555319593934,0.16467672998430838,0.40326499677442584,0
-1.960192113619697,-0.3852789571852765,1.1288382778906787,0.0959379273881369,1.6592037427348705,2.4368192255634247,-0.5728989577071523,-0.7147883103759544,-2.6431864707106407,-2.656302062575734,0.2161263720601604,1
3.09373033994862,-1.072308979478815,-1.0201110777161149,0.22254932572857175,-0.3084311114555096,1.4630196458107254,-0.009973534392898609,0.5462664264093064,-0.39725670509789157,0.6714075549413491,1.1048029424549324,0
1.0871746567070124,-0.2711504537476155,-4.520475318677626,-1.317566807296951,0.8199663789462724,2.5433182663990364,2.0615172486353455,0.8231750058892052,-3.25882071802507,0.8046969149423739,-4.274387310886849,1
0.6033005882998763,-0.33379695986622887,0.5073237334509065,-0.8062162912520835,-0.06792820680759593,-0.9824825819042706,-1.3022528696504299,1.1494534009731154,3.689821501803914,2.123848360119025,2.145527830640882,1
-1.3226153672847274,-1.0722776829772511,-0.5260337084521152,3.114912394206211,-0.023747657889187535,1.3883206246012303,-1.78569560178668,-2.6773031739935886,0.926651046656924,0.6268768874107133,-0.011968586286157379,1
-1.1588619442884929,0.8090684817317855,0.8746713963514475,-1.4848129404347152,0.7166389023048212,0.2548494699754429,0.1563042438201978,1.662173337190124,0.6759641531685048,0.11258333989310187,1.7358833057696952,0
-0.040941395102589595,-1.300103997978234,-1.8819649119656923,0.9019103940664595,2.0971084917680303,2.8292270194690854,0.8995729989703831,3.190421869486244,1.254961145589023,2.5054183735927777,1.2427556078299036,0
-1.4915060864683414,-0.4592228427860051,-2.9214703541856886,-0.6823873884803531,0.9484329053921284,3.184640584265481,0.9674695847912682,2.3044915260358723,-0.8376408686062777,1.7753491174455773,0.28743225548365436,0
-0.2661819042714496,0.5697124743164008,3.5508818440939813,0.3424790218187172,1.1182785461758644,-2.624745153967025,-0.843153169863903,0.5990313499244844,4.845017699176035,0.8005480561396695,2.39407322578001,0
-0.9780140138743617,-0.6310995368039989,-3.1126988759336314,0.5220330380619573,2.333989958927619,0.09856876160437611,1.8442187083320691,2.1378808078714915,0.41354099141869555,2.0008017609450937,-4.748368429317071,1
0.6448273078446224,0.4847999601607908,-0.4229044545865079,-0.4920154208147139,1.123290557046699,2.2677977393067987,-0.7577707141962186,-1.6911639509190848,2.489185212513478,1.963248296496786,1.163542154952696,1
0.7199883551502957,0.868667723486122,-1.4543774106713772,-0.1943247137985377,0.864812256848817,1.9990095874479923,2.2013751665273635,1.6628822749741388,0.7172801154921411,2.1487203257187213,1.0909228886204732,0
-0.9677612286910718,2.1203883559360976,-2.6514214046531355,-0.05487819464663968,0.8485703970335391,1.9091624156156366,0.23648445146803998,1.1962605558616204,-1.207289582884662,0.849356833124593,-1.677393020726203,1
0.7398734551328416,-0.24952308746188717,0.7614694725710663,0.4482027605594471,1.1590062999559871,1.0252283266030466,-0.41488609734989657,-0.6953995419660373,0.6882081642792302,-0.10934131804767055,0.5729865851134295,1
2.283603770408506,1.2782640088867316,0.6286912999873311,1.304732002367829,-0.11778035527876496,-0.045322534433545725,-0.9385930645989974,2.0990165533922593,-0.08804064111349381,-0.38833553552565037,1.9785476781084923,0
0.6615568882341064,1.8606281223225742,-0.5332798877210113,-0.10248989087847796,-1.445496393128017,-0.5093375783778766,-0.11411023929040753,1.818632301467486,2.0954572185143383,2.2382614210003404,2.826007410473616,0
0.7682972543498148,1.8222020835305368,2.091852068490505,-0.21118825969680888,0.7203170485965589,-0.7000382009962485,-2.1682430078038752,-0.13092484608920663,1.8718683656924575,-0.512150797328013,1.4982029273312054,1
0.5028978994331822,-0.08014335064361029,0.46903351972489754,-1.453860984576162,-1.0429441540525117,0.20071752113409203,1.342481490096667,1.0874215656008996,-0.46092548000083533,0.10149522842434622,2.4819597905039235,0
-1.0782789675825974,1.1908118010893305,-2.5739565004282627,-0.23561709369224354,-0.9082621584337043,2.809204194464666,2.7865051366657747,0.7734027094610247,-5.018906397440211,-0.902977350974401,-0.60217595493425,1
-0.6813486080641374,-0.7689313194428669,1.3505845851605487,-0.7014366811054947,1.692038155973798,-0.7874717850290085,0.8434068996775763,0.5789732358297517,1.0086831932595586,-0.29658640822646554,-0.6523953904603699,1
0.5698040081780759,-0.8786467750371494,2.4730148249915973,0.06568460450884034,1.4924000043144086,-1.7056032923737785,0.2960157039659923,1.6301229056173172,4.3151620677351135,1.4192008458072025,2.16327244666629,1
-1.0173677407539974,-1.7367922259205102,2.950841479791938,-1.354276864212414,3.4032900277088056,0.6868561324368483,2.352481844449329,-1.5215652249160745,2.9128275654096405,0.31343661060445394,0.5504145689570531,0
0.655731695474706,-0.6617935306327994,0.8970701710669813,-0.5318507141111865,-0.7675494338117095,-0.5545602450469551,0.88345746498612,2.8409735685486837,-1.0353393541330724,-0.7173812878945267,2.435648694521353,0
-1.2156879726553511,0.2773325173786356,0.9608752474228902,-2.3514934321548826,1.1071151418885496,2.5155105109252363,-2.8891026038161662,-2.4294592928924197,-1.7980301532824738,-2.4521014523856213,0.2224250604209851,1
-0.9080678353500915,-0.7146899243353408,0.21930210495159777,-0.37573519849217135,-1.7713931831295429,-0.8555724801799258,0.47657148018565576,2.2603823216020995,-0.8363146227325491,-0.17305358966770257,2.3374213071730754,0
1.0419612048047406,0.33755122833511036,-0.6182268102053423,-1.2549907629186783,-1.6725204830350213,-2.5765823507612318,-3.9633141832054464,3.332429344724867,2.3457599527917057,1.386455309704836,1.5312365599826743,0
1.1931637871325231,0.7171599178784874,2.2261650177411143,0.3571148968003368,-0.6150478053216334,-0.32430220076059824,2.0513442164001425,3.5607087971279188,-2.6645693052222774,-2.30090352290927,3.5572310500711963,0
0.37830739257510154,0.14366478119689402,0.5616840296297275,-0.0016181105918627184,-0.48158517795761413,0.12506834549584034,0.028637145131440667,0.6937362684797709,0.810769309471549,0.5257355846593348,2.2298570149407215,0
0.0480531279746472,0.5011192351931988,-0.044907935044614156,-0.29272576581713844,1.3330037241073058,-1.0220513845049797,-0.4249944805104686,0.45650314621209465,3.784435266414882,2.2624945538867633,-0.6184986710535428,1
-0.18354425257647372,0.5395506796935049,-1.6651565735739957,-0.7719201722258201,-2.3525177292240884,-1.5065546690611864,-0.1614304940308966,-0.959883668376392,2.35388255756369,2.7704526053428182,0.002918760763549022,0
1.3781560845560437,-1.005566443849116,3.838854341961942,-0.461124876183896,3.0171927957303164,-0.828498188539347,1.8864959484709334,-1.7674570829010756,4.900719716130887,0.9835460384355174,1.1414480534160445,0
-1.4421460742239205,-1.646089001633434,-2.9845222019128363,-1.445077893986966,-0.14562678652226468,1.2728801885554568,-1.4702208049029615,3.271563905577843,0.9391884773567964,2.5576147212666847,0.8123888934896535,0
-1.624454956742359,0.29709396505825314,0.5549850983517922,1.7655502115411044,-0.14350420616638648,1.9732357438614079,1.831165295564971,2.0108813477109084,-5.35483074080009,-3.2581918176761624,1.463151365481936,0
0.3600043051805423,-1.4575281784186127,-0.6732435571588267,0.7740949087256088,-1.1726239401474932,-0.5990630817102969,-4.237841495471527,-1.2872147170561705,2.2886146811315538,1.1767550629835053,0.42361906218234824,0
0.9379189097590076,-0.28097760331046434,-1.0606821677694012,-0.759642729006323,0.40009961928801296,2.925018515553022,2.257017202693703,0.30340239470683994,-4.511803208666063,-1.775410669271622,-0.4304847509195512,1
0.043729960483297844,0.5551133992716355,-0.42677455833290445,0.9583123724124326,0.22514067126687287,1.2051413706878593,-1.3837063836903087,0.539304598586325,1.6882904537211616,1.432202968961648,1.897926764782319,1
-0.8822383647871457,-0.07325831984066165,-2.1775564466504065,-1.03102929757376,-0.8627237962679442,0.5313179391042,-0.4968315793421545,0.9226471804910787,0.5770199452856433,1.8768005388602012,0.14589732267741296,0
1.1766314404520375,-0.14711203205325302,-1.4769657166197276,-0.4955600968061405,0.8237264227164587,1.7184746955089905,0.742043004719593,0.6721714094636742,0.6122611568175732,1.6206073218687531,0.11668863262669249,0
0.5056794235857285,0.2558983726586898,-1.3017348326992544,1.1900508168660002,0.8072813412233788,0.40041566729827094,1.1949307578824013,0.5437330479341331,-1.5383834438726056,-0.2660160590961005,-2.4772590640127063,1
-0.3269219545489909,-0.5720213708775512,6.326180512702141,-0.1496986005808705,3.522433292773518,-0.8491393878147779,1.4394944999694705,0.36681332531268374,1.6787418646201044,-2.762836867884937,2.7631710863872234,0
-0.028821278934959317,-0.9684358624637692,2.7696519532375756,0.08275957014544422,2.3656911464570376,-0.37885415406163125,-0.3402048347106339,-0.26025119999444857,4.505114267011731,1.1553805885973922,1.9531820225873675,1
-0.6523018162866006,-0.11360068520328327,-1.53558555861271,0.14219569432682894,-1.2393612998145311,1.0043919101267476,-3.574518703900248,-1.8690767140788136,3.0408023227915044,2.6383073479428347,1.5322516522295224,1
-0.025541881429494446,-0.10138470308897728,0.8773446995123365,-1.6475587326847099,1.9327144658791677,0.5814427420354132,0.16758008692505377,1.8508651221621735,2.2096989244179297,1.0497543936305749,1.5502117125661603,0
0.4905045801174766,-1.2706001631778463,-3.595043291614182,0.1634708723753971,0.36943623771506695,2.6576759785304915,0.4509549699225486,2.3487929460517076,-1.995758981935405,1.184953521421718,-0.9749662359497518,1
-0.9837245702479356,-0.43585402971087595,-5.7746431549754895,-0.6963091863952542,-2.046831147447472,4.113549486856034,-1.8898627231243004,0.057352448152671154,-4.418722994794937,0.68966813637821,-1.346736144118636,0
1.6502689694164951,-1.178215552405384,0.018595087220644645,0.49969595225204394,-0.018818368303622268,1.4698230768942009,-3.006494220690914,-3.7175288356254166,1.3026140406001,0.2727495776986034,0.2540656401984973,1
-1.0179570373742877,-0.47274060574617743,-0.9964390256673009,0.34125182800890125,-2.0422579824605376,0.21573135203634242,-3.787793000894284,0.8486189402051851,-0.3349700291232621,0.06581361267769104,1.9753801024764979,1
-0.5659814795285945,-0.6697895638236441,1.8332926632571556,0.8294258325516906,-1.0229400258167078,-2.195906719365585,-2.1296514370147834,0.38160625462414155,2.9919307839410263,0.6293616858797771,2.523080073187752,0
1.5631522117041536,-1.0983177687448418,3.8432017885661254,-0.7997945928430229,-0.039521455387819815,-2.3387046714385624,-0.44635756072509525,0.8419423391472028,2.8648433744438133,-0.38142922775238675,3.5852594337496164,0
-0.6729288600501183,0.027497595950945933,0.42306519916758795,0.8001357297178299,2.0859456952510445,1.1024639702201429,-0.1780663868497927,1.9205834844864536,1.4759726449017254,0.7427118097927009,1.1124226463173885,0
0.21304044509762393,-0.11270662706139645,-0.8325649555667591,-1.3099396049744556,-0.42964040035359696,2.49806534261376,-3.0272821696120515,-1.9814218857507033,-2.000184110893292,-1.2762355685537194,0.28553509805108757,1
-0.4326325729600319,-0.03739515630615983,1.0911209629233518,-1.566755690897417,0.8913428083077878,-1.3789929633905382,-2.118792642584515,0.9344954775825961,3.573390919052463,1.2123601373271773,0.918282336443175,0
-0.4386047214689486,0.18983517024977214,-1.166749762029644,0.4804075211943098,-1.1903621825761126,1.1281138046002208,-0.1862070366743529,1.1812139549732468,-1.5925017792966714,0.02006661840963342,1.3725352249225855,0
0.018321563752990738,-0.6145486364445775,0.6694044860123952,0.45124812890278,2.1029816072469414,1.56348463667249,-0.0636600652570789,0.33036944245015065,2.015286118501079,0.9866090385084001,1.264897848984739,1
-0.6622718757601015,0.8971148996775059,-0.9691191311364582,-1.8849677428563218,-0.5821753412934954,1.1464575649385051,-2.4190158603512772,-2.5695846176723927,2.2506984023406464,1.8070190319269606,0.6800108438704259,1
-0.6331988770480761,1.0842718575913741,1.0741567099065839,1.4106809887823948,4.031179347416143,-0.024792055946128766,-0.8032066996001632,0.08800566717338676,5.899348131305129,2.6883460622957847,-0.63950624102502,1
-1.0392597599602025,-0.8071176558083618,-2.5212502551568123,-1.1468247688127708,0.8381266813968083,2.826329677907685,0.9921803433381324,-1.2061404122123105,3.6286271926461144,4.536133810812289,0.7837444467533243,1
0.5490081572559973,0.6432760771506469,-2.807826349770889,-1.1348876256029943,-1.598785089855422,2.056131006532421,-1.3278031178404879,0.9867677789258458,-3.1078025938547107,-0.22345606376764926,0.21078145412350935,0
-0.24617806714317106,-1.0836401275679408,-3.014838916347327,-1.1264950959063016,-0.4914780944336983,0.11900005254150348,2.840164217426651,2.1340668020159623,-2.8714504504128957,0.40566382735342177,-2.8481143542433385,1
0.30254521143411617,-1.5960449083806285,4.0110627865567725,-0.36231445117278377,1.8525834674149366,0.3272557591759033,-1.756968913043012,-1.813458620697031,4.195601275417116,0.08926140165702667,3.708507784309262,1
-2.669748571673011,1.0860794726958516,-1.201978160699701,0.748844265612391,3.2179175245430156,1.7317883557638802,-1.1606341727730798,3.0335871173118054,2.1773358643119693,1.865736026939603,-0.3347014864630271,1
0.9269465870132516,-0.4922590737948518,-2.6938337763721187,-2.8419763053760243,0.4512484685804694,3.43976984728194,2.109349944293866,2.7860787399909204,-2.359775531094948,0.9877403888244934,0.9433369361820799,0
-1.434152149980759,-0.7264535995800151,-1.6200540530568641,-1.2739691228260488,0.5178129977500753,3.0543548186090392,-0.9185569503941033,0.1671545184308192,-0.44766760735177075,0.8474128940508163,1.0349661214122867,1
-0.8854719703891449,0.9461574806523808,-0.9108899020658894,0.715038638618527,1.6586531757066036,2.6190418892997793,2.26148348498925,0.7722398225975863,-0.07657374483417762,1.135698234912665,0.48157751846541264,0
1.3107184676073085,1.2713329190508442,-0.6897876208397722,1.00655286982903,-0.35663318745694617,-0.026451932882787244,0.22370108695755098,-0.25260721480807,3.7531108165761093,3.277478799702352,1.5385978922896775,1
1.7439434086780166,-1.146221181827036,-0.600276371962216,0.5099450498778286,0.21151676217692494,-0.6817240229045027,-2.8132985865638105,2.276653762698974,1.456377123036406,0.8040543022190993,0.3575279308429401,0
1.4896660760209517,0.606470676270449,3.1120460385947695,1.997718508498614,1.4012222632276963,-1.3156548643962216,0.24786984167255544,0.6126243603776511,2.708725859916793,-0.11945141592066566,1.976230759654587,0
1.7458225562083594,0.7010042876797504,-1.7688239726522692,-0.4556099763241451,2.654424315223366,2.62774419359246,1.8845981498728288,-0.1976808802809622,3.430409073847736,3.795731295606473,-0.38695669156575163,0
0.9360385209136305,-0.33947921724488034,-3.1562887427369843,0.91043572071191,0.27947455936676,4.642457680006095,-1.9481929629048815,-1.7022624170554372,0.31632891891281134,2.2197565882190142,0.8083307070814651,1
0.05284322540589863,-0.2154444399255306,-1.2298137562594698,0.9507669480154528,0.0910622404999365,0.2237429082496457,0.10094116263837716,0.12141069699774665,2.2756671821226364,2.407509581540979,0.0936946827515136,0
1.527809320732574,-0.6379040618361627,-1.0740274869362252,-0.7684487628832829,1.4949338774911947,3.6429224365364,-1.3804818012919915,-3.427732843500712,2.661744614145195,2.3352106219621156,0.6671431247946824,1
0.7972534835598961,0.18643497575576945,3.4360900086961896,1.8365043774455567,3.930870515630005,0.3360371349099832,2.1241717853612094,0.43042981026492333,1.9228702550438903,-0.7538407710964539,0.6297417063811025,1
-0.35125247875448384,-0.056680151862886385,-3.2149434146428555,1.4722136670067951,2.8860948188134232,-0.6030759410738809,0.13790733203877503,4.060241649341109,2.0445693414661665,2.7960632054671786,-4.3871081615529,1
1.5338111645396275,-0.5548116335258955,-2.106598723840201,0.5389384989893856,-1.7547647616222757,1.0488049670753652,-1.3871622199066314,0.15174026892131165,0.4977078995388744,1.8400014134887197,1.4457704705692962,0
0.14945484161142197,1.49574221813985,0.1781287685684285,-0.29139973273196085,1.5404889452044057,1.267489929250549,0.25744943286172206,1.376946229804982,2.5942489449134523,1.921212388295917,2.010325689204584,1
1.0023250984394383,-0.9164328337086722,-1.3412228725797468,2.6819028064008594,-1.5025095908726707,0.556289218506616,3.4506311070094506,0.7681195804881489,4.813665133868504,5.619629939645483,4.171561317542033,1
0.32654855157785756,0.33056428837586294,-0.4468428855762705,1.0506628244196148,1.3199014099788178,1.8082257171643756,1.2748003401880916,1.6962536098448044,0.011365399054378892,0.7388342684173304,1.0377958764940947,0
0.8297367118306286,-0.32898165445287564,-5.628188141520595,0.3632935793441348,0.3051259693730577,3.480180489561955,3.3798345969107055,2.7995395987015588,-5.807729769995433,0.277131189833405,-3.9361443587735967,1
0.03422994475715377,-0.25509496112794044,-0.1564070011706619,0.0637229603113044,-0.6606096039528628,-0.28381811143301516,-0.08554237398146713,0.1480759504423932,0.26314523987780813,0.3759322923147297,0.5445318916105757,0
-0.5973452379101742,-0.8929715787928141,-0.35582175605545685,2.2732856937133112,1.8715032184485452,1.2568255027879915,-0.45815311767977906,2.2492057307931956,1.589364612565473,1.2913258766678781,0.9513701124451764,0
-0.21289450173072383,-0.51460315094055,-2.4537498146333636,-0.580271832634998,0.5768851592410749,1.9647731156197947,-0.11713760846224819,1.4833467653818353,0.2805200239710304,1.8853837756560277,-0.0775466603960433,0
0.11038435204209952,-0.10725046921209005,0.913036038996931,-1.7753074456986668,0.038813374679751766,0.3213295936179703,-3.255615320180352,-2.4340512493198387,1.4021436069361763,-0.3145311124876544,0.6201189458016014,1
-0.12662923165165216,0.9239407351396108,2.180609617827157,-0.23514094928651996,2.738927737858374,0.4025330010832848,-0.8983587879560646,-0.16330958640995608,4.697363685400795,1.5687164457036067,1.91635647885958,1
-1.733948744689736,0.9156238658966463,0.07699357542659992,-0.6826276088734486,2.6547736849452725,0.20340544326081578,-0.12053098719706545,0.42322833962216966,2.775496300425036,1.4420438119558703,-1.2401809190557243,1
1.4965796860798635,0.8442288485325204,-0.2476403581186678,-0.15807701375748962,1.4761053951985712,1.400611995676361,-0.007939887062765716,-2.488087071679375,3.6924191447081687,2.592861953670589,0.07298215817546405,1
0.3006233963579453,-1.4300797287469715,-0.6548871719476016,0.4798691980115978,-0.7576583353739752,1.3662715279030688,-3.1304672760994126,-1.0152780211688235,0.4056743975211452,0.3390734021317503,1.4229111026662005,1
0.7839258363605779,1.1389011030743743,1.403770138329908,-0.828834208395124,0.5263447918093189,-0.18306824403363064,1.7613488159629707,-0.8033205066395119,1.176094354308102,0.28586518411843054,0.8704198974419164,0
0.40635895376044906,-1.7520300788254746,-0.32123839284884403,-1.8331582794621437,-1.7896242701108842,-1.1646386070616384,-2.7604694893952724,0.23862610864223122,1.03181252461853,0.5495350021224996,1.158200129992413,0
-1.4773013269933821,2.670654454097617,-2.4415199960762597,-0.10657252195511446,1.6912471756057048,2.3158786330602066,-0.07365649287737774,1.8409643691398947,1.980887254571045,2.9949648985435253,0.09529811830542201,0
-0.12228746565764503,-0.1706646924118322,0.5972008021422763,-0.7985332453900321,2.0395587899846648,1.1046248540989034,1.6202285965204744,0.814623643391613,2.386104886925544,1.635638281351272,1.2294555205801478,0
-0.28017079339065676,-0.08327066354653877,0.6241511668006265,1.0697143007578795,1.0442171998545295,1.3803113198211638,-1.6454981561350885,-2.0494764749269043,1.3330870223055797,0.15200025047935473,0.516017549535944,1
0.6065159417569777,-0.8532293177034519,1.0423400797369,-1.7105374539342972,2.9386282847965886,0.9200861045676034,1.2692369083232804,-0.8055988873744557,3.9408679777327333,2.07802468500733,0.2554446581096559,0
0.48150533710851995,-1.2239837244347707,0.48799930348798043,-0.2578074250313154,1.3386435799699092,1.6168306735664042,2.9288768926312017,-0.09470087005343286,0.3998410466719208,0.6893232433320106,0.996616085583497,0
-0.7925183683395521,0.9456282610173464,-1.0697499722751516,0.8839058015991839,-0.8133898842272107,0.4440721134914962,3.126741606492803,-1.195161273045342,-1.0960851811221726,0.6106857188478214,-0.902676945952382,1
-0.2783459017019285,-0.9352763878683168,-1.7349532026425285,1.0316836927538848,-1.767006219874867,-0.3917505025578947,-0.6153688481070334,0.7330309411111744,3.7861999297531734,4.027593386249979,2.298189106641228,0
0.7522501513610883,0.3681095359083655,1.9760086657513174,-0.07918237090419437,3.2789266388607476,0.34931042324110917,2.266586993098679,2.2615356202411028,3.154833614444255,1.2995901142336406,1.5962076001694274,1
1.1647177250670988,1.721533825491702,0.9856428469978324,0.7594184097568178,1.520312711635921,0.02737348522481331,0.04298161459414751,0.27291190497365236,3.945317372732087,2.101224275751381,1.5298403712424542,1
0.004405810569914123,-1.0209685515891314,-2.7662955841241916,-0.21427277652736443,-0.4381662992555547,1.7313720694235002,0.10998063894934451,0.8677782183281617,1.5065610135426453,3.1586315779818923,0.8709896535747361,0
-0.16868195015262638,0.8098592945724858,1.0701162542910072,-0.48900739886778644,3.294650199673716,0.5126073629318111,-1.0835546639080467,1.5094348693109452,3.561456511133735,1.3055024969259734,0.4903074251014643,0
0.7346740468901839,1.6529405787129468,-0.32186575669258594,-1.5041734937335722,-1.6317828768274063,0.043908342967734826,-1.1529927795972097,1.5974011546525724,-1.4994671435198355,-0.6486212521619852,1.856422948236828,0
-0.05454439492147384,1.5230478892558499,0.8921468817112546,1.0368473984719515,1.3914698422064828,-0.2125363190903884,1.333050928418936,-1.1884843594486303,3.5425704440827506,1.9775829375409444,0.23261758490674767,1
0.2542855761388014,-1.414151392159291,-1.8440685712564922,0.34938982166061877,2.193344726991118,3.5021142588805905,0.17042647399414257,4.2374767005633815,-1.0015248030052983,0.8529469602189315,1.3533072869791414,0
0.4986815351535736,-0.39711023545462276,-1.4128378565552118,-0.4623676076652165,3.1395835113014656,3.511018181957513,-0.9675933042007867,5.819825794497769,-0.5908840779553914,0.6009435090942413,1.8052688927000715,0
-2.042737795191306,0.4892528710363215,-0.9256179170002576,0.4113258658151228,1.2067906989288697,3.0428381232401938,1.038232408714674,0.5215011997095742,-1.7364869347421714,-0.19035423191246137,0.4691439873720692,0
0.47688497830723375,-0.1479287632779625,-5.448217745048534,0.5433489369750263,-1.937394604108197,0.19080258775446501,4.086859281404667,2.148083927067679,-5.401401905133405,0.43735613250965244,-5.006427608606411,1
0.1606365016154256,-0.4294470672522899,3.6347676505356086,-0.9433996307902107,3.6082290561476937,-0.9034627335889398,2.752090214170475,0.4932542190966642,3.1622997063376785,0.030515412801230934,0.49577493925340577,1
-1.4546196405112608,-0.9357186409190456,-2.66284954830717,0.15505673944037004,-0.5615380597660176,2.700099642602792,2.909481123171512,0.45531272422952385,-2.0680076689280202,1.240712636363845,0.14954622378315996,0
-0.2118594548783822,0.5457024351211961,-8.404086644071674,-0.07673898624025534,-1.766202725249304,5.773039828346538,-1.7320474183189902,-0.389850917459863,-4.084235927772099,2.5969879528399895,-2.726211299493951,0
1.9181022094875375,-1.3833629622963908,1.9923489227081963,-0.48279267741492693,-0.46295500060469363,-0.786049582703851,0.07674761487351023,0.8410345497737695,-0.41768466956878936,-1.317887977271866,2.1327520203154546,0
1.4269482903430113,0.35553042861495676,2.0394388532509096,0.007988261290565176,1.91209407719577,0.5074595548979566,-1.219748299752449,-1.8097549028763908,2.0105113376684454,-0.3660758339195944,0.4787898622676059,1
0.13401351916354284,-0.6927872908029509,1.4453293518106507,0.0022693442072136143,2.468778742169484,2.0458611118401606,2.525996474606334,0.34774951241388863,-0.08964001340627392,-0.4139261268346668,1.1491962653526184,0
-0.7916991422515066,0.22901404056263672,-4.469963536456226,0.276645045071924,0.09300701541025291,1.34331903270116,0.042545030221865954,3.0485976044798373,1.6762875186726878,4.158414598676826,-0.765972911309125,1
-0.46613136122657284,0.2484984638140694,1.9547414243403118,1.03700736175659,3.601686391956834,1.5149918999829866,1.7144052694165386,-0.18849757752134377,3.4038297443287315,1.3143639847991546,1.2307248214994562,1
-1.9228991611616617,-1.4205502830055554,-1.3061809449615631,0.625415441567768,-1.4693037835642964,1.2731385457994424,1.083850129314845,0.4978606173357192,-0.11093241285259958,1.515642388473501,2.1561849289539925,0
-2.002281530135661,1.3237804975110217,1.3386451478807595,0.2153875161278874,0.7381311280997044,-0.09587559936932011,-1.8157037614344262,-1.4440203228913007,2.919903699125916,0.7461635531451862,1.1525558556024083,1
-0.7159429003850772,1.3842154927581436,-0.7900901487241382,1.349922211045353,3.260188803210888,3.5395437159930676,-1.806159962234981,0.723868099353519,0.7833486559731113,0.6198815317134824,0.08870693489228909,1
-0.33537642104692417,0.2596843367873894,4.812155064302641,2.3578330819896194,4.572722539700626,-1.9501556845919485,-2.271520467004571,-0.015471912835093304,7.241447060172099,0.8559205918775925,1.1911950457996863,1
-0.2824195677959234,-1.0340233043422806,-1.607780137713002,-3.3810745610086186,0.7485526907283342,1.368167266357423,1.5199359101694112,-0.7008215606784083,2.2569271171754766,2.9074563823687414,-0.2639988670481541,0
0.1371227474859278,-0.26257564764160907,-2.077773598240521,-0.7758893887991734,0.9261975200844544,2.1789256342459016,-1.1842348920498686,3.61556025548682,-0.8818995263249662,0.7416543244910675,0.778846760746862,0
-3.04079137270307,1.1509236507060845,-5.578271707239982,-0.5765456025586932,-2.0749618601651885,3.5107706575693194,4.9083387988133005,3.2034210039093676,-11.017078286009468,-2.6841142613386206,-3.430121487544563,1
0.3826520258988569,-0.04267356832605719,-4.389551463441306,1.0892038033023828,-2.1670127477013135,3.7350554615540634,0.08290877869406565,0.6520542097140313,-4.9150208159055655,0.027786194975161327,0.004889432905032742,0
1.116353270890672,-1.2297191542358887,1.7988324625790424,-1.20989120464118,3.7404205437509956,1.5626417856892787,0.99373402413201,1.146375115207153,2.4836700139030703,0.6501060359017659,1.2234102475991655,0
-1.8861728262630757,-0.9603442885274757,-0.04132603300694328,-0.7300835646719743,-0.5740488136092423,0.4915470655028844,1.9569904881937519,-0.2668678566541094,-1.8177078869849705,-0.6892623977400518,0.14136941152390192,1
0.9023027346970425,1.4796153734397963,-0.8660567537938711,-1.6559027076800834,-0.680797777880191,-0.0867226776296357,0.2994215897177017,0.8812199186796027,1.1747262753073342,1.6302462455451794,0.9511792506022403,0
-0.9251212452923904,-0.32962570957952675,3.3577647227480156,-0.06240176146720824,3.3529953479055337,-0.6068402906730985,1.1641488682020096,-0.036260417909006026,5.54514550615365,1.6855659959562763,1.8179182193657226,0
0.51212307885668,0.2237089036096974,0.053770014969275706,0.6250491282975189,-1.1409072599607422,1.1581213570254392,2.6797690731124026,2.2723047266111998,-2.196801496981715,-0.3493082900788531,3.0645484366439866,0
-1.4041017422153912,-0.029557100314040314,-4.361487445855527,-0.27339577529479303,0.5913493009891237,3.625041744780574,0.9529085563405478,4.216297701486766,-0.4520015543544103,3.1759850608571876,1.0025082900178828,0
-0.224637218139345,0.36465842218144284,-1.9773809881898452,-0.8315298252388115,-0.7391020748934585,1.2161740814623703,-0.9034408282299937,1.278758991374703,-0.49968698399399114,1.0237994807038524,0.6516921975686669,0
-0.9184520320298646,0.6330210926351386,-1.4751040297536895,0.3581621182542693,1.5014145811562036,2.315600414816092,1.1889114706307264,1.7077475037157135,0.7393564477142355,1.868975379249144,0.6724626004804963,0
0.6326011348571873,-1.6302587975328804,-4.494490728033977,-1.3368538624521158,-2.7819219580808308,2.0834950934665555,-1.5321749292104416,0.888177030330673,-2.4169250641928617,1.4218151188985781,0.1624981453910832,0
-0.19121838142297665,0.782896690530823,2.702192718686043,0.772810677347068,1.9266308487018224,0.8264807803206384,1.6319314099754108,0.7622749239879295,-0.8289073839897996,-1.9099327706725084,1.6045088799135323,1
0.6053569608633801,0.05460343303433421,3.1222866402433613,-1.6409792088505888,1.653014939800482,-0.9956823765423692,-1.2005039036427074,0.19158787286208323,1.869092810876819,-1.104238128996089,1.3274975372869244,1
-1.5440749738089297,0.7202056513193015,1.6192270869810834,-0.9092729028193042,3.019034903315388,1.6385010927895831,2.422732847734528,0.5750257188475014,1.7685806626677334,0.6626992422291911,1.3101182388656463,0
0.522727762130264,-0.6006998006181073,-1.622686794847841,-1.237016889085648,-0.444474118132953,0.6867251882020476,-0.7021923143721069,0.7342481790555198,0.0025806885538599217,1.022996873969221,-0.001993986246475732,0
0.7739997535929278,-0.2512181600488639,-5.3804856091106465,0.18246189681714958,-1.3865714161576501,3.832013918428306,2.412062637821742,1.0461417752773599,-5.420038351668133,0.54899329920355,-1.9667118261990786,1
0.9168605532247185,-0.2459530577864434,-1.785811917480199,-0.7345529099726185,-0.036150274885264455,3.3070173302297854,-2.7863312484134677,-3.9416444408539353,0.9116938067201648,1.348027335390501,0.11709229057052961,1
0.08594948610498156,0.44222208032026505,-2.715693055818192,-0.1493643299660014,-0.488052149396921,2.838453350657612,-2.77950591190252,-4.012780910206073,4.121291505977653,4.244841369999942,0.7902726606147289,1
-0.5517496770195772,-0.7949946707166105,5.960054034822482,-0.7327862024048314,1.1142637264765853,-5.447380877671309,-0.0702232422552993,3.213511481662768,3.8823394257150996,-1.3672814779845703,2.754150261637348,1
-1.571839464878899,-0.40280248732936413,3.387881362392414,-0.16630628487806262,1.2138492591542211,-0.9260109755029255,-0.006009577570013747,2.618979593762376,0.5903362646561823,-1.5905547271563902,3.0203541996174263,0
0.7554378629198772,1.4203667950885146,0.35763614534863186,1.6005897872384331,0.892837107744002,1.0223103505830837,-1.3377570495116473,-3.8075322566703824,3.5626578565510556,1.825754356886778,0.15287886954513796,1
1.8833497871694371,-0.28994809915874414,-0.37259824430000443,-0.31187113628610447,0.4440241440488326,1.1494216228309324,0.23869295149861114,-1.4209017382526916,2.070434257285716,1.7982605151243924,0.6837137535631694,1
0.473261052463364,-0.16887028106539925,-1.2583583939521645,-1.299976668037941,-0.3447223476449741,2.174142320305048,-3.296349749374605,-0.2723912539644614,1.267975309922021,1.403216042796543,2.10487573525091,1
-1.1530745181388804,1.5912214949982464,-3.8727613723387044,1.1816722983639698,-1.7180419836057905,1.4247922323643682,0.15856271695252322,0.953125723999703,2.3051871710883765,4.605241506378398,1.3624078723994366,0
1.2758252855631467,0.1371778530298363,-3.538356442913431,-1.6254629459512888,0.03175048980139061,2.2915061417689015,1.8005854252250342,2.455966694459783,-3.2490644784393443,0.5294740976868673,-1.5234559548756836,1
1.4141256692775996,0.36513202514855214,-4.602326860102453,-0.7811449663150255,-0.8550108881496468,3.398399866637217,1.960808536959267,0.41820618795307074,-5.618903208675405,-0.3878400338151895,-2.771170604950757,1
-0.9008226661651343,0.5595111406247867,0.9408568409845479,0.10691925329781667,1.0886262972301943,0.7142700120399599,1.6943804299766767,1.7190238007908254,0.9604973590343617,0.6392317655356246,2.101434741907954,0
-0.697992844806407,-2.297807630279259,-2.753124954565091,-0.7850913291302936,-0.5918308090635025,0.5755711970400723,3.18285240047164,0.7149869408950302,-3.7772010202563813,-0.3456182261090801,-3.2165521735858515,1
0.7207533046075895,0.9838775057387001,-6.489929810173053,1.3313806350755377,-1.436446805196097,5.26550871427443,-2.122985636256419,-1.2574373272104173,-4.679555630005558,0.7906351491240575,-2.458990847811398,0
-0.697726567984983,0.3477010778578422,-4.141104626840313,-0.6000890634880309,-0.9461704871025614,5.045717343985787,3.806352745319948,-0.4772747950644898,-8.064070623608405,-1.76869055333631,-2.0127641910151075,1
0.3847520746338672,-0.8088017072073558,0.5047362756342181,2.5240955997183763,0.010605357054371267,0.18430266434620757,-2.4874870079490936,0.06288301713038336,1.9579613437565035,0.6948591105758433,1.8334127651481986,1
0.6522725151113039,-0.4278178542822258,1.4414920548886383,0.2425768427909084,1.91356981562683,-1.442887170101899,0.4817429999257178,0.5845380654690868,4.036534994460499,1.6494250313216114,0.031818519932454103,1
-0.733443982061638,-1.063722018503812,2.2544388711468986,0.45264061313752263,4.513716485203439,-1.1574433932389923,-2.833484547247952,-0.4961351624346031,10.462089814733398,4.623858581029339,0.8202166921219309,1
-0.3912230299197024,1.3761244202660332,2.864020838166075,0.05952292781630626,2.4945637588682685,-1.754950034291089,1.7197995927210803,-1.0733280479174825,2.2269805877632938,-0.5426104147977449,-1.4351514056175922,1
-0.3330579353962718,1.8119191213933898,-1.2095503237394185,0.5987842320390019,0.36554233779684786,2.4227694365000576,0.4950685184249348,1.548196519250884,-2.5501187367064326,-0.5980938994554492,0.6277981920544013,0
-0.05895621581365025,-0.3684220339126039,-4.329156435894066,0.41818703473611735,-0.3235256973416514,3.893060396952984,2.066458114977189,1.6105478114599134,-3.1033810416623693,1.458125451503174,-0.46754765831048906,1
-0.4313740441876614,-0.09707638359160399,-2.708551497954018,-0.5949320360687573,0.12251216227978257,2.778858598960924,0.7304426662638499,0.1609062872713377,-2.8268708522833275,0.040697081295347215,-1.281716487176237,1
0.04475819573700323,-1.002591714695125,-2.6074940468119263,1.02315887793072,-1.0380013559320205,3.4690849684705105,-0.05748137959258204,0.5365229719467924,-5.5293543270620145,-1.742980491339313,-0.14794156105802903,0
0.4124672848592443,-1.4421106030081456,-1.9800052263139591,-0.004557052978346123,0.3896105945837278,1.1791400114115107,-0.05836122066348892,2.5140996063607783,1.42993427806941,2.485083396271499,0.9842271992743563,0
-0.9652536470455254,-0.8155495161467274,-3.5482853855102547,0.6176867375203813,-2.6631910327626365,0.7857671763377769,-2.5773182303267683,-0.5830231429956674,1.6121321549602647,3.26935585397576,0.8178599866227698,0
0.7618760531031392,1.7288941994623452,1.985472581981124,-0.37411565052953155,1.991396803704351,1.2971324197778455,-1.3630693959492473,-1.2099622106658425,-0.04087504424594793,-1.7010542204095462,0.5015976961035149,1
0.6976800056320372,0.28281335799184126,-2.532424954115342,1.6080134890561897,-0.6801446468725653,0.9529262863478588,-4.41473802870221,-1.4346033923375465,1.5983704614368237,1.792269201940103,-0.8754918808805339,0
1.9927210842683802,0.2803781763073594,-7.735182426541495,-1.1381111645175002,-2.6914641535106263,5.097337392292117,-1.9414594656426236,-0.7391270564604049,-3.8346426826369897,2.437365777408969,-1.7038895424106117,0
-0.25865623563866297,-0.3787286506977604,-0.10886560904607023,0.36086783383684623,0.5539282597483275,0.4870924141168842,1.4470633369207828,-1.7221069506763174,1.5909118957239585,1.3718927695734973,-0.37264086807325736,0
-0.01921177965046443,-0.9317809469840747,-2.6989046002302377,0.26211628650138896,-1.670646473805315,3.193434724563425,-3.879174779931679,-0.6136021887227068,-2.5614357834096335,-0.32415755395245105,1.0884777827027396,1
-1.87321563252756,-0.22524602565713878,-1.4761986931832782,-1.074757001082871,0.028052199581152237,0.27621289166505636,2.6731998673214044,0.9107120548661456,-2.8154867000021078,-0.6064089584042087,-2.298119696489109,1
0.36247706847398264,0.603555547309321,-2.556089543065503,-0.6100982294955765,-0.36652880158446455,2.068026403463489,-1.656596823408269,0.5330894537942681,-0.8509902554301996,0.9189801571953038,-0.08709593415599404,0
0.3668360994524546,0.3093560868020696,-2.962173603017018,0.8984056405876214,0.4795317415787923,5.464966219663646,-2.12506346441955,-2.855798388989404,-1.5546412033423926,0.6962251069865655,0.05117209089182839,1
-0.7535960131280056,-0.21277073507710723,2.474578500105544,1.4035070760081945,2.2246772130290093,-1.4648484545060079,0.9419889677753543,0.2970290367546955,2.3484222881020083,-0.16321462546874743,-0.31553627589337074,1
-0.18653767276912683,-0.6284683011876546,-1.6701091948140636,-1.7145536887681612,0.4003697225876659,1.8859291736518082,-1.4911853429966737,2.150815295650289,-2.7196651138891164,-0.9840753945739227,-0.33055807744123733,0
0.06334807112263618,1.5318337430184872,-0.29582590565717737,0.11224437658531643,0.8503001715134206,0.8027798904412833,0.8489568123165799,-0.34342499694703377,1.423513414241489,1.3358487771687275,0.14417795077437212,0
0.6486284574506244,-0.3930222461667872,-2.043691683842759,-0.03768142968092763,-1.4805283491677566,0.19441080968058666,1.4986855530941514,-2.110471606300558,1.221519055295566,2.524775371641624,-0.7566051118762227,0
-1.1629735492104567,-1.0391638624744093,-4.448009989020075,0.03709794742746084,-0.6169687311859299,4.6005216402817,0.41507622729207627,1.6333210526236153,-5.75253164177075,-0.6006980040757792,-0.8366354174650248,0
-1.4161921096280585,-0.5809406688732515,3.30422717640883,2.057458231724308,0.8503860873793707,-3.0041934012544376,0.08550844114244427,2.964519822796199,3.2121073266125633,0.11838731454127416,2.5341138084671826,1
-0.4129792608881177,0.8545323843391007,3.519706274520591,0.6564401278165007,0.08558108475460313,-2.465511072490144,1.0330518085109532,-2.3418953326704863,2.9361967412568477,-0.1862741379803654,1.0860456397031495,0
0.825173258406469,-1.3154835846405304,2.070373897831811,-0.6345973011271299,0.2779072700905737,-1.340364567488268,-0.5360017153807255,-0.07269663299469342,1.5146063839910195,-0.43085113565707145,1.1283809456250133,0
0.07025444913466679,-1.3171911124465867,-1.3781599894940209,-0.5707976833433029,-0.5100156973491434,0.8433273179100902,-2.6813841336866657,0.7266737970758637,-0.5706485607373143,0.07932121454182228,0.19527446573301077,0
0.1645410136236123,-0.30509802848016737,-2.4871186887962957,-2.144141746553853,-1.5930248069479225,3.2190182942004015,0.8005972336781164,-1.5495506051919965,-2.4443243807808703,0.578802794246312,0.8310220847856673,0
-0.7484701922782189,0.7790810211220546,0.2656560677267497,-0.5573086997412859,-0.8573182265016612,-0.18250741176117624,-1.063778741253258,-0.09824388297366626,1.7068841486343558,1.0654949692114029,2.005074267774309,0
2.061115142474804,-0.10672217376788135,0.012311696535987189,-0.7943357726107358,-0.1226951994555594,1.3179958630224573,-2.4658188866075563,-1.3612052613808177,-0.11525881180033551,-0.4532946001916365,0.8333993220935869,1
-0.29687688477566426,-0.29165103537199144,1.3879776436583025,0.4823246769247415,1.5950417551664433,0.5548777554481954,1.8779085894312058,0.5532565982217452,1.8828108300596642,0.868408296304022,1.5854683670655363,0
0.21503193217501423,0.36482613761469035,-1.1971680413718602,0.39406482989841585,1.7817734049623,1.676836680849258,-0.4641938808361532,2.388118665295221,1.8358885210607299,2.040306279790496,0.8449113512430593,0
-1.0418335201237048,-0.6546287160754014,-2.3472860740266914,-1.7882731622801757,-0.3463628166211282,0.5342220516152207,-3.4233110929501422,1.7172147933846045,0.11033332973652302,0.9227661486483426,-0.5089006194073136,0
0.09236416575854586,0.7131354133620881,0.7001007452094614,-0.590079040830514,1.0206344816551303,-1.9045424982400192,0.45648316164024283,0.0043789954589011915,4.5997572051896185,2.5225514248509127,-0.2643065209751587,1
0.09980128764226136,-1.125177076662764,5.182204777552095,0.4516585489563308,1.8814905744773949,-1.3325316356466979,2.1808931947327004,-1.5348574955840792,1.6295193901456904,-1.9121789655175072,1.8234872736415704,0
-0.31818869578751097,-0.519346318209607,3.1750257048661714,0.07778805932088802,2.230778935946077,0.31358162620536967,2.2413612674114223,-1.6727664098124309,0.9954030236939146,-1.0690028010292973,0.6907701393205532,0
-1.7299013353412904,-0.04363177654353153,0.9850827240197496,3.0432739841566683,-0.6661053498067759,-0.9220328705793441,1.0484272304650775,4.1605835908885975,0.18943396895078998,0.20918798193091326,3.419342466243594,0
0.4413717855310107,0.7861529170046581,-0.5319836222446109,-0.5919411135146904,1.0419919100143407,1.299896222102969,-0.5679611457327147,-2.3802832427358522,4.727492148464598,3.488726763625072,0.798379642628134,1
1.5301763321000599,0.6753620127412764,-1.234562354519101,-0.5538786623237294,0.8386942505446258,2.372068379273041,-1.7708634227297244,-3.798087652030053,3.0962792895126965,2.517679360660921,-0.19466928673094985,1
0.9234729546978916,0.23913224621442777,0.03228203863169597,-0.8323776084799857,3.4031496626792976,1.3167964434276411,-1.2614113723363851,0.7831956449758475,3.637055490382968,1.9442313470633001,-0.23392886780947264,1
-0.3737122011712825,-0.34082678514655734,5.627232591898178,-0.7436182954745657,5.607378084581186,-3.081581083161142,-2.669040258896033,0.6419404676356001,10.491750891461182,2.3410378101778946,1.6023894702496615,1
-0.22998927170026148,-0.4978054933630552,-6.831285221564421,0.3220712925362004,-1.9285158424542095,4.175876272225535,-3.835839106918395,-0.9419203076193758,-2.5356197883842637,2.1182506136496673,-2.194620344711544,0
0.8355529952732828,-1.0768034011139564,0.864927148561499,-2.7790574100232894,1.0074973854695983,2.0441740176425487,-0.10332072984002072,-0.1655725306092415,1.4256393550401372,0.7568654723316801,2.8124875506700064,1
-0.43913544812742744,0.18510343885548683,1.5782235689428328,-1.6344554090938026,2.509595478039498,-1.925199921214714,0.29145132735966384,0.6099703015557982,4.602938595426869,1.7145221964168298,-0.8178205245663379,1
-0.6351878280301472,0.24793995561707635,-2.9361524779355586,0.4178758320576235,0.5213287443130268,3.7714413791549033,1.5294910258552614,4.002976143763533,-2.961878690466283,0.7033355266980218,1.3692008243414868,0
0.2221360453084731,-0.3492744737205606,-4.164497275763941,-1.2024777337607546,-2.1472777362830096,2.178709597190407,-2.320831252765929,0.6186428749798982,-2.637827892495814,0.7496011767761824,-0.44284199396461066,0
-1.1474501647025699,0.3426152605064426,0.08891105555402506,-0.2411821326167183,0.8632966322133262,2.003399034224249,2.107770954975977,2.245971990428611,-1.8517725451345906,-0.549984114088691,1.765123839280856,0
-0.48571282389231624,0.008866471351179066,-0.8015342949536068,-0.1531869840212064,0.9722018100171288,0.0637228708100901,1.005275635798712,0.691153915167213,1.0347826005204959,1.2563803135758935,-1.0468855576184046,1
-0.4567243350386896,0.1611171851724827,0.82196634416185,-0.654366922341743,-1.0437486277671426,-0.11955366862116623,-4.308676617734179,-0.4026167762787034,0.1991357751729093,-1.0368427516976033,1.8874228484961222,1
-0.449954736566533,0.8794501672515086,-2.987815447856696,0.37042474465321734,-0.8058094842774619,3.585030440882104,-2.824873669002833,-5.062795957084052,1.0219802571901535,2.1969901989266605,-0.5311772974255542,0
-0.5222840587462964,0.05025685616324892,-3.422979944175379,-0.8777263126093318,0.2004469843635882,2.8071130062185734,1.9993728511150655,1.0028107501303203,-2.8810532170972185,0.7198155564068027,-1.6519477044135276,1
-1.3480032916140257,-1.4537337266474812,-0.9126549946655674,-0.5651533795162391,-0.21500541909245308,-1.254140260751658,1.3038287304747858,1.8142856900693534,0.3606145787809092,0.99357695728076,-0.9499897487192257,1
0.6826848503418737,-0.09439239725314598,-1.354411990374567,-0.4776915019591155,2.032491036254017,3.9821062569091943,-0.005172554697789211,-3.5146132666960663,2.7819030770500093,2.806393365628152,0.11945685977233722,1
-0.7592887815525678,-1.0646643516732242,-0.7165158311372871,1.7100336158207174,-0.15881995414284789,0.641237827731304,-2.8461386554518042,-1.0365125106889317,5.272815469137154,3.7735279900162753,2.373659475050167,0
-1.0244142231155138,-0.003531476173346016,1.2400774568889041,1.9286462881985384,1.0251568113146468,-0.8470691409134115,1.5795321292008881,0.8273950715176779,0.42376299744881285,-0.3407222870158204,-0.17082097436480914,1
0.201093386457992,1.1433816248524566,-1.588790955663912,0.8473194071987202,0.6132873303784436,2.0656193744584552,1.7965393833169745,2.062253341866438,0.11544374942124681,1.7930440907713796,1.2405812655723658,0
-0.02869026725084627,-0.6821131038133719,-0.344284442567653,-0.5754657759956083,0.14861659652020998,0.6379864494828651,1.0882506094824445,-0.32109137509294583,0.37696553252714576,0.7700633366182326,0.22099292055515773,0
0.031195876300790387,0.3067293118914705,6.093727112697076,-0.05002723844396547,3.635756875821886,-0.36298785056340277,-1.3547277437619911,-2.726704172036384,3.8155914149647576,-1.8686407602875064,2.2258846459109103,1
0.44832268556973576,-0.6640236610092421,0.7287845061542987,1.0937345152143507,-0.04435847289180628,-0.06186697833978361,0.35421450530475074,1.834459894182363,-0.0737913865859814,-0.19254601497443002,1.8470378745521212,0
-1.03612502721298,-0.8453257904957873,-0.14908333370720875,-0.9204160295430985,-1.4016231800319996,-0.38597897399125825,0.48178075839631207,1.6280050042707348,1.275921668899263,1.5514338207312004,2.7958085960416277,0
-0.389748138544369,-0.3334202871290369,1.7235149441800137,0.9062481736577568,2.514128554243423,1.6040031197452451,2.575619918584982,1.5075767601555325,0.8597323552423355,0.16447450800383445,2.079952005479978,0
0.18561360204550384,-0.11471481213670964,-2.022797905964127,0.915077186793204,-1.4546526027861209,2.669400286447009,-5.228761661669672,-0.9501536405065749,0.5985079559884068,1.193039629009045,2.441958633693926,1
-1.2135712938425907,-1.8160586463832118,-1.8376141477584431,-1.3070990397991826,-0.8714350229931254,2.20162618320891,0.11747549582417927,1.3998747047475297,-3.929545771853909,-1.140152601927113,0.372245448951969,0
-0.7049136394087755,0.23892805708693535,3.090004762716462,-1.7180113244909383,1.1158243031251536,-0.7014139293557933,1.0219578273883274,1.3301113544754812,0.9020894772658924,-1.0235416214460327,2.4978344360443305,0
-0.06249754249023676,-0.4479414406373436,-3.333888781341735,0.24897155883895714,3.8842965466651593,3.66909648271078,-0.37006387924883066,1.5647826912096026,0.45535077267303586,1.9811357115420152,-3.0268935434178834,1
0.11165463925205654,0.6857610304280853,-0.7523111860658297,-0.4641376118947262,1.470402802996234,2.756235047701849,-1.03514539548085,-1.1636811146799724,1.9763516516937347,1.7590024355728306,0.9757635812409833,1
-1.4352245210594863,-1.3596041068013538,-3.4774214772314678,-0.9270527341412129,0.6208910772088811,5.844442186737455,2.6277287265973213,1.7454871760004629,-7.3071145373433755,-1.8189950972063191,-0.5700090412617114,1
1.570519125040944,-0.4203303694529135,-1.8622224145603368,-0.7972233513584017,0.37694896143438983,3.367624956929625,-1.560154914840279,-3.2932830556935655,1.170493576317841,1.8230154562734735,0.12984487578579007,1
-1.9881446178324593,0.9394364929253959,2.377906518637319,2.0764086805628796,2.9007157092616644,-0.09912212214727334,1.7931713869512245,1.3381925873786713,3.5252651115776232,1.1735722769300045,1.6282814183266925,1
-1.2621925652576858,-0.46974316553622697,-0.28982397295553675,-0.20982392582622805,-0.703997860425779,0.622751774618956,2.1872035946007093,-0.07823697062122514,-0.9237609875758729,0.23760035891773945,0.784788660101674,0
-0.12132276305151583,1.6186416444988065,-0.49114743535756306,-0.13022042196934763,1.3856833706627918,2.841104629604027,-0.3886669036922896,-0.1533473390189427,0.702334277722176,0.943055996100517,1.3910910407326553,1
0.563951220578618,-0.8210034509616763,-3.8681714332878516,-0.5288446051274596,-3.481015941745804,2.420705430339322,-0.37510897854494607,-1.4951190441667999,-1.0678577081773049,2.375700145909962,1.4702986001038638,0
-0.8655417086660088,-0.2580004650163604,-1.7898763719415272,1.5269430548295504,-1.0588096317362778,0.608665860755959,-1.4979382539789885,0.8014663118377974,1.2704253581193448,2.024636822801628,1.2054390972328934,0
-0.0924908001998183,1.959079386049811,-0.9429051283170201,-0.07880157612738614,-1.4324795296997452,-1.1389837360523103,-2.871293953043139,1.8155174078912961,2.1752799459085432,1.7722555669320816,1.6057190856507286,0
0.23022129547962392,-0.32264154563932407,2.3793277269625532,-0.11164381366607201,2.7179921792065667,-1.0857504708719046,2.393907293657406,-0.8106677183400606,6.011962251358834,2.802083324351898,0.7644144520398395,1
0.8075116016760779,0.7422880352611003,-1.497404143841581,-1.257366128484031,0.3845051898859664,-1.7539122175753254,2.6702473818847237,1.3908756361580261,0.3504087165547883,1.302521549407061,-3.1851921650588744,1
-1.1523169897519587,-0.22173063440989454,0.8065123611776536,0.4686325367366491,-0.5830386083231083,1.9255537061299832,-0.7396017836728042,-1.1300661539658305,0.2774744650418899,0.06340859052996528,3.3929365315906894,1
-0.6020414780652935,-1.0389062427257922,-3.406332650147899,0.45363228556079016,-0.16533836701558902,4.638040899975328,-3.253950638441795,-0.0777981034781583,0.686141022291206,2.600108664595681,2.2292182200413047,1
-0.23013446529124482,-0.12502697877334648,0.3905286040110468,1.0512764084622648,0.7206279117249397,-0.692363558606647,1.0526361378046913,0.22180387752036534,0.0808235716463473,-0.21518028968230674,-1.1033493463079926,1
1.0443989376718152,0.8041161591634917,2.320416225948878,-0.7768819020893997,-1.7588458495121622,-3.0302234103318986,-0.9177829582982555,-1.8530751219303658,8.096421661410618,4.253865017506519,4.453028107375615,0
-0.547288609324535,-0.8136968269301235,-2.428579534062992,2.1552363995437736,-2.2223641756911645,1.2827882802909345,-0.8831057422238509,0.8442704124919109,-1.875057910848193,0.5732301763252851,1.0823917588842584,0
-0.20904853938654927,-1.2973299677603478,-3.8836767724845522,0.9593037277635771,0.6591456027520197,2.3472957276661193,2.4907310385883488,2.814649811689548,-4.069011853756142,0.14105300428390077,-2.8493256672755267,1
-0.42157114704859633,-0.22672061696540183,5.86069547533622,-0.7895464492608717,2.639009120178548,-2.2082867188208946,1.0966249468041314,-0.30560630319138404,4.395970553360844,-0.6931679973732205,2.8019929318749845,0
-1.689082455400786,-1.509875592474883,-2.1285751288482477,1.098596212613124,2.93563510630318,1.524051548300956,0.8626305812933873,2.2039928660627583,0.7648724171595386,1.6891872703101207,-2.4908598488550338,1
1.7781183755040213,-0.6242346696297522,-2.3660176655604186,0.8525408789194653,-0.6827435253813852,0.9762803704970675,1.0911988106048043,-0.5343743628939603,0.9891686610554886,2.547043792418806,-0.3777567457890434,0
2.647058633172973,-0.8153299675360055,1.837248374878973,0.16569240081515033,-0.5109658033834321,-0.36620199512277574,-0.6636684879915101,2.336411372692317,-2.973535684822647,-3.071490673105017,2.011060881494415,0
1.68142046580606,-1.44784506489429,-1.2426956616055695,1.6665015755603005,-0.07266327192853139,1.749757546236772,-1.7076884068995226,-0.9021299959449318,1.6888058658182687,1.844183206593549,1.1522903512880132,1
0.52093606643278,0.1389518299589601,-5.005781615343132,-0.32784001190489204,-1.6178448527390357,3.893888903560167,-2.2808168184781987,-1.0669712072026432,-2.697747582906528,1.2309204906226947,-1.0295043331799985,0
0.30226750971832894,0.7668045145018945,-4.6547245144506295,2.110462374189524,1.5849035733420547,3.77404521674819,-0.3051307056430248,3.1931654610022817,1.1588406465997982,3.9522702852349565,-0.14122243057651285,0
-1.9119739148751276,-0.9250743444833053,-5.11919721540193,0.5397256642403919,-2.6621466289413798,2.716628380379472,3.570026602384449,-0.5967298767413234,-5.635342417696279,0.4292215482092916,-2.4849288580766196,1
-1.870359772613069,-0.3675759051868632,4.68421209402385,0.6691899199732481,4.554325046067208,0.7233705699546711,3.5514346383186153,-1.2279652077373662,3.807914392854192,0.08762840496564739,1.7579833917883447,0
1.5280539943084583,0.10089430421538374,-0.5571565175619049,-0.9741013551127694,3.507814744170224,1.3282738291096425,-2.63814156531391,1.053522773793754,7.8411223225039395,5.098650052761743,1.4166608533005678,1
-0.07296688980717227,-0.8227928987179536,-3.826259760680954,-1.8151842840129624,-0.845501903230258,3.4397239443073997,1.3545365005440275,2.420724147655311,-3.4764712801428654,0.8657235819113716,0.47364515541681285,0
-0.3023535307182636,0.3189498824160455,-1.150497296573302,-1.774518490225948,-0.49015164281404777,0.26299904551766273,0.8316983324851615,1.2898795612067724,1.3417454029793985,2.0866400717524467,1.153927943764006,0
-1.3400628760161555,0.22755389769239168,-2.231463284172265,0.4946155579250025,-0.41601344851150057,2.0594409694291724,1.1655488796631504,2.2125659168073515,-1.8338315333127344,0.7990073847573875,0.8294299124732403,0
1.1307242227298226,0.2730798370051043,-0.9483418302786507,0.10953458079983837,-0.8615481716640966,-0.31020934609013007,-1.584497134992257,1.1957605102869928,2.6331462548029263,2.377237111399351,1.7716126673913357,0
-0.03244160392374514,1.2437919177772239,5.453693556732904,0.25184424715733955,4.533118886287598,-1.6393516218822515,-2.2614997261289322,-0.1994011766100725,7.859320614359831,1.040687042573597,2.5515546364987043,1
-1.5567717175867115,-0.6910909824433746,-2.0755854180924826,1.8267919282566325,-0.48729447324175856,3.231789295624399,-2.4314287050107026,-2.4380543010517073,-0.6495509484616181,0.6448859708479489,0.3204040355537229,1
-0.7673061355191063,0.8218544766832702,-2.008796756796009,0.5446950204526698,0.4223470160645879,2.137128843566008,0.20065208865349882,3.2717112094286187,-1.0909351023155485,0.9354883495479644,1.1385947195189616,0
-1.707662019614182,0.12394745833438872,-2.555995875553977,0.24645809270090452,-1.5554167128639924,0.6985574876170086,-1.8106508757605542,0.3026819893352243,1.4478181466753093,2.5857606012185146,0.8779732797477768,0
-0.1513937665702037,-0.4037532051069396,0.06767797227763699,0.42182172517752003,-0.3373328560918647,0.23705599589356463,-2.4448584916734326,0.4915523549334736,-0.7003869214818491,-0.918186314796376,0.6577280111648023,0
0.5145368316129371,0.5215576974936166,6.324947057662721,1.0479405758152407,4.946469055174729,-0.6267337849131469,1.7885431591100067,0.6657532581647355,4.746422597202621,-0.6646113537634963,3.091530438932455,0
-0.48323624378999147,1.7068284790799273,4.12524894923719,-0.45392751856422764,2.692103402775073,-2.26809553731335,2.195624519714864,1.3866327750064156,2.0454133194505375,-1.1651745707398438,0.47778292129626254,1
-0.37828236329816756,1.4199049910722001,-0.7812630066348812,-0.26769608921571686,2.2611271156590185,2.9699430553554618,0.8581306057967311,-2.033047101185221,3.660267135613215,3.2202264830419627,0.632668839099897,1
-1.8308150546215642,0.5802063354144755,-2.2220706281330314,-0.391993498415161,-2.165790162451445,0.33989729049424067,0.5564123741185403,0.1256734240416464,-1.2362795855266244,0.979405409021502,0.057110166583378086,0
-0.45071677609392974,0.4718334067382755,0.07770712762152028,-0.12949272861522498,0.790243239101428,1.0700292379567589,1.1295573007112456,0.18180575074263194,-0.8072126373570533,-0.34790529099765655,0.05841260647866653,1
-1.551908441413777,-0.3889399287940081,1.4079743266922997,2.156861893130784,0.8578034712520619,0.8732409583000595,-2.2691014400272,-0.22578150642535189,-0.7997866975622863,-1.8842584825728896,0.9331141842326023,1
0.7541628934980537,-2.2074952964841446,1.4413910654630493,0.49345610939452544,0.9079092123174107,1.1625637736153078,0.08179958285488542,0.09609993512668702,1.1295108401969622,0.13589160991136795,2.524392180692099,1
-0.0448018213118827,-0.6246194234195405,-4.192189590644293,-0.03591473212461962,-3.655584828250338,0.5254080911822752,-0.5635181925913146,1.2994553804473294,-2.459795930411083,1.3674172187216884,-0.030450721056425545,0
-0.30341412984734356,-0.5386698161877279,-0.9718595437152896,1.2762636373461231,0.77671457731402,1.3232966059028506,1.2059523025315295,3.334514012963087,0.057524324426451626,1.2175849034466135,1.5528265081575485,0
-2.590937539466285,-1.4661657945388884,1.6518448305392508,0.32489489336274807,1.35087985125451,0.00618053492867543,0.264215815635956,4.622840520175802,-1.9789007395611875,-2.190633810156594,1.8280772773798888,0
-0.257607156353719,-0.4586824540882284,1.730569673090285,-0.0552412259456417,1.636077439724291,0.3886245674128239,-0.7589008080649541,1.2633747390042824,1.580885553679001,-0.09557729092805256,1.9376182073177772,1
-0.2959626029652369,-0.7034430457170855,2.0487798320316735,-0.404938633858039,3.693020808600617,0.6932906037069991,-1.5092315886268133,1.0676914693461923,2.9748651189012407,0.15787811913833605,0.7087636838648865,1
-1.1133536473558427,-0.4645806260638726,1.3804565276563223,0.6970743977456352,-0.20385846914681238,-1.4123829803263321,0.15860444344471836,-1.5905698115152571,2.0262893709766066,0.42894617015109526,0.26443624210301175,0
-0.38241083375407464,1.0112995672403973,3.409083612881601,1.440656751809926,0.5106749169922365,-3.4328932602061473,-0.6315975424317093,-1.6065034982483164,6.094586151140503,1.6297970271064988,1.4050338619158484,0
1.7600908989919435,-1.9906342919018283,-5.8816565018065186,1.6082509057014287,-0.06820448329709272,4.491457492322911,0.45172984924663173,5.372543088348634,-2.4790958313756004,2.8006296191771005,0.7497057871744413,0
-1.5667618239398173,-1.3647753260296023,2.8238703225965702,1.1567940602172777,3.7613786733876258,0.0032614454793609138,-3.2597342261384643,0.4939781474110354,5.8640303241076115,1.31157023497541,1.8657863024828814,1
1.1223369593375392,1.27032916257214,-1.7182114024500754,-1.5575015666598162,0.01430321521939959,-1.4899238107874546,2.4777649585748107,0.777809084298138,1.410485469558184,2.2584352123732376,-2.44361155258973,1
-1.6295983565366285,0.5358341467222407,-1.8933437490910145,1.9990893885629013,-0.8570662612668356,2.6607688889086427,-3.5434803628223777,-1.3059260015814127,-0.15417640550764886,0.750910096369597,1.230994515059641,1
0.06968109653544652,-0.3516580878685638,-1.2889002940302965,-0.7323110632597561,0.6635547183609523,2.2118308817709043,0.6984439327853103,1.087676895440388,-1.248033011285563,0.30219105310678385,0.3510182860269204,1
0.6092547139250487,0.23558160288191543,0.5029958023743588,0.2618605447412746,2.413661018992652,1.4085537892102609,2.3676353423749497,0.5068101053820637,2.840171851979192,2.132778619391419,1.0928039928659459,0
0.07745263978011327,-0.34313066807751474,-2.159266014112599,-0.08315172048234148,-1.2299227025022583,0.897342506169399,1.0130583025364912,0.9783507858304045,-0.5860380736871789,1.5006787004295497,0.4855481758411323,0
1.6811220077575042,0.21248903391104196,3.3143691848851224,-0.0782315331473934,1.63754356109866,-1.1254179694005164,-1.2896279415050265,-1.2572677768885234,2.253763003595193,-1.0953373352423514,0.7529244809023133,1
-0.9611970303771442,1.048185526720923,0.7360544371213423,-0.9350104310976344,0.8378993670308221,0.34352772994937364,-1.3404990586723593,0.16485888588801134,2.135696994041254,0.7985869064271118,1.4177124116731834,1
0.214231583598638,-0.999294806635251,3.963214920876996,0.3089831395185638,4.939373113879961,-2.1501360196923742,-0.38062337063826424,0.7841987691847394,6.1682901950691145,0.8576520095580563,-0.5320537355505661,1
-0.21219830932569794,0.6393581322951376,-0.2305969824363801,-1.1433039795588702,0.8058636126409828,0.47384769789819536,0.3549774241726009,0.9639603127484573,1.9370973723182678,1.6404252217617123,0.9285132421107916,0
-0.5257812847573531,0.5513828937441849,-0.5559285093777743,0.7695013485114063,1.3724333645087765,2.6132616754248046,3.5388168674828315,0.024581185425504026,-0.5294943372507344,0.8898456127507791,0.5560944349203694,0
-0.2394074482565621,1.6219309934650867,-1.433260898342083,0.6736712815255086,-2.6134236765891883,0.924576482030114,-0.7989652945950564,-0.6106517347521863,-0.7204319435050625,0.8166452413897629,2.0162567944973633,0
-1.1514798840519678,1.190694651983144,1.4251350029912533,0.19483267655538444,2.738209445012094,1.3431760114623854,1.1417086993709975,1.6892113326172984,1.6520667149897537,0.5065467396679206,1.6741552962109592,0
-1.3280585692784956,0.5633645796578004,-0.807242222954305,-0.9180881123885773,-0.49097917707163696,0.32653835372116335,-0.34581411992028177,0.1670996476118326,-0.38131990745504757,0.2678936473591933,-0.00637059189526723,0
-0.6596243174688529,0.23422815845681136,-0.7466509234346147,0.8511229742067277,2.8299426914922936,2.155852685142148,0.5430367477702333,0.21414157150061564,-0.3445521302261412,0.03584578429399232,-1.8562973183077516,1
-0.3054825530643093,-1.654389559431361,0.17799389348325656,-0.132854126714332,2.4077764497905543,2.002013929081739,2.2049052063136325,0.8844622020558686,1.6118301578169298,1.510677109019174,1.0014358053898005,0
-0.4258291968431892,0.6357682373225556,0.09769970947314699,1.3595044271384522,1.8937219884289447,1.46557281171451,0.10147511363033135,0.20184882794912207,0.7424304576879353,0.39023098076659335,0.009088224907871645,1
-2.21655546620446,0.8169627830852724,0.04370680850986752,-0.6529996231967813,-0.08246763519732414,1.5607959248640124,-3.503863987746372,-0.7003936445625205,0.09815022847176114,-0.4354119381524395,1.6012246545124729,1
-0.3205072274296542,-0.5279637212619118,-1.559478683343756,-0.736316007810129,0.7761388075796235,-0.36084786126458823,2.49151845822179,0.9019848964315652,-1.8033807401520199,-0.16319070737188635,-3.5457016834835997,1
1.1011785760792188,-1.4196328967280223,-3.0336999593335703,1.3134896088709356,-1.066205090433253,1.4112052936953572,-1.1414401096042035,1.1677749763769398,0.3499672292976632,2.2735824029444553,0.5108473597639848,0
0.2738044040446713,1.7932697925011867,-2.7163383736398727,-1.0656454060380842,-1.7049662279064914,1.4222404943629852,-0.13735322694710184,-0.3694847892147488,0.522059656694422,2.4713656106344475,0.8716661290264325,0
0.8934556068628502,0.10426188816045498,0.9913333030501472,0.26058318815915793,0.9946905065895124,0.7892471858557899,-1.4616836535167335,-1.75239733798255,1.9252850838143074,0.35748551901316494,0.7822202169325265,1
0.887314381333703,-1.0514425462630308,-1.2439980144232,-1.3278408730793942,0.4745750871156208,1.116613001052499,0.33237348510528686,0.154942587938251,-0.6093182950046377,0.4050436288841558,-0.8808274277601621,1
-0.28611044244284317,0.48743527672514864,0.0615508201133786,0.05785575747354817,1.5976807867350797,1.814357645717355,0.8830897875844043,3.354594999392504,-0.130394916004561,0.3668187050070606,2.165251721601709,0
-0.7184431151114893,0.038063291596532205,-2.1608444678017418,0.3877601162592845,-0.535376841971003,0.6704449382736208,0.060663634916045095,1.915289048509607,1.3581479138372423,2.616168333954819,0.9419496143196449,0
1.073996674905968,0.6900886206898444,-2.0231193518332984,-0.019145744993560046,-0.947296862990867,1.7481446873870126,-1.6079447268468856,0.5417849380317639,-1.7173349333314305,0.07673442269005992,0.38722365033103323,0
0.4334617011401345,1.4779701067985787,-0.9741306506850629,-0.24717794365509857,0.5152100445922283,0.9735537463966696,-0.35651667927426467,1.790514794870751,0.5591553351434236,1.097807085566773,0.794038259702477,0
-2.496984366790823,0.9907743433486317,3.4535290616545593,2.251361537984798,2.9643004970099818,-1.2702822717842719,1.3222237019203322,0.8759944403560092,3.3791047549656064,0.08999144387883895,0.9880738977038945,1
0.15862475809211277,-0.16042047251411004,-0.49974109205898165,0.49199704511432746,2.922114109325901,3.823483347858003,0.4107967233776656,0.9299011995655531,-2.426363229096755,-1.285438065776035,-0.41532348768772964,1
-0.41863198691138515,-1.7964233278427615,-1.9424392654603078,-0.581014992111473,0.653955526495921,1.7949671066829764,1.9636021864713036,0.3279714384986012,1.4061807855411403,2.753157320467909,0.14653831981440135,0
-0.01048580631464438,1.3034109526836608,-2.568958374044018,0.13557496794214394,-1.0398862186934914,1.475434020197069,0.28032123769829853,2.0882706155264876,-1.4927604978727664,1.0554946208893126,0.637755565695671,0
-1.2214846963819033,0.3700455552678302,1.81926946196795,1.2039833500011956,0.967288849719903,-0.2706466232075475,-0.8183323077663568,-0.2831037631516937,0.5986024546016032,-1.0089450685911228,0.6350280555078684,1
-0.906708347445048,0.43716091666347207,-2.1398667997786864,-0.04200191938627056,-0.0855260442297292,2.787359375026379,0.8480707379765079,0.501550934454662,-1.167314752639766,1.092931835996573,0.7266899743486912,1
0.4668630089800405,-0.9426795156241115,-0.49841350133927015,0.0021379282756968814,0.6644863488808652,-0.02250995424018254,1.128763300112695,1.2236015424453397,0.40175879433119505,0.757099300680625,-0.45281263607935685,1
-0.6088853905940003,-1.117923993275672,-0.7518178018497567,1.079861950715001,-0.10031562016728213,1.5553263016808785,-2.9720440047710035,-3.909131014305193,2.3866231705618524,1.5166113210847925,0.0762595578780475,1
-0.038269847602211686,-1.4399856311938914,3.716247827738328,0.20681955213591394,1.5781375925836734,-1.3401502709287865,-1.9277031366175033,1.5204745541708506,1.692726356563239,-1.6389672070402765,2.354531312291164,1
1.3754721742117082,1.196028153304473,-0.9093358682259961,-0.9866876787278649,0.8271463834451591,1.1183921583347076,1.6275167860415989,1.0326704868362424,1.902117452986234,2.387551492167242,0.9551711964266105,0
-0.5317497132693739,-0.1445499621199889,-2.322569019360877,-0.9108308152717267,-3.6454602735773216,1.8322977102818814,-0.11751741193804777,-3.662116674942375,-0.2088372635748789,1.9765096087946465,1.8770244112518408,0
-0.46114153840471295,2.448125649461231,2.779760061937206,-0.7507446648425755,3.101410255580773,-2.4025268319734048,-0.8004702883015451,0.6846756478650635,9.16657274549366,4.017913050293837,1.7152299003705282,1
-0.4207256776678158,0.8261643256189259,-0.0687737049634558,-1.1590772330816577,1.0456937026645452,1.6145069083841315,-1.074239922133561,-1.2310600176489048,1.8399823669566449,1.1461495956443544,0.7919297069244756,1
-1.5205060965154533,-1.9329598007660638,-3.6120665394775564,0.400777991221877,0.8641259240463969,3.4816740947348594,0.4903878910870223,1.7255222049848338,-1.110212324409766,1.8593928284369825,-0.5196231698140441,0
-1.2248530010238061,-1.3551684586188677,2.40203088210339,0.34521073041659844,2.2698126775597878,-1.2880721413089948,2.4636273711669148,1.24677656945686,3.5344431862717918,1.2105794188881174,0.9875225873200596,1
-1.789881848390943,0.3702512442999968,-2.198775273543146,1.8224742893856134,3.6852597481284235,3.069385629341502,-0.6565875926091884,1.4563272618807095,-0.008040632975484659,0.8867737971232861,-2.550028264007195,1
-0.1834063761440175,-0.67360023666528,-3.028325264533065,-0.08064406168748135,-0.5572722045715941,2.1033307852901366,3.568179457370619,1.280761371413928,-3.660694259121785,0.33647009364847014,-1.3392969673109967,1
-1.8931735241057706,-0.2763193790466379,0.7217182581074366,-0.7973305015348282,-0.1599194603329297,0.595550871461686,1.4654186510551106,0.9855740738263702,-1.551240713583715,-0.9623271258850037,1.477235992116551,0
0.42193063923810387,-0.34300834921704887,-3.1015964142859707,-0.3427742492275817,-2.3017253475838433,0.6546557428004671,-3.0928477521337006,-0.16452964564486683,0.9976395304974868,2.384443165959393,0.6133752120009617,0
0.08786334992618558,-0.794762005243014,-2.3012420000022327,1.5774086904660132,3.5222433294202316,4.067518234492057,-0.7624622873701035,5.121763083764178,0.53147762652729,1.9115613605792983,1.1989776478892245,0
-1.1471842484836778,-0.19081310724885944,3.9513614889961683,0.18042406635094288,0.8720373573926323,-2.7844799177873156,-1.3368426124558233,1.942504997442239,1.1773319782720715,-2.1104339091143816,1.757138167985227,1
-0.391582353502419,0.7874718723945245,-4.285509885178466,-0.016328170534132942,-0.42066129271199637,3.666828974329659,0.7724914705276094,2.3063260225846527,-3.5749579294119935,0.8391848788390066,-0.428159700865818,1
0.19888933540992904,-2.17510239894228,0.1374486273286463,0.5361221625705912,1.0715581997955292,0.12967114267961444,0.8329164385311193,0.07141852103054847,1.0041105164366817,0.633497444662493,-0.4352074868195511,1
-0.40732622712688626,0.7312413421062234,3.544510906057363,0.21418978676390818,2.578604478481303,-0.2227961278426729,1.763952018533238,0.3011187842109805,2.8994708301466727,0.041574350338160926,2.225953877670455,0
0.592824967882994,0.5962946868470356,2.143668351749892,0.2972351780121436,2.4585694508259968,0.42748438860999416,0.10670154946538757,-0.7385720554586093,3.076294552313578,0.6166025598331113,1.0484928706656094,1
0.36598654028482386,-0.5643577224063087,0.06169359313866098,0.030677096620706324,-0.2380664730909936,1.6557825937396389,-3.3759424093014765,-0.6231783065502456,-1.1510669399475668,-1.2859772574296362,1.2988003494147067,1
-1.0053062934072505,-1.0784592451227195,-0.18876277860857246,-0.41570398836550687,1.9213764669559334,2.3682791141667887,0.3500638904537223,-3.415422848993476,3.1155455756865975,2.217482508682358,-0.12412678846597891,1
-0.1566158311405361,-1.4148626616158613,2.837060285923423,-0.2765702624622928,3.108664646714275,0.7558696597599663,1.1306877451149897,1.7076579579003475,1.707650297396776,-0.40964399660298434,2.121527560711865,0
0.16417449000217005,-0.6956703066367275,0.18688248697585771,-0.1203057789362093,-2.181524544986824,-1.4601482510744557,-1.9860884353048118,-0.33925658317181706,3.398039761383399,2.2020171363538075,2.8143488401804646,0
1.651958385786144,-0.9336657475411894,-0.43189763698934536,-0.06811853381491324,-0.42936695821285276,1.6050918879816043,-3.52663204607567,0.41909746165375905,0.002315747015864342,-0.06363557211956872,2.1719668598362354,1
-1.5266809669367762,3.051999402258302,-1.5279743706069358,-0.7831741312569968,1.0208729172327957,2.5785526460794688,1.839785353101028,0.8568397232502806,-0.5202818977310847,1.1912232187508556,0.34897147704832865,0
-0.909705413475686,-1.4452795175798145,3.1722650441529963,0.4575825217659796,2.051466644331864,-1.2496648238280827,-0.050957168483286464,-2.0947128341552763,3.13110852540614,-0.29758296518665683,-0.07535174509152998,1
1.8386070560206862,1.0441428726495212,1.5307379505956542,-0.734373925687109,1.0966177183672028,-0.10357764592262964,1.3418416064209542,-0.4714405585349224,1.864017785765144,0.5496446829827601,0.9569310188884541,0
-0.3108456146530639,-0.058895285201174596,0.07192645101601328,0.513808463978252,3.101782663738156,2.401188275021456,-0.37343892623850405,1.2043423237029716,-0.5661066124801442,-0.6846063362183445,-0.5385975911949334,1
1.040658083825017,1.7572604317881746,-0.6344940353258288,0.7485654985316288,1.0186483544738545,2.6676824743444776,-0.6656913447033799,1.0278915469429943,-0.6142883614162282,0.13591923223675462,1.467312828071404,1
0.2799221107254925,-1.3125694100556036,-1.7832214060771017,-1.5525620122304933,0.31927746804680135,0.33810045284082013,-1.0071673831284396,1.5242142037843665,2.7171198893840454,2.884278786542736,0.3858113529938678,0
0.7531227033408336,-0.010037642702037549,-3.1801980122573257,0.013774066495934344,-1.2210107105387489,1.7869414917942774,1.0360789368569931,2.9382763689979585,-0.3069744229981057,2.6188160215722767,1.7154138704541864,0
-0.5759732459171069,0.7288467132333799,0.462474770800408,-0.9600251318599001,-1.6847714869628407,-0.8318972347890448,-1.237424886656602,0.9189572763152029,-0.19937522590180562,-0.3417712451193953,2.052652940451592,0
0.13203452082939487,0.3160719177694843,-6.936014241595013,2.905269144260889,-1.9610854127326185,5.636839121100133,0.3836871876433803,0.6803788417073655,-5.618822524405159,1.2596493840073562,-1.1790426986769487,0
-2.0101312869952825,0.056491218225735045,-6.232458905866708,-0.011504080669285495,-2.979922705415851,2.569364634689693,-3.508425412752603,-0.2762664134655919,-0.3969724806814978,3.455704835417649,-0.5663088680961865,0
1.0895445062980404,-1.5738369070780929,-1.1666817655207349,0.046499049511338465,3.498115696469792,2.383924907213509,-0.701482135006904,2.30948422126539,3.180342549328317,2.6995677161177625,0.25233568250276517,1
-0.4047988036055753,-1.011911607224372,-2.876759715979702,0.5364209124848179,2.0417262747251286,2.629194690518589,-1.0643595261986212,1.6403240859628823,2.5009589701841417,3.3570485281178146,-0.3049793177492054,1
-0.10800704449602172,-0.5051114910696494,-1.2113762390896168,-0.447588180526124,-0.10685646342236499,1.6912767043867634,1.8966793733926295,-1.449949680072073,-2.4279816339311657,-0.515139592888018,-1.3495707558144725,1
0.7128135861705753,0.5895271546483609,0.4221067846820815,0.6498633600351055,1.7347360725021406,1.289979125802543,1.2778611165531681,0.3053261318578411,1.2547803009708938,0.8725809562537175,0.7159283132972902,0
0.7827381634962424,0.31466957915368216,-1.6281243206754938,-1.388584569568682,0.2045099240664433,0.4844406896988832,0.6012646185454783,0.40857899114124063,-0.6091735942023583,0.6229225762131072,-1.5693329861801133,1
-0.7972018885402317,-0.31797383361226905,0.9516123834572032,0.6648655678621085,-1.3898382873106483,-1.7144442074217827,-1.596276652483878,1.6682741957841052,1.6072198915295919,0.485244846486828,2.595796319547018,0
-0.858719445824012,0.7402817946297342,4.222065138211301,-0.7597439091230332,4.1558790733727795,-0.10650996028844828,0.4576638185175055,1.0657635015527849,4.182169061272899,0.06758375734951982,2.275108761162759,0
2.5727502971788767,-0.47278374239360216,-2.77265119233737,-0.2890415944866131,-0.13040325960397592,2.18729620335183,0.9365214971174917,1.826730353774712,-0.36679397419959164,2.0520010415402816,0.5862460098200035,0
-0.30812040546191916,-0.24304372123047133,-3.4540432806149215,0.01267133706823292,-2.537122464589265,1.702945525369562,-2.5976247543906794,0.7184237813179521,-2.2846524593975013,0.5836871567250927,0.5155522685527937,0
-0.46516930672009593,0.8691093917191112,-0.08262250837478152,0.43793332735381485,0.7448529612808483,1.253461254356186,-0.4361130124127601,-1.2811913935310941,1.9939537805459795,1.401644797243095,0.7855568627526354,1
-1.3326678913509458,0.6091147146485472,1.7203582639017347,0.5615595695592542,1.6040935424011717,-0.2308612933347507,0.29551246450514257,-0.6268297659636303,1.961439976458769,0.1277210194707542,0.32634879680137296,1
-0.9342446865068477,0.6793650869090482,-3.165583142900984,-0.5651069952788857,0.031668623705154,0.08446657862195339,1.2820913115844887,1.4086329263281177,0.7255423603831421,2.63079154085328,-2.212062869166113,1
0.04990380409866993,-1.2686709516222658,0.5788716490251641,-1.6616547251352787,-0.5017840243282901,-0.8868621194386153,-0.26971565438890077,2.9494812467243374,0.5356190690668992,0.2471226232537288,2.253631832643306,0
0.5327004250420917,-0.38138527527164773,0.8733448275738842,1.3577787703771955,3.20653822886285,-1.990385834847622,0.6068746818423627,2.2405511808036094,5.338445581454768,2.672252565647871,-1.1804084309119833,1
-0.7541501846931365,-0.9826282601516857,-0.16964937670412203,0.49907661468352943,1.1852406574350014,1.137996686249469,0.5644552803166927,1.4493864229028128,1.1790263223480575,1.1794006378717423,1.1928809666159046,0
1.4083246648595065,0.4469679336376392,-2.8219894531300387,-1.106167281942813,-0.4323143762864947,0.10746571697043195,1.2467759558312894,1.2946019811923735,-0.47011096798463303,1.6556098746637087,-1.93865654426302,1
0.3724937263232401,1.5162916742564148,-2.700823581063273,1.7976510781885384,0.4339308515426288,0.9772684663697137,0.9884740176943676,2.2291899867708134,-0.3715117367054137,1.6669462156611659,-1.246516229243217,1
-0.039887752469458936,-0.3292017450449743,1.9487918047718653,0.4115383131806783,3.3540099476288328,1.0435878357355763,1.0757222766613583,0.9921932355843407,2.8472368246127537,0.8320977420618513,1.3621765357573523,1
0.5754387702477065,0.2803841670741774,0.8119713300604985,2.8182077594801203,-0.31927203942173743,-0.376630814039842,-2.7298632351028775,-1.8818148673768,1.6555114183734239,0.035643546848584395,0.5967656626457187,1
0.3840998692146244,-0.2118310063079967,-4.399153588369064,0.6045898925069131,-1.6206395276458823,1.496128004376313,-3.4222419468551903,0.5988575267814911,-0.40820184104678003,2.0247790990313943,-0.9942372608321295,0
-0.06607517965305737,-0.9319540058125425,0.3025919065672035,0.40881196618079346,-0.34360962428775177,0.19315130466239616,1.4477067884944685,2.9807844377700494,-0.5882542928158497,0.1203430108273047,2.468750542117754,0
-1.1381115050898971,-0.9121967982405584,-3.681741877745494,0.4886896934404432,-1.570381722469425,1.0589981438623732,2.5828780460926275,1.1294361071479797,-2.9879419698049405,0.9811311136762277,-1.7812854305557162,1
0.35495409330715827,-1.2816549653268123,-1.0954719301183602,0.07682677807571495,1.57111874602599,2.6432451172532954,0.9904167064180067,-1.5417011934422624,2.004525814734485,2.3217968485771516,0.15241730792249064,1
-1.9825015193092093,-0.82979906187748,-0.592403844266734,1.304729210995363,0.9266518057114048,0.9611208272795687,2.4283415625161,1.750950900194042,-3.3065847250836153,-1.490061661856716,-1.394590795460458,1
1.2112295737646805,-1.6176309035369159,-0.4802073903903221,0.5905579967709019,0.20080903730171562,0.5617915296823337,1.2430367729999794,0.32154532321308127,1.1025994374299526,1.4492713624003764,0.6913855327118824,0
-0.5365448580353845,0.6916347623772493,-2.19330337350048,-0.19777771167634772,2.055222520612239,0.9302517547887222,1.217520588185535,1.9100253402782112,-1.157115206581481,0.4265755500861419,-3.3814711555544283,1
-1.0569762965261054,0.5545452871045768,3.0425366363087423,-0.309517717407185,3.123467486850705,-1.2673692137961368,0.4241930562374674,0.18909138207106846,5.153254061659801,1.3339666080448587,0.8776023564053903,1
-0.20137964784353696,-0.20208563215386874,0.36372889269400827,-0.8485355754424064,1.2242478295780506,1.5709196751732966,-0.9748413158698914,0.6355173004762953,1.0478329611733053,0.46856462662837806,1.6774086931513807,1
0.8844716661440479,1.3016998623115408,-1.1372503133696188,-0.10582411890418014,1.493567158296281,0.8662068096092708,1.2430319808419756,1.3100096444197975,0.23247940906495235,0.9839816799926074,-1.181042823666723,1
-0.9584052855422706,0.17361953718312437,0.5046818423870364,-0.3729828175269685,0.7113574459777764,0.3494227689031726,-0.526631117395596,-0.3529661546183398,1.90718575455867,0.9121318294403412,0.9056715108208946,1
-0.22304931299993383,1.6503144325117756,-0.36646253011674546,-0.878939526333388,0.7667999934371333,2.1044246315984267,0.8281438649884982,-0.17915317809157827,-1.0421443700472452,-0.16630022554571267,0.4810436785383043,1
-0.2808838724420365,-0.4021063179390342,-1.6255404002690224,-0.5474182692044006,0.2411599180449545,-0.43015951147360165,1.0158105602536185,0.6957719330393188,1.1929203412478715,1.8858323097347236,-1.5482389787317115,1
-0.3633322692657446,0.3067533518856942,-1.7970154521217683,0.22290340933531136,-1.9583050601885938,0.9270163011051242,-0.5197435565277151,0.3174658505396091,0.3144984852746436,1.770054528275984,1.9110532274576444,0
-1.5537506175317186,0.647086449615649,0.9675144367465751,0.20591413331204658,-0.5216381218445658,-0.02346300071563645,-0.0208078235019451,-0.2295038178829758,2.088983570009143,1.1501483965633665,2.6993445003947762,0
-0.09859306629499473,-0.11474284123645083,1.4290453837959365,0.23098604388554828,-1.2380691767880767,-1.8538055837674232,0.6197188538196232,0.595900449191318,4.490370416444514,2.7109640372395702,3.7303732542734185,0
0.7839458211018506,-1.2691568896605947,0.7138044381719945,-0.5288168825731104,2.5766401294280645,1.1031768758522857,0.8926884550233511,2.487861301202714,3.2670849377512607,2.097423739761541,2.146640226312501,0
-1.6919942030562078,1.4670466104474273,-0.11038859560567618,-0.7937514914868427,-2.5654270172256703,-2.208150297412692,-2.824148364373884,-0.79990052427875,4.229511531477743,2.690062784361641,2.238447416635194,0
1.1747282386695985,2.721649183711889,0.7744852715375243,-0.4005237070893449,1.796411306740799,0.28459242353744996,-0.6937029155812073,1.3574819735501489,2.2312165149053134,0.8559007748065665,0.9589848427495272,0
1.3692961804302093,-0.5613555299605559,-0.47941726230726955,0.15472617779372821,0.24508158794868917,0.8799406245301857,-1.7013508516627072,0.2052495265305596,2.3185545979133817,1.7572505327774393,1.5658743084018343,1
-1.2046044939721676,0.7281941258579725,-3.27744592006197,1.3987895654918903,-0.6927838207801091,-0.00017500023459571246,4.877070191088672,2.4411699208459163,-4.840638351175895,-0.4291935366661561,-3.888333055334334,1
-1.9487564991463235,0.6998591579230677,-2.250041773543436,0.04238674470419621,1.9227926781509712,0.9207261706311727,0.08377310634808066,2.0687472137716223,1.09026134947731,1.9336552438657582,-1.9915816004071019,1
1.8108604211523383,0.5777631795064437,-0.19082077827706373,-0.08085650497324663,1.8970506569497019,1.480983569345409,1.1013984411705016,-1.429233032227107,4.801203981130246,3.6482671733702583,0.95135737968193,1
-0.257769430678263,-1.444200208729204,-1.4767791192922535,0.20264694702565295,2.1511547984450665,3.831839470609561,1.0882119443860967,-3.5109442853651793,2.3578207079475746,2.7333299740906583,-0.5571773939760096,1
-0.4934127734563098,-1.3556746362948748,-1.6009899977770583,0.33032627522411945,1.8215556131794346,3.6755926102758947,3.2711327427867567,0.4601176859684504,-0.7097498195859563,1.40029433164053,0.25488890585189294,0
1.201374698410143,-1.398327249786443,-2.8944872558283197,0.6454065625873034,-0.6436701451794404,3.307693883444605,-3.1048056386137373,-2.247170941430981,1.6259432967670753,2.7019181727103936,1.0351031124660373,1
-0.7456583172650079,-1.0374841805049715,0.4659496955290128,-2.157998722226223,2.6548598965298194,-0.5894404332624874,1.4668903946081684,2.4456611671574358,1.3812489556320204,0.5641958691539947,-1.286549012823389,1
-0.7407831685082747,-0.8008220747528558,-3.4599871776481805,-1.0627882199885332,-1.5324692939990392,2.3360533444057676,2.828067042787663,1.3557068916800108,-5.747513576566632,-0.8654091741850403,-1.4195295029286168,1
-0.26996822639165863,0.26016237150622634,-1.29823629547985,0.31044296955589373,0.5853895606768774,3.257064686842905,-0.4079991046106304,0.3056063138972497,-1.1853284282172394,0.27740184344965224,1.239017977589476,1
1.2908956774680174,-0.7209868132408072,0.4153592209699433,-0.477435290239886,-1.4793178781941858,-0.4309281776478284,-0.6951080008771522,0.22500818601842032,0.7482591260875904,0.4805043167770725,2.331099342726806,0
-0.45535102538196154,0.5995605862209856,-1.389360277286865,-0.13276228785626001,-0.4588552963891497,2.8206940772029814,-4.390972921101172,-2.240334637494569,-0.175792141073695,0.13291407309121928,0.9050032923728102,1
1.198651723712972,0.13544558126719103,3.4414897245221767,-1.7529447786376715,2.5403274678314323,0.15207875353814604,2.721241965606873,0.8926446486934169,2.279839966255047,-0.01431756323892408,2.634741313122025,0
-0.1300740469230889,0.6124415679404019,-1.0844447991675104,-1.750909048242249,1.6342133117369841,0.4281415295895349,0.5716614787925423,0.9482127314619788,2.834816366321181,2.5951253923191766,-0.632288410975467,1
-0.5212321612553248,0.11076049286167315,-6.155851684533628,-1.548694626709445,-2.337702548456615,3.479325976849995,0.15057468771542748,2.393436415356077,-1.5716322785964245,3.62263394745262,0.7991672832337751,0
0.6015758816298366,2.230151274261831,-1.4119145766171688,1.7739678611286047,-0.48459422493336035,0.5033777751864058,-2.223144627376377,2.27227582636029,-1.1833030850354054,-0.19463044385664863,0.3122665328402937,0
0.8758858923437394,-1.8186421252443752,-4.414412666416405,-0.8438988840605968,-0.10977008980354519,2.2163430278825755,2.017833474049758,1.210099955140728,-1.7880831573976734,2.0338996100420954,-2.3541342497687663,1
0.10891497390014498,0.12184090057528191,3.664183773771308,1.021593068069336,2.583401389424182,-0.14853571764603335,1.4582643100393282,-0.9703716484674516,1.8709603057920132,-0.9615559137221461,1.1237266003242012,0
-0.2105713896510843,0.2363765673684341,-0.19417923784069624,0.36608641948167614,2.5668422345062005,0.7658970746935836,-2.741239248290755,1.5450797065751511,6.689124270079927,4.180818005676118,1.9933663459258648,1
0.4109656885779609,-1.3266492182938179,-1.8542772803864398,0.38756254617145836,-0.12933146059294964,1.2141521243700888,1.6970698112988885,0.9490787293236188,-1.6130030827751538,0.5170319319290587,-0.7411261983213016,1
0.7148241396053248,-1.2978356390447816,-0.15417336464404052,-0.01784115943476265,0.7750608290778288,1.744253901463662,1.5810990881046671,2.2852676576210555,-1.3336268245035205,-0.1794302429151704,1.5933932347853208,0
-2.7881045841286785,0.2050013614476645,1.2915794994185583,0.6621860527567685,5.807000447949785,1.7631379710379202,-3.8756873675540904,1.6745439298085185,8.003302148568919,3.562523937962999,1.5518114986213618,1
-0.3561033544619644,-0.9306416001404572,1.0478111500399498,0.6344920231521322,1.7812406373788303,1.2485323246055353,0.8695660558663528,0.4899029900868438,-1.12887790817976,-1.3321549255977176,0.11402758288704962,1
-0.35272053536618,-0.5868326853032533,-0.07649237690992274,-0.8194593043635104,2.296652928993625,1.3771188790492146,1.9627786453206024,-1.7108424532790525,5.12455929228309,3.8733447096185003,0.47463566920023126,1
-0.9721579242170314,1.2547825740155594,1.8199941753330637,-1.2426301104236044,3.8196779289056275,0.37710817272148045,-1.980180574215892,0.45711288147309637,5.859928857761006,2.1786001404981694,1.1156901051593664,1
-0.31935072849589585,-0.6608898104261555,0.792675397863964,-0.8823641147608889,2.2303111895568506,0.12044475035771574,1.9446763935240194,0.2505264553045905,5.943911891320196,3.9590639207927545,1.63553759762327,1
0.12015519139323942,0.507496402651684,2.714408192888668,-1.2528546566348582,1.4188187295011199,-1.701889413658619,-0.9874484964944894,-1.1322080211433856,7.646568144758417,3.26424284584336,2.678470614060914,1
0.7897141884908897,-1.2518757942375403,1.0777429940169512,1.7280699037520737,1.5393888650886014,0.00367871228123573,0.6014505441345553,0.1992307441889294,2.950336412254938,1.4146435792555987,1.0040361150680912,0
-0.6251414719933327,-1.2246402898798232,1.0873540078693216,0.7876110455456065,-0.49573044043701575,-0.7812673969665642,-0.27601289016339536,1.6817274834464722,-0.15890952985961568,-0.6384179186027779,1.8075304613325516,0
0.42783981077236466,-0.2711065413923203,-1.3817344589000624,-0.37874708036511834,-1.8814980822579008,0.6630732308794456,1.0781990795021787,1.0330782530877196,1.0511995541657961,2.4456077690162195,2.8096228577612856,0
-2.411411640488342,-0.5904094658042629,-0.38038807232197824,0.4995896800608417,-0.2173585048165254,0.03355157527865027,-0.564058407489738,2.2972983022554567,1.1765032807500517,1.2300748812421078,1.8843401549306997,0
-0.24385876363840203,-0.3624467226400594,-3.043133344731831,-0.31710409667466444,-0.4608519881261114,1.7396485368236971,-3.5340755721310213,1.471793404474092,-2.8576113874950195,-0.696608095097897,-1.4608434910833465,0
0.5161764917071082,0.7142604914569353,-0.2805532269378672,0.3036450397495352,0.4796913122223492,1.9255853187140646,-2.3249303666285686,-4.47855898945728,1.750712280276532,0.8182000605479526,-0.3586818354096317,1
-0.6424330044466574,1.345960694455677,-1.713006297691791,0.6401473283218106,1.5526735300806913,0.8516751418575893,0.7747916378556453,1.8197517054659178,0.9817093426873409,1.7744186302108182,-1.209991685001839,1
-1.343406408538834,-1.3227135870243696,-4.712631149187424,-0.5643889615143028,-2.1352417912649257,-0.33996113645630643,4.985294165911726,3.448482058682549,-4.938482844886027,0.6514015742232493,-3.5369030602665643,1
-0.8301270774922115,-1.1367513965500797,2.293416950337377,-0.3517831625413046,1.160465439911586,-1.5200313310282323,-0.7627672711007435,0.5827936405736411,3.7094003761466308,0.851004632352451,1.6346543959552946,1
0.918661416209666,0.29719618257506214,1.9358249102693803,-1.9227976445334738,-1.766725415011047,-3.589122725913227,-5.713146238226526,0.6783027457334514,1.8808724233338312,-1.1260126172653484,1.429667009848169,0
0.4890172187822611,-1.2429248990747919,-3.3757938425205856,-0.09207546442115125,-1.4077847610698442,1.7459708898752515,-2.37740146245923,0.2672823055039446,-1.3749842948980158,0.9622506435974009,-0.5314930101982449,0
-0.029303487851116156,0.28345749253992497,1.4288143449770185,-0.1785644860928864,2.5740666717172225,1.7104322174419009,2.390888449102884,0.9461233756505004,1.1754089454580072,0.47064773257844017,1.6392737587319852,1
1.2482492194990134,-0.43336699124239314,-0.18327923840308927,-0.27945046501837884,2.876229816222028,-0.6556874491395126,-0.9888069566488324,0.5157089589588246,5.944580089203507,3.5325049608513512,-1.0683042656756427,1
0.2444323548071379,1.0646872781035743,1.5670024408591219,0.5430815352150566,2.6673726784915743,0.8705400910238201,1.5444545273356254,2.2591633962331628,1.4347565625752812,0.32864453238703817,1.5832490310636333,1
0.27835630365327674,0.1585234645085899,-4.038749155935527,-0.6113887742706554,-3.450154489240542,1.218815961657304,-0.3981268546136536,2.7077343584095765,-4.294684566639149,0.17707866061418853,0.5524102632276817,0
0.6852539402861898,-1.4348853963372525,-2.060680071981038,1.2403618640406582,1.897178986147319,-0.6826301411914792,1.078177808236017,1.9742503137201717,2.279541880295171,2.602062957835672,-3.0573655303155496,1
1.3652953335747111,1.4720422586235569,-2.9968716236833775,-0.3049519493081444,-0.057590836455416294,4.306205105859519,-2.684227096940141,-3.751894126626597,1.8122820577316623,2.9143854221084435,0.5913497542315551,1
0.9834253601321347,1.4455331636972595,-1.5592462768967392,-0.837288059518438,1.4218411980039178,3.2876763001609697,-0.02226143969401695,1.0327816653630641,1.5766488529402858,2.434842652006367,1.8744553471932464,1
-0.543215793448002,0.4446661024511228,-2.542907449944537,-0.9831887185798285,1.1851237312447718,3.4783487601859644,1.4305468773145438,-2.253108343480812,2.7019916220325575,3.9056619562023562,-0.016136693973633598,1
-0.04395248016633027,1.1284452844140445,-1.953480178144028,0.8641064164325648,-0.07735464076557852,1.1603476210738808,0.4527932202778354,0.1479138311687752,0.7311979737824713,1.9509801868121792,-0.20134740918492833,0
-0.07336278754516136,-1.4938906101139648,-3.394661298660768,-0.3786397215702313,0.33740722140836543,2.717750187148824,-0.8809030447697256,2.3056812935177957,-1.7565833347062412,0.9824813555389482,-0.5547912589189139,0
-1.6999716120906256,-0.007516443493474965,-3.570442218508029,-0.3695837731553655,-1.1655726552507906,0.9430239348569476,-1.111560031131582,2.7769294656210755,0.36437372923951716,2.6487238780274915,0.4437970719194446,0
0.2822238703011439,0.10197981032019594,-0.6691506056147836,2.0392170939512457,-0.9135808672501302,-0.2416888406331974,-1.1795909746551096,1.3285296804628524,-0.28504994542155654,0.17594731053949886,0.7292324144299865,0
-1.0978391651619206,1.1614165389630957,-1.6286759285518335,-1.7311030191285188,-0.445630344910829,1.4891867265503618,0.6850070212362939,-1.380688741728565,0.7632930377292407,1.8721987347250235,0.12623667758311607,1
-1.626647808075528,0.8350915641712137,1.7988446733334715,-0.6476445162724289,0.8302445298047925,0.428078580731591,1.33202368494866,2.6588772297017105,-0.5691321192380218,-0.9455741671967963,2.760864592672857,0
-0.15653888203730412,1.268280307194554,0.5935078151373314,-1.7901749539261562,0.03828274616600247,0.9241113945130328,-2.746568599304223,-2.2230910944922955,0.6200452519832749,-0.47309156481565884,0.6920012778089186,1
0.7588116831575933,-0.9020462357951246,-3.1637813396820484,-1.0257158985748083,0.8498518533321842,1.0522040052968817,1.5290850991885976,1.8794316116638063,-1.5133839955259674,1.0566835327168305,-3.0132242467052506,1
-0.6580831827411698,-0.972872101901356,3.2383620659246164,0.32082136523373717,1.0098247887658502,-2.1011983786286725,-1.3952650050271553,0.4262417476220097,2.738195651640633,-0.611488719000236,1.5522955095171844,0
-0.3917211417532843,-0.10156142885537094,-1.8521838220017417,-0.8719092218689123,0.8528778963152351,3.637455509813812,-1.109656028309923,-2.240158983213475,0.7523547417731534,1.6421627359949413,0.2715258523036197,1
-0.18520156988086628,0.5286515840321621,-2.440424301324287,-0.27337561568885577,-1.3779062302846277,0.0011966905963202157,0.2966404856101148,0.9017193190323347,1.8572409880510616,3.1593987090141997,0.5603380816414225,0
-0.0686176831171325,-0.9121098265488456,0.11142106329623609,-0.1971011604427321,-0.19411406793430008,-3.357776637867193,1.9255054862849392,2.0416316497710185,2.8014759894235097,1.9904067261913303,-0.8765655225740597,1
2.638892404269496,0.009947565608417645,-1.8061915741415695,-0.7341632420443647,1.5293715899848905,3.2514421256179182,2.9580321762184023,5.818076447344742,-4.965945798009059,-1.2637628919559094,0.7536821655925496,0
0.11786818784922681,0.9588027412179165,-0.21894097578821362,0.4397075200815944,0.5155035779481216,0.7574788535883956,0.723345136440639,1.4005725214845943,0.3735905016236265,0.7169410871426332,1.0590088153137265,0
-1.5249922023795845,-0.3669149300068098,-5.810423334243796,0.6953717357755855,-2.673700788587147,5.6384688563274,4.234820525496373,-0.07200557135884411,-10.063399828091885,-1.7069452988555356,-1.8381064369277542,1
-0.43435183971930913,0.8324307113892223,-0.3194510610387286,-0.1885907131305313,1.789658225687947,1.083339214799954,1.5926521167910914,-1.291268028594669,3.4005649879466104,2.731576491219048,-0.2030763780544067,0
-1.2910866594127082,-0.3649271020727179,1.5385166113567312,-0.5229054159065578,0.2324645624327959,-0.026473729669326262,-2.4241361667781653,-1.4278040917884585,0.6388204383467663,-1.0590375746126233,0.8535640995091986,0
0.3264967978843725,0.14300517008707297,0.2235027093123741,0.19431258081663064,1.3160682855450025,1.1267542136897435,1.544369076276126,1.2536166187779627,1.0866301981913833,1.0660001059729984,1.3003708275871313,0
-1.515039371581051,-0.7896094271820627,1.8355545807104765,0.9739174959558128,1.5708527391370035,1.3403910825242087,1.858534521244311,3.1172139089041457,-1.6594213939192253,-1.6113748899276001,2.6497903160510865,0
0.19652390940470396,-1.8148579206189122,3.297963728331177,1.9470342885075926,0.6785181994000115,-2.245311378574645,-2.4714059055229765,2.32427765878835,2.2952855354935315,-0.9832695441961503,2.733357501613841,1
-1.548116229708523,-0.17549647431675103,1.9408734021534277,0.3623396940386402,2.74944834504077,-2.033986466781,0.7920160790276487,0.6329732512705226,4.9445908431826044,1.8097519842531196,-0.638297700196325,1
-0.5517284259750888,-0.5299545486492414,-0.54209202229166,0.8728182211793201,1.0450556043666162,2.7657109278318615,-0.7531350576104856,0.2538452620464672,1.9206002724471536,1.9063666013041725,2.5692963317008988,1
-0.5700939289836515,-1.5720349604592807,-0.3648483578396622,-0.0427672044759688,2.4235420009981037,2.682815093720479,2.5897012488469775,-0.40309550899767177,-3.6007894605521558,-1.9984758884836404,-2.3998112761838355,1
-0.42326398358369766,-1.1241164433886173,3.5831739296507332,0.7411980041704337,2.8814020826009195,-0.4505973302890287,1.0760954483045766,-0.7901892230262912,3.3034964796745303,-0.05098388592413383,1.1795547997597018,0
2.0691903376497427,-0.09556878262463214,2.283121251855722,0.224104922682395,0.5850706299173276,-0.4133200141252178,0.6091438045639096,-2.069707999554709,3.1889594692498693,0.8952842305511818,1.8250628031133647,1
1.521736746342883,-1.3580752033706665,1.499227599105542,1.977714882759966,-0.9365924054676789,-2.230507497295368,0.47920964312667913,-1.4554638464135956,2.992912088458814,1.1794654451364932,0.9482092474966545,0
-1.9319254063088256,-0.7590108233637022,4.374229500407165,0.013429325975894076,4.354473026687222,-1.975965507348219,3.3884837171906286,-0.7958951674272747,7.404086173008319,2.4259901879818537,0.6511083302241332,1
-0.9121129839872966,0.45235743498198216,1.5471238721355236,-1.0797340202374104,2.3009041799270866,0.8663517825931073,2.345873443707304,-0.4440061271865501,2.532053036564835,1.17325755240148,1.0166956117509094,0
0.08450064330184956,-0.17583650690061486,-2.5357607970950284,-0.9411165140761699,-1.6272644075914084,0.4171252165157575,-1.2008157966330866,-0.887300924176234,4.102651509706992,4.542510401268111,1.3981027170589608,0
0.40461230594231107,0.1547177491963244,1.2777892780455837,-2.3561630690170117,3.4039128835297516,1.9275941054981378,-2.2071976711645913,-0.5132562872606512,3.512668332431363,0.9959918025421503,1.0283215346317323,1
-0.5121186427103585,1.582860071565248,-4.932393911403058,-1.709220124878338,-1.025741937445042,3.0782018679194656,2.137347116467179,1.9684860217405342,-4.877483609151753,0.49765244467531744,-1.9805966725928301,1
-1.2736394346440938,-0.2809578757104216,1.8307478073054628,0.1446467690606061,1.613172648790698,0.3803432961612222,-0.23217585070043567,-0.9795075968553545,0.9617733502466098,-0.7003665741223306,0.40702946398549444,1
-0.96977441213905,0.6112992526061359,0.7491683722575532,-0.8479820856830569,0.9927468433152435,0.49442400233975514,-0.709445955269163,0.4451501073348023,1.5961071027762381,0.5465615156651513,1.3007126664272837,1
0.20276498206668292,0.13041805286468253,-2.360230944905125,-0.04203011313784595,-1.0884346229824848,1.2326739721530386,-1.1639897371533334,0.8635770122445995,-0.2672002086768472,1.3922369561883714,0.5589393724735718,0
2.5513487904492322,-0.7869338714407395,4.719800615591912,1.0970151697882464,2.5405870188138526,-3.370680360210037,1.1845761385042248,2.0963389474758207,5.229515333195611,0.5527336346854025,2.150155488047042,1
0.18392244809599337,0.5851510893057419,-3.488659894933156,1.5815600352895345,-1.631480773040486,2.3581053216754215,-1.9186708904043361,-1.8152257599160917,-0.4430316293479942,1.8093260699691522,-0.3712681267046214,0
0.3430550258328185,0.1478188736927011,0.10059025032545121,-0.35574911677954085,1.6248954958028294,0.42288402631094246,-0.2779642272527869,-0.8868546685630481,2.7269718397968816,1.5349848072484846,-0.4689522743443988,0
-0.09288482386502568,0.4745217056189175,-0.8070512228777935,-0.583662835017918,1.7662450747073937,-0.2811373893925406,1.28971129731314,2.119743795782461,0.5113568387981992,0.7963041855692854,-1.8905159812019612,1
-0.2678910143504231,0.3377276755767519,-3.0404137296919838,2.103035823887466,-0.2100806526515987,3.399785150713784,-2.045902400774132,0.3070003764161353,-4.657912654374293,-1.5382587611526581,-1.4403618049546831,0
-0.7679299261930573,1.1649262854211235,1.1911487637087557,0.7564970525713566,2.4729484434203792,1.7437975952034561,2.395436805356427,-0.20832061763271637,0.9547173273795222,0.3560595000604547,0.7358811049742968,0
0.6817817074305673,-0.06785369002944742,-3.0232378434680376,-1.6741724785527348,0.6652273969464709,3.07801083310069,1.469647721114363,3.6411713212607224,-0.7335041496937326,2.1881061919657467,1.259275265826891,0
0.4479080371581734,1.463101941560445,2.5697564054116184,0.39489963763808944,1.3290378836622723,-0.07675291696298459,2.114558358303567,-1.3071403681246063,1.0631531019262273,-0.5553244963267345,0.9334557073952243,0
-0.6750671352290785,0.2574411601961591,1.1573761458320413,-0.6043222223241302,-0.21187334151368253,-0.5697881155578353,-0.6476583225778015,1.455172159078386,0.6393720734404569,-0.20573052974901263,2.075744740385712,0
-0.9773417786737307,-0.2330295239810428,-4.8384897381538385,-0.9098912036410745,-0.5912015143523173,4.0676744464084855,-0.506337793546491,0.4722518354425146,-2.6599788191896914,1.4893238780823908,-0.9622726099718628,0
-0.8837103624378712,-0.002759652499988629,-1.6374729308634404,-0.594095732741646,0.9102212624174286,3.376056203934564,-0.10685958410934138,-4.745722311470807,0.9371318920857031,1.5856311810070656,-1.2468524821415614,1
1.25253949663884,0.36659020737697895,2.7740376253448518,0.6131764298562162,2.751963631216576,-1.5712048050911425,2.2988847972577693,0.9643149023524429,5.1065243366408675,1.9508438814502105,1.143319593817935,1
-2.1312924589061817,1.1307267825953873,0.5694109678396984,1.2276490230458468,0.927447393804433,0.4426251109719972,1.1279300624391233,3.3540729420950743,-0.49785701379583364,-0.2462522039921371,1.7374250763180548,0
-0.9929506222863581,0.012606682267636364,1.0767042538776044,1.869683357082623,2.633826424718241,0.6851821887156686,0.056148676984693835,0.4961747159505565,3.344891852777017,1.4939601690111273,0.8277791778986279,0
1.5635975110335505,0.06685431345962699,-1.8751516389052103,-0.7013388765920563,-0.7131655920586266,1.009685641321375,2.979978092709917,1.3210585316658183,-4.539380188770004,-1.2448911958227957,-1.626820270957136,1
-0.18266400263281848,0.3051354128982,1.6579442075455375,-1.6144926041373941,1.3547902785930068,2.247020735604745,-0.7897536835508809,-1.8242626803436401,2.0566269419825813,0.46443469430064643,2.849436983830938,1
0.871019785937672,-1.106240451956333,-5.427720707601958,-0.444928535173456,-1.443558538734195,5.167000021763235,1.0256053497573672,0.9480058281616173,-4.961839924724819,0.8978474478334388,-0.18484609017343478,1
-0.8032917753481534,1.606121931107134,1.4977390264557588,-0.2680129904321316,0.39123979429603006,0.059137979541150854,1.0123527555951726,2.338128057600267,-0.22217608036135963,-0.5978900590053078,2.5291001788323397,0
0.017174055819727287,1.5916252981253138,-0.005743168274093729,-0.62573803860914,3.399547603321677,-1.0896975852157524,1.0818059780352067,2.5737410778062686,1.9413675192064273,0.8713830254095722,-2.965858341696994,1
-0.7887664058807314,0.7090777426016888,-2.5832262406871926,0.9473352270893565,-1.9842035557908155,2.6541844020741823,-5.02147740256992,-3.3367028370448955,0.3777433195953784,1.2727437049337307,0.9291784585524653,1
1.3809183853225988,0.2559535920337984,1.8124787858770224,0.32817906458740403,-1.066168906616077,-1.7307200125621711,1.3655445239794255,1.1235465712732775,4.4217495670119025,2.6545308818019215,4.375078101354756,0
0.5307673220063303,0.765980905125414,-0.9005288694539286,-1.0955254041681097,0.524697951996819,1.4208499391007416,1.6695303811650968,-0.30272518104800805,-1.1030030956134258,0.1578154859772466,-0.7196895029406496,1
0.5776310102500145,0.5936581754171643,-5.684175381352924,0.8275906383948167,-2.7470246593330288,2.8849625391791553,-1.6758838826114313,0.09646715780922044,-1.4140274723451869,2.852882400372992,-0.17666287634340927,0
-1.6795490970045495,0.052147706480413454,-2.804367953711928,1.817162152369523,-0.9525532801533088,2.811488834054816,1.7714171563753838,1.7706633405275767,-2.042936417399416,1.3253908814419648,1.3934911753662753,0
-0.2954938225266804,-0.2961475271566142,1.020177710162869,0.014641090537912611,2.796408641582991,2.6419921341229786,2.037319956698431,3.461089490425985,-1.0263892459658026,-0.66347356810574,2.3104229758677803,0
-0.9434965256311794,2.3486042726011167,2.1874266514254765,0.5759588513688835,0.22633554410545054,-0.8155819764854417,1.267330805443348,-0.6603378285044441,2.3141582132105256,0.5698998151493375,2.0595519854289015,1
0.4735712318311575,-1.8989619035551284,-0.7108543330734225,-0.4463022853519666,0.9745505755902428,1.5115437234959868,0.5654504520383183,-1.022866811895289,3.130221901564058,2.824140575128796,0.8912099677620566,1
-0.49038326727717535,-0.08491373578977288,-1.763576872521335,0.4699716918519212,-1.6763045760578694,0.9953642213537424,-0.6167488397230104,0.4517259290885043,0.2878578713017968,1.6691416705258768,1.7404762111110672,0
0.06618007836587418,-1.936192243734044,-1.37222992554511,-0.4180883218146777,-1.3773330352546216,0.29397193167828695,-2.718942305509195,-0.7101348303425447,2.883873876635805,2.6148194668082976,1.6547452583982847,1
0.7878049473745575,-1.245334983127054,-2.1354389794171778,-0.7094661555107981,-0.5209085254747865,2.130520773500423,-1.090450407257385,0.5977862143554031,-2.4959082604906446,-0.3515244226138472,-0.19793206155227883,0
-2.0738302886313673,-1.3055162394044109,-0.09647321839475313,0.9877396715775708,0.6600109781424434,-0.6312718203206016,2.2149327319584664,0.06661106569627218,0.4990083097058154,0.6222833578991431,-1.3451119753784797,1
0.07377608720279168,1.8716453322340325,-6.918212340027628,0.2452766759586471,-0.7550592735685198,6.545127962821858,0.47817405512782307,0.6471896678470246,-6.441674482290866,0.54865004852732,-2.051693256241953,0
0.5203912131655846,0.14724009448273334,-2.5311676374581817,-0.9178303759325838,-2.2484134780604537,0.9758974432642146,-2.2665847263494996,4.447919066841404,-4.574114123300151,-1.4185781228737184,1.29027868105396,0
-0.6632514308490336,-0.6683684104490529,2.448462805060995,0.7991035627989775,0.1566795178014473,-0.9600290295204197,-3.1328716595197146,-1.054772259431577,-0.07662904532516553,-2.371761418879516,0.670586326971385,1
-0.41880875415030666,0.21703776860943877,-3.719660210633447,-0.6587849679168292,0.2471578746995563,3.593359000743386,3.00177528216525,1.2051373165619044,-5.228401820939657,-0.48699207925132293,-2.2430466224252577,1
0.15255378047337287,-0.7584256390242338,1.3720533498443819,-0.3156413871192345,1.1874608116368952,0.7345042731247059,0.6780527209005075,3.6587139774789215,-0.23427260788906276,-0.5440506014063864,2.970519759720364,0
-1.787704864935033,1.9463671425107052,-9.11287451650009,-0.5736981196439207,-1.7564238626479174,2.3565309589316987,4.620395534873977,4.7087533544447115,-8.636920964565757,0.712035171430633,-6.955603910004966,1
-1.075120427647889,1.3625461850668505,3.094113097604627,-0.8257841570848831,2.888992751396878,-1.2557327693551792,2.170551842151903,1.010969480087601,4.046958821017869,0.998915149326854,1.1546215336704442,1
0.24819525591543448,-0.43760636447352785,1.2661777740253208,-1.1236817747821124,2.8092985085589666,1.654370237352663,1.7508316465667426,0.21276836283031553,1.8406050785348962,0.7757781555489762,1.013440293178755,1
0.7443710070569607,1.2974937525076984,1.1520819065688288,0.4457771251883526,1.3202594830847172,0.7715115553278483,-0.30754311413031243,-0.3122245168843425,2.2215146985098952,0.7983923437897579,1.5646068819725731,1
2.130097237760876,-0.043631405791051285,1.1525326724693605,0.0403985920149953,1.7826416948317185,-1.659009484297557,0.5784990795880315,1.3288628703197556,2.476661691068183,0.711690603092825,-0.7869027808967516,1
-0.1783705667137727,0.08632524341219604,-3.574517006668231,0.8909487047920068,-1.7473307852483182,1.3997567610371702,-3.8381845925424027,-1.6992671829816364,1.0246031769440758,2.3683494246711505,-0.625923773036744,1
-0.9667905012788366,-0.21869202531068602,1.3524614099747825,-0.40357289626852455,2.6238973117259237,1.951904817772924,2.003359653220829,3.499066903297503,0.42785948389784884,0.14251731214188235,2.884834163127915,0
0.5975912031442677,-0.5778556834751475,-0.4248028904455735,0.25594976208790293,-1.3677632861658524,0.90702402845853,-4.627295204059477,-0.21322679088721752,-0.48310103515278485,-0.6482723787431599,1.868047793145892,1
-0.7859475952264809,-0.8522244823453528,0.5308615163708491,1.9345038133534205,1.0990669489573026,0.14999471631135297,0.5932910367304687,-2.7385309257954527,4.470627027449065,2.7031248353947026,0.2020956139220086,1
0.5952602742087271,-0.4741629284615542,0.49631348517965246,0.23996024078236164,1.5165321201288626,1.5544342400030255,2.2426906315685216,2.5351109903621465,0.38059606512552885,0.707740706509438,2.250469750147131,0
-1.726161500496151,-1.5072196683256383,1.1343822870268159,-0.09891870843665548,-1.5968267404194485,-1.8176364153004148,-0.447044884841183,1.0118680455119833,0.06150013197340107,-0.546905952405583,1.7223975085724277,0
0.06826765328593233,0.8914557554388874,-0.7638544087893884,0.6222364586416298,4.5018575306415,0.28703935396718716,-1.0536549001367908,3.348217497832875,5.54581740528913,3.58961776013417,-1.1610796282956342,1
0.3505054228680093,-0.01809663731435273,1.7858408673848851,0.7957271482511231,0.4292579748567511,0.10053829389770008,-0.3365976369670127,1.078949661755934,-0.6951857219075298,-1.5170694120003567,1.8276764147298312,0
2.0785624159371827,0.43500864626482544,-2.937742542859976,0.4276667784198924,-1.9715135330060858,0.02249830582869905,-2.9275967492798456,0.5868180373446725,2.080678538104194,3.000709577134795,0.6647968331326531,0
0.24612226089387082,-1.2305083975638071,-2.2021462690545497,-1.4983855999765316,-0.3777675769204595,1.7077994945620956,-0.4160347552036111,1.8189567233279045,-1.0891592335815197,0.87344462924079,0.5430357837950568,0
0.2230892952367492,1.19291131291763,-3.3246477384222946,0.09896851798978597,-0.44740806276893585,2.2062408454782623,-3.8558581661791202,-0.03879725308587201,-2.10234974506051,-0.09974963329298259,-1.7260777692033744,0
2.251604653384656,0.987203277527808,0.9585067009841808,0.9834327825405966,0.23320380308789512,-0.5173417036406636,-2.4507522793206675,0.07883993072085094,3.6729799890647357,1.5464087436123004,2.1638338861923323,1
2.021045443596014,0.3627394887637292,-1.2508223174236994,-0.09885275061821445,1.2927908844851252,3.2206056298029866,1.223124757810404,-0.6398307339964003,-1.2244882695900083,0.3127352523889314,-0.1975224855991491,1
-1.3491334998288562,-0.9923528561870029,3.386257901257669,0.44977195970732875,2.8501501472543467,-0.08089706278078546,0.6936099341342079,1.7627851341012497,2.525345161838157,-0.2906542680648869,2.528937240780806,0
-0.46978995091634035,1.247682572288693,-2.223166782424651,-0.5823126337800304,-0.9135948894539769,1.1979485123988265,-2.2965082496036326,1.739426126859382,-2.0005190537376887,-0.19364967356485585,0.014163564258892869,1
0.8571504674612116,0.6832309382685721,-0.39191597417614743,0.8393261155410983,-0.4413728806280469,0.8900549624587983,0.25260913642459437,0.7647092652332821,0.5116248180268959,1.0106141573751632,1.9137960779009948,0
0.1881985596151753,-0.11952456169091535,0.21326922061404716,0.011792746639678145,0.2610987850080607,-0.01154900140237669,2.5815120017703794,-0.08831633640123027,-1.4829260113334526,-0.7291552050414554,-0.9247589677717979,1
0.6671280547083721,1.0214464293410024,1.9599363339608287,0.38846812355076427,0.9439390934926635,-0.8938344901639337,-0.3840265292339289,1.821276738002592,2.3388266084868965,0.38426384431028615,2.278401383532574,0
1.1120180579848444,0.5564734480295496,-0.5099322632529181,-1.3957835310551756,1.7029782408171463,1.691822817643182,-0.14817121249746168,1.3773758197705817,2.7563881269491652,2.3650597280993804,1.6299575961810118,1
-0.1291693692685868,-0.9275435342436061,-1.3224311252871652,0.7882047255068396,0.513021910008044,2.2709861742014974,2.7598287262504493,0.22008953836216016,-0.685805638287374,1.1615330989032202,0.39181974088685223,0
0.9935737569746846,-0.33668935501910957,-3.2313370760359326,-0.10470760398792875,-0.3653836789509194,4.089953122805706,-1.0938577128192835,1.0049761364183454,-6.37899814094153,-2.268078573735282,-1.1416647600397143,0
-1.7068786461720526,-0.1859992031180722,-3.6623501411586936,0.39261123441634355,1.1072458692197609,2.5140622819339327,0.17473267658271352,1.7036497400209853,-0.3407106231818341,2.1270840375961555,-1.6336647274903682,1
-0.9664611703702327,-0.8148831675134416,1.208151548536476,0.7532801971720502,1.2675172419649035,0.9584822087712918,2.4786429154719944,0.3939422626544786,0.5780389466444705,0.2691527917072468,1.4823757060996832,0
1.5120899250884177,0.7153592095556573,-2.23283146409558,0.800517238475775,-1.3401397252223606,1.4794638564500542,-3.2578199928260463,-2.2756544420474043,2.4095118929597024,2.689308789548601,0.869562896225492,1
-0.32611854321522593,1.5253595128474224,-2.3247357468280136,-1.3756712775843336,-1.074164424374134,2.512790136844594,1.1860661480351231,-0.239588123704485,0.019451817423575938,2.267172643535707,1.6407483478440916,0
-0.21859283316482364,0.3915139658887107,0.02169491132828253,0.6601940799784187,-1.4956955957086011,-0.47493587070065546,0.5155840808180253,0.8430168108289167,-1.014650161502277,-0.31299251212436596,1.2881165779690158,0
-3.4586419439554534,1.07782747730171,-2.6601049123966933,-1.5431352148069661,-0.6453800560287732,2.718206546863443,2.31314605808236,0.6822370433415814,-4.727194424966384,-0.8352711960131274,-1.03822560916501,1
0.42220199439108264,-0.05805390431981452,-4.280913400168404,1.123619224433736,-1.3228465756828354,3.3457679967736254,1.5567341947981403,0.5450775357892401,-5.1283096978835925,-0.16360174460006593,-1.554380120668541,1
-1.2888141623177403,-0.6619579303341492,0.007955213816330976,-0.8379832006217972,-2.4091823314558436,-1.3128644731317851,-0.5149971861857392,-1.845173760515661,5.668741260160536,4.264240107645703,3.4352633577545997,0
-0.13400857070789735,-0.7835849247674099,-0.3976297843655886,-0.376863448469655,-0.035869128677568085,1.3609205952841545,-2.2302409353145745,-1.0705923082565931,2.028814394250378,1.4326688301719526,1.6598244755755325,1
-0.8214479778627046,0.5259568838536056,-2.267633355891616,-0.34911114134198706,-1.235717787871093,0.45956394334191164,1.697998339282794,-0.39597047783718176,0.15715697284233174,2.0455362016070975,-0.552930593912407,1
1.2451179757109698,0.31415403338218356,-0.9317917201599313,-1.9407956992596636,-0.7870157669896449,0.489751888381073,-1.806971608766129,-1.2977841464228312,2.9193559257653847,2.4520442502143824,1.321956774275324,0
-0.5989363828966787,-0.1835212441306584,0.9060971460050833,-1.5749373575368604,3.116268180555209,0.9636107952129187,1.603152948377427,-1.1968175893049344,4.899576099726354,2.869471841789043,0.22616622913082052,0
0.8395991111112229,-1.7796552742069902,-1.6020517363395168,0.5409115648840845,0.6365665869572081,0.017091963626808204,1.3356247287442118,0.8126431847198392,1.3595937049861992,2.0766247032498413,-1.3195436670551528,1
0.2432235383356478,-1.8248291370205851,0.5914314215886806,-0.11197730520852946,1.855144525838389,0.8550613322541407,0.20365562981653884,1.6642742734568832,1.772873760049236,0.9405633549830982,1.3081077258732783,0
-0.8129581104185926,0.6482948346908789,-2.3520190991070216,-0.9145346520080749,-2.4363142122229107,-0.9036879224718453,-2.952504778402449,0.8049711930188869,2.7335694491934266,3.11448081272889,1.2777249412757743,0
-0.22763263396134,0.9692255877117166,-3.229318044720493,1.5722342626933663,-1.984659406199164,3.4389884712136225,0.4407661786158983,-0.9807666114760969,-3.438636382128233,0.3415161509055673,0.551047309233909,0
1.0922127608847578,2.457220033523339,-2.2743458959586533,-0.1647677504055314,-1.582803949027685,0.5753921459541469,-0.9981684972176217,1.387040045567341,0.7034817503269927,2.1407681721052887,1.3300802462941586,0
-0.09666481390762643,0.13171335785175342,1.4594011926381167,0.010669843396770922,-0.29906083895646707,-0.8185691819205225,-2.9647047878567943,0.6577484189178686,1.4866074322560796,-0.34476202049927007,2.17799883379371,1
-0.0052897286906792304,-0.9622150501246075,-0.6147911985182543,-1.12943600443035,1.579419275100801,2.497194131462204,0.175043880379528,-0.7454184593146946,1.594344649887453,1.624321542690657,0.741351252631005,1
-0.4613564346755135,0.22426301334734458,2.396894063637668,0.10221220170154341,1.0918360415255302,-1.085174936654401,1.3559698322093523,-1.753997546501164,3.075001724926584,0.6782328137154723,0.6518424896552356,0
-0.08125862509150762,0.9706991175929452,-0.4732453868505552,-0.9211212455714685,-0.6383173710905294,0.7684545589776595,1.0376357404053858,0.8098435101620484,1.2562610431610897,1.8094976586032427,2.3671340134332794,0
0.7585893204052055,-0.589751385425131,-1.6683800788129657,-1.124966179994752,1.0474418165228214,2.374983314079131,1.2918381013154994,2.185951161614566,-1.8444089614619334,0.2286079547439014,-0.02053333637508925,1
0.08980009034788414,-0.26488501824656846,-3.2558610681990054,1.1187849519299293,-0.9375315137987021,0.4639314348944398,2.399793093973011,1.4819231298674707,-2.7274800988726415,0.6645042637086453,-2.461591573366518,1
0.23672138565329182,-0.5423280609290165,2.1142266066900546,-0.71239977919112,1.7807104730545176,-1.0737757739365543,0.7271967907721206,-2.0011144141654107,5.647969578042682,2.424444620355321,0.7295256556546825,1
-0.7291134149529318,0.7782537622145289,-3.8231372528074608,-0.909416207666554,-0.9944031820019015,0.42869914967847567,2.6594064994550557,1.9654852437120423,-1.9777691938792707,1.6322026068801643,-2.3655655829331237,1
0.00276357294534548,-1.380847805250601,-0.5118139189182618,0.3449209143387681,2.087329101026069,2.1201888920360346,0.368500489254205,-2.509414181677659,5.337379200310726,4.044852777928474,0.7574660710294703,1
-0.1474791380544637,1.739301430722951,-0.6538466465645733,-1.8372677642701745,3.19470789298901,2.686804748895619,3.4106284909665776,-0.7256194629931829,4.628238423043758,4.271276307382486,0.6055213338592329,1
-0.845371856793012,0.5741282769643805,-0.4865833087946152,0.43494899761684813,1.9659642769797372,0.7759183219086443,-0.5983662621831332,0.9242406296089309,2.8936871048544086,2.057525835136267,0.03332512930451825,1
-0.3832639780618068,1.239462376343583,-1.0324873019627296,0.45645501672476824,3.1145134544065725,2.907961622384251,1.1483498502416618,2.0382946559017916,2.097173723588556,2.403712512005172,0.7839324772885795,0
0.5978958128593188,-0.9571305645237772,-3.2201804795886266,0.6241786927157266,-2.5148173654330512,1.7729581201297795,-1.936057153964094,-1.2850399214707418,-0.6686571992986843,1.6376513412735743,0.5280879209365696,0
0.6071208252132895,-0.3240317647496454,0.16545352212183934,-1.6363818967013077,-0.8228504047755456,0.7234301434351076,-3.3879237963882765,-2.6354055615586005,-0.8498401915023445,-1.3580938518674235,0.003003710624295053,1
0.5708599618756759,-1.8768983423544432,-1.8029254516630373,-0.5745827532653158,-1.9458138291948313,1.3687842886302468,-0.9329794306458575,0.3818031782201209,-2.625682607849377,-0.4208972910204414,0.8516982075995893,0
1.324139966714279,0.07980050281088004,-0.8027252003535591,0.46869089794607993,-0.43937892104605814,-2.749654431108074,2.047766742416824,1.2948983707256458,0.7392698703871123,1.0742506807255447,-2.422605352955172,1
-0.28200042155538246,0.5585818244102715,0.33925382825811384,1.9572928737622806,-0.14015975634892408,2.2162012673967806,-5.105266776530721,-1.7460371587443086,-1.8229110866814193,-2.3246256537622685,1.097261514297118,1
0.01419375789947281,-0.012548524000142591,-1.1946632449303305,0.34137845057274446,1.0258193458732645,2.524848119845868,-0.21473853701864554,-1.6482865222304222,2.9049955054514425,2.881463214098366,0.9924642586355831,1
1.623456915580464,-0.09381908033388008,-2.350713238199082,-0.5665257538292007,1.5521627060249106,1.783446404451003,-0.3900312657427316,1.6058888245676948,3.1168192325785777,3.62753046107554,0.20822752010444256,0
0.6088630873432351,-2.634405890033214,-2.8026266110018665,-0.8384899981294164,-2.7463594088750307,0.2165479747130874,-0.8281469887657973,1.0058541461082013,1.282652725201753,3.062857693555038,1.8621893062907153,0
-0.35209259135045157,-0.6506626402982645,-4.372094626394543,1.530191290439857,-1.072319267052766,1.3187249923107913,2.839815894276529,2.08719793973271,-4.286366501135549,0.4514747048258705,-2.995890867083895,1
-0.8561792496873497,1.4873952386700018,-0.5888252056781261,0.4475294367089317,0.005597547435092443,-0.32971843788514743,-1.7144384234356975,0.7557785205277577,3.0491687006506827,2.2136824541612192,1.0249627767093348,0
0.9889834827831382,-0.1450442240803302,-0.20458538217678868,-1.5499888979506171,1.4309749656519763,2.6489514237011282,-0.27632415156913537,-3.4218876443302997,0.24102792102755705,0.11655976349258146,-0.7661721639728287,1
0.5951182955446763,0.9326109936557593,4.158843847170867,0.24513128189732492,0.09282644532844742,-2.0932707398973256,1.184530638213195,-0.18078323409414443,0.8666896360819233,-1.7598465889980566,2.3940073342970933,0
-0.36200030232382946,0.8978215855732061,-2.08324405693781,0.7655715277636657,0.36492101986032643,-0.31708015049340776,3.6782958613611667,1.7391226754799938,-2.288514667826138,0.19765163067652158,-3.3106373467372268,1
-0.807929735763803,-0.09442322716315658,-1.9351350801487817,-0.15317644691073132,-0.27263159813399673,1.6705734119383693,-1.396397313915275,-0.24485559587267103,1.085028857325103,1.9185911848677657,0.6049050669549934,0
-1.0316147718042814,0.4003356285119332,4.241841422311083,0.8337495212835746,5.0602547695579885,1.407894650723141,1.5711855919458237,1.9339009516309398,2.623079447189157,-0.6863738956884722,2.655258636005022,0
1.0401806842844235,0.529869620690006,-1.937067583607314,0.5297561906067427,-0.2608615558038778,1.8981086950062012,0.6333833717396764,1.068385162208739,-1.8792255642754803,0.3150812369152566,0.058509374020143445,0
0.32525577279880363,0.6328247684095198,4.598123850125316,0.12538608539641033,4.403763442647708,-1.2404830509255689,4.430328184557976,1.7768616861626736,2.4096877222439135,-0.8169840074276196,0.5466091760384222,1
0.30774571391676997,-1.7744721284561502,-0.5706246176543429,0.5874860068403926,-1.1654659731427077,-0.31769754751682955,-1.9077399235183208,-0.12726986946205732,1.5533953819875608,1.2496457299739867,1.1869504470334686,0
-1.129942446597664,-0.40473333186487725,-3.023571193432391,-0.0905736435084604,-1.4333153532639349,2.222076245419352,-1.323281054657533,-0.1669618421120893,-1.3794026105682315,1.0710738279226493,0.2146761725969243,0
-0.17589013153622626,0.9386411562161755,1.9813983939493667,-1.2050021682987424,1.469770298863938,-0.3830023914725116,0.059118255136708875,2.0442200189562447,2.4571299618678712,0.5583635540080258,2.4557889692475428,1
-0.5036593132383078,-0.631652751479578,0.8903241546677655,-1.0664139455923636,1.4928662429766006,0.9815024429413255,-0.7628589409493907,-0.6665269908315785,2.035316003766599,0.6659271272203027,0.989697798592338,1
0.7886290054895277,-1.0909795746167203,0.02168129454620848,-1.0159902792871751,1.0751886173895904,0.6417457980328436,-0.12871735868250256,2.9018950270304975,1.2037703273277838,1.0025850769501017,1.8181180779545394,0
-0.7540008701353271,0.13514131106490487,-0.7089225866908436,-0.6107323161090478,-1.4368705200920162,-0.3618617684762342,-1.8443916288337392,0.6466466819665244,1.8950864404140968,1.7209133303925688,1.9664194211405073,0
0.20133268843733268,1.5337330389083108,-0.3626756865777695,-1.6940770115422688,2.8035323353589625,2.2144143640569034,1.1583462119862837,0.9736114204399733,1.9240056321046801,1.7551069119967084,0.3652589024732277,0
-1.380986927188317,0.15848780028694065,4.19014488334411,1.3714711429726856,-0.3618591792860293,-3.379091741610945,-4.856405292185869,-0.43941578922713764,2.09752159444069,-2.365274286873177,1.8944060520695027,1
-1.105916666277578,0.8643201382393901,2.1450584664591057,1.648394102454301,1.99124518905213,-0.9435345324649489,0.18551487270789946,-0.379646757459438,4.8452917995012035,1.8155568631213088,1.1750599906726082,0
-0.6588524607215528,-1.671780465636078,-2.669362675028415,0.030150360757377995,-1.1730734678568515,3.0530439302410697,0.8193743466833907,0.1484204996368823,-2.2222797775735463,0.8651375799669214,1.0336621478329906,0
-1.0466133229065393,-0.9212056144278256,0.5570708621617355,-0.8090745463443304,1.776971417432712,0.4852893799420108,-0.2934948730987519,0.6745203496985059,2.059551294011195,0.9132486626522842,0.48760298918485456,0
1.3939770544957348,0.28587734418547095,-2.244283493657517,0.3635526859263457,-0.2210028148462595,2.031743754713709,1.8823305187654382,0.5303492005961111,-0.9535930188586835,1.4116364064743658,0.026788235831008422,1
0.28151948201689153,-0.2628694627753744,5.317284602373261,0.6315926231103707,0.2517034792235264,-4.427546615901772,-3.3040730182864784,3.2059172735322115,1.5379819775332515,-3.067816564377381,3.0126864307286962,1
1.1132532317309194,1.9562136155690313,-1.6275203755203882,-0.413006429256097,1.9984264150261626,0.530190413396322,1.9832313495264344,2.378657782786087,-1.4544143818671664,0.04788978835270297,-3.03029061067067,1
0.6097338568849501,2.756914256124661,-3.5059649729480795,-0.49931488756089487,-1.061630684012117,0.8687144507079642,-4.924021025052532,2.2556375852405157,-0.7801696299127406,0.8322042188848677,-0.688041566083949,0
0.5705060275797168,-1.3846586051184946,-0.2177082083866775,1.5138873864573321,1.4453864093986213,1.3180110975276618,0.759739355414775,2.573977456578158,0.9864561556531057,1.182319639083725,1.5944003465636893,0
0.4342998637018353,1.2599509096984183,0.9066914785994039,0.8257547342113724,-2.2711654064272997,-1.489875408163348,-1.2135922884727184,-0.5683296839992971,3.1372496450902747,1.7921683550473293,3.425205194188974,0
-0.4592838776305994,1.378947208239912,-3.987561363394904,0.045997292059694356,-0.951000085541382,5.418459420673386,-3.973446248319988,-4.430574650565905,-0.6154007126506198,1.7261225023475202,0.19525432250107932,1
-0.7772537127129012,-0.6722568818785412,-4.085402607705464,-0.36251812076918255,0.08238076351964219,1.2991887923842476,1.728559361818554,2.113123987154939,-0.9848358025836974,2.2420998526806417,-2.3541701496333993,1
-2.730186221156637,0.5545966041507385,-2.3350496997313384,1.6772710058665103,0.209896393583078,0.8529255371892199,2.217230616193018,2.082501530811104,-2.8659773971625477,-0.10658359716684518,-2.131455783416941,1
0.4737224027634584,1.3413377331006267,0.2701268909510477,-0.4897011815680246,1.0113292034929264,0.519227172145938,0.4014133183319326,-1.9491727226156035,2.9995400577780376,1.870352165942392,0.12965178591140825,1
-0.1236002880830838,-0.2894747353546039,3.863775451738898,-0.9717577991241687,2.3244191033041997,1.238154460766672,4.188640765581882,0.22606259099447878,-1.1463700998587012,-2.257791555843527,2.4347119101737356,0
-0.41240313175379767,-0.9083333404894235,-1.4569398472655264,0.22055387847950186,0.8987264001574458,1.3479341923817114,0.9840781318714503,0.28005131105295633,2.100524333319499,2.64365978676373,0.18169959650187228,0
-0.6296231836345387,-0.07430996104755813,-0.9498988837513982,-0.7272853937002027,1.5045516267180703,1.839911723219343,1.838354626335915,-0.8177682370572037,1.4188678949696611,1.9078640297514207,-0.4363654446239196,0
0.42779367089327325,0.15664066905923293,-0.41773195427591475,1.0154760997859569,0.8387940152042102,2.5456115109295037,1.3087229101042859,-0.19978199886150105,-0.3262526423691322,0.5749506646213278,1.2432008167605284,1
1.890185050996199,0.020689795754530185,-0.3552093125440582,-0.012406934536038557,1.0401129240935931,-0.2061620843038403,-1.3542941869979641,0.21707850452780342,3.6527285839949033,2.344238584218906,0.14933453245469974,0
-0.5660401926921651,-0.5404719286005117,-1.2418410089396374,-1.6656356356971922,1.5347227564506163,3.989030570041315,-0.0881760853617568,-0.5171088984005772,-0.7373484159282991,0.4984061967104928,0.7447711026497863,1
-0.6288820577831572,1.941730654728406,0.8131113848549493,0.45738148048029575,0.8624187767064984,1.202559512181967,2.563440270724115,0.4751542160826071,-0.41751974439718964,-0.09107898192221398,1.3502372396848696,0
0.121601577947801,0.8628785859706455,1.2351951085793218,-0.12684382466548613,2.1133244257063906,1.6858809284882326,3.7066020016164334,-0.6154086672738648,1.4226538934448327,1.008654039762348,1.1969919045092072,0
0.08571904021236676,-0.8634472098468505,-0.9225170812328983,1.3742123838389568,0.5799394923742379,1.5261618693465753,-0.2621274426213436,-1.7528721927300075,2.7093855880831277,2.4707541141438654,0.4936758358886938,1
-0.883491151863738,-0.24848790186022038,-0.7848064376475622,-2.258004113646858,2.35427539084283,3.4862441449192216,-0.1896223221143717,-2.717611723682268,2.476780298302934,2.1290460447590833,0.06386918947288422,1
-2.243385274614017,-1.8062197896852143,-1.1225471603945405,-0.4839365888771826,-0.9881113533454197,0.3513534985371779,-2.1968718218786325,1.7624955791809072,-0.520768011972009,0.19819223596117252,1.1408517031923509,0
-0.21579421909916935,0.5241880241493181,-0.9179157883243744,0.9060714586714358,-2.0902117486553617,0.4126559962658195,0.23434621488116503,0.7902642621990489,0.5371711969113341,1.6075940954657044,2.853196232253315,0
1.2061365243404727,-0.3445090301895208,-1.525075363876905,0.6244444835581627,0.31658124026944345,-0.38846478265037376,0.9750257653228349,0.9119727309034875,2.266372961198927,2.6373659808687133,-0.7705435525340554,1
1.4017139308339737,-0.8185236582767277,4.120240842201542,-1.4741584277636615,3.185806279691591,-3.04283548728651,2.7189358562000625,0.09711925295943802,7.843470220739369,2.885618801245386,1.3194565109880194,1
-1.293939118079826,-0.3101928752265161,-2.9372557704695184,-0.42332083399291975,1.54266485373138,-1.111927075318984,0.13330927250065605,2.6026240961494316,5.6664024139335085,5.443954216289572,-1.9017308489249785,1
-0.6299592014886586,-0.786531831684278,-3.1494524593628666,-1.4130261636365316,-0.9448614285469248,1.8786487024526393,-0.06369150615280628,3.0235693958904686,-1.5117379926457528,1.4197509292223545,0.8941522790387774,0
-0.18543792745744464,1.7596923982258739,-4.968507284540693,-1.5260512846089542,-3.11007253768085,3.3510520151152274,3.372591855467605,0.38305335171633337,-8.446005357185035,-1.4616698319761623,-1.946565623382143,1
-2.034176012556833,0.07102064448990261,-2.7077593722280415,0.7837440087159446,0.2534513945859397,3.8461733209142444,-1.4406105110352194,-2.390952060024042,1.8600299258247257,3.024672920140966,0.8265514917536128,1
0.5616628216510552,0.7671948624108771,1.9393059154756271,0.44384550904845904,1.0937348167052825,0.4570702715522954,-1.9759881751277428,0.6397238630085922,0.3001992331087757,-1.3415009834583116,1.8478334028675043,1
-0.02809803475459933,0.3567195647816123,-0.7580378134043586,0.4365470600614427,2.000199341471605,2.921046800643807,0.663258906819473,-1.055913538456494,2.090548444308989,2.1354471697369792,0.65232963320516,1
1.9388145076932664,-0.4689809304759238,-1.3713281281978396,1.3778308649359832,-0.2327689083300939,1.122741801116899,1.5783742683584443,0.09970608670970127,0.1303532217385827,1.467962910096734,0.2571119276277809,0
0.10526504867091509,-0.9251837795095299,-3.931932327839201,-0.21275110035492015,-2.0783517125683244,4.986907759853123,1.4924788064381598,-0.2860462451197694,-5.975941431718929,-0.5426175590632307,0.782559783165029,1
-0.7121353275001475,0.5946814721539546,1.9676681853569258,-0.8511072668330109,3.9489105013444874,2.249733920609468,3.7541582800227347,0.8952793081697117,2.5585880229338387,1.2935575392241008,1.899970559898141,0
-1.0123286907302123,-0.7244480991588792,-3.0691476623352107,-0.6902403354143662,-1.0996897309369356,1.5139204112279099,-2.174730298352014,0.9039672645718076,-0.1450044644974274,1.7004289725252,0.19585676254863715,0
1.1032833299218305,-0.6112691009486838,-1.5177170432152933,0.48726416365980746,-0.5598254532748275,0.5252358833510495,-1.6248889131091526,1.4302267654080694,-0.04833382426166645,0.7860388771835926,0.4393916268744056,1
-0.4701642068716994,0.05866794704604061,-5.22513767394927,-0.26668292901542034,-1.6101687734068775,3.5491313530010293,1.7514181121324366,0.4092352158851216,-4.335953746535761,1.0690478938531822,-1.6501825743575738,1
1.609322433482928,0.13505667741120644,2.1570943805549354,0.3268751354116242,0.7908301327786349,-0.5543573839382903,1.2912247917916937,4.324114663341373,-1.023662405849325,-1.5252637797802366,2.7788307916536814,0
-0.12249482214293166,1.1369336705539401,-1.303146391532665,-0.1987753110283277,1.6647327020603364,2.3212410843720535,0.8407489698421139,1.0897196696274085,0.5971384716803588,1.4994861113127458,0.21675188046570193,0
0.9825246396215285,-0.10774195065836066,-2.1093781793834796,-0.25980939808310693,0.7550711102793783,3.681112557989211,-1.0790418064023126,-3.3342310596388143,1.9631876495724851,2.621294558750102,0.16800333286234292,1
-0.4919125785544067,1.5308094618113663,2.454546998958434,0.1698163834407765,3.2033181730032676,-2.363756162451439,0.03687857228422542,2.3279219409897407,5.018280436948787,1.4060045063975148,0.007491104425681572,1
0.3524615662578184,0.7419818280416259,-6.320827399523964,0.8443605433907776,-2.639761983882049,0.7986046640827565,3.562915198885525,2.3998672313181526,-5.989621361165229,0.6645114106769985,-4.549880299940864,1
0.06047998411171408,-1.120436041603226,-1.629400421803143,-0.6724983960043511,0.23157985519380153,1.1265247259547828,2.18210009749895,0.5079925396223542,-3.069990577603766,-0.7322949816620172,-2.0936954949975632,1
-0.05402760696168466,0.9981731792428675,-0.9925426920771051,0.28907778886816377,1.20167204438385,0.35959795239873393,-2.052651325167209,1.7415005857747494,2.9086777628231455,2.1909568275015587,0.40424237061421664,0
0.5536538566953766,-1.5391040431081704,1.2568028679939658,0.3452193029777112,3.045679194247711,-0.9540218858144918,-0.5610441529962911,0.7027601721481678,5.854057099670313,2.714158933205757,0.03376650064940301,1
-0.17726716707138537,-0.9733175179561143,2.6291008672039884,0.4645717644192684,1.433923742634141,-1.5506882456960156,-1.0773991960708025,-0.46151963251796624,4.859757831012492,1.2953577370916367,1.6289462355239344,1
0.4792024463798307,0.5631839665923672,1.319214812902896,-0.6931779121747605,1.5574371537273186,1.0678118531904937,-1.1817581918633056,-0.8612504251303634,0.9513737780631344,-0.47821250395761195,0.7788221649032112,1
-1.2543485003850998,-0.03166351859523709,-2.9499540740313,-0.2581295830488792,-0.22139832140313898,4.4163112612082465,-3.3477737700762464,-3.5039988458984372,0.9017584813083598,2.1492282952292188,0.6235373600996958,1
0.5846363177873856,1.0331226944591871,1.081100590375898,0.7816310266327157,1.5841616919348827,0.7594010334474423,-0.18896735459114644,-0.3261375315546764,1.9658342344209971,0.6021594191234828,0.9952505166864016,1
0.30073849521091944,-0.6194725186181276,1.5756768909413188,-0.57253785351909,0.7321584337077606,0.13336027243920345,-2.5063786721303467,-1.0183940590778557,1.7424226097380116,-0.32167293929665974,1.3008707082306488,1
-0.06925798468059209,-1.3085882971118525,-4.769870576542529,0.49189708433965856,-3.1928082577572936,1.636498736549664,-3.145429137789058,-1.0984377954190605,0.24905905668851702,3.0284119600784556,0.08252001094006933,1
-0.6395297455428725,-2.009432345872453,-0.9805440032426782,2.27852826833565,3.3884300570424535,1.6593837346418092,-1.6981760753789006,1.4780564060928851,4.161510085652332,2.913815729310027,-0.24241542839112906,1
-1.7219789870144655,-0.20931320969799844,-6.1218432110572,0.3346073938997933,-0.36210979915587815,3.6266256692837167,3.5539424311609236,3.1017617454611996,-6.728544012514316,0.10840500592470581,-3.793000832829009,1
0.24560842492543764,-0.959807049444844,-1.451795586740495,0.6007955479823005,0.30273526047974153,0.06322435347209066,2.961343101659063,0.3626101783463225,-2.330636984315647,-0.35625261827982,-2.9272394810086677,1
0.3617509551724675,-0.08634109874330866,2.167507024088177,0.1341891402107114,3.3922463543124572,-0.20253568697650737,2.952643265245448,1.5686322050886194,5.740541064379201,3.075295203151507,2.0112359018260326,1
1.3596166500384064,0.20216419270866479,-2.9172416694342296,-0.651174711013977,1.7083107246486526,3.34080343665443,0.5592589955044994,1.96513185744918,-2.2057413646929165,0.47569517646050563,-1.4234744594468183,1
0.11492383842982283,-0.5515191304195995,-2.203987929654255,-0.05430635076936276,-0.3674785256413724,3.5159467426372193,-2.5105087812249565,-0.8511799813613912,-0.5018999060888846,0.9835193199631758,1.3879219048703064,1
0.2774575500308537,-2.4249859804338083,-0.19296090551214953,0.9398466553135089,0.06904938914031722,-0.9857994235896688,-2.3559206630440905,-0.08970113382952749,5.770919834227557,3.6682466001366576,1.5700389505157861,0
-0.772053444767134,-0.32831877604983895,0.6719700567803615,-0.008534602435363092,4.232350214828495,0.2471107604294852,-2.274904803103508,1.3796789261090103,5.981280907938403,2.7662351260182367,-0.22372365478851153,1
0.1229225810144838,1.1381448631954663,0.06836634177307357,-0.5911237151219279,1.8398009281159797,1.4104414440918678,0.520005957865171,-0.5357548952523923,-1.053391954301956,-0.9126709812895986,-1.4289916961759397,1
1.6196127128458964,-0.9843580536647955,-1.3983346876206064,-0.030841168592236335,-0.22141765514165257,2.80724698796638,-0.634633349730608,0.07733484113625488,-3.1384761247618136,-1.0991749118883205,0.4024850880663259,0
1.220512332147235,0.6788200676660806,-3.343929008773296,1.375396605873249,-1.9778753417851207,2.4843779974198252,2.816061809293828,0.7251138893980157,-6.274139031657488,-1.2415227162009868,-1.2162935208891197,1
-0.8384971844178338,-1.0788195356640278,2.6910258839772196,-0.5196478747194442,2.5737786509318115,0.7975302630448207,1.8564230476038985,0.9944237631022425,0.869145621239512,-0.7274082575932734,1.8100239677416807,0
-1.4565082319549694,-1.736654727413225,-3.7092465294605095,0.7371484402476323,-0.9118051122114192,1.6429037459196603,2.056844267155058,1.2291099999069182,-2.7498291883426536,1.0292930948833485,-1.7593087979497182,1
0.3169135836697478,-2.139076453476891,1.2800593996278447,-0.8987052491295618,1.613949261624184,0.3192800147461118,-0.16851301706892408,-0.8961106923340044,3.1659357168967786,1.2467602521227685,0.9677615571448837,1
-0.6649114012531251,0.7334208675560606,3.7219750712890147,-0.2192743570926078,5.110020961913474,-0.7082376805972139,-2.2776819318590427,0.09453079062372416,6.300905195057513,0.8648037830383517,0.34107084308355584,1
-0.21638108274402654,-0.6771872776314889,-2.8319862313190165,0.4094304318184174,-0.053846388159952685,4.0106342302098925,-1.8742455363825588,-2.4782366529990862,0.7957713662871162,2.3004159463817264,0.6335732808065506,1
0.9612987927902149,-0.5443412072210299,1.1678717931101525,-0.7410490229379274,1.6590619486031302,1.0116178233800959,0.4087297624062587,-1.8033791810651332,1.283182136899994,0.07453712483527108,0.0591557577769769,1
0.31468971835446824,0.6279258174166208,-0.37560650618066227,-0.40017172336548007,-1.9239909921470972,-0.88693484501894,-1.350341311993992,0.5148612993034133,1.730338078160109,1.527161646559971,2.160391812686009,0
-0.8819019956501801,0.8723398886579389,-0.33862020321162095,-1.2020814481024018,0.33884134742314476,1.05633418624174,-0.7100449776966171,-1.576435969171111,1.630685315147332,1.2348491536791344,0.39773150906897436,1
0.09476626492746512,1.0153045978426347,-1.208799909283152,-0.705700155272272,-0.7183525352785927,0.9588345042060636,0.30903285864806107,2.8336655453502453,-1.1629070514692075,0.47482540596683365,1.7543678269378835,0
-0.43902873932514336,-0.808851169927917,-3.974148482017988,0.5336457295376571,0.3166837492611909,-0.3539713049434987,1.9994708614197045,2.56189604543345,0.01888729864396582,2.6304449011664683,-3.6800620347783757,1
2.17190866434677,1.839615911053749,-5.799791660050026,0.8655510674584976,-0.48252561214532563,3.559461683129089,2.242495309871475,1.0692958440190825,-3.4007252522755116,1.9665658595627307,-2.782787591435639,1
0.8235750146921832,2.4770313472638295,-0.7135849912767938,-1.1880823086395562,0.4549655891408386,0.1572484470992569,2.6688246994845897,3.670099322980226,3.9798481954314187,4.201234382206065,3.202086440991731,0
0.18515641505786906,-0.7632209023879774,-5.147815753478376,-1.4546675863884586,-1.3110929782563687,3.107640165074098,2.940948490992802,1.782018267761413,-5.49672893265253,0.38287440161982644,-2.263398989840061,1
0.3046748754568424,0.015934775336290997,-1.2368497351873742,0.10347474726651289,0.9762854693452508,1.9842836019879804,1.0099054161538246,-2.7087898090780946,2.8582656129519446,2.937377516083374,-0.27508331031541977,1
-1.1383999934297768,-1.2665039088598977,1.5761003893196472,-2.1266780141136707,3.0502816759753615,0.6002418562540766,-1.2140077990709561,0.9322038424003494,6.2835767730450325,3.0712531997039156,2.5970998114858994,1
-0.4470276764300637,0.018586723065689537,-1.7412881272163072,-0.9044075289501534,-0.3386460463400133,-0.13392444748524768,-4.816592527652581,2.6000979088328218,-1.7182513283070988,-1.1301060490146182,-1.129291727641479,0
-1.3567944168043258,0.21662283350430284,-0.8889851632775494,-0.6215407327721366,2.5640589846182205,1.558872472192803,-0.4027468118472597,2.488931833791586,3.448902412057408,2.89141518087074,1.0038210161798673,0
0.9765988148058814,-0.1346354236588239,-0.9437732346689482,-0.42505610795187265,1.0624818926210067,2.5979913687001055,0.5079344687289336,1.1865132936659644,0.5462807702872776,1.4137640537835954,1.7261006319397345,1
0.33924710334588926,-1.33885519666946,-2.8820902781566855,0.5842693098434206,-0.8001708680195634,1.3957369737694834,-1.2373858253403927,3.211474812514224,-2.490351357964697,0.1699072049474476,-0.0018108294675129866,0
1.1272667548966802,0.18704405700430535,-3.323895085415413,-0.5892958541157365,1.7253675558280055,3.6109666595032843,-0.9450582930218792,0.7811639006667812,0.6400543468550126,2.430620952137166,-0.7543278255000314,1
-2.281810911570154,0.7904822510298039,1.6568590270792667,-2.0623673713892745,3.289704069735909,0.6888674974516376,0.585885183337066,0.381343750015508,3.965318223943268,1.5987897557095563,0.9322580954416795,0
0.5863589470911423,0.3141014355918876,-8.014576543086763,1.1914542814171,-3.1853385114661554,5.504941919241585,-2.267180393153348,-1.145337996746346,-6.097941639551231,0.9887116679986473,-2.3847610575242406,0
-0.822726356884463,0.8572794939500546,2.991346707397108,-1.176200304530826,1.9831720578991252,0.8665685421121344,1.2969258173258233,3.4554465771652554,-1.3902551828375245,-2.3105506725909777,3.193253365206162,0
-0.2330426024309454,-0.5628568149900722,-1.4069674798007832,-1.1070204056121669,-0.660339608401155,3.2203072932445207,-3.6897489369400147,-1.177220997258634,-1.8272118264814028,-0.7069491230988303,1.3590059068501354,1
0.3936387314521217,-0.66736042559945,-0.6677414114944791,0.5977282680873713,1.3013281194324544,2.674213486443154,2.4595835590658206,1.4227237829785677,-1.2601602070485716,0.3253932984932941,1.011931387897953,0
0.41885562380203856,-0.3301053572380416,0.6203189620637751,-0.4938687248633873,1.577883424200364,0.6269417598727696,0.7698566044255579,0.4270779411077843,2.767430066231478,1.698377491526869,1.2286152317739503,1
-0.1514072905969003,-0.3799098869239374,-0.4305304703896043,-1.3655280473272013,-1.0483301265903342,0.6211255343498674,-4.099497624843128,-2.1829988176131887,1.707160352091646,0.7875361707102633,1.14735769058801,1
-0.08232531465735103,-0.16730455281411855,0.5202141165575623,-0.18901576230461659,0.5014718040528889,-0.537564782361486,-0.5191327060516402,2.480975480825929,1.6482291444976704,0.8400623202292619,1.6707014244664524,0
1.8757088520315666,0.5617956852154308,-0.46107344822890517,0.2549194033395283,0.28313234363342366,1.6315998179335045,3.1607458828771873,-0.35082224383705096,-4.9522738578884,-2.5262870390341914,-1.7744085409179098,1
1.7719858182460424,1.763269970778249,0.132734715914451,0.9333863280344887,-0.2764087599438556,-1.072851237233421,-1.9946727263590638,1.087387940610758,3.0713946664458804,1.7325589383474844,1.4997409798823973,0
0.4419072025614904,0.013161741547158427,-2.310369900825882,1.0443873329139395,1.0912340691116027,-0.08909148537727396,0.520056528872965,2.0362434443934965,1.5985780547265018,2.4292606218158306,-1.958650807586431,1
-0.819934918978365,0.29301261306222615,-4.143292895510502,-0.47655467879466207,-0.9250473656637113,2.5021771029556676,-2.8332196986561065,1.665791008258402,-2.916852763768387,0.2837803558179547,-1.1010832362845457,0
-1.8315078975830246,-0.8132814844806024,1.6658621541665912,-0.11193318108919903,1.2802992307024113,0.4198545711338736,-1.6008049365962604,0.16794713563782193,1.292425089755911,-0.47038751492607767,1.5293827658950048,1
-0.1557234993768424,-1.4769761650991884,-1.7569227649280446,0.8302425481488516,-1.3532993415165038,0.8901766923588073,-1.794493588650001,0.0007997354419171376,-0.5300598144415254,0.6522647824894903,0.48937247829421304,0
0.6058685387176177,-0.899946442801932,-2.735425727766297,-2.536946133761088,-0.5998139356975396,1.9375629033675508,0.7591474679886441,2.34971159945486,-1.0769431562787566,1.5731494930857388,0.8402996782281953,0
1.4641284409072317,-1.1889075022064344,-1.8752811454926233,0.6467795329898247,-0.6051579949556596,2.1990973367212368,-3.0762078875255696,-3.1940860983372477,2.303139856288604,2.3477843344002434,0.6043369938368082,1
-2.5907265797774497,1.5355805363305919,1.8786683382326752,1.0450887205493988,4.076997467666249,-3.0961139572033023,-1.1502961447180513,0.28265954009576333,9.936834494231139,4.56955853937519,-1.161800573055172,1
0.24145648045753781,-0.46836174554734666,1.3773804350381638,-0.34933807311334614,1.2198263817938897,-0.6577611684644631,0.5067675814575938,0.11391394771873242,3.6484472269306942,1.6894258258573738,1.2758412244498554,0
-0.6368338777969257,0.9681245335482948,-1.5103203261244578,0.9306703707378471,1.6699776189028137,3.809901695140857,0.906808756716298,0.6954372817632841,-2.6810448830866074,-0.5537794105700717,-0.2580824135986953,1
0.9268096316297445,0.3877961303977064,2.2235298798985066,0.14981012160431958,0.2034704831701808,-0.7955118104552843,0.7086966882781283,-0.5364807425720464,0.3966673433018557,-0.9846620694108548,1.176880923472718,0
1.139178276366219,-1.1197395069508962,0.6960401474046585,0.6444474856298779,3.524082394624533,1.7374461289739007,1.5259687679810665,-1.4373600372885118,6.002850802996739,3.8290021233506693,0.8596296247646434,1
-0.09758969332962125,0.7550652910276999,-1.600086840774165,-1.030897232329528,-0.7088932852036471,0.46128046400047285,-1.246170536026876,1.444835212262328,-0.528462017266774,0.5777497764093299,0.21151310468033013,0
0.22045525843791589,-1.757326605337373,-0.22001502749099583,0.1165924198892447,-0.8639029763619377,0.01506207012562033,-2.8591961846258633,-3.704852279720177,2.911632609741586,1.5359264774601389,0.19535019276082566,1
0.4390740313678582,0.4023463269871284,0.7639464639926968,-0.08370999378435627,1.9458997635791162,1.6772778870264995,-0.28911104185824454,-4.396533136907598,3.48947007568793,1.6129860689567987,-0.30771390130084253,1
1.3860104999797642,1.3280533303500162,-1.6728137148153428,0.46047342423550375,-1.7132025371263477,1.3011897124170602,-0.19119957626424755,0.8528201410324903,-0.9548127876762178,0.8959582606953411,1.8219014856580822,0
0.5262655306971139,-1.8425707981014083,-1.9213145604734365,-0.4270720005347401,-2.0236735462265374,2.604284059724154,-5.634616271413654,-3.3595581261577774,-1.0887392351062997,-0.3100225184912835,0.8370511140618213,1
0.8041023329558301,-0.24576874400356494,-0.6909042572385052,0.011784027522535108,-1.2703918654586732,-1.156995583813368,-1.1949341613968596,2.378277319699215,2.498332150521167,2.2582137643238305,2.194848710392277,0
-0.5940526022760634,-1.8450322199396363,3.0937624668661883,-0.0063543556365281435,3.3981102889790207,0.09218748602321147,1.709859676979102,0.9715256480300332,2.489830730878549,-0.11133056981404921,1.2487228745548886,1
-1.300925143042554,-1.7475708024752643,3.156134587634533,0.19666640952695977,2.5821702292786606,0.357368439605125,1.4677962038072743,1.2285112039649364,1.4982305391775135,-0.6598045897298297,2.267142621097909,0
-0.2053126838345454,0.48236740889327195,-4.076812408050939,1.4988166659204385,-2.3816129883700814,0.24480436814819717,5.002783250515731,1.2008570781833288,-6.543793176571639,-0.9057240262707322,-4.029885100949993,1
-0.17667585253756812,-0.03230723392145914,-1.7393296939706178,1.3976054656615782,-2.5979332837320315,-1.491290327695777,-2.7755544418016402,1.4790186906387193,3.008883178002802,3.01543284548054,2.013325975054918,0
-0.2423009125453038,-0.48776306338144454,-1.5719954570654637,0.2348497425946961,-1.9338417408658062,0.607624572978618,0.7926230741959555,1.6681269562984844,-0.020092480504514443,1.7418816290829198,2.3888817499048773,0
-0.9136539769202696,0.7084145513806946,0.7462551659922434,0.7502215033025572,-0.9628475010748835,-1.5473794453116683,-0.9378817559032461,-1.0913218667255942,6.705903677532365,4.225786962314922,3.1703620509331434,0
-0.4619427694029605,-0.8433513071617431,-0.530063837526354,1.135135135198834,1.1915436414473208,2.2161590220314062,-0.2699882908786342,0.28734328699671097,0.8949115731700006,1.0905944064034216,1.213623799793988,1
-0.3195844483768271,0.7435697803903646,2.989954851852274,0.034463108820885234,2.077458745683577,-0.10243499535303457,1.571612447567041,-0.03768251374323972,2.0852934542859147,-0.2014807133457559,1.7342212185325845,0
0.37547097283775616,-0.32077913149104675,-2.6813796471236655,2.3279773647511623,-0.7666233423011304,2.267183746406326,1.797081603084027,-0.6409171251515176,-2.0014596356698404,0.9131939849094728,-0.7611255107081246,1
2.1857497734392237,1.1763017861543088,4.5032439204916,-0.7340200184492283,0.9001889326183572,-2.2396852627119985,-0.0415617142824255,1.2354747896438716,3.316621513457248,-0.4743006727242245,3.745421237954324,0
0.8743777419430344,-1.0079970510872673,-0.9543321894781716,0.36090619439066385,0.6265806847462607,2.180134631572232,-1.5639672706948406,-1.900421275789197,3.22681317471911,2.701173746017563,1.3547404448594755,1
-0.013150996629494248,-0.768871904555938,0.7243775226166677,1.76370335994988,3.4328863878973785,2.432126058658942,2.479342069725778,0.19260438890201725,2.1743122387313223,1.4796744467152978,0.7366647022551683,1
1.041854327130914,-0.7141942484151127,-0.48805769221996026,-0.8621723945697521,2.5785638942596867,-0.17478713891465558,1.2293244477691014,2.4183507315542805,0.34778478971655974,0.34435549773945495,-2.3385179654919157,1
-0.6048757071893848,-0.10307260023080643,1.1793262492953296,-0.6276243966227547,1.4860418864938256,0.6929084058139322,1.880105159211091,0.1773695211327293,1.3450814710865255,0.597216076353548,1.139291722230411,0
-1.068722565146744,-0.28701264958522965,1.9218777941944412,0.015395456747430883,2.4887818018270496,-0.23819726116205264,1.3445666115257517,-3.268247956022386,4.926912809922196,2.00671663402301,-0.51020244256666,1
-0.36820758079393784,-0.7493866826621398,-1.0907858092002038,-0.3583150049542245,-1.7048685866078719,-1.159276318826862,0.3752131935367362,-1.517197748481232,2.2686548344508135,2.385189424872596,-0.12481042973354683,0
0.6914150656635714,1.162360152336039,0.07991537194026041,-0.25823895562874305,2.154454445373232,0.5045180225003778,0.35827245122120355,-0.11845895229589254,1.034301776763242,0.37857099156656915,-1.5115505289500937,1
-0.05025899226255085,0.9723470131877777,3.568328613402649,2.8700707170525903,2.4453717098826795,-2.8656323339139873,1.5363531815241842,2.0560868360685762,6.3135695893737225,2.172485102315875,2.1603271194313507,1
-0.306363641339322,-1.033671214244007,-2.7142878901833916,-0.9448356847405464,-0.7098488134429719,3.4244622969446707,-4.195114421245641,-2.1208571220869814,2.1492473344991216,2.8116447162595257,1.8015077365510073,1
1.2146995294003027,1.1484584029918037,-3.0611126482559983,-0.12642311033194814,-0.4312481159453567,0.44249797792082024,2.71769029305403,2.0394311760521737,-3.088409830930254,0.2853740102532857,-2.764963608647308,1
-0.4251433148277248,0.221685406643332,1.5059104720346819,-0.884997826837109,2.050825326918239,1.8471474172269087,-1.0563991956781118,-0.9153591936228571,-0.5063642079616516,-1.6010069237179536,0.4761426074037485,1
-1.0146860401431594,1.3262635952928858,-0.6022621854836648,-0.6826547381548029,-1.371825012505424,0.9722222393549058,-1.556515655865928,0.5070943308495092,-3.9815687261136703,-2.4158601900074332,0.3250660213880193,0
-2.1697694553666516,1.057945877625983,-0.32312535282827337,-0.08572287987894656,-0.46693210460303314,-0.393937351474146,0.9751061501042839,1.6194039375768932,3.3087497644492108,3.0408133609680674,2.527580293807418,0
0.2567029140765903,0.3911899027352444,-0.8787164001424851,0.3283173777432397,-0.21714181749040218,2.0736461461158027,-0.9715903623730099,0.6805275363279214,-3.6008867795661037,-1.891743793365214,0.20277571120235383,0
0.3190679349771846,-1.1239150141833283,-1.9919857305945816,-0.4098410858427632,0.7382011358136917,-0.26833323054785896,1.627674606326566,1.9675315006906788,0.7030112182158741,1.877260317066371,-1.8874886522641474,1
-1.5841920261781415,0.4261534410580045,1.1128790876420676,-0.7232280150604952,0.6834607320055404,-0.202608307725491,-0.1270168643849865,3.676649708208946,0.42945933339824216,-0.16020581074443885,2.555526381955924,1
0.09483767855460222,0.6208749468545314,-3.4870269720527336,1.1569599329724365,0.18857441716846757,0.6903055205637432,1.2636805945316154,1.8185894211446683,1.9164608832771135,3.813867041909414,-1.1538441061982496,1
-1.0490938630302453,-3.200254932480373,2.453081532652414,1.0648781862073562,-0.4432870676173061,-2.018449499980327,1.2780681396196587,-0.16890482998622547,6.708412621514101,3.675660942580698,4.4371514589756735,0
0.15713861386853173,0.8245866064016668,-0.5652780591621883,-0.8739190534340214,2.4540390352066703,2.1068559553745128,1.7662471570171465,0.019455483832338638,2.4864707314425596,2.3900196564296006,0.19656977571709988,0
-0.7646884473126615,1.487929799788401,0.9557058028168488,-2.7919138601441564,1.4784102294666661,-0.310404682198437,2.5028445480408026,0.5610360758709194,-1.7089210867129685,-1.6062838684498226,-1.7179898757158845,1
0.40301089625681263,-2.5622297106423972,-2.762036352111131,-0.7997692291156547,0.09224644506164759,3.020088042743589,-0.4846951993564612,-4.543113262932442,3.5079679296223962,4.161296411924978,-0.3871304348760005,1
1.723722159205379,0.2981451423177618,1.7621435702367094,-1.4098081962107967,-0.14215463359767333,-0.8654341529611658,-2.217018243455182,2.555762905811851,0.03471099322240641,-1.2976974068703018,2.6119192203330717,1
-0.20471911408753476,0.5126658802134075,0.0974438339643724,0.16855304709801638,-1.4777836973967582,0.5156254880460018,-4.421317349342511,0.4064193807018808,-1.6206833728818753,-1.726576796467922,1.873360261318588,1
-0.9778846820779348,0.5910715310530555,-0.4170216942967455,1.5451617695554438,0.3783287339682031,1.8611497606475216,1.4411576934877224,1.5928033231243233,-2.2204934959532348,-0.6779772525956489,1.0425012855981992,0
0.7779338276504649,-0.7940423147253509,0.11717318648688012,-0.7805738436970744,0.9986422865790219,2.0906076225142636,-0.2505176087820111,-1.4589998066918608,-0.9659000229850114,-0.7791245856765217,-0.02170633684145673,1
-0.5568924247920491,0.849720638541367,3.0649247642244775,-0.11140982211529252,2.30674285088727,-0.007571987164553429,0.8262833454747406,0.832073195795197,1.5401202194798735,-0.7675961959320001,1.8536596736036817,0
-1.064239749122927,1.106661519924535,1.5135212570444936,-0.5655869847649221,1.6476569627222428,0.4919794823470838,-1.086832527667033,0.5314303575108994,2.440822793489936,0.5407255880811686,1.8324589215207125,1
0.6041304324766965,1.08034170817444,0.5179457180140961,-1.9239544028307738,0.9730343328056182,0.12202105641071548,1.440770933207451,0.554412221114446,2.8709084850161526,2.030446548096413,1.4113873408342568,0
0.1027229258299715,-0.5037883217832336,0.74392124840938,-0.10402947660812754,0.9539904915863775,1.120178554668234,-1.552060123243733,-1.4530887562626154,1.708398934443293,0.41299406190339816,1.0113476995435484,1
0.5953238947124282,0.9592754097306819,3.5521970597899704,-0.9068549034138412,1.9040865761323227,-1.0194860022691632,1.4161253198587345,-1.428926783471797,3.1884933353342064,0.013861337873857016,1.2536911267356703,0
-0.40288429616592564,0.3481087848694519,-2.163321568772613,0.9049872247789127,-1.2187570536326224,-0.0759201696222398,1.0941637688896775,0.28667275898276945,0.6523038807657703,2.175100469846482,-0.43095888348956246,1
0.27468506546076144,-0.21700873306459958,-2.066498055437954,-1.3459431957953618,-1.090298150535718,1.0987912793939705,-2.3511445522555228,1.5422508802297887,-2.0412062497584325,-0.31449539111665126,0.15155332905717578,0
0.42284041860743243,0.2571868579813662,0.17477211771453924,-0.5302761765680307,0.5613100020017757,1.2886333702910826,2.2481478918951865,1.9919729610063381,-0.6323570802716684,0.2476183288654492,1.8996582554053734,0
2.72159377124653,-0.6912597644171621,-2.803053384722627,0.5974085644204914,1.1467431828267503,3.3252577936751644,0.6853158231960841,3.5767499308635236,-1.0389272128633529,1.599893815402516,0.9808665037812022,0
-0.2975258944494666,0.2815964554641827,-1.2367010748064344,-2.19570386844134,-0.04732379555047517,0.5848518796799813,-0.03138016049822123,1.5396042934586318,2.453853033826077,2.7569986735926943,1.6272069268496958,0
-0.7090052656485725,-1.3731217969405258,-3.912248866237505,0.2751193625755645,-0.5063815038069519,2.462415386449884,0.6695227943391702,0.9263576716602263,-0.6063212415940628,2.4799697781439605,-0.5511457493591412,0
0.5075516607920365,-0.08442928185019297,-3.1577014849783116,-0.25720992300107753,-1.4406013625593526,2.2009418901072326,-1.8427816266601083,1.2879655443298645,-3.8258457960244137,-0.6697173601953053,-0.42210916144386124,0
-0.1019634654267926,-0.2513714180377829,-4.068892505124984,-0.7064287200744548,0.5388903647135076,3.2648236747992336,1.015907662702952,2.3447331587181743,-0.03759232578857446,3.1089030097458075,0.07844194342353261,0
-1.3312866798789114,0.5655104074135612,-4.94466990747329,-0.36477473660377563,-1.1651239640634863,3.0076160643204184,3.7719189433777314,2.3240115613481094,-7.952578784582471,-1.3848693607243665,-3.339290470771208,1
-0.22606227964011397,1.2572513344083638,-6.089287692192552,1.891338418173633,-0.20953151968817663,3.4828544387058806,-5.562497491723629,1.0917803950703373,-3.0790476742648885,0.5652111974404652,-3.460110067622292,0
-2.678352434064094,0.6238760888282955,-2.004331305002057,0.44775158444948343,-0.5938827200957297,0.6947657755849148,1.153179426504347,-0.7656956276384668,1.5439291684632541,2.6828362296456447,-0.2577098965723805,0
-1.0977603519816252,-0.6564847443931957,-5.809856141350808,2.636678767158083,1.8827134594114465,3.527709466361126,0.15911189591025432,4.225600510492853,-1.6997041475234682,2.495183919673044,-3.0254085099703065,1
-0.2530003514580265,-0.3882348425345813,0.8347225393269866,0.6392315695721061,1.0437811861284931,0.539822881739067,-0.9304593034881543,3.9018712848094976,0.8377294649565642,0.20416474716671573,3.024307522037901,1
0.5201540712506797,-0.18176445187074108,1.5628008205928652,0.1647304389244531,1.739689265858297,0.1440687480776277,0.20324871502284547,-1.1418588204320397,3.5495526002706725,1.3760938723219687,0.9834404680337958,1
-1.1697540545086944,-1.1332699069205023,-2.1251405673238675,0.4430981657346203,2.718013633260749,3.289622749998614,-0.206444535836525,3.213119961408152,1.0847476399977471,2.210383675805293,0.6490889865134047,0
0.3768836689638663,0.9391269255817909,-0.29904754792099897,-1.0547361744941344,2.0163541501714226,2.7703376614084867,0.3238933114546081,-2.5014254740439332,1.8013933222185248,1.433124903056647,-0.05732115912498892,1
0.02102519990307101,-0.24464508379620958,2.0191107254211107,0.1042250107358654,1.581852022621924,-0.9077929392241888,-0.136766710810876,-1.2691158713810236,5.329853182316752,2.1984584845991364,1.320585684744033,1
0.14044126924905487,2.156551171629031,-3.6731543511497384,-0.3970830446320777,0.5960779005194858,3.997244085970963,2.094068872657893,1.9133954122860612,-1.8850882148589283,1.8554847704553765,0.07646463548032123,0
-0.4095327065493091,0.8862056448118563,1.15524394057395,1.0676142001287934,0.20426143493900295,-1.6484820103239861,-0.15894588795522435,1.1385176882360266,4.275614285484868,2.264410535863157,2.0588496476843643,0
-0.20643489246624605,1.0299928387732453,-0.14405708403209747,-0.5746676398609901,0.011779328860784366,1.2690024420779593,-2.838949430394031,-3.0112446819613456,1.5432939430602701,0.5910646656121528,0.3478181987597102,1
0.6154720933657333,-1.1039343562644202,-2.2056806607830346,0.9845439184004068,2.7526721765401456,4.88326999411328,2.3046171718625117,-1.2861703826254132,1.4766215090118229,3.0057102976811136,-0.00749449103481048,1
0.301262291833342,-0.4663548892787278,2.979910768258208,0.03960272447184979,-1.2817984140549998,-2.306187990185101,-1.993345568560997,0.5249998528577271,0.7329826850816876,-1.5802677030206298,2.8519994636937835,0
0.13941432987069136,1.0994349016437166,-4.264194859134963,-0.4008100502655019,0.39422982560350683,0.04394903034660347,3.3318571379548776,2.7746812957107347,-2.5269752703781077,1.2558451471160297,-4.862433999731964,1
-1.110577938780742,-0.20338839679462187,-1.2109033395270798,2.0943244203821183,1.7327936004362532,1.7132867434467989,0.06376103804354105,0.5189463622771225,1.3772812327626216,1.6663052174756532,-0.4172810201070003,1
0.7478046999093114,-0.2582607006939827,2.1775942080811754,-1.70134565178401,1.1209078063880782,0.9469787590026367,1.5411446638818234,1.9061815649705813,-2.020708670067245,-2.216582476630291,2.2047757512806125,0
-0.699566564745443,0.42152755816228754,-0.006563385512324719,0.4781698878977728,2.4952431193389453,1.0904522856552863,1.972192657809396,0.48136617032752027,5.974667047937335,4.569394034853992,1.725556132901909,1
-1.6405646681756627,-0.07477791399131091,-0.23322191980426796,-0.5442904108792157,1.1515841088588321,0.1288292715933378,-0.2692159936426981,1.2846093047464238,1.5328713014144055,1.0751053367871295,0.043296498785002635,1
0.8449934956344393,2.1507126386100874,5.365193501379111,0.9653882485711623,1.6662765182467747,-3.710298550293353,-0.6137368445433401,0.9037011306067575,2.686169974376557,-2.0525634441684293,1.4435982459990908,1
0.8358242259450072,-0.47429980440808206,3.130069197782164,-1.1238391472890046,3.3152794237744554,0.6805973008616584,-0.25991020939972664,-2.1275567233742154,2.6071843712856437,-0.6191377771616364,0.2898953236112798,1
0.525695047038152,-1.4863794290833596,-0.7709113833219613,-1.0181602097671847,1.049133858644042,0.2949371840661005,1.1563024818923242,1.194186139871139,-0.02952617175799962,0.5539301453067901,-1.1103993683667497,1
0.01899576206453849,-0.18851397757470711,3.520609096187245,0.7266771697043174,1.6184495689884655,-1.3363502237503924,1.5483524720199346,-1.635673405973582,3.6068632080171215,0.35640908318404985,1.3046379932511778,0
1.2715512060762577,-0.341798615526481,-3.3224103223262857,0.7812459304296203,-1.2760089467528584,2.663784378096639,-2.217451083030549,-0.6650258137476834,-2.4701433376501845,0.22431777022848054,-0.6886703902602769,0
-0.17494163208182428,0.35049095405465247,1.1535984614275248,-1.1198214650772667,4.619351958850792,-1.5262456108040934,-0.774698241270293,2.119722042417652,6.981261044310668,3.1912293629344965,-1.283877406452127,1
-0.5175479098357499,0.5482907403583418,-2.131462494295055,-1.4053796363793134,-1.7037285313360573,0.9057378942237126,-0.6223925358300485,1.3768633829154187,-1.2506548297091908,0.7845436097373959,0.9727144948543867,0
0.5866655322012972,-2.5459497447429547,3.3053059405630334,-0.866528026971781,2.136697545405777,-2.6978852879746182,2.33580433085706,2.3014548689856387,4.507933776807236,1.2693848945697392,1.630998203303064,1
-0.7457530561710791,0.16053403113399015,-0.8406002326575385,-0.017471214711252007,0.0230179026161349,2.381850218266769,-2.0326467644393342,-1.5330249201694852,-0.5470069257148013,-0.06014456049341943,0.6403915383100562,1
-0.03968407458720443,0.0035386061952127857,-3.670004221848007,0.06871895796041795,-0.273468529871979,2.4506772175438707,0.2871246178294615,0.9067938781905087,-0.6157515408906864,2.2002611949521107,-0.6094894188655609,0
-0.6306789587925512,-1.0067334522297766,2.471711982545451,1.032262574459884,3.3495064839969944,-0.45981180461898186,1.0048703362123603,-2.136321934358967,6.504994638165136,2.6713408632158444,0.28348833068214063,0
0.4659415485981493,-1.8828631525455193,1.8058657137905851,1.10056806460185,0.7589246921898856,0.1330773014208756,1.3030120798738971,1.164200143389511,0.47266168776849526,-0.35995548770733454,2.1836798990721364,0
0.20965747860463918,-0.5751438427058215,-0.07438186252482352,-2.6106603727125344,1.542305761182135,-0.6688189773102553,-0.5202063762708358,1.3094650856368282,4.245369434087883,2.704291779442319,0.26335114528581194,1
0.3083576843342984,1.292472362967815,1.9090752710217436,-0.055858567086869274,3.3488983764982576,0.8982047694976656,2.9714609098169538,0.17624064676765494,2.0969641663395504,0.6028142017853532,0.2857421048758092,1
0.972629434150037,0.7555131197456079,-2.8685861812062625,-0.9715846630585878,-1.052018516854436,4.765746293250458,-4.946190392468891,-1.5399646092708135,-2.8362673498855395,-0.5812978936668414,1.2855488242402977,1
-1.391947650474926,-0.27160635917589404,0.8156005978553469,1.3317036087270404,-1.6553847689827839,-2.3521968058908143,-2.225536308584097,1.3187272391392337,2.56045321332273,1.0299357225285652,2.3175795394200795,0
0.31618867580499943,0.8188666081579453,2.2486418627081526,0.37236299857757577,0.010712536006797224,-1.0506087478737696,-3.637914167234968,0.5665017658125566,0.9434679872438186,-1.4471406009339352,2.032753784645884,1
0.6140181104361563,0.9022303597961635,-2.30570918567124,1.2642944713939468,0.9841077329415545,1.0362100275655983,-1.2715241395290158,3.2719261994528908,3.2450403516252533,3.6428009703976207,1.1253413620072559,0
0.25537406515008815,-1.9186306165084595,-0.3197302550201763,0.7401143467739826,-0.39660038398052244,0.8889483451426334,-1.8936093601337118,1.0135378522469392,-2.4109331205376074,-1.6726215516748226,0.46745076488414106,0
0.2609919725008904,1.5977648477308628,-1.6495304069358527,-0.7199803739839533,-0.9915779194699855,0.6737283994632233,-2.310074901434945,-0.5730646589902835,0.9495123647980074,1.4019334023122232,0.3528975781376178,0
-0.011780184522820477,-1.783083328193959,-3.5457220512043053,1.159925698504994,-3.1669043097120664,0.6889190866990133,3.2781364166961042,0.7679268388881614,-3.4454489003063706,0.998907695549598,-0.5250234744613307,1
0.7507615941646292,-0.9902792643429162,-0.48919808629354083,-0.3104458743578639,0.9068263145927494,1.391385959389985,-0.8458533965944991,0.22447581380654813,3.213749399411854,2.5673777427010007,1.845635377571259,1
-1.6947101066367145,2.017651600744673,-2.2870312204286085,-0.2432858536941053,-1.5484345196895997,1.122572055876306,-2.7284481491609034,0.4021285383906418,-1.6428313055758952,0.027732170132174105,0.04219458986058677,0
-0.8581459257525589,0.6494002462490525,0.16769820246605474,0.6739655115463483,0.05885759006063063,1.3639384094824054,-3.4718447633227116,-4.590291485491237,1.549739951741111,0.15458030933131917,-0.19436289659567474,1
-0.8909635415693888,-0.17758197725173458,0.993555651675081,0.764832552623701,0.5296986475033394,0.19153529301708072,-0.9639408667922209,-3.156017701022158,1.7285970870874479,0.17595195553898535,-0.27917523658100984,1
-2.3591760954428422,-1.6752020141065986,-3.3829101703358466,-1.1117398857939584,-1.0134548700770178,-2.479653515101224,4.870026733902971,3.436564984553655,-3.653482634388144,0.16204153762393758,-5.32535503870242,1
1.2236050835930912,-0.7572305922398462,0.09727224644133886,-0.16305006010619913,-0.244586143813452,0.9178820908970124,0.5562918966545518,2.286238741473917,-1.6921241709192667,-0.7293085819605793,1.9561858477748637,0
0.634285180720503,1.2344018417385105,-4.8272400061180045,0.6523411036963902,-1.4697059342647263,3.0328580119395028,-1.6296707333124458,-0.4755473185767305,-0.43298510405111024,2.8115449285883063,-0.4531724883419317,0
-1.4732399684134168,-1.7568351824813628,3.3625935681895536,0.5439769803114555,1.1387278823277447,-1.3247351283381805,-1.0737167374188041,0.9671464177374192,0.36002911739888077,-2.2029799793556255,1.489624438534638,1
-0.03426156448539011,0.5799495688360294,0.8631503490224186,-0.005584297961272937,0.6045971103708108,-0.21991410034891956,-0.7523864563982154,-0.6240011215282352,2.2687387064193723,0.8255224074614778,0.7913527661684266,1
-0.5132531778700526,0.25980383813466096,-3.106858628929509,0.9328902903392836,-1.794743279719309,1.3985424365049755,-3.094301506872562,1.4527144901934013,-3.2278615633205407,-0.5908443432237329,-0.47403119670756055,0
0.12612151315700262,-1.1977007378814566,1.228963590822592,1.5309653262029932,3.599130780146046,1.737477428356557,2.2036914129956826,-0.9076810794753868,4.021025200735045,2.2458997788421886,0.6066706090374502,1
0.05075184449461932,0.5601808324586363,-0.37015482138061695,-0.22566567091580572,0.7714824594832683,1.3955695157982917,0.549378473039333,2.4975059402973265,-0.6655603695154233,0.15466101620023032,1.415999705820069,0
0.8096107240605537,-1.7293963129816818,0.19481069049999614,-0.26257546445697766,0.010460635933535078,0.7742366385305681,-1.3707019694256863,-0.792130688006979,0.43834271315893886,0.011131623468690899,0.8751812445683903,1
0.7073302764072811,-0.06688242923462256,-1.0778347475434644,0.17103511426390797,0.08011909616740998,2.6924790888839913,-2.213254913732645,-1.6856869869344957,0.10855874343096254,0.5525790910785369,0.9381203703580447,1
-1.149111229815323,-0.9438094127171345,-1.679647564655621,0.8316652020271557,-1.0309590244021454,1.431902690415057,-2.361831490810366,-1.7797823212253758,1.1894158128632857,1.6428199536407928,0.6857180070496443,1
-1.0250074909718472,0.040511974029945434,-0.9807994386943245,-0.49755646207345416,-1.2005157035776592,0.2445874497639161,-1.8155809227570843,1.2491093778688975,-0.527906386181114,0.18373042071625634,1.133831637119866,0
-1.7345968527684685,0.38640503618019223,-3.519924850185087,0.1878205076106759,-1.674701730137409,-0.6351108573992028,2.0612645285653475,1.3656137404372468,-0.9821217555041866,1.9728527909746645,-2.268989458725861,1
-2.2573304281532764,1.5643765560609024,-2.296900246043538,-0.6560195201788205,0.7622011551006862,2.074858725939656,0.6108392368534621,1.6316702567443164,0.7514415336210042,2.3065480970298617,0.3501731192487749,0
0.1634273861607529,-0.5936726744371864,0.2615847743757303,0.8695871491898554,4.2081765105784115,2.125293232132349,1.5123781851120197,0.04402017360906507,4.991381757477773,3.350082417913367,0.31249405728770296,0
0.3251000273212371,-0.7451935851522282,-1.9157920456732935,-0.05839505437380105,-1.5121243118730716,-0.023666738909801532,-1.5489187833933307,2.2974945306419934,0.7775675438215821,1.8279304609663278,1.4992387974829733,0
0.5502437158850739,0.6294916935506971,-3.8560460609589478,-0.4957339630469389,-1.857422015183462,2.5961956260947856,-0.2833663466348969,1.0808870372167962,-2.3838224318860153,1.284520767580323,0.4763313701369575,0
-0.9514902992582516,-1.559129830800426,0.9616523474980873,-0.0943353993513275,-1.281193964529181,-1.4011116033358677,-3.9643127383221963,2.431869437670324,0.9510278194374576,-0.4204052656820898,2.9084451721591673,1
-0.13164819834167443,-0.30056947140235124,-6.664415357359657,0.42013358658009214,-2.4333375091813405,3.962646200315529,2.972036660521013,1.4515629708409168,-7.321611554595408,0.24628355115002676,-2.712040168377044,1
0.9868707715477866,-0.11027337146885367,-0.25301611205132146,-0.2126056309214497,1.8554742180103676,-0.3872160145051615,1.7837307017234547,0.8408874359454802,0.4313987303576815,0.3904216271600116,-2.308416408712631,1
-0.533822730860809,-0.013374421046274275,-1.268928103154401,0.4029303612552704,-0.5487820678023139,2.6826701443587417,-3.0699135225366767,-3.6570700474676276,0.08781697882384533,0.418004378642836,0.30730561324483974,1
-0.5316183707259126,1.247912969960556,2.30698676618499,0.4284748997044051,-2.406027123458192,-4.104773053482445,-0.40124195180965383,1.2117561601041718,8.082379319976218,4.58091179030866,5.7871389386337855,0
0.8554709837008343,-0.29994031721520636,0.9564531273068193,-0.8137571232707155,0.49457444157528196,-1.1282430106695789,0.4668871142363292,-0.14441227734309647,1.8955639518259038,0.6453738905810261,0.049105142570242455,1
-0.36879069864644914,0.09725751615272243,-3.1227940164653427,-0.05190651098866999,-4.020819432039845,-0.6559273370424132,-5.553226091288481,-3.7025838938208224,4.135714691130487,4.018418879165308,0.7477089175568874,0
1.7356949444038061,-0.015645946481810207,-6.562966263093608,-0.7111694288296107,-1.1740693806812827,3.928572325660257,1.2528478746262774,2.649250690517354,-1.7716295635562904,3.763009846739076,-0.5165327348079207,0
1.0556363940242879,0.4614321905733363,-5.715455263021367,-1.8778260233655395,-1.3183406389148495,2.898576797722368,3.2501342628268612,1.478255222433921,-4.218504260079667,1.6350758548249178,-2.617203435832499,1
-0.6291609540792712,0.10405255608236959,-0.056252374571228864,0.08016414942664664,0.3770394151540555,1.2235893147549133,2.622519005879835,-0.025558413853508544,-0.1943569946867777,0.6228166648112472,0.8406687920925877,0
0.04901753513691246,1.7735599543906455,-3.410519738460019,0.5098192984649673,0.37030408678121574,3.00546362595709,1.244703635685147,1.4050075679825675,-2.1872482509134774,1.1041139928587826,-1.0093319168569008,1
-0.4553635974577019,0.9889484314166049,3.738409572192687,-1.8292161396627036,1.069720075686687,-0.7943042230711503,3.08225020798472,-1.8870817212790092,1.1993192212225026,-0.9974031128424519,1.4457714183030692,0
1.1536767010913886,1.0361252451735572,-0.4704928067580808,0.22914383583500578,-0.7695594530725807,0.19565822402431188,-1.218512609374279,0.930558732744403,-0.07758907714420961,0.2378474808767358,1.1671566779810822,0
-0.3553841585220862,-0.6347504377504336,2.725636027708843,0.5263749510640858,2.5552887542838842,-0.5617422530191118,-0.6373119359281232,-3.3021947629354,6.27663692137763,2.0707797950936593,0.5995821960263018,1
0.2610565307577285,1.103442031101391,-0.4507161410999652,1.3491026751755244,0.7877242099695176,1.3811404990174,1.1946375076221196,-0.16497465018264434,-0.6946769394796044,0.062432678324532254,-0.2992325014240613,1
1.7008401599954823,1.9794154696192887,2.0299707846539032,0.4118588824072633,0.5518240447325253,-0.0946317588883947,-3.0819964972519647,0.06704001169099527,0.4492515398429243,-1.5573243392074616,1.6946843834095529,1
1.1320288415790876,2.000254113032256,-2.149656106432732,0.0017204540768718617,-0.9843970694229784,1.1989135704789864,0.8212661365179361,2.0236317557468397,-0.7437313625065959,1.436137003627215,1.0808801067970075,0
0.8162673485186017,-0.025877451537120608,-0.8055719242862363,0.5296367273600747,0.12861552598222203,1.5507840012844194,1.1090290916418095,1.1245366601954714,-1.3440073729727022,0.061387436115400984,0.745942357968946,0
0.05106664718008813,1.1642128918422743,-1.6580270562070505,0.7279713534863618,1.7169773796126822,0.29957574055389113,0.05661164092316606,2.0543578621567695,2.5247277683743317,2.607455276121399,-1.0460368744849304,1
-1.3173069171611764,-0.2072501964753574,2.269772884925798,-0.533507489345557,-0.28332390545078345,-1.7267701298933167,-0.5077144874791852,2.0412460592744486,1.0456615863895036,-0.6278790565802055,2.5936523972423275,0
2.5018103986933466,1.0232869407696223,0.35306535827033453,-0.4355922293987132,-0.6401858509648495,0.2287802517844444,-3.211705582317121,-2.904878921804565,1.3103011540196974,0.02384725602581228,0.40831133723868496,1
0.1879864531531989,-0.0924292249545779,0.8764237774060631,0.013644404920185413,-0.8770988309006573,-0.33695783201614304,1.7399697698903749,-1.003617859750848,-0.5697076853668003,-0.45500652207615655,0.7908442686840805,0
-0.07591507063502675,-0.7562709612699976,-3.451328377533561,-1.0013414032487133,1.9622956101452633,3.8922119450639063,2.211355747840123,0.5329927533695825,1.082284865990724,3.499580061774647,-0.7202479712634258,0
0.7451333899204498,0.11187324432438411,-3.962311691347135,-0.25915492103619814,0.9672143913652796,4.050426665727903,1.4089854429038047,2.100040934888998,-4.799615428321223,-0.3849954744476183,-2.1278831756668666,1
-2.7621039020066136,0.27720586486900484,-4.088082672773263,1.2478268070088385,1.3145244638726263,2.7998940381852986,2.327457961314317,3.2208853704623626,-4.416389950785033,-0.07434454775754751,-3.3074475855880547,1
0.9613732943198499,-0.05791157204494953,-1.6882177368972362,1.9130481819449154,0.7695413944811861,0.8535323171130452,1.673754737934937,0.2885951487007914,0.601463744259708,1.7238672030571132,-1.3025380510240185,1
-0.12822087948576424,-0.11078564815992277,0.014650145370033677,-0.29827667963268933,-0.5251044912694229,1.3712147889617654,-4.240484243535523,-2.6013491511210405,0.5166581838298125,-0.37716030546640744,0.9850045113231554,1
-0.2874649869778403,0.7348731240611155,-0.5622767709392147,0.483880850352462,1.3632978060327858,-0.30734493417108233,1.3712710529134193,0.5818209817421637,0.9809118755059143,0.9866887239188274,-1.8021044553681493,1
0.18008729712437377,-0.2956864743261773,-0.09715627539411362,0.28456950376522455,2.5304860440714085,2.4110164099007942,2.413345469043821,1.2951776378140445,1.2327458040759633,1.5118856186249905,1.0704575459119574,0
1.2771234556877453,0.7333796108241348,-0.3476848812965527,1.6239446677925706,0.6143944108951089,2.491855094698166,1.5103595171625974,1.8231791186509079,-3.667622394372609,-1.6853172832959347,0.9282282413696926,0
1.2410696105992403,-1.1823045227678561,-2.3386476638232034,0.6988673819241282,-0.9496262551484396,0.36196906874049717,0.07649669099808787,-1.0218373746131784,1.5566162461765354,2.6250237727766352,-0.7413857701352746,0
0.9600092410114087,-0.15990807126330525,1.4637160448358382,0.2546072093388562,1.7626543468978884,-0.1301375381906673,1.5488855549383969,-0.3998300693167771,3.9254742050317666,2.010508992553531,1.1812141500887803,0
0.8647333705066846,-1.5194379624735512,-5.790294011698392,-1.2638423554399654,-1.6410032597050819,2.4025053935039784,-2.963204644056521,1.238490344491702,-0.44910469845103407,3.0820655395881595,-1.071307616813443,0
0.7730306766972055,-1.434172361068073,-0.8707937140927321,-0.7664219166601767,-0.41147911919881053,1.4726591578302923,-1.074747376207584,-0.9050922505514967,-0.11221775797589223,0.4645956768773606,0.6892277283570357,0
1.0288551387394969,0.7787061527490651,-5.509552312184877,0.12169611169876222,-1.4609545779916002,5.062494990447363,0.5822030077437366,3.0636111875029792,-8.72926531106024,-1.7954796470081926,-1.1739672102656402,0
0.3867778187596335,0.4812164571381479,2.483231421299324,0.9099429612464189,1.051447112846434,-1.0230599939431877,-2.1802178832569554,2.8563720880940333,2.1265819272909345,-0.40142994837011137,3.0460429470107147,1
-0.7538917883030889,0.9361605076323588,-3.956034689856688,0.12174865573611253,-0.7314079798393942,1.757459292160187,0.2618422241423586,1.2050064002937158,0.8227867855644879,3.41507333855297,-0.22305018578119307,0
1.2987273730087168,-0.37496461508423345,-0.09183479435380532,1.121896405174798,1.0150200645427772,0.8842947562391715,-0.19877671154839716,-2.358665459241391,3.8631410526662195,2.61283435597299,0.37493703694597824,1
0.7299855458555773,1.1017191726895612,3.2282182557536205,-0.33065492178491723,2.7424803317981135,-0.5694014020758407,0.823822173986736,-1.0509850300522046,3.4453673261398725,0.17125154918295638,0.7355506983172846,1
0.9383965999382273,0.975337051676343,-0.14010743744787393,0.3687686676328883,2.430143627817523,-1.177095497669335,1.3330875402815712,2.042322482303619,2.562817014047809,1.6313328853831126,-1.9800857850955311,1
0.2729254808388817,-0.5667423857281428,-0.6300557192547875,-0.20941370654490815,0.47163942242847523,2.2413925663527587,-2.2404365762006786,-1.6009336853438656,1.3588540621358842,1.0634461954377663,1.1367554297253868,1
-0.12144821376800788,-0.5379184673804851,-1.599312114761456,1.026228998355455,2.14669492979359,1.710776770780852,0.5875839519945381,1.5303449680314904,2.1394749824852,2.5480665729401295,-0.34886888916886183,1
-0.6003843310509752,0.21220513245622585,-0.1789988894950445,-0.9378198623037184,2.9660239328241125,2.730498865016264,1.4738669419214778,3.1335239593162423,1.025485520264144,1.3252684835003592,1.7810026530137089,0
0.226191417797472,0.2750420771909042,0.15949870254525597,-0.6873248683665528,1.6198583701798968,2.6816793839815687,-0.8195593688799964,-2.0492939878534617,-0.08825050587465315,-0.3522794026463629,0.07013125373493934,1
-0.06290950989157852,1.066515934653572,-0.19127033733408708,-0.21426178656042552,1.4443099911377073,2.2312036688316863,1.577787712531774,-0.1475720292871927,-2.7109756537090464,-1.4782168865751388,-0.8981933635906378,1
0.6795726375375507,0.9619555547856659,-2.2291261122149613,0.4714568615658862,-0.954453344522274,2.599471346949772,0.28494098127534406,-0.21154020481413438,-1.196172051753111,1.1013380164480124,1.0444932032091931,0
-0.44654441135864936,0.7647430237559644,-0.5647331883958401,0.6846294537759942,2.276449819738005,1.8014789202811592,-0.5888455853842285,0.5335223136232362,2.7368405452079956,2.0869320807333347,0.46348807517042756,1
-0.4906434345735446,1.4943611398491277,-4.244302006718194,0.8248612527795998,0.4727099567485564,4.8359858780931795,0.7420665700820878,2.5743019310753246,-4.879677107234844,-0.1126569242679385,-0.6565876038820022,1
0.7537935563882576,-0.4988921538067154,-0.14562435520546704,-0.6351393961475534,-1.0145867422795833,-0.32552311826507396,-0.41447869317636454,0.8411755446652829,2.8842699803986207,2.40080525930862,2.780298746975554,0
0.027583969631593014,-0.03367415034668943,2.295087154636551,-0.7840525823623756,3.198831020185133,-0.7039221509036457,-2.5952054200328725,-0.20741815038495592,8.36720154819979,3.5316024010173823,2.0905829234470366,1
-0.37720414676339226,1.8657160733298854,-6.98768996603091,2.2075343531531106,-2.1221291453910816,3.180777259609254,4.030529043018026,3.1756659187850844,-10.440887189177067,-1.7647123217686267,-5.048605315556265,1
-0.1845844464745498,-0.1685978618446484,-0.24567664493866317,-0.42485393732390797,-0.6408084045422591,1.1182193971863519,1.861209084330818,3.3860025995168592,-3.0227380614393686,-1.016391032353876,2.258947278673033,0
2.50280492878642,-0.37308049770722856,-1.0572888446633815,1.735992363791158,-0.4732141315748648,0.912243346923636,-2.2787821329617284,1.4934951489651336,-2.984298468927064,-1.7297134087015378,-0.2610308847652114,0
1.4459961735988511,-0.4602647241664314,0.49906016582836626,0.3959501460231535,2.3149570213256676,0.01034129558380592,-0.5507619461668565,1.1276819150989914,2.8704920560578806,1.3045215513698856,-0.1113424981120602,1
-1.0259712552429912,-2.81813868558053,-1.1067754944719121,-1.3033083685463904,2.8874204104413304,3.5776752006299137,0.10247691649230972,1.1865259286539311,1.6278098211630747,1.9793561842965426,1.0089313449785204,1
-0.36125324246936275,1.669731312268708,-4.045427907516403,-0.40874804453794006,-0.0077642798532708834,1.4257373047117592,0.718625258482458,1.418121200834395,1.1086393129817909,3.5492863513902453,-1.3362390561377202,1
-1.177800157917994,-0.43804267299300764,-0.40779125692119594,-1.0586403675282696,1.4560369103433661,-0.21520405819637278,0.4534058549487827,1.4458442849490456,1.0994331576781102,0.8695687592396693,-1.0719136229114383,1
-0.4095743895658451,-0.37734907084752384,-0.3139036809137089,0.40880709587253694,0.8098357252311589,0.7194157552419655,0.07270207010963503,-0.009074029495844238,3.382111473337847,2.663374006315048,1.3263923964278088,1
-0.1792178162144099,-0.5295389656428369,2.9608847552355,-1.753364652010414,-1.7107037951216073,-2.0800617892039313,3.1293534971273678,-2.4200848877928096,1.6130882852396854e-05,-1.1151790442262288,1.5627350012328254,0
2.5742085974478655,-1.7001362912824425,-1.6287948379195816,0.0017565108201821962,-0.9770475729122742,1.1392075728555795,0.7304638473950062,2.0630247238645003,0.09970863555235256,1.7623183569666339,2.060000762469092,0
-0.4389754303558363,1.1537562596508908,1.1860114373667696,0.20411978125215388,2.288084718401631,1.031937245358189,0.8190169076710123,-1.4991924699379844,3.117527135006369,1.405868177485729,0.49813822169619926,1
0.6409128102380293,1.6188218749911778,-1.4769037231320261,0.3754881926643722,-2.210302332244039,0.0311009806366217,-1.5227222423548636,1.6822498025227004,-0.8698715798312857,0.49554073400064924,1.6677542299162973,0
0.5507187620267698,-0.3251468616921445,3.755814533938955,0.5781434814584226,-0.17705258230725585,-3.000159364131452,-1.0098839983472279,4.143025565722806,0.2594289602219927,-2.2066380081371393,3.4095310777660868,0
-0.15792489020723557,-0.25059114518282405,-4.700860907962115,0.014708133351571749,0.9764127622419887,2.508788909495073,1.835458993703508,2.7966466135302177,-4.678823452634209,-0.07422585964363404,-4.314256267728755,0
-0.0022810613445475854,-1.9406996824246947,-1.1621550999499664,0.12191390193266172,0.3140232473297285,0.39914215591833246,-0.19144113607955182,-0.1557711318375663,2.1028396210990734,2.135063623553827,-0.16369336126600498,0
-1.6645504253633143,0.4964581623461233,0.4911771824186587,-1.0223634340728835,1.805854039830201,0.7662265950450144,0.3441988791274181,1.1152747485827532,2.371039068311502,1.4139178791950848,1.1530494527615835,0
0.49314660016337686,0.05795574384006696,-2.812774698658679,-0.1583036066614644,0.25107695795040663,3.6134849336336163,-1.0498210382235906,1.7208257032687384,0.8333928079600298,2.731660015631067,2.3254153510942253,1
-1.6737370902988253,-1.4377020107519243,4.010844123412217,-0.6519138959767028,5.936994883831643,0.9428236831496238,-0.1475181122905802,2.782388066521981,4.950774619536935,0.565575740261554,2.4890849432147557,0
-0.48474038285920795,0.9590138061144848,-0.012300962859293177,-1.198790068603835,3.7451700466995272,0.7150488211343353,-0.15538902987734104,2.7347719188000483,2.4018915353344443,1.2578142954888587,-0.9254739876068381,1
0.2807552008049781,0.48550007192166483,-0.12346226798241144,1.0960480783357358,1.9024183220208348,2.9983397003606114,3.278299574220398,1.072837254295416,-1.0078143471954728,0.2961843609353999,1.191886487755103,0
0.7126197252887383,0.5537725029907589,-1.8054392901385043,0.595546631694267,0.20814471262455259,2.444268496828011,-1.0006268913738292,0.4809670808356903,0.7332262206988215,1.786771208552159,1.3153875300371478,1
-1.534381191372959,0.5921395736932726,-0.5812833750754227,1.5796903953117278,3.4926946025198977,3.475046536325221,2.7999857894598614,1.3768767914116093,2.8178338331119717,3.03328682925152,1.5102559283031942,1
0.5884865719821107,0.6907763233624705,-0.35756055308366375,-0.5650888106197205,0.9072235515945646,1.72733641039556,0.9746265861602167,1.5220696939128786,-1.0154580172670975,-0.0743917463280952,0.8923289189040123,0
1.304462909301167,-1.8647481649292559,-4.338915481390086,0.5303686534352866,-1.2216914959207537,0.7700108337430493,-3.1032606452777642,3.8784521081997316,0.9911352414326304,3.1643423984769146,0.4192783371975608,0
1.3435873752609857,1.1514137431425706,-1.2722115064758561e-05,0.6913898067387073,0.8811743478538234,0.44904843405826356,-0.04130707856438498,0.9296233654357038,1.260131772532703,0.898914479602015,0.6676058224390771,0
-1.0647722308487702,0.8878283900650749,-0.4442061900686993,-0.37260006958853614,1.3456038236175822,1.7821316796757753,0.3136645235257641,3.2570521594990796,-0.19614585163860357,0.5045349531674233,1.7782188730900836,0
0.794113430013161,-0.39704850080872384,-1.2009723227998144,-0.3799711728323098,1.4614237715086882,0.509490874497894,-0.687506710678669,1.4711096798446148,2.1080684029943013,1.9443768381433673,-0.5502606381981662,1
-1.4741782946078275,1.2717185351608893,2.38806853889472,0.015968985347261707,3.0781384681438824,0.6398165476565478,1.4981012502904245,0.6717814386472396,1.0899968902119046,-0.6679669454941366,0.5764258501971138,1
0.4308627019730809,0.1423376369610623,5.01482610103396,-0.7849275313764871,3.997136506804427,-1.5803695441624095,1.4573343899524813,1.0088361744664978,3.386232331236676,-1.0019674647050074,1.1463090487242855,1
-1.4838468539430723,0.3180406301425959,0.24395879562202377,1.0342642568598739,0.5310369377251248,0.6795199849379134,-1.0191506620021153,-3.2006114649411344,2.5936349086650683,1.3034727199958547,-0.0904195102257892,1
1.4463517273149549,1.3696219403801722,-0.15248641500463017,1.1417242304785966,-1.0949734409839476,0.6203008705250403,-4.035875723411242,-0.48647352016211554,0.5092087183273319,-0.07190987266506577,1.87221725811848,1
0.6951419705949906,-0.8022168728579775,-5.305638939606527,1.149964361177881,-0.17890752771814178,2.262497455357277,0.9853737577108447,2.646407375408293,-0.9880557259125371,3.0347109447974554,-1.9311044051928516,1
-0.23710970801770764,-0.5622117102891857,-2.0865364687463446,-1.738383906753765,-0.8866746547629016,1.6922132210348977,-1.4043929379250715,0.6309739653688331,-2.1352950141951763,-0.17613470028594036,0.002949492333310433,0
-0.17865790679897628,1.6759787674547517,-3.4244989447056713,0.18569829906355048,1.9616196358114335,3.201581083298873,2.6940985303632057,1.8994374177942919,-3.3907122453884835,0.22761607116161842,-3.123420397825746,1
-0.4951206055666599,-0.6000324129909899,-1.4489849112420408,-0.5086137134968303,1.489667301831158,3.357409332937795,-0.04087038436061463,-2.7161319364596337,2.6477608911270947,2.823514947208163,0.3500226851134165,1
1.5156966112129948,-0.2942146837125134,0.10458435019870925,0.26296904517454367,2.043712813641656,-0.6185104688432521,1.2322870272297037,1.0576908373952694,3.515914758631702,2.313825391151246,-0.6264489645509149,1
-1.666432971552892,1.1172647596799943,-2.6156696020759,2.062998324647059,0.3357269300546828,5.04256566375753,2.1650592038537146,-0.04507597284651199,-6.46153699398308,-2.0069385739671266,-0.8213309256449955,1
0.4305068138357056,0.5239715935248127,-0.262928758435716,-2.5210507152914556,-1.5692540159281383,-0.6030828803871537,-1.7595357509411986,1.1340426992006296,0.7303535419639151,0.6606005008813343,1.9990117519696236,0
0.6882762378197256,-1.0169908780729373,-5.7631661627988695,0.7530534024864047,-2.5818467019925593,4.182190406788372,-3.0655329102028572,-1.8398614987613655,-3.455674474257968,1.1147684830601194,-1.2025142108190963,0
-0.45730921136799724,-0.022450184178175688,-0.4278855374068853,0.6119830668069176,1.8351497227538656,2.3019453917206762,2.6234729881141003,0.8026093602910264,0.6279555429307638,1.3809559681989039,0.8253683037852703,0
-0.1024788805394311,0.21894254447718298,-3.189470446921282,1.3318337004640217,0.6498697957735391,3.590961631637299,0.3991733010326979,4.08622616792724,-2.530174798995886,0.8497218475496857,0.9790587366737744,0
-0.4604562118196243,-1.219826789210291,-1.3523406455923546,-0.01005507390357533,-1.7622761199183468,-0.6676952021771039,1.9002779829369607,-0.706167730208922,-0.8900221512317845,0.6878372163100142,-0.9694542118366237,1
-0.490590737048543,0.03683444217856559,-2.6890645086667297,-0.5633854669086472,-1.5279285746481395,1.8169683543387198,-1.7190677883416634,0.5159070285797553,-1.4323601994194224,0.7699477165243535,0.593444932599166,0
2.1966997465957205,1.557551491312513,-1.4273329063746718,-0.41070215631428897,0.08417132150986473,1.1546841251789668,-0.38040001887049235,1.557336169530846,-0.2825515059856183,0.823273500376017,0.4498882673499327,0
-1.1320398909808067,-1.375952926340943,0.5493718622864493,0.543591349623408,0.8262173382492419,0.1792088207933199,-0.7469437300369104,2.643409766428527,-0.05616116211704022,-0.4136622957784746,1.3190846468951651,0
-0.9581183561853899,0.22319412910358088,0.4232318108290556,-0.33945231841670054,0.44909796977970606,0.46360001819784324,2.2791244495647573,-1.2600548186705978,0.988826765391091,0.8878779223016879,0.2818595407053677,0
-1.6586111807222697,1.5118008480266225,-7.126232778726376,2.0428612993523507,-2.529184067507315,3.6016254754990875,3.747472456646836,2.540204986187322,-8.881153032408196,-0.4583055439181696,-3.7255661116225367,1
0.38767693090133776,1.4870699527833338,-2.7087113679243697,-0.46799420147771026,0.3445890901723472,2.4851977773023606,0.32145910810705547,-0.5254573375756588,3.9853133777490757,4.8665021776139294,1.3749986346104115,1
0.8854438883313815,-1.5774908404303982,-0.9985539474404258,-1.1684621916139073,-0.7508960953677142,1.125065182271613,-2.949311683832895,-2.245002936611797,1.6152711265919315,1.297723751007379,0.6733734141104706,1
1.4571708334715128,0.7479750139981852,2.4449972322069837,1.0146769810378442,-0.901650397891447,-1.5858099571074633,-1.3151003722070784,-0.19687670750989072,1.0513163500327245,-0.9203033587448888,2.393533487715625,0
-0.6010950919995799,0.8358438203231628,-1.0480345777501658,0.9149077446228167,1.3391908018379506,0.9421489543478839,1.2961302301546214,0.5834268117731225,-1.9211937202015115,-0.6760293976749727,-2.3979991037558697,1
-1.049562506044013,-0.8319672384581284,-2.0396115062436904,-0.6095995074374991,0.10127754620801244,-0.9316641186834964,0.852201781335005,0.8804288622941594,1.8924996771074027,2.5369261026360554,-1.9445831536616538,1
2.0776212846549327,0.7248574991761232,1.116324983484964,0.7689404543750088,-0.4240945865446428,-1.147709538388689,-0.5659144042080462,0.4909422256946875,3.672516379376484,1.9432339851724105,2.6819628991891795,0
0.6843752828376661,-1.0453130505370987,-0.12099070016447705,0.9685752352112829,-0.5820132890316325,0.5388909231754594,-2.836648143739397,-1.5307339182085076,1.5315005518884037,0.6998287798523943,1.11942694186392,1
-0.41211121658069005,0.5176609499926379,-0.0713902984701795,0.07170255571131737,5.5841188921430716,1.9523611710083444,-0.9862713911274215,2.7071512805425755,1.9439384473379766,0.5720308742214961,-2.0956103118852893,1
0.6432910035406979,-0.561704568331953,-1.9352872700938608,0.1600342996468897,1.2606733150357359,1.8658022682496207,0.4811436620049421,1.2827600788516955,1.8305223164559832,2.69663655281541,0.2556605521948019,0
-0.5351757072093706,0.9151753207616361,0.0863039751870476,-2.3000012319662786,-0.39439219762186994,1.305763554003388,0.10826819295714518,1.3148191241864602,-2.677927953758091,-1.5313286577394565,1.4756789593735973,0
0.08430244401536897,-1.8435535602227637,1.8956977330260767,-2.2546276981515234,4.841822159815598,0.18488971879365956,-2.829222564809868,0.6916129873426218,8.514591760381887,3.669436361839652,1.2591247604089117,1
0.7279198417955137,1.0738679912859899,-0.758840794922679,-0.8982831835593625,1.2838845832820773,1.6973657359306527,-0.16240976931829676,-1.7683074051620795,4.1075022370087355,3.314745215928135,0.7496136201292777,1
-1.145430711405666,0.7456613409408737,-0.5036193086978689,-1.2047024198657459,1.4255875681265189,-0.8348871545836527,1.1304991951633647,2.1361650706448705,1.5766132555550356,1.3668119240302892,-1.2007806808661023,1
-0.8250946847729259,-1.2168464482636998,2.8953761517549013,-0.6713087106789769,2.444417435628381,-0.8879413345071281,0.2693052774213234,0.8868199491177413,3.5697832635544033,0.5037065154805307,1.5693560903953652,1
0.7513801049747294,-1.0534377815542455,-3.5910048627641418,-0.521822796834733,0.3735855082565045,0.3115502181012815,2.1993580420281025,2.9505370533867583,-0.8896499510360254,1.9553788309628768,-2.791030579308078,1
-1.5400839121851977,0.8736787040112687,-5.151714151411683,-0.5608606569478439,-1.565761595807028,2.58137770972917,-3.037327867775089,0.7376706680085974,-2.6277682528409287,1.0728627708053036,-1.7231973895074835,0
-0.6525470371486434,2.033313206904367,-0.3158695155105326,-0.768726932027608,-0.7666781304847774,0.1829145762413178,0.26633639215900606,0.9484839858243219,1.9742888905514635,2.0155212291753157,2.466007536585799,0
-1.3987264571092286,-1.0259553101648191,-1.0788628490470595,0.26611743644687363,-1.5755232624665911,0.07155475490052399,-2.2633007944298154,-0.7070593167968826,1.3966476597367552,1.4500251419553662,1.1648567488348136,0
0.45422872319546453,0.41159132120808045,1.786555345164536,0.3240860368872289,0.4362293099017621,-0.2380832634661616,1.528229382961522,-0.04108963496002893,-0.2515979676451169,-0.9533007114699197,1.0177980645004765,1
-0.8391591636872939,-0.9333454700078704,-1.803457227661735,-0.9002614778919084,-0.2925574804255533,1.1471491526309863,-0.9771996043096345,1.6912027973928159,0.7106813123581723,1.7360555383250684,1.104675022352624,0
-0.2859612444950399,1.567398594082426,-7.033645271166101,-0.7645575693515076,-1.2614379686967694,3.83050086986372,3.3536336084922755,2.068028797582065,-6.304435178562319,1.0281249059831559,-3.8243933700861006,1
-0.003250332736178558,0.27786575040063993,-3.018377097694829,-1.0767380219636349,2.528917070245246,2.2959261329460317,0.6247319293479678,3.4103735915755404,-0.8174255508986106,1.2955953444194206,-2.1967979792619436,1
0.3407508285291888,2.0260616550796624,-3.5988390334892935,0.5272308416150161,0.7724725284203213,4.054071063203634,1.6070055799070875,1.5116755669661757,-5.470757912284012,-1.0410835782239252,-2.1863143133626646,1
-1.479038625739964,-0.6838658035932885,-4.290968394326911,0.20800198031686468,0.6285950970898837,4.773285884299842,2.2173326359253767,2.3908157614254546,-3.074829540314028,1.5174090396347928,-0.08677140847900167,0
0.4136582937019638,0.6961992252693409,-1.7406114670467,-0.9029758214532705,2.306178422748803,0.8472187886292285,-0.9776625206211915,2.7451147158645393,3.4485531123712256,3.1501996506291357,-0.32548201815235545,1
1.011639728067646,0.592665111162881,1.8855623685871619,1.9755713838001177,0.8831411285620779,-0.4295176639092717,-1.1960786612020344,0.5398420620699469,1.0857165148595256,-0.6987544256771467,1.3726374489483575,1
0.19473828706370258,0.7525607689471351,-5.045070629673322,0.879526417174758,0.9672606760054926,1.7251634706086125,2.882646432287023,2.623825065494607,-3.057814194190591,1.370593717153163,-4.828035416836659,1
-0.29270413545229595,-0.19196543421479528,-3.240768907450376,1.256094512300792,-3.0932024866581185,1.147962646752039,-3.256939092722341,-1.9049476346370215,0.5864671338738002,2.249625329774484,0.7789078924296244,0
1.5903704746289264,-0.18794340766734705,0.6955091102917087,0.07369667309151597,2.5293083819830082,-2.334518642804891,0.32104362780154905,1.905371322559382,5.786076070683964,3.0999341624986085,-0.9005088869647376,1
-0.9511715255452677,0.5910018809480402,-2.6267525642747187,0.3153529611468617,-1.983056091333768,1.3618604571250885,-2.36510032718585,0.9149372879751398,-2.116359910267325,0.1363459143485911,0.546566670700497,0
0.958449711382836,-0.7636408557531279,0.8931274021405023,0.2748090687729536,3.4050628601438677,2.150355272235055,0.47443708001645835,2.0468680904518815,1.245045590383355,0.375539572772414,1.1917293782425071,0
2.2288477524868107,-0.39562569741816506,-2.1103239821041955,-0.5533473504408855,-0.6878147086979243,0.7461531094901395,2.9768648855425335,1.1404940008569655,-3.468304221196595,-0.3991103683835564,-1.760237275288487,1
0.016537728632013207,-0.34899320513437126,1.2789670800093995,-0.1600170295005214,0.555755096308638,0.33399397014603804,-3.1550276691186214,0.2301282641898894,1.9023722081259384,0.013083192035169833,2.250234775430017,1
0.7481030790667037,-0.25535074946285813,-3.5328467170834004,-0.34525277379498975,1.3686009688394005,3.372368532779385,0.44145236778767005,0.9496777573933862,-1.4473263393530893,1.3363435729214053,-1.838215728951756,1
-0.595787690636158,-0.37616116648354303,-6.396003019434932,-0.5527244059581915,-3.096974157166652,3.5364095004941314,-0.723718206485054,0.9748632730388617,-2.132040049754766,3.2036776911804385,0.39190865712287426,0
-1.484966339815936,0.09689137364719475,1.0641691987983208,-0.2416735774721155,-1.0038387496337786,-0.9506711507648911,2.9565350671565414,-1.2199066010792965,-2.28720545877718,-1.6895912071290922,-0.6172857306029336,1
1.2410627185557017,-0.30725779172145506,2.1341391909606005,-0.776133454436202,1.5334955325732058,-0.6059119796028143,0.126010569595701,-1.0447992728306104,2.553958082387356,0.21548731156076317,0.4989021512910131,0
-0.30328326552828605,1.4241259831110675,0.5769318515271065,-1.1550349912472704,2.4915359146883693,1.3913515265391938,0.9218631193441961,1.5598251745137421,2.1667620731159536,1.3479942225921882,1.2964292961080135,0
0.9344174106494305,0.41588974995765143,-0.6500582014955006,-0.8541987541530391,-0.11453591752278891,0.7579875990187459,1.4411906597432433,-0.6766385513508504,3.5362688904204624,3.428081856834616,1.8626625086864643,0
-0.3839825342387992,0.8999691625217028,3.1265576965414903,0.39673737867140146,3.661614718264377,0.6008974721558489,0.61248850923316,1.3118021070279644,2.5790556821987045,-0.22854632966690214,1.7969384619480024,0
-0.2580953821825002,-0.7430186326084672,2.3751121947140583,1.7185573758535642,-0.45875765114310463,-1.9170462620807278,0.29398306295396237,1.7955341313477327,2.2805571276335472,0.39640530035678156,3.2394966164656656,0
-0.500939035988976,0.39861160932563455,-0.0709131601989417,-1.2571248775837733,0.16998382641738474,0.4043647890408788,-1.3861083164961214,-1.0102621377999934,2.391804168655925,1.4716270699750689,0.8695140845996101,1
-0.19318019873910205,-0.8309060980380342,-3.906775763280307,1.1591949483326676,-1.2427389389698784,3.9641480258897595,3.599066573277484,1.1424772418131084,-8.69966283161003,-2.4173622971705293,-2.056476559332686,1
0.0007626280617528101,0.8086426897586924,-2.7299231611930903,1.5163445712721322,1.9062944681742293,0.05846426747253841,0.18947378787311864,2.743231680650836,3.1217532599021043,3.614216524081892,-2.0280286363835267,1
-2.0202081487509846,-0.3751394813710698,-4.407318941374241,-1.3382332135648412,-0.4641006986470697,2.597811250339481,2.5739330406093712,2.927785312168716,-4.407519394242967,0.51952210196951,-1.8417107992033785,1
2.064269390804554,-0.7557128617711135,-3.3044854772143557,0.9601354905281323,0.47988632969717104,2.021122993379889,0.5187680476322984,1.4720537691399445,-1.1308177652098856,1.4514969078067328,-1.599346356492081,1
-0.14892414808769877,-0.16453188132467125,-1.3202514738291489,-0.980498090053076,1.5107744326347619,2.4634378486062305,1.151225371430495,-2.3699754404698234,3.4903689409968037,3.4866943282130816,0.08055352300312346,1
-1.5671034924399558,0.08873486216112558,0.10114490870007407,-0.8316170211340648,-0.5320419479561389,-0.2757111038067117,1.3824355117660365,-1.5930801632000118,0.8954476581376699,0.8440636403013304,0.009564269985739005,0
0.2793000182513253,0.5188295897682094,-0.4600014257463721,-2.382765070701481,0.2626342402205437,1.8861118485905872,2.8129788625650303,4.352804101671529,-2.634371725364259,-0.373666712945083,2.603235773605836,0
-0.8767516667297444,0.4296495674068387,1.5493677313521093,-0.32552597569428493,3.350643940776726,0.7139571998626788,-0.8683174334808104,-0.8428475508201081,3.196358844418468,0.6375068894848823,-0.3988196748815255,1
0.4198400159640011,0.8244218122842416,2.2266950126342113,-0.8960825740540465,-0.2467366493174834,-2.1973527655698675,-2.5395201486605314,0.5759831205118102,3.015376105317467,0.17788529603046233,2.1092471654345424,1
1.1548075889630998,0.777374296952642,-2.921677449145641,1.2337390748832724,0.5309886899697529,1.2007302998626144,1.3606077330467274,1.0702835908407347,-1.534482948798677,0.9105230662972201,-2.6617911860222843,1
-2.6881116974813786,1.482651560570583,-0.7246905405987726,-1.4775556451399416,-0.1700834765069903,1.791043731519891,-0.18984260173848866,-1.4895079598110086,0.8760628736663029,1.2748379926874205,1.1310798525323924,1
0.7465246090436233,0.36853578361387096,-1.8452311425033423,-0.24289176002028726,0.5104102431438103,1.3935312391887604,-0.12239600289245822,2.3123366620674526,0.9554924270316474,2.0420459465790834,0.8602125046855351,0
0.5835864673043855,1.1475467648735833,0.07921710486622603,0.883896313747434,2.0386198983808734,0.7249799330410891,1.3339496719836106,1.1211940113740106,-0.13159817318569303,-0.08899705335986785,-0.9873310109622192,1
-0.8721817630999247,-0.7094113002818381,-0.4778290689147961,1.4797195712858104,1.3314691717716873,-1.1242509775487197,-0.3285708657573494,2.8664352562801425,4.524546436189243,3.2679390938081316,0.6144533712754721,1
0.1872635885958218,0.019147512165368,-1.7230457038847973,-0.35064347996851714,-0.2972297176031211,2.3692818044664414,1.931904434792366,1.9139197841830415,-2.655931832873661,0.09319619032562332,1.002854946439983,0
1.0474114460990631,0.7737788310165218,0.3945709654612908,0.42723580043932147,-1.4061718182369696,-1.1979581986178114,0.6720081304483436,0.46703911406453624,4.744545583398237,3.6239793957911193,3.634406772318887,0
-1.3542706814967684,-0.12900105889453628,0.27121825683618245,0.6651641861127486,1.9580386071730946,1.4616456862732852,0.8778768658666658,1.541906179760581,1.3795835451692118,1.0539734088833754,1.269681415039632,0
0.7602579517979294,0.783361852331336,-4.22633263686762,-0.278452908924612,0.15000648602655653,1.0836956711255918,2.61238237780373,1.596803200965864,-1.489871696278361,2.0226664593746264,-3.421066673307306,1
-1.7588074595082976,2.0923528862651297,-6.286231104126142,1.976308078116143,-0.46172338260287327,4.641230939897858,1.4735221287054125,2.6576596645925727,-4.378759041671149,1.6922853742505513,-1.658386465627388,1
0.7261661571184064,1.258210503472584,-1.389765811130979,-1.0023105824965284,1.7472612195463595,1.7365460449444075,0.8671561918616144,-0.20035431587365138,2.7427917185179593,2.8926663203885195,-0.2811436683939452,0
1.5401130097325777,-0.1864018559064774,0.08072887113106013,-0.42156742960631993,0.05165350770166344,1.3282899866613818,1.907026676403567,1.3860324573838647,-1.877511193138315,-0.6325043424923622,1.439908322622533,0
-0.44078164897978117,-0.947006165277362,-0.8453749668804339,1.3675160446621795,1.581045276326505,3.1465706226704473,0.07669011125814684,-2.4816881293694952,1.013636642760591,1.2645165384469217,-0.09068881648315053,1
-0.07385431934001445,0.7880232907926783,-2.331497297463661,0.6624676607011679,0.8707474737580598,2.9533682133038415,0.4044019010963711,5.047772062479924,-1.6346143816127934,0.9705253015451559,1.9539536824507384,0
-0.4984130815511337,-0.22425069652347013,-6.132993731724041,0.7278535210553019,-1.20437372826498,3.7649310424811264,-1.0435797706634866,0.001227822859063421,0.20169746599351634,4.235456669805654,-0.7290766238496056,0
0.31575345115951853,0.5506581009201486,-2.105498829966503,0.3722655499667239,-2.0578337275633634,1.6060283870616727,-5.474428557640513,-2.385051229167883,2.2074317840943176,2.1764664905355637,1.8551280356616897,1
0.7402457001808128,-0.507456892985262,1.1560520660548688,0.021917077433128925,4.873396686377891,2.61327258432034,-4.500314529140294,1.324747446875493,6.929567955918556,3.0681837540755743,2.784668452843188,1
-0.5217663359681685,0.4783868698969026,-1.4192898914491088,0.6076399649223926,-0.9856433214978266,1.007056109003718,0.1550875943276957,3.243310242988738,-2.058183289550025,-0.004286562136533556,1.6675208646499842,0
1.9531994790295857,-0.1629535915980292,2.414884899682795,-1.2052742206322897,2.4757175004187624,-0.7218458582878013,0.5967860717729256,0.6654175101968011,2.08938087239233,-0.2721801749678283,0.26301352116407584,1
0.6068387043698323,-2.7635201379136167,1.0355120621125686,-0.6021992618364816,-1.202564846160699,0.02563034971583067,2.841503336556731,1.1288994528712069,0.5888829159005481,0.9238119999493365,3.7190435042550125,0
-1.1243371165333986,0.33405368984526995,-3.3997227193189237,1.7396838118526947,-0.5836005241010345,3.543128530969433,1.6401212288551301,3.462666831566402,-4.023546646698597,0.3493529718828601,1.0693044912719105,0
0.983390287316931,-1.1858274968591749,-2.4150941659397405,-0.5509343366975439,-1.0889018544458702,1.864472444813316,0.7628920925615632,1.9543224243120807,-1.9033029204250391,0.854777917345389,1.0386245199445776,0
2.0835571199706613,-1.2782501225868823,-3.3246210935028926,0.1530993488849538,-0.22261190954303867,2.316041244000412,0.9304688417677844,1.9821081674008356,0.7425758545194953,3.234970045135319,0.9357293133492088,0
1.0723917298654424,0.8104762051358221,-0.26274958081493427,-0.4793702935035454,-0.583877375892932,-0.8365702355623652,-3.2851537664092003,-0.7899736961161075,3.751269740738965,2.116252808470651,0.9625633293301997,0
1.3253905155921604,-0.6320292324237624,2.7700130719634863,0.5945124244675367,2.781820309903755,-0.8267132555956735,1.3950761511231975,-0.6362594256854565,4.570691360864509,1.3542846457362652,0.7350144192369135,1
1.1687372842024495,-1.690954210768843,-0.178970553797904,1.1641800274713676,0.3546101478782454,0.8091489727844957,1.2499277979439214,-0.4961989482936875,0.24195531594541425,0.5869503962657243,0.17600340899647227,0
-0.022476599921461796,1.8638716989246848,2.3142458845974754,-0.26638165323136626,1.7628573561032046,0.2559499680689966,-1.440619333912278,0.007922784196929822,1.3453094850422889,-0.9041792873044119,1.386784860715789,1
-0.7575463661093573,-0.132315470135867,0.5326439490314531,-0.2773772911325894,2.803754589105491,1.1910597634277524,1.7402648238892615,-0.958012473520744,5.620378649788915,3.781686430948497,1.008487536158389,1
1.6699100242607903,-0.4488923701544492,1.0943565451455595,-0.3123623868736005,-1.0334870651227923,-1.1472841154666855,-1.1817264702462724,0.9229155265343524,1.654244331409811,0.4992169588506845,2.5733461244509788,0
-0.47356909538018194,0.6579492915143033,-2.240060103157884,0.8897659562052408,-1.9086533913659358,0.9177751408648314,-4.217975425896935,1.0719005270582198,-3.1855563019687096,-1.370670608720097,-0.15943184720086667,0
-0.7432626958981761,-0.25351682822552946,0.13966202650453297,-0.6085847329132321,1.330490021536519,0.9297426179040629,0.31105231236113384,2.6967953424951143,1.152342732948702,0.9776831530912985,1.8295340361442498,0
-0.7218115088082965,0.28087818468534004,-0.9042438788775494,-0.6240333580259245,-0.05963433586750089,0.7032762420608321,1.163353619377903,-0.13817197926739166,0.757269964731927,1.4473104584920402,0.25290784862651194,0
1.0513763125517654,1.2299294693611538,-0.8144259323474025,-0.8806349782973163,-2.9608884543041047,-1.347953086214921,0.2014755020874125,-1.1610397540054347,-0.6878495478671832,0.29075226360321627,0.13462073512122097,0
0.2734885418423226,-0.08866415456912463,0.6269299902639995,-0.35627875883598914,-0.45721069721884033,0.6184527497130148,-1.5979647967659245,-0.8263463019572856,-0.5335359896030681,-0.9146814521627453,1.204678037289773,0
-0.513574776432532,-0.38248239034345627,1.2016382259870042,0.44751165845388463,1.4935384948248462,0.24686696146934484,2.4931593750936454,-0.1808237518018816,2.9671783332330888,1.8044004674006602,1.2993945099512914,0
1.1166495237118415,0.5526729459656021,-0.880804320254035,-1.3710255607867166,0.5702805241472331,2.1264395133605376,-1.4795064182759707,-0.9157200954296179,1.0884225646527372,1.1755537272908265,0.8680200721313602,1
-0.40458318588062975,0.13682862363507803,1.373081308113525,-0.025593529281334876,0.7161060103434269,-0.013675596402638712,-1.7451993292576822,-0.2495035135529836,1.7436735246738475,-0.0025608906681306998,1.3883079553102942,1
0.059075321057130405,-1.2648998427652933,-0.013488614497392967,-1.2521506222599021,0.8972325496678585,-0.6007706433521642,-0.6428450169865447,1.5545730951206893,2.531703990841578,1.5583670486772379,0.433604601744789,1
0.9073475212952066,0.5972790668535468,-1.146572553373817,0.4773441602653965,-1.0060814820926416,1.8470076139363996,0.43621907823587125,1.4190530808947628,-3.428795163234817,-1.0991308742883508,1.1745346938945898,0
-1.1861317332186274,0.4880213753269533,-0.7704733384350615,0.8998479242774396,2.6279135810165792,3.345585833059229,2.583662843129593,1.5996485184448126,0.1390087980929017,1.2865559597988878,0.9033003357988734,0
0.17237937006333273,-1.187666904738871,1.3644859609254596,-1.0797434222295919,-0.34601213489393934,-0.7551783203281921,-0.7532514121457634,2.602945669489079,-0.41657044371110885,-1.0272252820051313,2.3599611275491506,0
0.6082294368908654,-0.7643254195174548,-0.36749811923326026,-0.19278378731444887,1.8554888712386568,1.5325671335790234,1.2676027326682544,0.6106275601959299,-0.2526317499624366,0.20817255295234993,-0.6617186239666352,1
-0.3540570063198893,-1.3913169347003245,1.7651346934428083,0.19988203348872882,0.02595900879510149,-0.8687603804427542,2.286499745578613,-2.460949952236171,1.7384950326725706,0.4556946264199365,0.4096509845077976,0
0.9930591472110146,0.4970600400373265,0.9772715626655345,0.22999598216356942,1.4140871863836397,0.01619572509153555,0.5959212023845302,-0.012400555708749872,2.7419274728879897,1.3240086865022263,0.8251962457966695,0
1.9684348928900295,-0.9989732950192158,0.3495723791613051,-0.02673831821882865,0.6606080409963452,2.216159163101046,3.367099314883156,0.9868670573221723,-2.434840431483323,-0.8695100305169088,1.5160545293528775,0
-1.3113293286593173,-0.17589427069603136,1.8655425755099935,0.8352032476182665,0.9503099240960277,-0.4461593219551112,-1.4893337985427761,0.5179946575248398,2.660540761446602,0.40338264921927225,2.084333135210951,1
0.07866237414984484,0.9697627528043723,-2.6798614822526794,0.2673629997565438,-0.8637989637285237,1.2065447792262913,-0.28658323402478647,0.49801829832556765,-0.7193085370579388,1.32047212668385,-0.559393832144478,0
1.114793809100129,-0.5689332835064542,-5.90800034327996,-0.6613675607371386,-0.5387856085694935,3.6032109581757985,-1.289628292988175,5.12171183347836,-1.9661578611772905,2.720744857444873,0.35546375534882335,0
-0.5761853616937591,0.7375645572733106,-3.769537937697072,0.1851657625119488,-0.22337167198259333,4.590608229809204,-2.0086773800903783,-3.0490768870104623,1.6983529725434585,3.549737693854932,0.6436456470777769,1
0.6667768074463643,-0.902664259003672,-0.38475994609679876,-0.6556043088858534,0.9871316615843234,1.6590019298817207,1.081260345715837,2.0987534411612874,-0.39827771299104775,0.44466154152788795,1.359604310804414,0
-1.9905151612092824,-1.0862661490132868,-1.1159924600217366,1.8003074968123962,0.9465746838955728,2.7963329053876786,1.9140578525903433,2.330743129376681,-2.240525838542294,-0.09496795630362076,1.1025302964362473,0
1.8136976078958316,-0.9478763838940877,-2.2083410367749257,1.3879815764186592,-1.5185013367727445,1.3168417861718822,1.3178412348300363,0.12020767633550744,2.272310726430009,3.8104516677143607,2.3392315077314563,0
-0.3728264139468702,-0.9109371234658203,-0.4371435676924819,-0.222761004459934,-0.9871506233147469,1.3644490110740357,-4.247950139039155,-2.1224653036955186,-0.28929656828124795,-0.5878452984576892,0.8997369318126839,1
0.49341984748021556,-0.00472172040958209,0.19621884448493118,1.554313504361557,1.3089456427982658,1.127015813654293,2.192431349770655,-1.486636477622449,1.8184774864605586,1.5171151498912425,0.05820670057806687,0
-0.3889379678182369,0.6593817375401513,3.8870119271821393,-1.1242118111708796,-0.2885483962402051,-2.2411223855169307,0.821822973511959,-1.3601539852307822,0.4352809756944978,-2.0666105361145157,1.4531133694273781,0
0.22457032610628883,-0.4670234838613692,0.7634862010572582,-0.6690037417816523,0.27913441145291507,-0.1941272409262147,-2.3781451686186768,1.0068643822176075,-1.3530163774054507,-1.951359770626497,0.09815004211106071,0
-0.38044648638453527,-1.4514364209632193,3.4868789352859597,1.6719422392360432,2.881595267306542,-0.10173469420027836,0.7563947546548484,1.8868588454890298,2.6474184316201663,-0.23904565318562265,2.7175010437242904,0
-0.16516687753635154,1.096748764680078,-0.3213930319376243,0.5464420016448722,-0.9627297522668146,0.8756940969662477,-3.5827303521154747,-1.7678094795499506,1.1946683020765703,0.531445293726375,1.440777283301206,1
0.7235136862325127,-0.27957260076568835,-1.6402458552668553,-0.3325240831891707,0.5826652313259668,2.6466142650444797,0.6906798016024001,3.3605730894537627,-2.3216273439547535,0.0048528007579100585,1.3469036625613335,0
-1.209201858189768,-0.6863333947365524,-1.5378804516911357,0.00593519556027092,-1.0883820897076721,1.7883715584963773,1.8024849884985825,-0.3666767088792471,-2.3274186364011893,0.07232190210814626,0.32898628028114474,1
0.9520654800618809,1.2733423534657828,-1.7592475242045178,-1.231037947263141,2.249615210509928,2.8778361693452164,-0.16768476710636881,2.6817860086691443,0.39389272651295076,1.4881321524350843,0.46158794048409213,0
1.1355595686324174,0.7302641121497397,0.1054770926291068,-0.6366085875981887,-0.6105338647238241,0.31217581388611093,0.6730720326456842,2.7818331023355674,-1.14896550473447,-0.2935915624897596,2.292202431918094,0
1.242550312765927,-0.414864179099884,-1.5932019029110709,-0.20283569880205168,-0.3044450338103448,0.2816323962458789,1.7478364982684953,1.2725951260062343,-0.9954201595513277,0.7294582307793344,-0.8152796831244452,1
-1.8519743482736137,-0.10743169008741182,-2.465086887545819,0.523048049450854,1.0608572763065625,4.1110894476024225,0.19471476996977022,-1.0578728912662552,1.3899658521599045,2.886629496434523,0.960791793788006,1
0.10057204692396741,-1.2709834344739028,1.8086738000748028,-0.18812038289991195,-0.273338070370458,-1.3817483327269993,-1.615801993915813,2.9107094455106743,-0.8746399231758056,-1.9139160211363637,1.937795501762965,0
-0.8641638415133227,-2.6523307241486167,-2.282359592035632,-1.0812952653622427,-1.3316754691347243,1.34314753681176,-1.0573863543118092,-0.03900634408556147,0.27290384155422853,1.7774716086679967,0.8406512128885854,0
-1.1776516695247286,-1.4400684867890685,-0.9369505299252706,-0.6839222833335278,1.490651823739939,0.5709011003297522,0.9389774027719128,0.9634188131103392,0.07872883114851581,0.603203643036757,-1.6003473971929887,1
-1.5700504781066396,-1.276601597264214,1.0744034572166252,0.0846046498021686,0.19453750840001316,-1.002091693103012,0.20743884949485092,1.9828808019047277,4.344501444588499,2.6557600495047047,3.2960296710996313,0
-0.5054896875573612,-0.944101673779301,-8.6310706092913,-0.32760418827541,-4.8436505802625565,2.5792614855749436,-0.3582822665167926,1.5319638716387094,-3.7795618662772057,3.505150582206825,-1.606943705658165,0
1.1847217542450248,0.3284267460228806,-4.5842860646657995,-0.8686884389546005,-2.07149764186812,0.962036307104168,0.655743846880718,-1.7204503420625774,0.9828874428800056,3.8402746771342655,-1.8372231090260382,0
-1.5676090443115371,1.4922807685713813,-3.6503372002340275,-0.4266080457382887,-0.3690681195967591,0.7886450355339744,2.5508453573768057,2.8438766047332553,-2.4017772637123307,1.2047651913569906,-2.237311457887332,1
0.04177520841614436,0.35851763770915546,-1.1873440064527692,2.3578485268496747,-0.924492222868321,0.5202897927340053,1.8171911645850503,-1.5658255628937607,0.35702755647104945,1.4807091919964919,-0.2530898044597727,0
0.6327033622377337,1.696613448625269,0.7021364529345102,-1.0880528225766528,2.76448021044352,1.2998607142916112,1.243364335456517,-1.0619388100941005,4.78095005164216,2.978367522348612,0.8515007412780382,1
-0.9651369840344137,1.5230915797488251,1.6892975587086216,0.6287385037590068,4.040892365927867,3.0065327146677223,2.350439141672936,2.264450029448551,0.12452201119420402,-0.4247881210375488,1.8494629870340087,0
1.0110380238769636,0.859532191647759,-4.889869925375157,0.5829039838829718,-0.27119744466071016,3.823784483589825,-1.4728808033008798,0.14906819625885426,-1.8147780255461847,1.7767621757244534,-1.457759686626848,0
-0.8539095924680234,0.5809144323081618,1.11346933756196,-1.5192105376610603,0.792205554472742,-0.8681370802958515,-0.3774906922869792,-0.9239195425842586,3.0158143135057345,1.1247915725531057,0.2945757215533795,0
-0.12224101927405494,0.5877874780284312,-1.2989186545087577,1.689545735124049,2.038322390023927,3.364020448400436,1.3885730580336595,3.408656652082114,-1.0299273274145762,0.7440993884020458,1.4987485825386138,0
-0.7505856595938275,0.2278858366443807,-3.2834787837893615,-0.9359944051561411,-0.23265891836640673,-0.37378309433608004,3.470708940118829,2.0489312313309527,-2.9509507401679693,0.451113011521604,-4.143676535507429,1
0.18956855055626662,-0.4238818664938395,0.09512219959166567,-1.7564513316693875,0.9275348585400863,2.3145627124772545,3.074946265533713,1.0318901894420303,-1.856159453278256,-0.40730163017330456,1.3528278123000963,0
0.47863831042150584,1.204557621692845,0.4895547429859309,0.11054170410316232,1.3959605456244701,-0.8684923856501097,-0.8482433987032527,-1.0869332806068517,4.2106756376386185,2.0806113491440903,-0.610856721836541,1
0.5840366580971127,-1.4977051966130974,-1.778941455112031,-0.5332778962451239,-0.16507607366609844,1.4713504235233286,-0.7806615776457243,3.009317004877671,-2.0221089845962514,-0.11821528485990251,0.6607952601145339,0
0.5687085725637956,-1.372201767266554,-2.929002518193107,-0.0031902077220193445,-2.0847171380171887,3.400878620100379,1.2232740630784826,-0.9233402858728266,-3.939139744600563,0.002707882041132259,0.7384103315785742,1
0.04921292679969396,1.143016749490522,-1.0637067144825179,-1.4917476762909647,2.4333195418033817,1.763794761356107,0.41401407979057214,2.292182083624778,0.31948346638353664,0.878702372453538,-0.5868885949096316,1
-0.9429786675007765,-0.01561971223747675,-0.37123653727994943,0.13109740965975197,2.3502602475096097,2.061078957205382,1.3186716453422425,-1.5728402797121515,3.810703117686565,3.0478924956785667,0.25479677285033475,1
0.6008981356046437,0.935734830640163,2.3567446279902513,-0.702194222914749,2.215758129674922,0.19106012262138106,-0.012483496125235471,-0.785810448217986,2.0379439007598537,-0.29310448094674446,0.7141952469999722,1
0.8957608844960737,-0.23485370323729407,0.050624492080086014,-1.0397595282194028,-1.0221603526175858,-3.1541931757163875,-3.0239220973260297,1.1161299497535797,8.455036967946077,5.323827717056406,2.7858641816767253,0
0.010109645384294659,0.8709393307874802,-1.7874683649314334,-0.6821338589197317,0.1366268710705012,-0.42316099666604146,1.4291345968676308,0.9105041804016383,1.610887141036647,2.4214013216462025,-1.2288190213624808,1
0.6050418857065081,-0.2183698771868193,-2.786606050754623,0.11063347258962519,-2.2542031650364986,1.2140507488868173,0.980603302196708,0.4994934870748923,2.4379614743744935,4.358112123046439,2.8052226454134033,0
-0.5431779997290501,0.3000455950123643,0.8804253236687054,-0.041317942695729915,1.5020134189538061,1.2904468474210709,2.378188041626339,1.956459283596085,0.6167847829823827,0.6062662267593548,2.1676243439281007,0
0.44294443895141783,0.32301994454728683,3.2830815806271656,0.7845011491568021,2.295960164871697,-0.6325934004089881,0.2307651720898568,0.9798431912346156,2.704549833670189,-0.25726971614430183,2.0760773054634063,0
1.0585202301887815,0.7909802979489907,3.412373375657806,-0.6084190401008229,3.4630354421616407,-1.4487197424358897,1.7311073334853693,0.42651714000167706,2.29653123004508,-0.8096016201046117,-0.7441498690723851,1
0.37966916089793507,0.4854189714428946,0.7333813382353511,0.49231589497170364,0.30354677339120784,-0.9465766559014746,-1.047972798743758,1.6391894432809728,2.3017190751114285,0.9846965313378179,1.5153626868072272,0
0.5136854485722424,0.14122740476028262,-1.7128294630703533,0.2753181325548441,0.40863828066492014,1.6056097022926066,1.1650493484235325,0.7458908999343192,0.8118229839542966,2.0714541115173475,0.3976704183388138,0
0.15630770738703798,-1.0879043146142946,-1.4332555512440468,-0.17987179674254514,-1.3085712739277011,-0.6578101444553863,-3.856111424110804,0.9714252710051884,1.6557066942532703,1.417894439199749,0.6815288390831967,0
-1.1180267230560048,-0.10261608758368415,-0.5067482709319931,-1.0573040415686183,2.7760457477411724,2.4703292496913987,0.9075668084947214,2.5742337086468368,1.475033069088341,1.6493811866851105,1.2479642078633302,0
1.1207327432356726,0.20146399279449806,-0.3952270743119562,-2.5081727208773925,2.8647196515246347,2.7017114020100648,2.3738779855101537,1.6369224303203913,1.950926001206065,2.208441511774011,1.2592609658886484,0
-1.9919133433361444,0.23446807689150848,-1.5793730371202572,1.999888078503412,-0.21632130005505956,1.3539587799342916,1.5528300831055537,1.8938925053068854,1.5825827687321115,2.8694657214417596,2.134561336785166,0
0.7488446459286752,0.804100141292592,0.6695958174370263,0.22150372553669287,-0.02092312748077596,0.32501746040902313,-2.4516347276916624,-2.127676654565275,1.5848522715424527,0.17059268601521815,0.7210013128953889,1
0.9924094386031841,-0.46600235792034167,-1.331166459214604,0.8771368770865152,-1.9926534138046634,0.7109423267992457,-1.529513837911648,-0.33119124194134897,-0.8863581571313283,0.30767599882599916,1.1631586322997074,0
-0.9370354984402199,0.8862272971314991,-1.3779581821404912,0.012707236821982538,-0.001956879999538197,1.5616668468864972,0.4461956899395807,2.6440372612994207,-1.1277353432068615,0.5542764071095094,1.296238932315253,0
-0.6961985297643117,-0.8286221717916377,-1.1643875811025406,0.06465426154227401,-0.4814501721931135,2.1587546958928616,-2.9707684258958316,-1.6668641265756095,0.20902175696065367,0.5337415073185718,0.9637207850767837,1
-0.9297342575936979,-0.41624481849629835,1.2180623714084986,0.6297389799564312,1.6126636888024426,-0.4535710173353147,0.3732224418288038,-0.8438106776146226,3.7664599309064912,1.6900834823264317,0.34345885663959086,0
0.9575196405835308,-1.166486806968885,0.9764445420406391,0.7133851898442795,0.6644460163032694,1.2538507331189577,-2.322614874765755,0.5250635300378461,0.05761406806483169,-0.8304796573487558,2.059839435051847,1
-1.0923424936658719,2.4351673774106226,0.5613020310566437,-1.0912846506974252,0.3077656530965476,1.7741239838770162,-0.787245405111271,-1.840350058708959,2.4859805006577016,1.518197487821073,2.600405055230031,1
-0.35597686788644767,1.3940457017686987,2.1815758623640127,1.5108618109603107,6.0444650468785115,3.5308740951875537,2.711257766724901,0.8523858423492355,2.558245763999053,0.7049232833006441,1.000824999007842,0
-0.683682908389858,1.117176114304863,-1.4970885917257135,0.7299933738490744,-1.993909368712612,-0.5117677137545893,-0.8809975936186886,1.2158176252591453,2.7454977564534517,3.1408022233142487,2.421829685186097,0
1.3711118971117553,-0.9254143071179254,-2.5839909206614853,0.5054878273637451,1.112074802152764,1.3717279032850846,3.113439593774101,1.898183353666922,-3.8593428274308312,-0.6504495903474483,-3.5558402461152854,1
0.43407623672204193,-0.7299324993410011,-2.709080709044257,0.4452874540446309,-0.02065474105316678,4.456722777524432,2.1535039748857194,0.03492984401136101,-6.391197070990575,-1.9363798319751608,-1.0920140378844407,1
-0.20784329549736597,1.2467481252909316,1.567583465704694,1.6310539074488435,2.7440647735690655,0.8149200214613193,1.4782328784492917,1.3425056996002747,2.412951100155917,0.9298102082295798,1.4072510511325071,1
-0.4220251057179792,0.5969311264540519,-0.15375306753172016,0.04409350635561894,0.20033924103621026,0.79853704158007,-1.610454995749267,-1.341949986637071,2.7371566354083603,1.7689490878471572,1.1967646501527578,1
0.5293190105800024,-0.6582487929290207,-0.3962150891649542,0.34646495491589,1.7202977411152292,-0.8646994827479162,-0.053182656551698626,1.711219597361773,3.6672700897139974,2.4963712268082556,-0.6199110593413222,1
-0.48498897477775504,0.9009151442880066,-3.436563814918302,0.22923590844927666,0.15432882532355618,3.3861648875370705,1.5316101158412543,3.147800678489904,-2.0063993654684182,1.6109793476916985,0.823556578550006,0
-0.37662935194261266,-1.3174763736901367,-1.7556300378754843,0.258892794356277,1.4129126920872788,1.5622348081579878,-0.35696207782024003,-0.5371503451496817,2.2072598989340233,2.4296403491206595,-0.9853425752244314,0
-0.6077242961491293,1.069413185174948,4.1442052251743595,-0.8846762421235587,1.6399408997503395,-0.9039870011413851,0.4911499774804936,0.5798341841627981,0.684522326223595,-2.0980233517376274,2.2013981489677548,0
-0.15616331930443153,-0.14151568917542415,-2.039301610884765,-1.1513358808071021,1.9656837535822866,4.002724710286886,1.6215993953215397,-2.9014480817265476,2.2752444038976005,3.222608610200974,-0.422217898214055,1
0.15471440265873082,-0.21658855711099198,-6.6953689457228585,-0.24441820447542761,-1.8092162015244713,5.118010865289066,-0.9893545747127576,1.5596753941176011,-7.0935941296155764,-0.33606122200742194,-2.0181102395741872,0
1.1402155329035546,2.202279369004692,1.4965862990441259,0.07593716773073068,0.5184068504232084,-0.6045442872902123,-1.942714142289666,1.9378899498629778,2.8112460305843494,0.8149836776482787,2.9446854625109227,1
0.906693891803795,-0.9027145403626243,-1.2355092943003505,1.318759613003344,1.5354815255011496,1.094348434210687,0.216231610529383,1.927855237658965,0.6555103250117807,1.221857422801722,-0.4886005373374801,1
-1.6898740763064042,-0.472590868490046,-3.658671535497904,-0.7879960612211389,0.22473228939506973,3.4933474378201583,-0.3866846551355694,0.6024075568581153,0.03765116222671826,2.6043418585582385,0.1870912637338893,1
0.18453489529089173,-0.2759347387117089,0.8223776595254116,-0.08808144199995342,-0.4793588195950982,0.7425016964463313,-4.508762539520511,-3.0674988623344768,0.5938489403095129,-0.9901119689809936,0.8377939615617417,1
1.1795722318249366,-1.0327635324821922,0.6262184182500956,-0.07836187280023263,1.9291392824894404,1.9276424608206795,-1.1582251511833777,0.9511272415821841,1.9783241237717097,0.9182042972371518,2.2020727154274446,1
-0.04913198742524077,-1.9042891538011044,0.7744348506756924,-0.45492307370068086,1.0357129347896328,-0.06121539217003402,0.5598210676366484,-0.4189410774969555,2.3664370966923665,1.1803946745890395,0.5352827510050127,0
-1.1574064623456743,0.1417248296032998,1.5726968748250898,0.4688889182238839,3.1051878171262914,-1.2572052013413542,-0.7767366722234892,2.0566355776679277,5.775265712118521,2.4891720984083885,0.7073934910157336,1
-1.311483240221455,3.3195763606933104,-2.290477102647166,-1.026051203342709,1.4011853849051723,1.4558088235002247,1.0825601632667865,1.424989902237291,0.004678959778955229,1.5424782826941446,-1.7028259313917347,1
1.0989586067968833,0.2557764368805153,1.7984780751875076,2.3059197071216917,1.1404985914538368,-0.4524583489879266,0.6238510811547127,-0.009540024012052672,2.1627592964152624,0.4334018681393339,1.210189747672796,0
0.4973934447334742,-0.8723937296083221,1.590506159596232,0.567773785554903,1.5009315442617281,-0.9655023712488826,1.8399678722679198,0.12467422127286965,-0.7716218474794834,-1.5686326420646393,-1.5808356420533456,1
-0.17730571618026314,0.9628840215386806,3.0441624895544703,-0.7343874036211082,0.8014902844829469,-0.4752231771647657,0.8074857567479988,2.2949049754118143,-0.7725174921716742,-2.0849537187223866,2.771056965297506,0
0.35247834762377633,-1.2933951019694891,0.6588062906210304,-2.193435250262769,2.2253823699372486,1.87891295550487,0.5771674115627066,0.3541832356088188,1.5646804479250724,0.834471034639885,1.254496074222895,1
1.2683288710953138,0.4108663084157826,-2.067552228910617,0.8067220764756241,-0.8329342347408786,-0.12961138003298545,-4.378082919224916,1.1324141560461158,1.4061566835407857,1.4601781129816906,-0.037171084440977165,0
-0.846375653102611,-0.8751489712630486,-4.011073328868905,0.32672277248258275,-1.3312275942116765,0.87776982532794,-3.6987098627467105,-0.9661715014530232,4.539455794016101,5.114311153035203,0.09049028515273738,0
-0.41731324618453247,1.1310336122652966,0.6300607526587041,1.6055287927469404,-0.09999065714572342,-1.0343425110373414,0.6147153041798401,2.637514732770823,3.9244207327394305,2.79084873024913,3.2985845440921455,0
1.369805527134502,1.274963850162447,1.8592717497990514,-0.5915666633260229,1.9556265749280306,-0.34768267523281593,0.611938999046047,0.6136415947555123,3.61755534626361,1.3676177020853344,1.5416912762836859,0
-1.3595822290040238,-0.3029444948249216,-3.276208861206462,1.4525867066449656,0.9042510775959658,2.2852860657668996,2.0793270515411493,2.1568236728901127,-2.8882785732545653,0.48013756704358923,-2.309871824599628,1
-1.8281637119603409,-0.5267434930547384,-0.3443537725235071,-0.2673924505794,0.8747660683276116,2.2729620147380043,-1.0476494032164434,-2.5074575799643535,1.0082796697515697,0.7365614226015563,0.275394077246923,1
-1.0057402751508657,-1.1075410261166934,1.8921225303931382,-1.6285497711922374,1.3754316535464184,-0.4956647575410664,-1.2599162701362334,-1.9274088190771965,3.264020456997357,0.5494768248147949,0.40089101077632916,1
0.6539591208288303,-0.3138098865133086,-1.747306054482423,-1.9213503504927227,3.492357188489284,0.7464554888358164,-0.7932321391401893,2.1264725398588413,4.478189388596517,3.5956165714018486,-1.7445536563266548,1
0.3231819062649683,-0.6151172693337165,-1.3997856175520478,0.30763754795139464,-0.2771967153143402,0.5830929385415131,1.2017398840814977,-0.9624451149192801,1.6098528742128988,2.305490954633764,-0.19534216053478848,0
-0.9015906089325789,0.7696711617045434,-4.525442466514815,0.20126769853822227,-0.6949705974539084,3.4837761621201873,-1.890155380042998,-0.06324219102815465,-1.9458020467729404,1.4077510113273648,-1.1301685562372565,0
0.42042214946063594,0.24705742882423085,1.1292505901319354,0.2288243488006312,-0.9779068969272671,-1.2383957581919738,-1.971964097543289,0.8266809732111514,1.194576860756109,-0.07815917318848054,2.1160262297233103,0
0.9030340582059191,-0.2684013722408916,0.3699443336531551,1.1193715021955404,-0.5679333042495314,-1.0802167814021653,1.4959087516163834,3.8348110578332584,2.652681618171635,2.3860006799285114,3.573621445827574,0
0.3773293360690258,-0.9673073286781919,2.060871178598461,0.6422223739050278,2.0453416720040556,0.6060457903301921,0.3508746776292293,2.542905126920134,0.5572976824908145,-0.7267516439147654,2.2716230612392567,0
-0.0939854042821313,-1.06602642034574,-2.746820437395913,0.384102199569432,1.401687957455649,4.021012853699105,1.8046971772139515,-0.856254663116136,1.1317696511942648,3.1116548141679194,0.11529892580300705,1
-0.0892145240548108,1.5222613612093625,0.6936123692219186,-0.26597150283105847,-0.6520610830905176,-0.5260091614294293,-0.019489976565167932,0.6295715314095855,2.876751445506918,1.8898187882682014,2.896617557850231,0
-0.7142582675739922,-0.36117523353200914,-1.4184834608697827,1.201484160532506,1.557388910504585,2.723754904761928,0.8853385305409238,2.9482218263311766,-0.4793155769485401,1.0484795529477724,1.2229121249125563,0
0.5443086506780991,-0.08345499168509164,-3.139905130519749,-0.598493401665127,-2.48549461106491,0.6121129166127647,-2.6805236830475394,1.0505752266813893,-0.07911478267455875,1.838665104658019,0.8930666636719131,0
1.3426906544923511,-1.1755225214869365,2.404894549626591,0.8888012659985954,5.190073382071348,-1.6117036589604217,-2.3768407968356775,1.8369548423406967,9.330559856389744,3.7545084919112384,0.376509870729411,1
-0.6505237560466023,-0.7076110630217023,-1.4200628043092647,-1.1315330371816816,1.8465843393585337,3.6900865724054532,0.6206727031464054,0.055529341851959346,-2.5423929228389675,-0.6882527768123741,-0.8305694892237188,1
-1.3246815630445756,0.034594179122404305,-0.7334721315966817,0.17925739445890046,-2.724982569310507,-1.9349232607168307,-2.9578976922353637,-0.24888305977596947,5.391957714062755,4.00575560876913,3.0274756338367546,0
-0.8764375739035378,0.7621107202488889,4.715286096324033,-0.2279565394676764,3.1181273845715793,-1.0516646578082192,0.8142041543214268,0.07245923679832034,3.895003778397577,-0.3658802757465478,2.255557763650272,0
0.1240840823915821,-1.4811895751476354,-3.04552429165939,0.911356574762488,2.038595888090857,2.778565840007622,-0.38125854400648573,2.644930972856705,2.244336251158526,3.529441344470451,0.1562892249556388,0
1.1321701843938814,-0.9815450886824051,-3.387725449682162,3.184460081802802,2.413842494112676,6.076855433028332,2.1580217978015983,-5.368138242490298,1.7525334028559634,3.7563775363818013,-1.751393270838765,1
-0.8765012403644957,-0.8567300771530401,-3.5588388757578384,-0.6626693294135231,-1.784685010287062,1.2337301587464813,-1.74675452644776,1.3405021865514648,0.639711694358081,2.788131753847286,0.8662217658899253,0
-0.678876987242579,-0.8195037260440405,0.23431626542828637,0.6954040347553954,1.3632824439141404,0.9646044523271982,0.46383620712081575,-1.8296903277254795,3.7276520695668154,2.46625827437608,0.6473216503914159,1
-0.5899864285617987,0.022869976101607903,0.8318908256360216,1.1013113305223643,1.1092976334929638,-0.0357754860185171,0.5489804410282353,0.027818560127082614,2.5235706871728687,1.2942038400797715,0.8878886360581029,1
1.0624583928386067,-0.2720284575803565,3.307280403945258,0.10516319255517921,2.6000112466830423,-0.2586023724949136,1.9511771955708683,0.007263690699862879,2.849027275511453,0.12968996953319056,1.693236405549233,0
0.30441227730053516,0.8075394013281304,-1.3634136617100767,0.3402895142797043,-1.3430955236597444,0.5920829594351287,-2.4304189043950517,-1.0608418734419898,0.2827530030820653,0.7496746660494218,0.36068559812283785,0
1.3303975205592151,-0.7028469676789468,-1.1188274593976222,0.3357480245500305,2.2277604225296215,1.2767025129608154,-1.6299069640778567,1.1483475998326667,4.439071168168518,3.381824345551064,0.5569115989659099,1
2.04051921167948,-1.6054397835115528,2.6150650371900337,-1.5326044858816348,1.9020708552058956,-0.02601359871164788,0.9465853168577059,1.412977393575034,1.6780951286857908,-0.2522080307508614,2.2596596302108667,0
-0.05125328452559927,0.5110689016954948,1.0658952876089212,-0.3062474541371115,2.2035019657765202,0.4884016941107898,1.1767281131944616,-0.37306847418833733,4.941185268292975,2.9226817102958482,1.48627149657346,1
0.9877917102689667,0.5775844995050071,-5.322154918371098,-1.339757238125158,-1.5587599159335448,3.4462593393367222,-0.2099163501469129,1.6909182595813443,-2.978388174376384,1.789866264149607,-0.4744999661940055,0
-1.5489065387401373,-0.8176747728837527,2.4706988578396687,1.185490745012713,0.8119370524601228,-1.6862493396823863,-1.2590902067859255,3.879778583842339,1.5366185749488668,-0.6197152729150814,2.841667135140452,1
0.44584104204834074,0.7761634004642883,-3.361982778778833,-0.6522844697336522,0.6334719070746592,1.9338713687501623,3.1222469782292808,0.5002121890470707,-3.0736575491487512,0.4538626587897261,-3.5551188100681634,1
0.7514954169456974,0.8950072803193297,-1.2269834159688704,-0.34853417738983333,-0.4728138365632575,-0.15513183500734917,2.5999408343419894,0.9114032744005456,-1.6096536509279629,0.1801077835410888,-1.2538708138596069,1
-0.4343954770250818,-0.20472553180936834,1.0835355135698335,1.0163330116667306,3.8122844610330624,1.644773124466282,0.8622862533069513,1.7588432872645559,-0.8612167877713509,-1.4476546267489026,-1.018620916943708,1
-0.14069422390646483,1.4445442510476376,1.1340946281431012,0.34216720973955755,3.245786294999422,2.1522156844024742,-0.6761664416133191,-0.3722329162499396,0.8770055219374131,-0.464675863235398,0.008689694539467219,1
-0.24242997206426153,1.0709524572501719,-0.7652451712101725,0.5600961357149166,-2.5276153144900673,-0.43824976230242263,2.1910316318221645,-0.43081006677144007,5.299289976556411,5.333250563210018,4.444029455903447,0
-0.4985425004620314,-1.575542387893488,-0.4424744408091454,-0.420480361288263,-1.2133086643365987,0.7052395286003946,1.1735244137058762,0.49856472398281093,-2.6111310800143586,-0.9712390350406435,0.7633774341697093,0
-0.10536195139383178,0.010970102743770735,-6.687336097861638,0.48492821853716256,-3.0909024572606265,4.204756476874878,-0.9856349971714373,0.30456777844337857,-3.5245905642572355,2.334677659143208,-0.300635634850853,0
-1.520512025857963,1.9995536450622688,-3.528962848711569,-0.1915446622691389,-1.5624906250133432,1.0535709270285512,-1.1224067148041856,1.1265293512496477,1.7772753439215123,3.6482372261164637,0.9056625416622951,0
-0.860069573497328,-0.4390744541590412,0.7343305552895579,1.5394040396512505,2.9066243601658526,1.9461490538363773,1.6784915638391538,0.26310248851973994,1.7202705187855107,0.9919989232915642,0.6113638459852689,0
0.20300473242344355,0.45511912359842194,0.27124914870595623,0.6937272681124195,0.8654762018375199,1.5454449368339913,0.5715585184082557,-0.8656938558983893,0.0058238976933378496,0.02013908838966827,0.557906504390002,1
-0.8935253308203944,0.1967974702799732,2.257037436542824,-2.546199228462453,2.3190572115071992,-0.44137982947880117,-2.0825906019940987,-1.120577656673786,4.669845926827111,1.0840758514638615,0.9206406436581391,1
-0.25041474780362033,0.24136491549765868,2.9778699836138682,-1.1359900231651339,-0.5126865132245793,-1.5466611867219306,1.086897962541044,-0.33875275645173986,-0.23867502322273199,-1.7383042056782565,1.795065748831517,0
-0.2309197374808342,1.0918280401412304,-7.107615655933121,0.77651356773397,-2.0514468514397604,3.1628462018661545,2.891557536802762,2.5825450537864514,-7.22515577071955,0.37745955100618944,-3.914281426009419,1
-0.42090050728757183,-0.8008571865620788,0.9662885179560112,0.8997828153965933,2.2471898310816476,1.8824784618599768,-0.5420368423706631,-0.6227599928695001,1.533736021887213,0.3084292556314848,0.9607015010063475,1
-0.18389845720684078,0.4183394123831835,-4.740144495835328,0.08359520956025984,-1.6995421558778916,3.4132205671697506,1.650425228746947,0.704122441617103,-3.3111392755645714,1.5788983120574094,-0.4306228511268376,1
1.5974849744507107,-0.5193199852521215,-0.9143312074677203,0.7415387352396187,0.5838575189555184,1.4523114754109092,0.45832358062662637,1.5968586922095096,0.34175889792045616,1.1485554416448913,1.123974182396708,0
-0.24566406007640657,-0.14423562458936984,4.893261146773232,-0.5824334346494339,5.7654258377698815,-1.2209187112806408,-2.6749512428507813,0.3896380746088226,8.246361618371527,1.375767421766768,1.4378134019237874,1
-1.079517913579344,0.8546815406956638,-0.14358468260050314,0.346565455564596,0.8177098478915671,0.9244541558256203,-1.3566319506466158,0.3099431617143573,3.753076373596406,2.6082981879295097,2.1212884866797435,1
-2.242134442764088,0.34605563256845534,-1.0339564114586572,0.4169343045650009,-0.7159407262553861,0.6433952683366131,0.7709848313388756,0.20479096815736364,-0.7726046080669317,0.4648636886522408,0.22671940727173867,0
0.6843670195008607,0.4221724536716635,-2.851754483968138,-0.5922457675210971,0.8915052186105596,3.4231519330379694,1.5255532515295016,3.10954622298403,-1.2901896282238214,1.661620839399013,0.9610411171675326,0
1.5356077174826417,0.25197114779965196,0.025462768447424174,0.3232955945869614,0.9625270278979743,0.21353702697149823,0.20441933154326897,0.2588331821709473,2.6782134985816124,1.8683647851816252,0.6881919046006817,0
0.08209630161055494,-0.7091175854466101,-6.39928434814573,-0.8789612127985715,-1.1601196682218924,4.5168858459315615,-0.23190238041319877,3.7020335836625207,-4.650061703933768,1.41612327276047,-0.6087726386818271,0
-0.10135241042257459,-0.3044940369963402,-2.587302104450204,-1.6252821735746914,-0.2595037757135751,2.581267134397578,-0.08004224641339441,1.9452220149868293,-2.849938271153345,-0.0005865787433319003,0.13181886521000796,0
-0.7506552734978384,1.3490076395967383,1.1456209850265604,-0.6615699728629645,0.3777093519006339,0.1426424450884206,2.0404274188401947,-1.4437542098969955,0.7944154036778145,0.24281092768193824,0.5741489776744695,0
-1.3666583115440964,0.7547700524889571,2.152855044261904,-0.8556215675322636,0.316041410935777,-1.221292158041368,0.5550275490812788,-0.05023194772852824,4.436101207267309,1.9683134519488714,2.92932585565199,0
0.14926468954967118,0.1555339153416334,-2.4137340806721146,0.26776849711834966,-0.052552767584604254,2.1979832611235857,-1.053127739694868,5.5984620286760425,-2.5191348072806554,0.15024247160043747,1.9443000112049185,0
-0.39517798602866533,0.06481872822410048,0.185250604909526,-0.9581355810152642,-0.6646080515863708,-0.7789493502748281,0.035428059994764505,1.9060667716559174,3.6270725172521394,2.7991044136180037,3.211433322765565,0
0.8980483231599345,-0.7892669856665824,0.3284419275867979,0.4817982416833216,0.8659407808591137,1.2370120829652786,3.432083378034361,-0.2112965802769351,-6.780912681444212,-4.462480304990189,-3.0027585233165937,1
1.3194119936377133,1.5984368156350994,2.8632537456882146,1.2765935699102526,1.8223216953931702,0.42935882467906916,2.019538971397549,0.11969151409436218,0.23568519335175045,-1.2310588752846803,1.642564466089027,0
-0.2605758154312417,0.39790704520682446,-1.799753500947361,1.0602474395127632,2.3856562301584234,1.042399291302315,-0.3812034808147984,2.793888594497834,3.1140185226882076,3.0882012220300536,-0.40231528311501574,1
0.34474016491367765,0.6737805686909281,-0.07875747143129695,-0.20888945363629288,2.431622648681223,-2.151720601563107,0.5654344593486753,0.4733009415941598,5.73833552921839,3.454503775303096,-2.294576127251686,1
-0.4199124373978156,0.9090552471076013,1.6746211174347152,1.7235086142634273,0.6739394889807913,0.5133960876999428,-2.633818648006735,0.13799358592053945,-0.08806281809207572,-1.5692052852887235,1.6282526133232853,1
0.47645875034223373,1.0224040747071528,-5.6163213570510715,-0.41656787548911406,-0.3036909253188047,2.419284564404213,0.7232504367768795,2.5794586526764274,-0.7993227440539803,3.3390798920887073,-1.8744580942157554,1
0.4812804699165316,0.6091971256907374,-1.6410767211148318,1.0545905988902635,3.108170332678461,3.824443986332047,0.7724158196290767,0.8156565578792219,-2.9442215862557792,-1.048762164044149,-2.260894378373316,1
0.0482619165767786,0.8497001927342976,-2.478286326923656,-0.8742079502156836,-0.25980638845119874,1.3137129470113058,2.1958869773698417,0.37192607434036895,-0.903379582983268,1.484866894633065,-1.1036679470464155,1
-1.284268025453328,-0.3002083800347043,2.467249550323694,-1.0480012998827202,2.1466888980548435,-1.05557211777931,1.144715842518441,0.546292505477211,3.589500292729717,0.941793873145996,1.0868315907285815,1
1.5502740941010813,-0.38010701489689064,-5.260994734696597,-0.7648932623609518,-2.357025525610649,4.124357605778221,3.1327907462026223,-0.013391825782029354,-6.685895838602928,-0.10218551929241682,-1.576094696411473,1
0.366984066539595,0.762813800626748,-0.012547971902117167,1.3876600577230809,0.7620169801406432,1.9854956147418723,2.381566724090809,0.7450182346797716,-1.5651177390035296,-0.3406008289387137,1.0257765851195964,0
2.3420078133665743,0.9602049236592177,-0.6456866542165097,-0.1685441989111698,1.8131564784329421,1.3692457052073175,0.45232178313483695,0.8036529450960808,0.22373744836017484,0.5258127701689443,-0.7511621726851171,1
-0.4667771168837986,0.7559313579560704,-5.058206634134038,0.8325036091866398,-1.3977680563251276,2.587317812294728,-3.40129460974478,-0.38753817611428243,-0.6860556979783761,2.251699514282694,-1.4416697585347062,0
1.106598526026883,0.50306656800365,0.7727793993962286,0.9865927071788712,0.3654965052404757,-0.13652520539875068,-0.5877506755822242,0.08387535651309319,1.4279623908511192,0.4221405371322424,1.0559829869785031,1
-0.5624318143222083,0.6922895904225587,-2.9771059540688514,0.9020241159901942,-2.241761475693746,0.5983727854609573,-1.6120559654077375,0.20168976154813079,1.8889337810426525,3.3182444227874184,1.3319521209861562,0
0.32583777171413125,-2.435033815831541,-3.829063102257262,0.792204620488719,-3.285194594770896,2.1089182982720835,0.06342718802735114,-1.3875259856504347,0.07893873139436586,3.2057094061071676,1.5894483256242866,0
0.7754892890316023,-0.6792212887301169,1.2682788304575208,0.459824443278955,-0.102709006897028,-1.1777461442410049,1.6537897861469602,-2.8282912326191627,2.9510872500503096,1.4175332422392666,0.08083577750163384,0
1.5836409423180713,1.8139711900903335,-5.222317451215775,-1.2917208265680624,-2.9513180450536622,2.807229549532413,-0.448149012030862,0.6555788644506433,-2.1376815171915737,2.4236929069790634,0.4568003308134069,0
-0.6852929414749414,1.140984653290535,-2.214020813781975,-0.41866516904812295,0.9735360268247434,3.3235972618756673,-0.10293598723381847,0.6947852886344448,2.342320766249889,3.420124568361304,1.9641743569312338,1
-1.0942448787036343,0.1604591590531851,1.4388382910701456,-1.489645469478193,1.33768087320672,-0.19830953839913157,-0.14223482388982245,0.15565327327637735,3.671399190248032,1.6034929184574307,1.7726464823141193,1
-0.7068541007613102,-0.3762080260868341,-1.3957691105164542,1.1783443151858612,0.0384588756087324,2.4433634047251966,-1.682433966042793,-0.677515040259996,0.38566577827309084,1.0951714079624086,1.0962228972143748,1
0.6384169503645594,-0.9343132734987522,-1.0698297815217552,0.026813652549590748,-1.7223294567969285,-0.19091492042118086,0.09014724841539945,0.8834387475660166,-0.7135873503454258,0.5120571186539561,0.877823840337482,0
-0.7428614524242555,-0.6225378644643177,1.3138140975318413,0.7351531456604922,0.5942970868398758,-0.15672293528254966,1.2033722025208395,-1.2790187929045729,1.452357273244508,0.36204731745275076,0.5762530530986811,1
-0.7552264573273251,1.7732295635846738,-0.29201421941290784,1.3763192076321054,0.18072661355024788,-0.44505147284180335,-1.412167702295132,1.4358781025568297,2.2323309460907317,1.5090217066500689,0.9629730601809846,0
-1.3969109246986724,-0.46569973481476007,0.8054648706115789,0.7661718166064864,-0.20593698819775863,-0.3470005476620943,-2.341683111472304,0.20262696105464517,1.7830685511468034,0.39198086237685204,1.7956637429380977,1
0.7039745495970766,-0.4229629421852445,-0.6685703835911821,1.291636366443024,-0.9205572030303207,0.6807637372615436,-0.99177739175181,2.038799117218435,-2.573713435117654,-1.2332141395703173,1.0205904696744217,0
1.467150056059464,1.710482882699269,2.1749700212256253,2.317864951274901,1.4822274307563623,0.38552594157635967,1.6759282070790176,1.7444916735400935,0.6299164708959109,-0.42448554864371735,2.424753366259141,1
-0.7499018122239585,0.5691001495707483,3.80967423964395,-1.5792333167949382,3.251575214196933,-0.016295181120089763,2.956459875003453,-1.2432271122897323,4.023398454156655,0.7398667702182833,1.6341420748407507,0
1.0650705472532318,0.19994210722235317,-0.38286343680346596,-0.09607458313196357,0.9889965658240973,0.10357479142810877,-1.2785563707609278,1.4705788865035172,2.68101355487927,1.8427714821816852,0.7699509629702155,0
-1.0447334336636873,0.5210520101675924,-0.950712055960344,-1.1792499216067043,-1.6198407131744192,0.28575583625228507,0.04181247159904111,-0.9669422186776255,3.8095104197479848,3.7251800271740017,2.8065781294582512,0
1.9835688562590255,-0.24459510068435916,0.18328747434618442,-0.4805495928702559,2.202925200477514,-0.6419124667362708,-0.38928851393212094,0.9132217207425081,5.1597309326496426,3.08867433222227,0.017645047596275498,1
-0.031074911380634646,1.3108482057767517,0.9660416412545125,-1.0296629142681242,0.29663299753509453,0.5801909130009144,3.695628418910326,1.7674901326869636,2.295182587927723,2.23360968793318,3.7431586630018643,0
0.7756293862239164,-0.11829164282623533,1.3231517061736395,1.949726093408297,1.1601542614628988,0.305992086065378,0.5708393604920339,-1.8700320028497188,0.9618387347538963,-0.24458762990651617,-0.1965177709008803,1
0.08643258899562194,2.4619949692860392,-1.4040331024210582,-0.49572928337180444,1.0328973419037892,2.0052864679128604,0.6761770400474394,1.3989561604892486,-0.9312023690243308,0.49003957652239205,-0.12939508355244234,1
-0.30831517773301564,-0.6423118208566949,-5.242436964490808,1.7297131430994563,0.3230416316199638,4.150986453909644,0.6823830817704,3.4038792277123386,-2.0106902331627636,2.51499144050192,-0.3469056532186867,0
0.09456681490099347,-1.9173568714429692,-1.1544720970741835,-0.4025497816516615,2.1677868092119423,2.284036998453971,0.4153097846821373,1.3970179957713038,1.2589035508068165,1.7205773423277515,0.2435473204041383,0
-0.44191260738827703,0.9502169719819242,2.427953752922522,0.7564386074215785,-0.2836241880531749,-2.554601294220853,-0.09636810724394385,2.6097324567090934,2.926768555028261,0.6649936652053737,3.147534627934175,0
-0.8731748852722713,-1.765347289922146,-0.057106445402180336,0.2713811492354218,1.1683353143559263,1.1973149423141445,-0.21607580106178392,-0.019025196363126495,3.0135042277622754,2.201096619491323,1.5228924000567075,1
0.546545837692218,0.2760268264071971,1.5996939676375355,-1.1414932786103675,4.17587686366905,0.10730999036361488,-1.368455401555837,-0.09022435398047635,5.919125760431526,2.2783605277114027,-0.1816077971906086,1
1.023628012912996,-2.1372449032040794,-0.7196032923385022,-0.6135201882985204,-0.6518918005434522,0.5873612373195678,-0.1959807712506083,2.294170135302136,-1.0846462071548675,0.02053889066502035,1.487303892452083,0
-1.4553633829406534,0.40461403570918963,-1.6382592352572052,0.13032520019446794,-1.5181039596494512,0.6048703113876783,-2.325050939660641,0.055750011058439464,-0.989438749665701,0.11512472230252513,0.26329042603847885,0
2.274089358700066,-1.0385548110455285,0.5527706658884921,-0.5891882981335973,0.9623505283582158,1.4147818754139858,0.6912821982026806,1.698787502772869,-1.5918867880938317,-1.109558360234446,1.2512896628746497,0
-1.149249198859035,-1.326250568628572,-4.103224957020707,1.2469584632802582,-1.1927812433764555,3.2964062048208267,-2.4611738180093417,-0.34103956718633155,-3.1894556602919053,0.18647932321071137,-1.1086837249252186,0
-0.14093503346477268,1.105050440251338,4.868434048240602,1.3038365685612094,2.1925977866773882,-3.27330869403845,0.9404374671376898,1.9887774974475105,2.926890736868541,-1.2058188925133884,1.5499513346951597,1
-3.102992456909444,0.37966671347454056,1.8689721729154172,-0.3371613195296986,0.5119515560515437,-1.0306878475865076,-1.193971938710873,2.5459325471685004,0.5374725166508394,-0.9488704929022327,1.9959876177850164,0
0.9755586236466529,-0.7010221964166975,-2.301227882837904,1.5417434494713602,0.7786670621957803,-0.4936193375383995,2.8476046467989753,2.310071682962022,-1.5122332467525015,0.6253898898828949,-3.5330109823873257,1
-1.6200476847146652,0.3862271335087105,-4.466438360573178,-0.0855709685785053,-1.6889500054186937,2.346883622827581,-0.6240819760632565,0.06878421931878209,0.9174006014821587,3.8124265178748034,0.4753996462045331,0
0.8528376869510752,-0.42978726979956366,-2.329249713212119,-1.3423668573554435,1.1497257219509847,2.3117165619274047,0.2397477534190634,2.0916747428216693,0.46463880485579445,2.025409525591094,0.22355552417264368,1
-0.6457084086973469,-0.3743661935626251,-8.92976078688995,0.5246384974683639,-4.010659284046695,3.8107676743626393,5.239297935267709,2.476016990645519,-11.265785586822703,-0.5651971950373211,-4.938927016462361,1
-1.9615526869579496,-0.027798501227288174,0.8693384433086189,0.024194555726239915,-0.8877307191860704,-0.06482582033370754,-4.078546363257542,0.420682329475226,-0.7499646125186876,-1.6712612469379908,1.7868990384403949,1
-1.2404852144368301,1.150908437427645,-3.5422192707305857,0.30077645565675654,0.9310389886871953,3.5056678634825067,3.0189149344283477,1.2624941875418787,-6.098066990917234,-1.4074254490419658,-3.4446414885318446,1
-0.6097568022474418,0.49448893694104784,-0.6637655645703178,-0.3641561757030338,0.647569155268784,1.4642027148571575,-1.2969333917314225,-1.858430961161174,3.495942708410746,2.6563698593801868,0.9727294617474526,1
0.6296407704551701,0.0918826141058788,-2.864621701355296,-1.2874618631245833,-0.2733270753340402,3.5972333339506184,2.678023285837634,0.6688631520577383,-6.706386200933449,-2.0352446510536986,-1.7608303327829264,1
0.11825122775047091,0.42087329647461513,-1.1983282539002966,-0.5692411438733613,-0.8054482417687686,-0.10578443781869695,-0.42422619590115973,2.26547081373685,2.3173114229538774,2.6559865227389157,2.1472341177677343,0
0.8947951606702397,-1.0400002973520157,-4.047025788580021,-0.42308935037289425,0.4416307960993745,5.24959905538302,-0.3808021608891393,-5.086796771993959,1.3576792375750957,3.58492561131057,-1.0843641604782506,1
-1.4355592434121784,0.6203459143913744,-3.2276815823935214,0.852534228359461,-0.08263701516518851,1.5235242074246056,2.288668683516799,0.1882471325497156,-0.947928465919571,1.8499741187004566,-2.0410398541773542,1
0.6030468215276475,-0.767106182394562,-2.7945860078196816,1.697985141944124,2.3462323324858714,2.378699799948106,-1.0382340718175072,1.773752374261605,2.131283194572412,2.928283549315337,-1.0147824821644573,1
-0.26828379006485464,-1.620322623286599,-1.2606166811936204,1.371773214309747,1.8290801810630333,3.511147411523577,1.097793081517123,-2.2030113697708815,0.6102262928226067,1.447391252516684,-0.46764856782792896,1
0.9689063310288096,-0.38456465833933284,-0.059227360779323356,-0.14942505264038422,2.0837456669724306,1.6825079127360119,1.5152061773066898,-1.907035658469746,3.9228325774405253,2.9651982231651424,0.34939731428706555,1
-0.3153178322416694,1.6019508810900889,0.15165040062022192,-1.02986823866526,1.469632635756699,2.2141481416879047,-1.089336967899775,-2.177980703325881,1.0804269038441308,0.3931864909302515,0.24628306269775446,1
-0.6076841111892507,0.907265337569945,3.918758724918899,0.18488602174972368,-0.14913801272469773,-2.301230001842005,0.36708867159361036,2.5112323069796014,1.058635527594889,-1.4037552533487676,3.8735337229696265,0
0.04055202473553736,1.8874668372445242,3.159488490467703,-0.07606170187629813,3.5685839757835116,0.5109878684888747,2.8418133706801205,-1.30058320365602,4.0276808152020855,1.0880955330524584,1.109226720906909,0
1.4364725743042277,-0.9079741100091573,-2.1736617910772407,-1.9841889217047362,-0.24615476020324012,0.49434662472609614,1.1664377763433986,0.1210115841704611,0.7795344606556514,2.1583276064864187,-1.0088260755840865,1
-0.9251738647184545,-0.7122086450196289,-1.2671687141977899,-0.2316921909595969,-0.17398786192715332,2.2631160101836834,-2.891346504715229,0.6782249501740458,0.4776290140704448,0.9709373089127022,2.1285346316077547,1
0.9568219604611041,0.39915100145203625,-5.613423718010129,-0.034225637765016595,-2.341490932922158,1.0195052226354786,3.7701942025940722,2.035147793060136,-3.7636554343607243,1.9424164419921741,-2.8781270827292804,1
-0.8820187889736997,0.3971241597363994,1.088308727817415,3.23504237201998,1.8467288447090957,-1.9741388245837221,1.9920989075566902,1.1598114799815509,4.331593813061593,2.3456022388698514,-0.3877906881507094,1
-0.46004961898138064,0.21629346766648644,-3.469804406635503,-0.10582896007820888,-2.7778759349994804,1.0929464224772971,-2.2524813945934454,-0.03959416853074238,0.3996099636803221,2.53561095244071,1.0841494188057053,0
-0.40289969052414926,1.797899440752651,-1.3000959419588172,0.21565467707982178,0.7237850866209157,1.9454687079610926,1.6074607525272349,2.212190957905041,-3.193066091118023,-0.9134349079977067,-0.42989175324029094,1
-1.167170059904042,-0.2670749067893191,-1.8837604636993566,1.1543807774565258,-1.8373144254724578,0.9552474728549356,-2.2568962504767285,-1.818255916112157,0.7318710469797428,1.5243368100700816,0.6303321231003499,0
1.1133384641403155,-0.06558948558057562,-3.295511811482899,-0.6692079784309604,2.709073594803457,1.359999022735471,1.9426115780630617,4.006274568734793,-1.6447017414275533,0.9264035715082045,-3.923602756222288,1
1.0501903377554456,0.6952940128665278,1.0612499996054157,-1.2662872232958522,2.930715846507903,2.520137167077867,-1.7531577750175686,-0.3866440038608281,3.7304385909074873,1.6246285691207856,2.2865801228858262,1
0.18033028776982649,-0.5890216180407712,-3.121318773199026,0.9563355463331709,-1.0372316740830172,1.0296296920356347,3.251987197484437,1.5335247504988905,-4.667227044862659,-0.5219099327856054,-2.522923555474744,1
-0.9706923585378259,-0.1931045747014745,-1.0687688182397037,0.5271559560120623,1.2674983503772648,2.241073189936241,-0.9328427024073267,-1.4638470134347794,5.096442000474433,4.195080925631487,1.780671959597674,1
-1.3277864396033596,0.8744994839407346,-4.560942084654929,0.3428382591752212,-0.23004441402293985,4.082129805026297,-4.141274687023055,-0.24356510242979956,-5.790188187755508,-1.9478792734049377,-3.2645132766480085,0
-0.12191842501200262,-1.7560367509915824,1.0998452225468074,-1.1007034193073781,-0.9116931219206671,-1.4058359351984553,-0.5368838458309486,1.6689928997453976,1.6811658497389201,0.6432135955875125,2.585388096349735,0
0.8860504361762447,-0.15402276297545783,-3.3856205910091273,-1.6475326529819636,-0.20107890298193531,2.783730811631697,0.06849335862170713,3.33344408315654,-1.9379532891176396,1.2915798962262823,0.7337231394724336,0
-0.17269756334554875,-0.06654963310508115,0.24955126859424243,-0.7593908842503823,5.002518485760357,0.8804353339710378,-0.2718873325637561,2.7985613046635263,2.6861116231500985,1.040328749703392,-1.8211585547105114,1
0.3192480395717219,-0.033001764051579015,2.7052265274633203,0.4745650121851137,1.573397632126289,-0.982166340518658,-1.5137380434095102,0.6239050065699723,3.9628181944975074,0.6750087592189777,2.36849038749825,1
1.7226118774387265,-0.15655546220180358,-0.39852797880459906,-0.6663425064908102,-1.7679588656521261,-0.9839068264116624,-1.1072481804693914,2.2469645035624612,1.3043391617906617,1.3764077541042752,2.6247030839406165,0
-0.44526518543452176,1.6343110360129955,-0.09310306270911752,-0.6279696798330984,1.8285033369588275,2.9411936171581203,0.96787319402311,0.1986631449895081,-2.3987293962736094,-1.3426098949432856,-0.05686934958137202,1
0.6075210630847001,0.7241985834471785,-0.9755210322419515,-0.678011619063562,-0.3603754891155575,1.4237237134929428,2.44228870626922,1.4277537845909558,0.401853752290696,1.8704102306998927,2.164583864603477,0
0.37671870450264855,-0.4289756933867517,-3.6679218350749863,-1.1849529941997006,-1.912566497569134,1.1756802206928856,-5.2978596787103225,-1.050252026844285,-0.4773966300662103,1.0271628364131984,-1.2407212582264124,0
-1.6088787867139238,-1.1685126725367982,0.14793884648516162,0.8672413149672393,2.4950370398409083,2.5171690416075796,1.6287918724619581,3.909987651974268,0.30393712218764674,0.7900097542701091,2.551800190123088,0
1.2673420205366661,-0.4439336138290225,0.6969602956290867,-0.38803441438767095,2.2439294612376073,2.181471701440376,1.565504966874593,2.3990337720990134,-0.5656445907897247,-0.3128730902561827,1.7063160019888586,0
0.08511381857573391,-0.0004022378501607129,2.3208796889521355,-1.0551799010419807,1.070101846089485,0.3932991653338741,-1.922623825210853,-0.267487372528903,-1.275837064362683,-2.801375688213042,0.83210756920432,1
0.24987052458078682,0.7386516731271642,0.17953149339616908,1.115490066090023,-0.9758959553378583,-0.23689284197059424,-3.211207260980291,-0.22444401217721355,1.9681373929817367,0.8405988174808499,2.0295483444405855,1
0.006399692239133251,0.12772289942894263,-1.9757438060618577,-0.41043942013226303,0.2757955720431319,-0.2069889287197202,2.5884465459613555,1.152736828921685,0.014328869300106817,1.6147518965142416,-2.0614248414535834,1
0.1060093811588421,-0.6878065397258992,-4.261466833362095,-1.7290339747909016,0.10070090497978224,2.269600711340516,1.5981033004459047,0.9193771953566554,-1.017524033721047,2.370355438085701,-2.144285052342889,1
-0.34219109450101454,0.7835925689095434,1.1870999106872289,0.3894299606022993,0.6041693792749785,-0.428162335419251,0.4953897161931857,1.2435819617572912,2.8571456905156567,1.4990195098943497,2.3502149891572977,0
0.6753427323921138,-0.46639056886931385,-1.470632571285968,-0.7434449870567859,1.7387744583629743,1.3934077663820295,-0.32628055587981053,1.7200045878899446,3.125163318507764,3.0676119053159163,0.5616576526144181,0
1.174595196811972,-0.13096598875293108,2.9339028351297576,0.6300012839689842,2.194541987736569,-1.3108112249563035,0.8954597275455456,0.24944873743310292,4.654218816308091,1.3449294117861181,1.639932705913762,1
-0.41438001497173665,0.4413297543165536,-2.7096991864656697,-0.5535471567860851,-0.888577659921806,1.7790463311118248,0.4787911316769091,0.8201313034956537,-1.7909574112027915,0.8590696945414351,-0.25854910540149767,0
-1.221404606344146,-1.9354477557036889,0.23730519065551875,1.2899363897100606,0.17623094690094954,0.5060527135359155,-1.1427682035560314,-0.8539387225062802,1.1020379411485295,0.43254655974400935,0.7218564216002499,1
-0.13110261896833061,-1.7213385264622612,0.4692329165809321,0.8079245705033044,1.1264459891041994,-1.0021535453115784,-0.030959031711235818,-0.3727291645895363,4.169824673776233,2.344346799734475,-0.04177952430790055,1
0.4933503770060352,-0.21161660259588283,-0.17459325740634515,-1.2287188319997795,1.745052913752883,-0.6368267284087012,-1.0235400670944568,0.31539664808039203,6.408884261564607,4.129539758631917,0.5132568078821069,0
-1.6800075893456086,0.006057757210488542,-2.2003296039792026,-1.5271561788459982,-0.4846699734168358,-0.2797570097523039,-6.69248866100049,-1.523845055157956,3.4003419282650404,2.149893544197113,-1.3276581760139576,0
-0.2774418064302504,0.7747170674491367,-1.0322659709227087,-0.7506662691782143,1.5626086321716655,2.9919631290948208,-0.8684214119964404,-0.7666052486145533,2.1965495540946534,2.1715711958031676,1.1876920514880545,1
-1.2525095302154674,0.6431486570850107,1.9323615325004233,0.6202400759196449,1.2284544999852027,-0.9026342075435805,2.0880014070643576,-2.346077259495664,4.684719395965195,2.237369488645413,0.7142800156314847,0
-1.1732771997161504,-0.5482939993659197,3.9452092563330563,1.9081331342345431,0.5771685748219326,-1.210444698708041,-0.09993937084149551,1.3643507571769415,-0.5214226816724843,-2.7567892677097428,2.7484872051739035,0
0.8832697019555942,0.0057088153438536,-0.49890527905942483,-0.5328276579352668,0.9357845718250163,0.4920757176466155,-0.7185403334012721,1.8338356462486787,1.7565241304346109,1.4637838035950692,0.892510704593152,0
-0.30169202416451524,-1.7038056642976642,1.4616342318354205,-0.6926135004198948,-0.4744668975952355,-1.7042444494737952,0.20734577017017042,0.4424936496534646,2.5410674488844873,0.9757306253743797,1.8333013394457727,0
-0.9935799596427966,0.13297729664677949,-3.559917748502959,-0.4614589054306781,-1.417602018487143,3.3749789906031773,-0.05246275425265601,1.0644141948718997,-4.341259010737151,-0.2299683578805065,0.11436130324845861,0
0.6959249737224155,0.13760197747775557,-1.9954068201442134,0.04541317689244211,1.4633116240772097,2.527165446557447,1.1632007307622518,1.547394036161546,1.1310492556754674,2.469001035540128,0.5107166434389704,0
-1.0827156379952567,0.8209552041072602,-1.0011021573210148,0.38704796117469054,2.2206157395884345,3.0209422404961295,1.0155769173444917,-2.633827111281399,3.0231447455981417,2.8586995237870987,-0.2008765771418739,0
-0.46199424625100477,0.08980640995501495,1.7396574745307591,-0.28013792214089217,0.9964522645706478,-2.176055125789247,0.7821003035062974,2.1918123729690437,5.112193581620862,2.5824666705147736,2.180712726958369,1
0.46327186982759355,0.8811449919130084,-2.834311890683936,1.3922983462403686,1.0025760066703906,4.561121187340554,-1.3290022528082668,-0.9171201861632979,1.6242970961441114,3.043675434781803,1.3490765413039827,1
0.6630940531781264,0.9625593407017996,2.0601544443060855,-0.7287751276139482,0.986788388221874,-0.7054848140807353,0.21946233779628543,-1.865204382088927,4.03772280754407,1.4212323062081391,1.3022409994776485,1
-0.12577368340268422,-2.43142718824456,-0.8505720328124694,1.0501255370920362,-0.06891254302282657,1.8679227552359132,-1.350143771737187,-0.9428288153161826,-0.7648206101582595,-0.09875798790885537,0.373429450746541,1
-1.6148458343309195,0.7445417608192437,-5.647539642438781,0.1779135197748024,-2.753840262725225,3.123801325716185,-2.3990992386675725,0.38090777129321496,-2.7693712907527877,1.7394101645371611,-0.41966824123558766,0
-1.1206031233953477,-2.3984971981346614,1.0969951637228064,0.5989440745816657,-0.026801505173147833,-0.9933987157657806,-0.5877498960291065,1.0996741952870375,1.329753844348252,0.18817035140528415,1.4361238719164495,0
0.5771209781458801,-0.7404830238244353,-0.17119254810030973,0.3826039884405998,-1.8339750674654385,-1.2438138622499935,-2.061003561800227,0.2834824425593172,1.981054778434903,1.3325190906832463,1.838142778875325,0
-2.0328582583691337,-0.355691290118906,-4.632047967823022,0.5161487584099927,-0.1707066970608193,1.4019907646307659,2.868450728671899,2.037356845817399,-3.3569134649926986,1.082181812196721,-3.839593487409328,1
0.037302517087776856,0.7496554186091842,-5.140793240820083,-0.028554734078645286,0.24626300386949052,3.2522801421739027,1.494902264548786,2.4761157675031837,-4.5607034379248,0.47599311839343983,-3.1335563176012102,1
0.19838274114941226,-0.6380676563808942,1.568342484862739,0.5436951734786939,1.0275720874865215,0.09596279105831307,0.8943788314902005,2.354250836577016,0.9452622282795711,0.06593454922498976,2.496346811133567,0
0.5883038913555885,-0.5620076639006716,1.2605328118045143,-0.50743367690421,0.47549158561172133,0.11338221295839057,-2.070437515141373,1.0779214249354996,0.5816050235842987,-0.6749937970468658,1.8688631144887236,1
0.3246548609078462,-1.010236618911126,1.1665932391359026,-1.761344016589612,4.361914812462466,-1.0027908777250008,-0.7933555412522384,2.7948871868101417,4.427995767419162,1.5063291430074148,-1.3082752392117787,1
0.4811800130181304,0.4233060133122272,0.12986023723621365,0.5790978425527789,1.0382151277706064,1.146336182757402,-0.7204709906200054,2.3183635756171537,1.3049301288090702,0.9523665970828549,2.2865512442187024,1
-0.7126696354317488,-0.8670567766270821,-4.842869998177887,0.841477937807434,-1.7829708710196452,2.4483287547994363,-4.427217207713399,0.14675894750344154,-3.6236238928986944,-0.16947100674167315,-2.177473327981959,0
1.05309603132069,-2.278825408407899,-0.03478046181938108,1.004726402822712,1.8107839905761827,2.4208265975135115,-1.0270343824956965,-2.7280259393533157,2.785843451208553,1.6895140654079142,0.4582153005244006,1
0.6635376053981251,0.3157212767103656,0.4832883319938842,0.7092112952103293,0.828487004028202,1.7503062196005859,-1.9133800581601987,-1.6962357565180135,-0.05278314030233938,-0.7058746561758269,0.5243221848535178,1
-0.6266527984284189,-1.4459450676075343,3.259302381530886,0.5733157102289467,2.9193318469880083,-0.7494345001889382,0.5367854076229982,-0.6034640145864627,4.932113813155477,1.1644212489501349,1.4029071134859263,0
0.1146611749574807,-0.6288826218806473,2.9982364664166075,1.508290131571271,-0.9539058447844632,-1.4375007577162981,1.0377434634097749,0.3451410291495861,2.2553048966220186,0.30006210585697624,4.260125172678594,0
0.09897277288648532,-1.4211299043712513,0.1015717708997956,-1.4896936524889162,0.9071595944446025,-1.0513236552080456,-1.631691333897956,2.33489854591639,4.731410354768466,2.9013971081617456,1.655712999203497,0
0.9878932873885999,0.5759060221341736,-0.5086902777973729,1.1450224314644313,0.544054899196424,2.0411103102203,3.0811385001271656,0.0497808942695076,-1.1517742957951123,0.38358531518128147,0.6344841119662836,0
-0.5345023307016792,-0.4863570881767811,2.618605255449001,-2.4425432211441045,1.12124594788177,-1.426719620200414,-0.6909385267367142,1.5077688371565228,1.5224948572431898,-0.8248970345665918,1.5198433407959913,1
0.5552637515616741,-0.9888120913048112,1.4452549965784558,-1.0006071300738202,-1.3749204274652453,-1.0666522212489404,0.796710008638211,-0.4374247482142979,-1.1493381096134427,-1.3741027771301608,1.1852459436633271,0
0.6335489520893641,-0.6247987508733611,-2.229167044412533,-2.0173316773108403,1.562695005865451,1.973720346894393,1.185922638647604,0.3448553018052364,-0.6465297814793409,1.0148770909432179,-2.212897150415276,1
-1.0163643226257393,0.4316106444719483,2.57163245781456,1.8519140948549373,-0.7835509699623386,-2.591146099548369,-4.099244353810937,1.3296749090774087,1.1177788208071076,-1.646928778903881,2.0910767947221,1
1.115069861963825,-0.23371280131237332,-2.7788606339684003,-0.10314415073593847,-2.0021234188916317,3.4528857485796722,-5.686461013109221,-1.8096145093534122,-2.7326858179533744,-0.7824936055174325,0.8953095391712065,1
-1.057066938828921,1.2497251230902713,0.9786313050119754,-2.100400014250788,2.2377720957894005,-0.8564425721097659,0.8967434279689638,0.46214756987714223,3.193312123342807,1.3860895952305867,-0.714464394163826,1
1.3208744168272668,0.6275720259459407,-1.737681322990989,0.04331858204215298,0.6350640810490426,3.0171621412496195,1.9350216388438501,-0.5164356710330877,-3.4721277751016224,-0.8264976818468217,-1.2950329802994747,1
0.0974630332565671,0.3728463982400276,1.7305237848060473,0.39580172383542944,1.8118475592250103,-0.03310459947461464,-0.1160932721279655,-0.3543122641316072,4.064048274683314,1.6208569524797534,1.6109608606664443,1
-0.43991931642556975,-0.024450228181873604,0.6715193373275882,-0.6214983551990068,-1.4993820251043206,-1.164686675287101,1.3622930304807106,-1.3714711253692329,0.38285400731717867,0.22622466186073487,0.6485324167616687,0
0.9845017556998157,-0.03535087649187326,0.12648355107489637,0.23011063627258294,3.047492921228923,2.238610138446842,3.598487439835785,-0.5013637951829577,2.7897075462859546,2.489291630475299,0.26113615245215704,1
0.9008182764272408,-0.5508694483135614,-0.9912320690509722,-0.8808341874758321,-1.098975903741554,0.2352037385959661,-1.3022777619843753,0.6345683263529774,1.3200183847734628,1.6001977843169055,1.629423999138465,0
1.1137882525148786,-1.7080844273239058,-2.7983271669862413,-0.2322142732418209,0.7019024296088895,4.150911231327555,-1.1707999399642768,-2.5797504574377013,2.2974164023487695,3.3956248096360353,0.6566916426502761,1
0.2139224459170462,0.10229682600178563,-1.7463091207805026,0.5743919028798976,0.41436677818688206,2.0190598263772364,1.3233073886457603,5.040390778669652,-4.019206212062324,-1.0049311874266986,0.776200668238416,0
-0.7147162100515865,0.39567420149359417,0.9281237795254575,1.0754670601036636,1.9302741485957402,0.39535697420673455,1.2782401730487298,-0.44401230272745984,3.4624732211874703,1.9520499571894459,0.7206741562600756,0
-0.8196962776513615,0.040547250441679714,2.630300028132247,0.2264802663712558,3.3528981241871487,0.260072328612861,2.404255016584202,-0.2386639365274661,2.4753228273661625,0.2080093720211218,0.27309111206828907,1
-0.21443660749864876,0.25893252825745167,-1.9471638541344178,0.4088427568186949,1.7236480309820783,2.052047092195023,-1.2705671159621672,4.207588097340076,1.1416816569494592,2.0009295657020454,1.2231627582303917,0
0.27118685826342315,-0.20740194859675276,4.419240077987332,-0.6394172304926672,1.9093442864608194,-2.6795990005397714,-0.24963430072322135,3.352833701532867,2.247192256026112,-1.418175329587605,2.537381772149245,1
-1.0877394669076168,0.7606471932074148,-1.986641042920947,-0.786595461459738,-0.8065291283422771,-0.38444530870775795,4.213740676120107,1.4299061702383775,-3.581480609249932,-0.4592184149049032,-2.6944141051710435,1
-1.3493808363562492,-1.0788402482817805,-2.6201052718318074,0.4841034939593877,0.07354413522447867,1.098202609288475,0.1290536042033935,0.16095306502765927,2.405585301734808,3.434322530313675,-0.2937995863672844,0
1.0916362600862344,-0.029405252996110177,-1.1033753448696366,-1.249224556894312,-1.8846674904872827,0.10627071239962405,-2.2096878371020336,-0.5389937741824951,0.41754008089287414,0.8408554097398109,1.135153191262248,0
-1.0365019214286864,-0.018813704073655003,0.30194947833823943,0.577767640391785,0.9503001551475152,0.6295735941604386,-0.1509343309243415,-0.32186793466091923,2.2753301454068406,1.3800532143928166,0.9386100435932723,1
-1.3424816609907224,-1.0439277725847012,4.380874441748825,-0.01723177680339145,1.5403403049984252,-2.1237960713363804,0.0010239236376580196,-1.2860854356554623,3.33398788491663,-0.7541146280979787,1.4581029479312597,0
0.45949396515555885,0.01991666346571654,1.0601515477417451,2.962467269453875,0.9279644359001651,0.08360915393393564,1.0985853842189814,0.06785407279082756,1.7955061401592045,0.8233554453802903,1.147545519229034,0
-1.0421836596541283,0.189424679213249,-2.3245816952832086,-0.14238411708783683,-0.8392974845505254,3.354419007735484,-4.359713874255741,-1.3163348895829636,-0.7077018077002292,0.525208944777759,1.237996360055921,1
0.778237181724017,0.36364886698020565,2.364683434292771,-0.5608611328279227,0.6709262577915813,-1.8775109269622603,-1.5191336569219724,0.005920880236840231,4.239323264765164,1.034697614192602,1.8351895438493817,1
1.0127902529797748,0.8176617498082625,-5.121770590815943,2.1043842069736325,-0.14177141567283136,1.75563907249865,2.4668715862993467,3.918997664794363,-4.4768324474301675,0.6562539804385505,-3.4950500488515703,1
1.4102362434250038,0.5683523422634401,1.298169743295244,1.2664976213529875,1.2163796681882773,-0.2395008309129767,0.7241476728236291,-0.3575609641452435,2.774284117821115,1.1699781509626386,0.9392573772513219,0
-0.4653666868566909,1.9658685595399519,0.06811640833375104,-0.7872170041430481,2.3666941101599477,1.6915841752320873,1.6455694729444912,-3.707484457890957,4.582015311366465,3.185231237115785,-0.5621016951082927,1
-0.08323394773865307,0.9462541661348056,0.6956468261421822,-0.9954762592894653,0.5781310523374987,-0.4726508877662159,-0.21595443027560168,2.41170726016807,2.6344751054903854,1.5404805010736635,2.3458881857928144,0
0.6213716931291591,2.4665314018064706,-4.27104243495156,-0.0892579061745676,-3.0586435437788597,2.188028671976559,-1.3714517490705682,-0.32208771735620334,-2.3179054153537852,1.3907448521040486,0.21955014984593912,0
-1.9610294480161228,0.07665452038384477,-2.1865222193286744,0.7274832974187674,-2.3527411398846585,0.1706818252699862,1.3265741694437274,-1.348758987660974,-0.6087472009854978,1.472222262505975,-0.395139330590476,0
-1.0916692688252212,-0.41219132826891264,-0.6684106606443714,-0.21445138813754494,1.4426496837473861,1.7557949348860524,0.1548868995906385,-0.8595688663414983,3.6358551593055677,3.0419825931348585,1.0091728810346146,1
-1.2879395053755303,0.2940095957955006,-0.18459978062121968,0.9409849742116609,-1.7032924664687874,0.13590164955497352,0.6348570990026068,2.527074945935975,-2.4317422293643505,-0.9024101648806977,2.2795880726116806,0
0.11353764570753327,-0.7901924505362123,4.095909373184347,-0.47198150247020615,1.5110237527774442,-3.2959720794191716,-0.01679303817366007,2.216748723449519,3.512971690014558,-0.388026372643544,1.9572553567435071,1
-0.6740977535323455,-0.6458148615523149,-4.9944509714479315,0.2683867574289472,-2.184913967250641,3.9109364859283176,-2.6547781560492267,-1.825839582892407,1.4756764309462707,4.336208056974007,1.5236441018282048,1
0.08852557416822096,-0.14234632981737683,-2.781375993641182,0.166463761605872,-1.5328113643790702,1.5656959298676967,0.621728152406017,0.5428605557681329,0.6772073692105098,2.8611762701476704,1.39158100232786,0
0.4996883756310885,-1.1711271639954968,-1.8800801390917776,0.6531879455064561,-1.4946259228070644,1.375444879561425,-0.3823631835508371,-0.8222579465464894,0.4272128383134397,1.8032471100453493,1.1588969157514009,0
0.08501505522131089,0.629543497431986,2.520616314074455,-0.4968739320070769,2.1353780505709263,-0.2450743638165216,1.1291066168020958,-0.5154505824088791,3.082193272280726,0.6054089315086969,1.2206893592626589,0
-0.2654264956993523,1.7913399426778402,0.44370518939119086,-0.9946781313605265,-0.015853720611185063,0.5253906959550019,-2.590504965609533,-0.7992484163926218,1.3647035856368466,0.2586955268864245,1.3698200734179335,1
0.2745269712233507,-0.8972491436958848,-3.7073405997726407,-0.09088372537913487,0.002325603192386283,2.3803576508057707,-0.5637833914226993,3.3981834612568704,-0.3697558373971665,2.366457616674776,0.5209810812484053,0
0.05605422176212942,-0.9478226362915014,-0.4026134146930588,-0.6477142489277152,0.1472704654885364,1.261506945683527,-1.8113233922535437,-0.24379545885242637,2.64375981049902,1.9983893187071011,2.1371936124578976,1
-1.247260052952907,-1.090922159171027,-2.5256092419988545,-1.12205454108226,0.08890065253606105,0.19150432431403297,1.0022897905127608,1.459208077805638,0.5015968315510305,2.0783412593962654,-1.5396061889569124,1
0.3756771576984167,-1.5761614012343679,-4.320383416554352,0.2648556656118759,-0.6066103700877592,4.4629426486509525,3.165937995259589,1.6900380584688632,-8.502155008405307,-2.1467992245137157,-2.292154559184393,1
0.12583777702440668,0.45825370143308203,-2.1591099812275547,-0.7884105305843992,1.1630547747853883,4.753489246992703,-1.0858850776449047,-0.1071490536597891,-0.7634696536632639,1.0322874745650257,1.3167288306010136,1
-0.019882322958606393,0.9740556350546788,-1.3025436281869396,0.1343285815027288,1.5207192156917795,3.333583079422413,-0.15496333982159238,-2.3691421470055247,1.8170364684102167,2.1196953084616226,0.19907459880355705,0
-1.0280938781815567,-0.25202607977770053,-0.984833572589782,-0.43406878029406865,1.351463277797145,-0.11767542888545912,0.5342478716149996,1.6976865193559352,1.825879639720835,1.803810673839429,-0.921455289792561,1
-1.247436934700578,-0.25731154584380783,0.7762969598007682,1.1136442374942228,1.9761133020086545,0.8254980410606284,0.8369167070544545,-1.9213194315419582,3.9379759145911875,2.232675195753784,0.38186284454886776,1
-1.916844680476108,-1.5530130814500072,-0.5639855999643008,-0.4610872609978928,3.3845129521015522,3.0490564082620963,3.199950585847624,0.2828934712245037,3.299201179539464,3.307190287759399,0.7742048653091185,1
0.04888149221820064,0.5538211867114416,0.7297338136996776,-0.8807028655982404,1.8417044614270917,0.5076581004170733,0.3004019392501671,0.8594195377875623,2.659262063539092,1.407419416916262,1.0690931857486659,0
1.1930185970371583,0.38176995594542923,-3.538669306598778,-1.4737347707064004,-2.256012704002548,0.24767184272755394,-1.1993060983209411,0.6498469801019047,4.755266191222523,5.819672112323781,2.135077883935468,0
-0.23497553979695673,-1.3129991025571017,-2.4802731868734162,-0.2498796283265201,0.13799619524267603,2.2310837176476137,1.4965492893065402,1.4716186309236114,-0.11376764507727882,2.12093998013492,0.5619369185646456,0
-1.0390757618936581,0.9655603636405592,2.149337028067099,1.709082273870319,1.3027901726190594,-0.01136491975790932,-1.7136184522744253,0.23343699270508345,1.7582424705672075,-0.4912551046932647,1.8150440342782659,1
-0.012382316476328594,1.2347564038920285,2.551880490362593,1.8735562465500324,-0.35988244370809397,-1.3846888967707929,-1.2944330785596494,0.30602077548229245,1.661828560348129,-0.5587668524000919,2.704202241310907,0
-0.9336630329169328,-0.2789361892217327,-0.43351851246631745,-0.3662161181465816,-0.9078971157585222,0.8179798038116628,1.7284593228007328,1.3043139789441325,-0.058792642209465236,1.0789210348909002,2.3974461843429538,0
0.8971117459534543,-0.25761170520032944,-0.6462558467001182,-0.4487022102326846,0.7333275211963004,-1.7840421287904373,2.1636798699800055,0.7193841902960463,-0.9180741624176183,-0.35939919093940875,-3.8057815602105323,1
-0.14334807987847356,0.2690209490583753,-1.2751571694594726,2.0720366331599824,-1.3602441964771899,0.5109055410436765,0.3581991448623303,1.9033886249818188,-0.4242774058864789,1.049262512089324,1.7995126999666167,0
0.19828297268202905,-0.8827541786688422,-2.398677164889627,0.6859666458379013,-1.3645606106555765,0.4402775495290484,-2.4791638189662333,1.1775697169875792,1.228282377421094,2.17233114920877,0.8969384981303696,0
1.2341210407244656,-0.22636859759407352,-3.125685582881059,0.6536327344956071,-1.7230073662418515,1.2798861070589984,-0.7811575361155053,1.3811210299647196,0.3962953106258742,2.5885370978072038,1.2314762563815682,0
-0.77931841038854,-1.059570035784781,-1.2482848896660053,0.34011235505818055,0.09170323742680808,1.6000601340511338,1.1735931741446937,1.8009402081688055,-1.089104434340977,0.5814383851598479,0.8994629222191505,0
0.24835087791097724,-0.2373978692982683,-3.514891765493394,0.024713703072662182,0.12762034518133936,1.7184546013944448,0.5874504551441422,1.6080304002524406,-0.8581150799994715,1.8163643408970165,-1.5233872011004326,1
0.45785984957398185,-0.6413761800068278,1.5336236028948755,0.3898396070472312,2.2415938577859578,0.820003421813376,-0.34133046946897794,-1.3392209232366796,3.217700261276605,1.024799116795732,0.8233932515163088,1
0.30320715811948495,-0.19425890388997852,-2.258603291063675,-1.4282194999966968,0.3934572943896416,2.0659890812829236,3.0856663244593583,1.6363037051801759,-5.65206226633123,-1.8712548902767976,-2.5951102652008293,1
0.36169105616182284,-0.6645416312817811,0.7465217546814714,1.866006505170175,-0.47446678321541436,0.895871954806749,-3.321170696374897,-2.0496796154060637,-1.3861936082750113,-2.044828652833045,0.4763724278703735,1
-0.5183254383628124,-0.5907869116186156,-0.054620009498643145,0.09559459739377792,0.3581111445684727,1.713260633353099,-2.6215414880105374,-2.7834080473098255,1.8717390837282106,0.8673612803219147,0.860074752971364,1
-0.7062762595417184,0.937817102673609,0.9777424879870061,1.4751313550936083,3.3415609542281537,2.0510392423581605,2.849715334676085,-0.6494874193131275,3.017826649369054,1.9224870889851307,0.6414993904698891,0
1.5367017538593832,-1.0807076798017947,0.5526627311097393,-0.11351473960204025,-0.6168361439182963,-0.04309705144068343,-2.191534330017313,-0.35846838523329283,-0.5944088335078952,-1.1080983917744973,0.7695006592363487,0
0.054670219368555206,0.8293046616901639,-0.6762251545878852,1.3278118606940912,2.417564389729433,2.232080429128449,1.0114962705297097,2.627372319941591,1.9358708257406911,2.148544010331196,1.5075126950788114,0
1.091705994835195,-1.5648751604893447,-0.047764978745396265,0.10913115606217309,3.076591983881533,1.9731481430996103,0.9827246055200857,0.5676332468908258,2.9500456827476693,2.163049158196781,0.399359996267205,0
-1.2783620179331023,0.05701756462497918,1.3371113455387333,-1.1968997355638256,-0.549787642119357,0.10407558754692658,1.976994775386506,1.3810186987337123,-0.06009046577991428,-0.029774220117061656,3.115742883697206,0
0.31812501322653025,0.46318634986512247,0.8109599849912076,-0.7858548574170559,-0.3429755568197186,0.562150004784991,0.8376455255842863,1.9939758000945491,-1.7908040450717448,-1.1948245732429292,2.225966978289052,0
0.12118510504346668,-0.12820040274916958,-1.5105281793939653,1.1626693890750324,0.22130384827377714,2.6925146958941104,-2.822357208214346,-2.677382804807265,1.7628586004344384,1.757218481193593,0.5805689483395569,1
-0.6136905413152668,0.3765241902875646,-0.8040365053531707,0.253009415452596,3.348837890877517,0.023681173987661785,0.2052437213544993,1.726269792018995,3.867857931715193,2.707815778882445,-1.9323688909833445,1
1.6645926283120818,1.296650858884944,-3.621029934136138,-0.3683660593605965,-1.0043591825348956,1.7958754377644117,0.2770724981174848,2.0905438394574434,1.2148894399129697,3.692569242471635,1.2763862537836201,0
0.34585145411963014,0.9486882279098927,3.2201753690887003,0.561288104510224,1.2103024928254589,-1.262109480198864,-2.4860877736135247,2.1480657902296714,1.4170501537827487,-1.5420356700230693,2.571618684048159,1
-1.2498616703413759,-0.6769922696689867,-0.2233210218204659,-1.1813201606349137,1.4177657979642613,1.9117890810736617,-0.6903583753961025,-0.8332525960323018,2.1071092393587123,1.5200940300429924,0.8952333420941541,1
0.9570406129008259,0.8951477083517169,2.1855005936763923,-0.324043580506807,-0.6223591350242914,-1.8913682485549996,-2.7949588190682495,2.650308019322223,0.23029671088033232,-1.590669643861086,2.615045075844031,1
-0.14016932089181602,-0.45964635108895846,-1.1780536739827188,-1.25449767104222,1.692014926760327,0.9253236982265112,1.2334410092721375,1.6150557053549144,-0.29632548213775045,0.6000780626634487,-1.5105586953832053,1
-0.36976705318724185,-0.15154235273045644,-2.492565780950509,-1.9860313226813933,0.16590942027542743,2.965258597313017,3.998196809088297,5.368975228570171,-2.8764595137697513,1.1200857744473107,2.23889134356153,0
0.9376523543540557,-0.841368842364835,0.06898886817244843,0.6087583148568227,0.8836190656735359,1.8758795400841968,-2.1634198663230375,-1.7747120795062803,0.9282682809328352,0.1966776020957679,0.6266402970168626,1
0.7071746337739122,-0.492605656342539,-2.8775342228235106,0.1377359221890208,1.9761520590476889,3.2977533026457024,-0.6860879416434389,2.3225555423908117,-0.6391523929887456,1.3118544361486155,-0.7207885035910968,1
0.5369168838652741,1.3527463346471598,-0.6281947768110758,0.2029910931090576,-0.9390147042432645,0.2855300625852436,-1.0126065219660818,-0.12584081328207986,0.8814862649482189,1.0455456670088363,1.2073277785484122,0
-0.48776901730142547,-0.0033527754794063546,1.355297431199808,-0.05912342253069419,1.3020816769908334,-0.11917431872928508,1.3582312114987676,0.38603941876656933,0.7297485371726555,-0.17666995154098686,0.37947810412931826,1
1.5579189425792386,0.45410628671885234,-1.9063371763359682,-0.872054198873926,1.7843267519698398,2.3213510945856024,1.0769787289413855,1.1351364283117944,2.2264172610620028,3.0624074061165887,0.31095356610882774,0
-1.4486710844296362,2.3902403070088067,-0.5310674092139949,0.6191147330214599,1.1392393607546816,2.054838052986512,1.0168538415515205,2.7814727310161205,-1.2365541820515094,-0.009966431349697213,1.4278329707853035,0
1.1662322053984473,0.20334630427239314,0.801458846419883,-0.15347328873415148,-0.342882044813944,-0.38804391540183225,-2.9567155115148047,-0.12208022326466927,2.281587109804308,0.6266145691989266,1.9829287341344475,1
0.21064082384577296,1.5666468266030997,-0.9898126817015024,-1.2252677401890413,1.221351381812097,0.9653873346477198,-0.7518632210543441,2.283368176539171,2.187288077833258,2.1085102177499464,1.0535728744172654,0
0.6908887185831475,1.2952445661666852,2.986042774199865,-1.266368368837507,2.168782222717925,0.4149758356300094,3.375856536513444,-1.7533838262790078,1.7458124854041974,-0.13020741128881763,1.054633596172911,0
0.6357066481802488,-0.43973510156739387,-3.2799245879031615,1.4877511376323354,1.1701930259482898,2.74948843490824,3.6725415467813862,1.273109957184127,-6.65881194956257,-2.037940307483062,-4.643118340946909,1
0.9594718693760886,-1.0028407921395845,-1.885722945123415,-0.30626579283214633,-1.0224564949947763,1.1722269471384805,0.4338137498438197,-0.4552080529084652,0.3065118991816044,1.7710321719931885,0.4828533153398087,1
0.6787324157205993,-1.29402427554322,-1.4259077377497549,-0.3311597732392865,-1.8582034954887612,1.352457844344045,0.34561087828088066,1.2574259462035493,-2.076149570169977,0.1290047410571009,1.9783851384456606,0
-0.741894189829824,-0.06246810968591773,-2.8880710372958744,-1.1723381291636648,-1.6888944519661386,2.8735625071857167,3.098828981354442,-0.5098488151935205,-6.083853198609203,-1.380558996315509,-1.2331364892860832,1
-0.9609293798526554,-0.5137352372354227,-1.2294758166119835,0.48526447992158733,-1.3526818230038633,0.9334951985446521,-0.969487805752411,-0.1728500892894138,-0.018787611014584253,0.9310986567628311,1.3131380344292154,0
-1.746477035492723,1.7519552601863846,-1.7402775222186633,-1.9009758842450175,0.12328651216578823,1.930195367189517,1.6078738424694081,3.5262537731658434,-1.9843247268145177,0.48815512988773546,1.2510532826035308,0
0.11504675223076576,1.5094313712765801,-0.9604990205477385,-0.3707751109618255,2.445920163001519,3.0142787620946567,2.481692806534842,0.9713797680687546,0.7796259485775024,1.7597274632441329,0.49795918822366503,0
0.6945370529085524,1.6356188323862377,-0.7847113272577964,0.01306406182408085,-0.399947553107628,0.8614048494215607,1.2895813768411024,2.354701852097627,-0.1330843744713246,1.0943636645871824,1.9996717913355218,0
0.2946017907445062,0.32222733865733166,-2.1062072432278796,1.157312659847856,0.41847173086677936,1.0905361062433068,-0.9310400876254727,1.8750994678940396,1.5705742632788482,2.3800001255181917,0.38654840699562487,0
-1.4349441883516787,-0.9763851544384193,-1.606251728983853,1.1291586358450405,0.4895990560905965,2.317683373520584,-0.007624062328143166,-2.7772025740114894,2.3474454322092093,2.7090580755592724,-0.011199092044786196,1
-0.6328545876654635,-0.48186883183900603,0.04509993928448761,-0.16584416029477367,1.463625425474859,1.7202709109539878,-0.30683322480619024,-2.214766560981619,2.8521875976310853,1.8404375362756886,0.4974317690229092,1
1.3731147962197916,-0.4845191314539795,2.1296032849333564,0.2962064778450599,2.1152511433432952,-1.41582882376234,1.2213589270187013,0.8510103163932419,1.9087150364392822,-0.16069147277112883,-0.40958711207400156,1
1.072093749176723,-0.36169204017672446,0.35176630776139584,0.454898960500484,1.1276073044449197,1.558057163103545,0.987966387220775,2.6382297529462795,-1.0855817085516406,-0.4828928801526886,1.828602755623963,0
0.6601325152026077,-0.6942072129530984,-1.0481725319358945,1.1959799692431747,-0.8081933301749944,1.808657816373435,-3.232702323838171,-1.4394316495843167,-0.8091277743794624,-0.31908722048762583,0.6633149211669913,1
0.02475002453365939,-0.3348901628392218,2.481811273156374,0.14256360951590893,2.8112984227140796,0.17210127091652705,0.7057648125712767,-0.17261879161281413,3.1710929020184957,0.5537395314983384,1.0743834451643346,0
1.170161006334882,0.6564172741468092,-0.6769578424099385,-0.7461284180713705,0.5687964688043983,0.31461080870456914,0.2652396980060585,0.5424909374747302,1.6857369628085463,1.6528659296494599,0.15088041368898542,1
-1.0774834374482862,1.113479028030009,2.329730118060306,1.5758468844722544,4.66933596971256,1.342747778491702,3.8852317574642985,-0.6014467636578951,3.702610411535335,1.4814400486831731,0.052832029464620955,1
0.5940564071364657,-0.9297887784222882,-0.3736741565487989,0.4738726988969069,-0.5157683501963899,-0.2985529198900776,2.3581672300450687,-0.751144913780236,0.7640235366400177,1.279291162606285,-0.12385626186520349,1
-1.3210254917984894,-1.0616658923790918,-0.9693231330648914,1.5372322935963734,1.383422186340159,1.1047777456392416,1.3300114986752678,-0.8897895994614893,3.420718081216723,3.1721003388481854,-0.1460089883349993,0
1.8597846866762988,-1.107997586504761,0.38431358965718504,-0.31694520916781266,1.6138093993212843,0.37622382317413827,0.5043860315394368,-1.6062324169727005,5.680191178545013,3.6924325933242668,0.9921441510626743,1
-0.07855992526361957,1.0421172373923575,2.5439169567959317,0.6379582696943842,4.18441389255206,-1.3542391414284292,-2.586886144422494,0.1681444621798348,9.400386089014251,3.8324122981005053,1.1415762618722622,1
-0.8169302903010853,0.8967747085499868,-0.34631619204747627,0.403801408038126,0.5940807657848461,1.8852474113260496,-1.407640305287993,-0.460356770237228,-0.17729693298617427,-0.05087188264046505,0.7294429660274775,1
-1.3703081186160662,-0.1291481951202274,-2.907171846506135,-0.13286054033397,-0.22385909448533092,2.757299934240834,-0.4806123494802572,5.632531230070529,-3.2125199477009607,0.17964979736427633,1.9287610722651367,0
0.570351157191109,-0.4157126165552616,0.2285766214341223,1.684002968165292,0.47428509180716005,2.2221243107489466,-2.548508052092359,0.3034529329844724,-1.7851628693876096,-1.6353265614011203,1.4854038452604408,1
-0.41867469194079926,0.5222824870795488,-1.364418042494783,0.5604488459733251,1.7158528310003969,-0.47151907896922807,2.231632556638566,2.82229074848567,0.8310533846281696,1.5730717193645507,-2.070408758055898,1
1.035447346758309,0.5081253568893729,0.5867162975978122,1.8079274783659622,0.1796079356286029,-0.006256765004401643,1.2466376388423148,4.100288206885821,-0.6270230801812334,-0.16811982823306515,2.532744311338651,0
-0.4146446401874312,-0.6242577695169055,-0.31119068534695504,0.5955331455082598,0.7903765535235036,0.40647431650382193,1.5695606564643698,-0.8490415980547967,3.011207163879775,2.573981156501075,0.3013977471661101,0
-0.03263587804542666,-0.052269795704874986,1.1849509351201293,-0.5917254231992956,1.325375476919704,0.7608468383466932,-0.4034251125627414,0.6499759593614567,0.35837790966638056,-0.5475978714192473,1.1405917077976573,1
0.44705826102710267,-0.22673863429993743,0.33267400271376846,-0.6253669056343523,2.116414181838018,1.8877240175163301,2.0183897716963353,2.260121742746926,1.1004856668581018,1.1809383284927586,1.938933603019577,0
0.5122657580449855,-0.3730841029221854,-0.29028184284331704,-1.5764505387501118,2.8832971358553445,0.8366368173374933,3.378330914313578,-1.9646720198847487,8.381736686412859,6.4521742502207085,0.4951338631625043,1
0.04591782191426131,-1.1621018558502523,1.3587579077822507,-0.8448559837839485,1.7397972517785008,0.8666363905878589,2.246843085834315,-0.11710400689481393,1.3997120543130404,0.5713071186430297,1.0882068456196254,0
-0.5419743417103741,-0.643493030987655,-0.44442778519351006,0.6747559722400748,2.5926970485061323,1.892128894669742,-0.47273975356930364,1.4914092799767582,1.6993266601493646,1.303862050050045,0.31658614710121213,0
0.6612960471106465,0.5743874896940871,0.12805625667763054,0.4184296398742819,1.498160539748636,1.3242774524194707,-0.32282058804327673,-0.5566827224138395,3.16644992517529,2.090717402046316,1.2294085799527494,1
-0.8548999590350947,-0.7141850093399951,-0.748568713473361,-0.2012445162496398,3.10332819880826,2.5998621903901746,-0.29498121519805665,1.080682252935983,1.7200138630641264,1.5042452343889814,-0.04750525949683215,1
-1.5843551158587743,0.470659195076669,-4.910512670254186,1.3794481066835724,-2.421151436818186,2.1653644319881975,-4.320225809510234,-2.369655637821805,0.4870979275245777,2.8269580491598694,-1.0520432216127915,0
-2.531772445597892,-0.2770083576711888,-3.7547676517292494,0.1642289997791907,0.42241779298398985,2.271980512979768,2.5761680038113033,1.9321996864155868,-5.581357071649216,-1.0792156653735763,-3.843276947572532,1
0.3977545757635686,-0.2615730210536585,-1.8532672477596652,-0.7328551422103173,-0.8067634866184648,1.347584612999064,0.3832923600023279,1.8115653799107867,-1.6424038992999133,0.4799691834242791,0.7453798283797336,0
0.685539755925534,2.0650651786049186,-2.121753384401634,-0.5039299153011692,-1.2378484297643109,1.6895742143590955,-0.3359675358049382,0.40443231459766693,-0.8255069862334222,1.1209106033515488,0.9921133449641784,0
0.061198123194386396,-1.9764525348032658,1.8567867373896907,1.035237568526777,0.08542304967974979,-1.5335020298846125,-1.3569357461196434,0.17508390755290493,2.000756691901668,-0.10559584654160825,1.3010630646933299,1
-1.4948060180142138,-2.7375201353401946,-1.5458960274101066,0.8467482805090925,-1.2644899839309938,1.2838151960633213,-0.14877778725772994,0.759474171703102,-0.7663874552424311,0.8573790501451328,1.4278388512742302,0
-0.6841940014509268,0.7572663809851454,-0.3155747427172848,-0.21579460193974448,2.818952902948207,0.9577231932593134,0.13563523895219565,0.8923733396697113,0.46432383066259225,0.13828281736379422,-1.9555614111088495,1
-0.221614617085625,-2.2674869215366806,-3.91443346494476,-0.11752823039236927,-0.5482065548080465,3.3842585786009947,-2.1856365815066128,-0.5398569601344763,-2.4719885761757006,0.5266768094522165,-1.3258465475110897,1
0.09377213411575144,-1.1311995236891912,4.221197285948495,0.4567317278763146,3.4375878844113115,-1.077287777320639,1.5557848977373825,-1.6055254217689465,5.894172724959623,1.3127657470761869,1.3744850841060547,0
0.8776184704406431,-0.9621682068582389,-2.829017997611321,-0.685137014910365,-0.5105725196843873,2.0787311511442215,0.6159076268411671,1.3516385234778996,-1.3179978048439382,1.3257447956402992,0.06706976055541258,0
-0.12746103230260275,0.13846982985148254,-3.136749553340176,0.27549839384761404,1.0788815484872916,4.005007066089143,1.8750724669524161,3.3454037576858284,-1.8754272450383938,1.5490808382335128,0.9304611906615375,0
1.6157958014473814,-2.1279427523650694,0.11551447694587993,-0.7633098035492314,1.2661296368256543,0.933871554973459,0.908068795345162,-0.2016967172226749,1.9838978315172162,1.4906209158564097,0.6265935902004196,1
2.3720001421908257,-0.9714458391895021,3.3084289860172706,0.6335701025309735,3.7747686899138055,-1.3172691692947005,3.7038932110135026,1.6476013480205398,4.871724682979251,1.6693332695414438,1.0577814871423445,1
-0.46692612642146863,-0.3384178084084592,2.1470642194923624,1.5318146912166943,0.815366459469753,-0.39209603644416324,-1.785537404442326,1.803339549990885,-0.05732430385936842,-1.6788411100117009,1.914592805144923,1
1.245976106346511,-1.5058054164656842,-0.7373438885482293,-2.291405396299627,1.4822252251324342,0.5229874285779992,-0.4335639677391454,0.7493199612785185,2.8999974407841504,2.2791835348995573,-0.039563286648156226,1
0.5015437506248543,-0.7378268249974735,1.2932119762888614,0.1141374252729946,1.635458086671981,0.8986719425146881,-1.147264746149954,0.6256311881439365,1.7216407953766162,0.20274222852805568,1.752273262734636,1
0.5980200671192932,1.2059848452239612,4.214671198116666,-0.66522793944777,4.273240522781131,0.8944542683387287,2.0402704259323077,0.4170315281477256,2.4875963827265952,-0.7270118021545491,2.030554798390801,0
1.5052779187295027,-1.4969384655314004,1.1611782497589702,0.22246320256321853,0.7970059614961948,0.41248226730454196,3.3714450232716806,-2.4555282327743937,1.6893532408060432,1.0564270153352975,0.2918387652112814,0
0.3277463553533563,0.06298761885413875,-0.08288119308725216,0.39210112263879887,-1.4554477750278183,-0.2530515373261375,-3.7821536095819095,-0.8354713192966959,0.04151659940952131,-0.5306883466140053,0.9019525857625043,1
0.4374663204923783,0.18834157123860346,-1.8270850790810722,-0.030050457310422145,-1.8930492458752093,-0.35072177290183726,-2.341772482617232,0.4082186605774446,2.436486411795583,2.6967520015006565,1.45241588102038,0
0.859573782895767,0.016657521304285314,-1.5578103675522643,0.737160502910914,-0.7790879598112392,2.888330050353331,-3.946489393058759,-3.1144401950053107,-0.3784500521146112,0.1788245442640679,0.576413872421624,1
0.6055017821743224,0.6391831949835246,-1.4055164650235878,1.1521660555752036,-1.9891283290048594,0.409176684785146,-0.9490414600309474,-0.19306246816123118,0.10568733408813688,1.1647607988718858,1.3449963408642955,0
-0.9196423087765684,-0.5056104551492627,-1.942209821397804,0.4906422678344432,-1.4291444071618287,1.3516950997311143,0.8898421283796667,0.9265250801942099,0.5704664552624207,2.363941976547409,2.113808384334848,0
-0.7293365273793276,1.144784459640652,0.9920796341085093,0.505148320581523,-0.45176706977413206,0.1863727379671959,1.7812824860827399,1.3439721905711668,1.1202288821935857,0.9815667326307421,3.3233598104282174,0
0.18457701758704842,-0.0904559096972695,1.6564956280160414,-0.8027784581101349,1.8428525741076789,-0.8092719874466292,1.417059630019107,0.4590890786176234,1.4622271642303928,-0.04497417969389761,-0.34382236687724166,1
0.3305475329743579,-0.8966875664711281,-0.6636817469967259,0.032815314667832676,1.8250207207777258,1.5414861445841375,1.2333041265991092,1.8361194818253874,2.6936359981608113,2.6834861558919316,1.3846231856653992,0
-0.7571153483332094,1.2147821461241355,1.638150329068064,-1.3434475397365895,2.947324758137171,0.01072747168609789,0.746295638035467,0.03331040899042115,5.568902001936333,2.7520044641746404,1.19774300701431,0
-0.1214744873620332,-0.3355454052523787,-4.791334762666136,-1.1048428758545554,-1.3286311117025589,3.7005601744903105,-2.7149085665525696,-0.4001452563762129,-4.744162317605379,-0.5573027327866162,-2.1048889712274788,0
-0.011787841717896734,2.2020536750159945,-1.486607979797337,0.7777710897776794,0.9661837649529808,2.0018290552873905,2.0848499992525547,0.510886758653508,1.0878985912781083,2.2860347917466792,0.44683780967758646,0
0.3425233556006718,2.0265662883828677,-6.674896037445525,1.4431449990370984,-2.944096951005644,3.7894954674880594,2.4006601095311124,2.110745820266157,-7.070476980490362,0.4639396050669712,-1.7706692452329997,1
-1.143137795015379,-0.36790958579768074,4.865192134166021,-0.003044967844072845,4.16996611031071,-1.0883572265049022,-0.5416695711768864,-1.105942965813473,4.869083162278308,-0.3882836449527296,0.8710442871998074,1
1.112911680934198,1.1368356762768705,-0.34129547632936974,-0.25686068078506125,0.511636399806594,1.2863239069073544,1.3370358273806993,1.976692402065352,-0.31216272346138985,0.5688752327424098,1.5369196582577678,0
-0.35532768086368444,-0.7057430014346698,-1.6318921494986474,0.23394921674978242,-0.20643760336514272,1.0506827366041733,0.2987099611588574,-0.010140671767758791,2.910435628370205,3.3717707259007583,1.2744847233745196,1
1.186727508578953,-1.0820697086900544,-4.235211912043733,-0.8886348476365699,0.34879901833142124,5.690238328097491,-1.7676723454621317,-6.0316501741053345,1.9256825551499954,3.831895847903647,-0.9242817499671114,1
-0.7630785824929169,0.009405002769935953,-1.97950334406586,-0.08166778998161373,-2.160204551486884,0.9737151238045433,-0.8175809905666723,0.9383131551613103,-1.2973375088647825,0.7119673702609166,1.5059990179580698,0
0.869630875331429,-0.3179034551586736,1.14361239827685,-0.24815778706099656,1.839358514920329,0.7364530425141151,0.6977038450910786,-1.0891325058601677,1.6897170762165121,0.4192443197050095,0.12720788093256652,1
-0.29213296562223223,0.7675851591541668,-0.1886716008731771,-0.1050585871554598,1.4922111023962963,1.6532827141854378,1.0641410914626743,0.8797546227554559,0.37590905477928793,0.6787869846057062,0.634432606043939,0
-1.3968627965578042,0.48187979195402864,-2.018246842717814,-0.36646826120741044,-0.22258310782910384,1.1660731736149925,-0.4712211548105296,1.397317024803968,-0.0739170328509174,1.3328433664590131,0.20722849737851634,0
-1.7647804536691984,-1.0930129614271564,-5.311739805497409,-1.2577549173860365,-2.2189149352708197,2.8279102592338656,-3.997208663082816,-0.5591315023633994,-3.0792687656637123,0.6996437028161266,-1.8180421240654159,0
0.22748546029169792,1.2159026777536008,1.4318930737551077,-0.25093359921751474,2.345296586972104,1.8619417243088978,-0.7957850168339137,-0.8406659237691136,2.011962942453538,0.3168705891878888,1.4579822130517957,1
0.09691051896129815,-0.16191489739736756,1.2144453792119347,-0.9782808922232903,0.11779683446482803,0.015438989654353752,0.6995878386044262,1.0129837753776492,-0.5722747287283596,-0.8448707539989679,1.5227546578664604,0
1.9202583952292438,0.8349534184655061,-1.7457746629734903,-0.07278575321148975,-0.6229747976652409,-0.4182498409298021,3.5765181110473994,0.9016049064350362,-3.206199588357148,-0.5462521997161887,-2.815655383164546,1
-0.4886961085850385,0.12004269470920668,0.6039727666611299,0.9459632793401533,1.4241693319183621,0.7008849407782385,0.4140845022767452,2.538339548873223,1.3363086568564384,0.8078144247587795,1.9630481643278435,0
0.27545421563864003,-0.3104826963975056,2.1477632839940015,0.6548687498904817,1.233477287329915,-0.3385987365696477,1.513634838034589,-1.2700525591674938,1.9430480510975412,0.16466556484060657,0.7626933142586498,0
-0.5144065603895374,-0.5064678185142355,-0.41272113899495977,1.1667123702746276,2.258840515549183,-0.1729684452213951,-0.02079447973590609,0.5867645583497905,3.936016283813661,2.622499684361526,-1.0093190470931181,1
-1.0398897823639335,-0.18767617308780205,1.1529492431223622,0.26623831428659683,1.3376516404964824,-0.22004553395627258,-0.36459356576207713,0.8640394019830956,3.008299086101137,1.2704008388957595,1.4862762313932865,1
-1.4746425229750388,0.8810302418931705,-2.938371889013062,-1.6867689948382896,0.603252687389535,2.3110022376899337,1.7171736482608622,-0.3616359934399198,-2.693099995027209,0.21376161586974052,-2.9212917395599547,1
-1.9079526469378956,0.4841062612411467,-0.013048087987796178,1.3122142506943801,3.6680507379523632,4.11470619156036,2.8136479377676697,3.4724396539991345,-0.9631744969059134,0.19565235456699281,1.87757014952345,0
-0.9287431070647352,-1.2416991418624659,0.6849588356277079,1.1986098458475323,-0.9384637895255674,-1.124068889853083,-0.09476599922717144,1.0734302212050921,3.640193575448972,2.4343596994713472,3.2095386703096636,0
-0.03271132111719186,-0.37192942149917574,-1.7018175841919791,0.40835104262715755,-2.919800471714344,0.3617775629284451,0.18374818169535367,-1.3533099126274584,2.448595720984178,3.431556267054465,2.723406362294503,0
1.8475063078079308,-1.1375500769450233,-2.6423126471779486,-0.042381790304940506,2.02530452886465,3.9468366106945707,-1.0039187224559747,1.730541778383084,0.4507684186564176,2.003051461492505,0.4891007327868566,1
-0.5119709215933326,-0.00023919874441898716,-4.568990994539061,1.8383700180535434,-2.161812767040862,2.8160705668331136,-2.1587700873348012,-1.6791597461476497,-0.3731011392511939,2.616035632059811,-0.2473646861001395,0
0.6124816307655125,0.8017557869789353,-0.17515494581996774,0.7905588434487405,3.1753783826301714,2.18500694788312,-0.05825268533483219,0.8442508635353962,0.510967818579358,0.22328392487041993,-0.7881039625824804,1
0.36623668475290716,0.9460284950539888,-1.3593438510756204,-0.06850893988811849,0.6547654676763777,2.5193566736032245,-0.16059053113529875,1.7805878267223765,-3.741622083150777,-1.583240880727426,-0.30404665728079294,0
-0.7061503611345344,1.0422566893317304,0.05404407463903291,-0.5471754013285827,1.3209742000681586,1.6254637856753205,-0.8473467070591957,-3.2453434736225497,3.061771127454417,1.7929689186222513,0.0670653272236329,1
0.9132597830438974,-0.7567679531121971,-1.5552600601517845,-0.17058197955148988,0.6683073737638243,2.997002066606926,2.059128655392889,2.787153247503232,-2.5073704270956685,0.12110180839413331,1.3299146584153847,0
1.087173116419169,-0.7573809519937328,0.48466789732136883,2.0231473673954627,0.9400936705381902,2.272331521090785,1.680168026828024,1.5089358331895004,-3.35822214300772,-2.0096094649562897,1.1682456997296256,0
1.7121747834997645,-0.7666599511595297,-0.4731479210736828,-0.6718042436524925,0.2762443903695726,1.79772506545756,1.0997750584347519,4.164248346147975,-4.9598389844053745,-2.52172431967428,1.0674120653629462,0
0.16817914708716347,1.3424877733989973,1.0673633700335485,0.18616173684018616,1.2506410384945514,1.3701872797173358,2.276101939160279,0.5625915605810747,-0.5185932734436847,-0.4150788331420361,1.3397734622021273,0
0.01853029498962103,-0.32288005017650023,-0.7333855059427498,0.16810857220988026,-0.49019705664553337,1.5464300523147685,-3.4275959968746816,0.18765143694579245,1.0094099368283567,0.8510503349548156,2.253518424048122,1
-0.858470756915654,-1.7998359662632843,-1.9887768310674652,-1.045815271019055,-0.4181645513761436,1.3805366661556833,-1.328482287762417,2.6953527589281028,-3.123473905651317,-0.938279823429776,-0.15614558632387476,0
0.05818506976368008,-0.12106186227935749,1.0903973584208204,1.5592235153090666,1.6568369547988326,0.16435128494653373,0.8370064869701714,-0.8905394147624595,2.7457322266242503,1.2104419769393497,0.3076062577475015,0
0.4824669236164529,-0.37144472401492523,-0.9896641133062437,0.9513955226814158,0.9931029039481885,1.8937495818609253,-0.8878672101678787,1.8928273638772355,-1.773950478216771,-0.6695499362932644,0.06214015161073716,0
0.706533664975047,-0.8694320844716263,1.0295134461673718,0.7610068770239571,1.1986003633977775,1.2374471265603575,2.473959916709335,1.0912502078835595,-0.17035210084635977,-0.05730554074725669,1.710394740326532,0
0.5072776431247403,-1.6666336246409843,-3.1528670508889682,-0.872606879755299,0.35959384525671745,1.7645948664403086,0.3972715995357844,1.657352865200551,2.2438783254416843,3.8619282489100666,0.35469729284735807,0
-0.22832766921781622,-0.6783977908893666,-5.457088003126782,1.1388473180269738,0.8491792348294844,2.923826693776019,1.9685589076966061,1.8391198775276245,-1.6679537732514789,2.634398229359668,-3.4333294082128223,1
0.05559081897415855,0.9183164701499683,-5.774733894715847,1.7477014888746574,-2.744165554837547,3.1204143978900407,-2.606134788916133,-1.1569946644899565,-1.3580587078392568,2.6704856950957243,-0.7273900744777559,0
0.30137754128378325,-0.12517115288680458,-1.6090153515867853,0.8985224752028073,-1.1431470840480196,1.5914175676645268,0.2839166020107917,0.7099545409299051,-1.196171164187929,0.6945528423910854,1.3158153599902558,0
-0.5002698244723888,-1.38049792636434,-3.6510513514563954,-0.7859232228870966,-0.07534848572077057,2.441269000728921,0.8910311996901219,4.325226565204787,-1.4356015042575405,1.9769776819055869,0.745933685359385,0
0.35156390638003593,-1.4005718844884696,-0.6645489204880788,-0.44385717527088736,0.03563691243307798,0.20723947990912128,1.1987152318882968,-0.26770319423127464,2.197449814119058,2.266490364068478,0.514191794774939,0
-2.0334235150392437,1.4508362795846435,-0.788693335008111,0.6744022265786322,2.1036388886379456,3.09957019556055,-0.20421051683516145,-3.0901148213567295,3.0751428960784017,2.5207650485654,0.015752224892858102,1
0.9866179363733396,0.32635178610289856,0.016206628914123253,1.8665673824045457,0.42496602707942255,1.1819379627137134,-0.9835950121075017,0.14381839641241556,0.22553741817187686,0.10233880526155736,1.0893463738888614,1
-0.693366513773314,0.8649533217802636,-1.2536040913340296,0.361365151107796,0.7194264805091741,1.9120740906747526,2.724240067979599,-0.9515377827595131,-3.60298865325791,-1.2993807375586024,-2.4984145241423574,1
0.6761791560813444,-0.41384542989166717,2.583398271036589,-1.2801583765893767,-2.4939400266413747,-2.988169878562069,-0.6238998948966563,0.03856541889627452,4.000624943817951,1.4808552796688472,4.620281943335243,0
-0.2811454633098275,0.3476147090656525,2.4571628661412577,-1.0333376817491824,1.9288726035944699,-0.430434803116057,-0.1075977715288341,-0.5225867541437672,2.6478086176972386,0.05321360317482793,0.9301671352179313,1
1.2095629649057151,1.4606899674568201,-0.1889533201279504,1.003868257552647,1.5444481494197622,2.3469744524731224,1.922593265397194,2.685202298232883,-1.0795370683556085,0.07974198948860078,1.6901611538072074,0
0.006184549351247041,1.0765146311561318,-2.2393891675916398,1.3283913772694484,-1.015141742398257,1.3285459803543762,0.12100762162761824,3.2763923278323457,-1.6444012868999716,0.8071728528536595,1.4193272611913437,0
0.1383051280647152,0.7574094904821302,-0.27126386314422857,-0.956830148749327,2.607545566282093,2.1700182304208804,0.8418445763455896,2.4529927602912496,1.5526351124019582,1.535843826516948,1.3320394474352164,0
0.6258512159991766,0.5283905778432642,-1.5760679301157905,1.1216193461721609,1.0745917117082744,-0.3507772479255944,1.2259152498593104,1.8384858134195763,1.499971541132171,2.054730093842158,-1.5940123178703962,1
0.6120084674608525,2.4153529276763273,-1.873580406674319,-0.43939610598724016,0.8934011596536834,0.17403141129108368,1.4264421375394867,1.8270053789406573,-1.49307460865054,0.17019728519893462,-2.7012503857712566,1
0.628803276873423,-1.5072305035719313,-0.18132218523880372,-0.07598618436504591,-1.0722124508831605,-0.14857435229640092,-2.302019340850351,0.6116056382817163,-0.9448742325455092,-0.8289578686851742,0.7818056285837085,0
-0.261456189214393,-0.7554664672816976,-4.735975155190916,-0.6356397335337843,-0.693993545443885,2.9591019341756617,-0.1328870416853134,2.3953832393221988,-1.6274833776351811,2.2603433064669556,-0.3334762694160487,0
-0.969223670699383,2.709192729439673,2.1879496430925647,0.692697528161801,3.09503450567021,0.2544336365314379,1.5381822796231321,-0.5607539609425698,4.843117958809874,2.0536202405907478,1.1793010223234657,0
0.9674494801593082,-0.8019690508194887,-3.3293919751308434,-0.1604593875119125,0.9500252012864412,3.04548219101639,-0.4108689190264674,4.75744962554403,-0.2305283410486999,2.3398485169522156,1.4327655877388819,0
-0.961098395981944,0.4679790428639258,0.494848787934058,-0.6956317770248802,0.9522695946443873,0.5485144344840266,-0.39979600740369337,-0.49695658371613605,2.527831032435289,1.3789748060884373,1.0836745485295987,1
0.6955333433722314,-0.06938250703038938,2.6817446056326713,-2.355478390436162,-1.5518917176134366,-2.596298949911102,-0.6860974067552195,0.3975427762428745,3.736209994793224,1.1031372824271612,4.085908661468713,0
-0.8641008571217723,-1.4490311971603627,0.005723622163315683,0.23788807861742933,1.203172956846039,1.0209944697569346,0.24826463649416675,1.5698994440549026,2.138542343190708,1.7176105388837315,1.8140818406170283,1
-1.061353428785024,1.4399770907480154,-1.8582324071439527,-0.4725721239255142,-1.5646020795181923,-1.0128172220824005,-6.194113897695804,-0.6801609411280793,1.4883765125325266,0.8374565149242686,-0.998701037700551,0
1.9703867126771957,1.513656690779626,-0.16004842368054037,-1.1845239212519676,2.316133817741064,1.924966214009487,1.7697307436205887,-0.973565421457032,1.988195160278517,1.7080083249392892,-0.25708013890056103,0
-0.97452206002636,-0.6886821235377457,-1.5251486620295562,0.6650031299879144,-1.464441526520344,-0.513413412721847,2.1769446548405047,0.921436429257943,0.5085827515511313,1.9965625699308243,0.3792184689327185,1
1.433938121469237,-0.7394718380424896,1.891844347227129,-1.577690257896229,2.344633438916224,-1.657085176749752,1.0396754122459384,0.8521827155669565,2.7784916121984513,0.4683693626692014,-0.778731956703071,1
-1.9293362549429602,-2.3314728774808136,-4.692118829444846,-1.1190127329661606,-2.35606651927055,2.9348054090949756,2.319524864006801,0.49311637342866244,-4.953596349258926,0.5122648602973046,-1.1331298266609653,1
1.6604280094830182,0.8434787578791227,1.0674767763970416,-1.0888830148488255,0.509993544082113,0.6219440944274139,-0.3568072264227311,-0.05132954642076548,2.084073322496182,0.9202006315527773,2.386586093427677,1
-1.0025044379276553,0.5304517068926763,-7.115770554491034,0.5406837127950278,-1.9504256374455413,4.531538099953314,-1.629738596739633,-0.3300435141287352,-2.2731117985132863,3.085677494842488,-1.5224862755024269,0
-1.220836349650169,1.6223130633188434,-1.5264715735557752,-0.6548777967588604,0.8714064574397393,2.974660705376029,-1.080203571193235,0.6158617303042075,-3.809678594847071,-1.8135551505294014,-0.9600091225896668,0
-0.21655545763823092,1.3239565552825303,-1.0852803096243064,-0.4396758468257184,-0.9173177442307849,0.35873566141026747,-2.6350531033634654,0.1574964435672901,-0.6551962712563273,-0.1831163838075609,0.07002114528414416,0
-0.7706155541339506,-0.3227014248594831,3.0829979128342617,-0.7092208641446766,-0.0956091681510759,-3.072179494545768,-2.285614779061159,1.153964550363126,4.4995574876696125,0.7259327729822124,2.9820068684057377,0
0.4019763162405947,1.1957241802944278,-2.93024065063832,0.5649120654392984,-0.5305979057580452,2.8796967592850153,2.46736622992401,0.833443573630904,-5.673977958380605,-1.3474882653432596,-1.712003334720543,1
0.9359789513140873,-1.4850563243766666,-1.0971033506337982,1.055051261404926,-2.1598714959198566,-0.3847392678646966,0.2197272104013902,0.4764381209661209,-1.409024664295437,0.06305886598219679,0.546847300177447,0
0.40031611667597095,-1.2575248606862979,-3.675377306619336,0.49603172490049896,-2.7458181763797542,0.5462130783770351,-1.2231168081755954,0.5462580449900629,2.925469300228438,4.690664327503036,1.8971455609911572,0
0.4272385858013998,1.6325437670633636,-1.0767357742556158,0.3542489309027004,-0.46386041602238814,0.9284097414347974,-0.4117841020999453,2.2415139450240504,-0.9604203789304152,0.2748718616659366,1.294345318781133,0
2.29648973790025,1.6148014513424958,-0.9859890245470403,2.2333252766201586,-0.802137890120431,-0.5818043995752116,-3.3448415694700895,2.4599793423648633,-0.28154034064200933,-0.12370103540965371,0.47494894692255174,0
0.2951024484423881,-0.010524406333895444,-3.024290249859903,-0.012972157547575792,0.2706571070714904,0.8501866079360731,1.3074647426848138,1.166923821443568,0.006414054854132945,2.1043050266042513,-1.9746652016422082,1
-2.131362304163723,-1.9801783072971952,0.09110613193579993,-0.857971353704652,-1.6639695652321618,-0.33420823149245327,-0.6310449196549106,-0.49859156524496795,2.002719166995141,1.6017323519029834,2.56922112875602,0
-0.9013356179448007,-0.18838981871087154,1.9224510145979974,0.3252988664681212,-0.2271570106126809,-0.9112912360747116,3.739648282338859,4.594489702554391,-0.024288804789178522,0.0822001189829713,4.104813161624871,0
0.6150737658005608,2.867569310723303,-0.06371811281720119,0.49240680348215227,-0.7145086777170164,0.8705163724826596,-2.9817906375313417,-2.4802854815901036,0.21188748584920863,-0.33532162220253414,0.4620824560881823,1
-0.3954046901615987,-0.7924790578317804,-0.31481221481362237,-1.605530712527626,0.36363140746407985,0.5652757227850336,0.319428628438273,1.050982604400563,1.720173026725649,1.6501340969505875,1.4311492514378303,0
-1.4761645031684802,-1.4347563177961948,-0.2597317784722599,-0.5416390722618757,1.450270898597197,0.9292993747253888,1.5064093940022687,-0.8368946002838014,4.1579135321659715,3.340519224598073,0.7845864816221402,1
-2.412052143794329,-0.8585311000530318,-6.221381288798985,1.2079999508134598,-2.6414175329557255,4.017932287251032,-3.8687964283827996,-0.8416081740640979,-5.233953796968655,-0.07779483007318633,-2.2175053610392976,0
-0.4009538206874744,-0.11072430223810607,-1.4778375771992367,-0.4618424105095292,-0.024613193296490365,-0.011510873886455109,1.379060013467245,0.3768993455402586,0.14861717199264304,1.2301603528024274,-1.3030428628810344,1
-0.7779554866227175,-0.07977387738228744,0.5414059926351243,-0.1203007936504812,-1.7106357557158938,-0.9980740455341834,-1.5618855987407247,0.396676605115879,0.5124017678565753,0.0006767901759640038,2.046366013722835,0
2.777373796508442,-1.0206677352925921,1.5113548834306767,0.008117915002140978,3.2754857685273446,-0.24329124493525534,0.15818707080610372,2.3384365243118523,0.6398420143495895,-0.9166456608020133,-0.9726965077896709,1
0.9245937409172093,0.9618586272674542,-4.695468017915716,-0.43121492262618205,1.453158897937088,5.779664949817706,0.01872406097470325,2.5265043030480077,-6.616300711777641,-1.3786823136930786,-2.242570012248351,0
-0.5607096389930776,-1.476622805839374,-1.6448280261136288,0.862470955464344,-1.773678906850565,0.8323901488322287,-0.5853824120786377,2.3036051368927275,-2.304306302139529,-0.16368050838512382,1.4931077105389625,0
0.08738317785965055,1.2220724034819808,-0.7631862092721314,-0.1850067114978977,2.9686802759709665,2.625828051682862,2.1605122554131313,-0.6392809715065073,2.8034698020635447,2.7399283280817417,-0.26284033797594897,0
0.21844664286053447,0.16714450476579612,-3.780629150133555,0.6809401930864365,-1.7331832994104506,2.931609591367992,-0.8955995866250925,0.08196667312364447,-3.5979724170468756,0.14959444914866205,-0.4565052351996046,0
-0.8729549936852884,0.21079062570275414,-1.0857796131961837,-0.5605020852011092,1.2556954536704068,0.7136514159748002,1.2445486886597819,-0.679264410879006,1.5889235343507848,1.8129830027548344,-1.4527840734300297,1
-0.27857210262339915,0.790478770848671,1.393388223459592,0.9885183352216795,3.2153975416769534,-1.2588087183106706,0.18894916973138343,0.39129733754346374,3.1522581969902994,0.6514769209151882,-2.0316935824903632,1
-0.5470787030686504,0.4382839461185215,-1.643738582107313,-0.2619931729773478,0.8218797044738255,2.16138304846476,1.5907841674454515,1.301370381546027,1.761300785053539,2.9062696657788454,1.4712036625655347,0
0.585196608158837,-2.013676836085254,-1.1365186490629005,-2.252420808012979,0.9284532941966893,1.602990405150757,-0.38137856021896144,1.0351302520111394,-0.4052529612095614,0.41758926395607676,-0.12616638738593422,0
-0.0447542462933224,1.0677489260956607,-0.9416940222041612,-1.3870021965772035,-1.3678329671514262,0.5838256930020503,0.7084337300719146,1.0839212633159148,0.5850036577781418,1.6466381440683218,2.3331786178934295,0
1.013796422219754,-0.7638490946169102,1.0099835091071168,0.7195682395164715,1.7522414731614675,1.052160500885643,0.09721970183026896,2.1749500193869906,0.16109837484491463,-0.3945191954739693,1.564391045166968,0
1.4171252747673586,0.37852810291203454,-5.272473951079079,0.08121390269773823,-0.5864841725209625,4.004028452810127,-2.862663696874648,1.838157707531135,-4.926155762467159,-0.3822658875902203,-1.9792642220896166,0
-0.22998760965144385,-0.4254534558546538,-1.906341949089257,-1.6587169507474726,1.994768347201275,3.572803083511795,0.29283820350489265,-3.3660095917702573,4.250423105319192,4.197589263827611,-0.0456646321805394,1
0.6844325899905326,-0.8147786549460665,-2.831432412350485,1.3736452008324838,-2.7318356672777537,1.4147974725719683,2.8080367513900866,1.4682051469647863,0.8042614731863857,3.8099848549924404,3.307069389817746,0
0.8511782594935616,-0.786270771902727,-0.886048965541897,-1.087968258392156,0.30620555414690265,1.5594883063406202,0.23562472349151264,-0.24403921779003324,0.7930835894931781,1.3416810430670263,0.7795440910552303,1
-0.3701313673781527,-1.1439404582271258,-2.85362611106129,0.7983120195264317,-1.3785651334249511,2.436319398104621,-3.4707580590051945,-0.5577795058844837,1.7727554604814297,2.8633069318640025,2.0397552510443098,1
0.448787526027297,-0.26981461766361814,2.833793447681149,0.6431441664427764,-0.28481152009718036,-1.2934803124996352,1.4097673924246203,-0.4553149174628661,0.029764214357592276,-1.4041150948874161,1.7323780976953072,0
1.7814290330088618,0.4609720410428228,-4.056704554504398,-0.1282320296108721,-1.5951376691030168,1.4405103503621957,-0.5470280555482413,1.6442719118209925,2.0052684181132108,4.360289355235125,1.2602904573744924,0
0.7781274994299089,-0.17395124192603173,-2.207116860493435,-1.2406539155167127,-1.9045642781486491,2.199043949662239,-4.8945457465128674,-2.6860200690328124,0.7080806322194961,1.2950576058911576,1.2726748179855054,1
0.720588132772809,-0.8781299150464259,0.2390036697178808,0.2651558578338428,0.9542362184069106,1.114094982385928,-1.3706516148689092,-0.8566008720154425,2.1725089431088427,1.1197502771456158,1.050874492698442,1
-0.5848200171938767,-0.9135030569850782,-3.7559175210518188,-0.07082044966809863,1.8475179415622884,2.282683964510772,-0.14558577714168286,1.7606901456325463,0.7839497136151997,2.72283712026392,-2.3008736243571892,1
-1.2882506132279377,0.6011163942684971,1.124811946052228,1.065049786629468,3.1236333126714495,0.5789712940014031,-0.9180469573997909,0.7916842466112638,2.3392587902082007,0.3879352826890248,-0.24305996099100113,1
0.6497108419006746,0.3110861216785637,1.9342035009391438,-0.6072675471564559,-0.7352155337128029,-2.2546422444857788,-3.0418343100889262,-0.9381340191220586,3.6607987657437735,0.6709172758325004,1.7713979606125119,0
1.2579875430789424,-1.6787464022004888,-3.0458106018839497,1.1143054042534715,1.062288209140053,-0.026877513825094512,1.6967530995094813,1.497700688733261,1.0534724963256559,2.6369423730818875,-3.2656351340418754,1
2.283841109239335,-1.776086440260178,-1.175661579935061,-1.6378142532041042,2.067146890038865,3.5382004530045004,0.903958332102484,-1.7257501055020659,1.1115125111146313,1.7269323788759068,-0.08614060917750188,1
0.21554844875413026,1.6435352006116524,-1.8315490529620213,1.651899990771804,1.0074506396834804,0.5937076821143724,-2.662780987706288,3.418719952928026,0.34711401664220093,0.835120354246616,-0.4099523014501669,0
-2.2462365243344915,-0.5467351409456536,1.2457710016130747,0.6752924295565582,0.02106164582423009,-1.0402189675409286,-1.7292164061851039,-1.4265194833768433,2.943703826095989,0.8101176823381873,0.8456696148489726,1
0.44623921096247254,-0.9928931147303236,1.0180866860139508,0.854648698878598,4.182146038403007,1.2262975074997369,-3.191107282231691,1.1761324449352244,5.066038001975445,1.8977384229764687,0.7612462156533804,1
0.8439414871298656,-0.17356792918234717,1.113304775303006,-0.4482800475630063,1.1626487111047492,0.8774115138791285,2.62766663395847,0.2885304203533473,0.6591563151693725,0.4112384275245383,1.3950534672409678,0
1.1213531814508426,-0.3260824326349839,-2.7269547844645254,1.0610590525848578,-2.0417766310266368,1.2611734151032312,-0.6956722402501738,0.04656082904115577,0.467780311845838,2.4009232596750953,1.2993816649566279,0
-0.0759972083404535,1.12967185999001,2.4329449334227244,-0.010993045528095767,0.7329556450931696,-1.2998375447512087,-0.5651871047648243,1.2351810223089494,2.217430454224917,-0.08350206992591502,2.1681229359816276,0
2.1714963370919294,-0.9282737452198279,-1.3603022943137966,0.6292679864831129,-1.521343467357433,1.1606859291959264,-0.5238522703626323,-0.21730073965118635,-0.3894504837126183,0.9054264850842109,1.4284079624415007,0
-0.533422325977098,0.8616542992371973,-5.3695005798576805,0.3901755086812238,-2.181612454949897,3.294585965980786,0.9491997347829404,-0.0010912752753979849,0.8306727958578409,4.881468177072833,1.1515706028307564,0
0.07571629546837468,0.6714916871431964,-1.2393197237690166,0.5563569363010861,-0.08478357058067953,2.1408284273862064,-1.0383672311511436,0.4794105942066974,-2.5504305311016693,-0.9678653230085066,0.16589663432986024,0
-0.9324939071395516,0.5125942582374613,0.053804953086225106,-1.0822812335993253,1.8219429668709748,-0.45287355011806363,1.1660027176655212,1.4649094505104532,2.0317048512628486,1.342755596657927,-0.7725681776834543,1
-0.22823209139974604,0.005975202296939065,0.20414367039390025,0.41504343560843554,2.7739226319283574,1.5039605317063875,-1.786855813804633,0.8649955598169486,3.118352228839031,1.5512993427056192,0.7281215635084011,1
-0.8576656482277012,0.8616838041868888,-1.3862318992187057,-0.9598001365780151,0.28431115556999,2.6613868636628735,-1.6215895930306026,-2.4924032901663025,0.7915124397355057,1.2241242628839824,0.20220705875164602,1
-0.653466203955572,-2.2794745123307614,-1.3274251497598273,-0.6657485435166619,-2.3350591611204643,-0.1996139388195357,-0.028559157738297536,2.047998953805358,-1.9372182588504359,-0.037471362619259985,1.3739298695887205,0
-1.2144807279975292,-0.12690462844088776,1.71094423777485,0.2233389106190481,1.613007633431469,-0.4453847548015022,-0.30513195442359875,0.04930905144646558,4.7185486670206025,2.0786174020487316,1.938962966178241,1
-2.0083859893009137,0.024998522651833645,3.480770546872052,0.5259075252406002,4.041507454410522,-1.1104027353306285,-1.0584369157860096,1.297334307651652,5.330770559441168,0.8222224001571151,1.1362319169638453,1
0.269647849585944,0.48092821547176334,-0.5440223543100654,-1.1378091614025274,1.2268072510012673,1.8242238797265231,-0.5953846673911456,-0.4541723462999887,2.7567060992464936,2.259086205936856,1.2523751829117937,1
0.8965155209271599,-0.2872651125979994,3.137390911916601,-0.05235675379681112,1.763037856030223,-1.6805920895077433,0.8486039879368675,-0.8956577258155376,3.9613542245329785,0.6305945573727054,0.9088009933310548,1
-0.32888248291327044,0.6199590999568614,-3.0035030978292356,-0.0796197972131213,1.247452098098689,4.177471964881041,0.36200361979927,-1.7733912418452666,3.6978755653253517,4.834762164654043,1.0377202346252294,0
-0.17664803211958868,-0.9044415506851274,1.8652792759641525,0.024605466106737292,0.0807444667180659,-2.1400150744829225,-1.0481957070806152,-1.3112084171985516,3.722510769249751,0.9809470720707727,0.6494679290189489,1
0.9211339812630933,-1.1079256816626606,-1.5382067079815078,-1.0541340670980235,-1.54561773844984,-0.6512796202037043,-3.7805369637513495,-0.18371740058912356,2.786383261553856,2.287393369359263,0.7983382424426804,0
-1.4600002748049852,1.6048482352780395,1.5479341397057917,0.4363679975310183,1.4178576549273183,-0.04081093648842815,2.04070087928832,4.623000978112909,-0.7102684834036718,-0.8232817349313224,2.2864770596727815,0
-0.3877750214524538,-0.03028223623703716,-2.2661476152644866,-0.68531257059999,0.5496934878902564,3.505347858230452,0.06360959942979527,0.320271536060717,1.075536516818411,2.6436433707924807,1.7458984759999852,1
0.3457835766942408,0.1450912715741945,-2.125120384460593,-1.3686378524722915,-0.6272485807654546,4.44133202324546,-4.218115101699513,-3.5038778452993933,-2.47239823448124,-0.8951528850579984,0.2351473115919397,1
0.5729141921101667,1.133911217954868,1.2873359940769091,0.503441330307395,1.3598365628454168,1.2802565997287152,-1.4867711481780717,-1.2201128938887111,0.49156301467671776,-0.8126801110324575,0.7771120884640788,1
-0.07964756121076684,1.25674585172356,-2.8761755614142017,0.9872407539980043,-1.733265545539362,2.267173772740846,0.7840350471680102,-1.3573597037992977,2.0371494909727894,3.983854193269015,1.985811785681474,0
-0.1673075287823933,0.48629883714787897,-5.544202411968288,-0.46654096797883116,-4.340134540332701,0.42814571723713046,-5.939605744196521,-1.952114875511434,1.2966351563091123,3.552960787008863,-0.7606238753665648,0
-1.376834092705897,-0.7326956155462852,-2.6310223063939717,1.1872808032899622,-1.520864688624755,1.739560403755493,-2.3509546245414787,0.21353427799249225,-1.9415770514447386,0.17367812125845572,0.09188202962178815,0
-0.639952425566692,-1.0726365546681444,-0.3771894094572848,-0.9304707130726811,-1.35664656124576,0.21805990019565513,0.3162707556582245,0.30039991661559673,0.9863711212634353,1.4112120197323468,2.258017997898773,0
-1.3839406003311756,0.6150978288493963,-5.129278269562656,-0.5551938210567027,-0.5299957680387846,4.3475429132718135,4.058296542553549,1.1990715874045383,-9.05751688941521,-2.02931702834467,-4.006207677638467,1
1.3674593504814725,1.9201175113055915,-0.7518655238828549,-1.1179570420243978,0.2731307151723299,2.2955516822866566,-2.0526315868363576,-0.998349950824337,0.484563738258102,0.6307632975211472,1.200302983946566,1
-1.6117056791725577,0.5063946129770023,0.551912475116171,2.35963116525899,3.0948097311717486,0.770562575501438,-2.3360747746253936,2.7011541556047387,3.965726840171539,1.819486868115675,1.3813780069511905,1
1.520329903839992,-0.03943831977226087,-3.2884450965882923,0.8523677267768293,-0.9035003317153552,2.673840678922514,1.5859342091804278,2.4605764805727084,-2.7632681901696476,1.0237649643682878,0.64539762965143,0
-0.8456362432778372,0.26598297888270467,0.7173906207321431,-0.9545531394269522,0.7687632948257574,1.089770827248947,-2.2653973107800036,-1.3107163189571338,1.4274865371846746,0.11235851018874055,1.0995476373057274,1
1.05354637531563,0.8528842641948207,-1.625231283881643,-1.3700004321229549,-3.12924879706768,-0.5293136821189404,-2.4573519086307307,-1.6524567123963942,1.7718192650218703,2.1411560524755395,1.4258907301999098,0
-1.1255610298741112,-0.3591387393852431,3.6740366260694675,0.220054540629882,1.451919257472393,-2.2963885335319105,-0.165438195567141,-1.6731423873115117,3.201804060153211,-0.5682760730827392,0.2726458867492161,1
-0.763038591767409,1.1450341965522215,0.6966442988114695,0.11053677542338898,0.8179064398990149,2.599458631848722,-0.675809856638911,-0.4726959895376506,-0.27497696732346866,-0.4176755740324356,2.4111250997322937,1
-0.8341745118193542,-0.10734273589003349,-1.3026802981601415,0.578165800174207,-2.0501340854519228,0.3511617346514262,-2.109719743491694,-0.9444223938552059,0.650915225093333,1.1965241458260865,1.3000409537943867,0
0.4511162404264804,-0.07871734606628711,-1.3109259790735248,0.5414755585089104,-1.0142045941200362,1.3245975411793611,-1.0972974708387155,-0.0947056841225753,-1.041301203292008,0.18785349767894277,0.754449690523055,0
1.3426434899063282,-0.9595484942194136,-1.3834702030460395,-0.5924309904098664,-0.5302209856154017,0.983463592692751,1.3377523000437892,-0.6175572153971323,-0.10270450201237477,1.223960162200793,-0.10588261273743571,0
0.1340321594977596,0.8032181313809545,-1.4857811630680948,1.9821646566528968,1.6419102282920153,1.4839003693556916,1.0280699342723612,-1.2200011444260799,3.417376248897325,3.360919438487813,-0.7943851474155834,0
-0.47045798282215595,-1.1813216683460341,2.1798521742013226,-0.19991691163377556,-1.4564421379540273,-2.8215522281764036,-0.5472857155602493,0.3884284541556584,5.324106626381961,2.5138412391752114,3.998052857851587,0
-0.02331043655595717,-0.5418126698833611,0.14160241111172994,0.8073522886903601,-0.713517212455526,0.7266306156905733,-2.9020263647501885,-2.4543169537874974,-0.07533873426556562,-0.6687838295464139,0.37826553840956867,1
-0.18182811144532446,0.23312827576639333,-0.06402308127084942,0.059911523783036436,1.1432121330697358,0.9903823692911744,-0.637241549898625,-0.3580394523103967,4.117165055390916,2.868887792940278,1.6918240614639053,1
1.7080770687516083,1.2953007246286015,1.4046371904879735,-0.3419540172292322,1.4123489043689594,0.6246120787242396,1.6754466350447246,0.9837461648041567,0.8924948159861991,0.1738135232791881,1.6311231259266317,0
-1.3436128390240796,1.7243232916692741,-4.355040801410348,-0.8392329001167492,-0.7900510712580782,1.047305515931225,1.450467194667684,2.180240535304039,-2.3842000694080467,1.4427989677162196,-2.5856793958609474,1
1.2785922858927312,1.7509329978029258,0.6466557715483561,-0.32934399344037524,1.7530059446601474,1.7852593240396697,-0.13128694464630664,-3.270934777225694,1.613536657195619,0.480699424769933,-0.41561123856390814,1
1.3771367258938676,-0.01778246575527112,-1.7301509621979114,0.09701218419372329,-2.875173811324756,0.08848235152614137,-2.6750598643338908,-0.10426249978462465,-0.7889267051572806,0.4449315888926758,1.2538197498258308,0
-0.1069709671707626,-0.6800391974820894,-4.4742057747260136,0.39968369555369065,-0.3525959671700948,1.3509786406506463,-2.511755758918154,2.387056718065037,1.8945414999905081,3.812198952280615,-0.5138549970504125,0
-0.634330082416758,0.5076370165319781,-0.4562969046855556,0.6012794216338766,0.049007092162631105,0.7758255853139192,-0.2410176053354779,0.9191988043612103,0.8212195848694006,1.0381138291607503,1.344648528444897,0
-0.5606485994828276,-2.0772358548939867,0.6684521097235425,1.7144080490503906,-1.4275479311870447,-1.2589749138821218,-3.81419605739693,-1.334326201966567,1.4157403227962098,-0.1699780002491038,0.9526261484835403,0
-1.0138627428967586,1.4669659482448076,6.010123481069849,0.06928409825796734,3.279432308360261,-0.9578988956778014,2.538733658556802,-1.3354250086819324,2.794336550179024,-1.6424575067785598,2.1963830513746228,0
-0.3590846281646637,-0.8388159275201525,1.8524180197494684,-0.6699088526548792,1.7662060814834173,0.7320055855367538,-1.6528861764286538,0.6165470603281122,1.943088068262547,-0.10474259512957484,2.1195916960249956,1
-1.1502664013753674,0.5331086153765441,-0.752415806950974,-1.428095996845504,-0.3155420140442251,-0.2348622094754782,0.7302567728983324,1.1131450005883292,2.495574050906479,2.5540898146895783,1.304436650020376,0
-1.1706109567117369,-0.569888252737878,0.1502629421198287,-0.27525400953919743,0.5531050731964732,-1.0226146977600545,-0.6062341347244657,-0.33172725142477955,4.643694545872619,2.880030114065044,0.570588780067216,0
-0.11696780382873112,0.04213071964922147,-0.5559016161157648,-0.24252304566972516,1.2603439495820419,1.980254560005018,0.9544740164856719,0.5514246323724532,-1.0456139493142156,-0.12037267663600626,-0.06213457147344903,1
0.2367830690234226,0.4604476968058119,-2.9403409403149605,-0.009046052307225204,-0.013982307618434442,3.694871035897465,-1.775540936924204,-1.6757669015770829,1.4477744795779988,2.8652042363066377,0.9185336816703005,1
-0.8739604149780209,-0.7979691986405791,-0.7840982287791228,1.1986763307150223,-1.4810355002401474,0.7606388285185888,1.8026258471096561,2.2317892349281268,0.3700137137210662,1.8147034867204621,3.441603669775571,0
-0.4662816718038692,1.4625071431455536,-4.242921570669028,-1.0316382412933567,-1.3324780713824729,3.1326014371070516,2.81697814732609,0.6782559797241672,-7.1668916313810085,-1.4618503005458208,-2.764259273904635,1
0.0986216488288697,-1.191537621794752,-6.8374499448878785,-0.31971804187841146,-2.3580408252144713,4.282207133674529,-4.045860767710995,-2.5092360461535352,-3.0601406501184796,1.6647582626944917,-2.755331181895897,0
0.2616820863608728,-0.567328087812741,-4.01154215253063,1.2290592760020267,-3.581898222657223,1.03100011715452,-3.188669197327686,0.5539526745226433,-1.5437356243927627,1.4002814358483961,0.6987966411009726,0
0.6709009783826755,0.8277836755365554,-0.09455290674628576,0.03907504307475202,2.427370964577845,1.7483783157524875,2.4534220031361933,-1.2314174971721474,2.907916635290467,2.423261251897399,-0.17828407411242386,0
1.0342831586898598,-0.6758716535204777,-0.8719749959450697,0.09205136793484806,3.749144627617109,2.5837652793368893,-2.4387781830842603,1.0904612694802036,4.574490631600518,3.0732355547077024,0.5125724182330436,1
0.38390295635720334,0.5169583215172397,2.0421013561132457,-0.683619623984708,3.2148147613501226,1.8264902859300207,1.2531352681593266,0.7468265673729418,0.21476666867173108,-0.9711604249396313,1.0014714146843182,0
-0.42987128874889885,1.0923686723040185,0.28535528655632336,1.68095088236976,1.1981385139567955,1.6976219264684183,-1.0745604810045521,-0.9698183965434456,0.07495554550837692,-0.3559701760675369,0.29092794048088066,1
0.9823562123907377,-0.07430456660296884,-0.8066204971587749,-1.212233293207354,0.26010201783695286,-1.6037214848418424,2.45908934226162,1.4686888907554707,1.314225871777105,1.6828545244606257,-1.5152109389542712,0
-2.2755939154394835,-1.2357440186077535,-1.5439735293022856,0.6570135112320181,-0.5213478517434491,1.4459878637963646,2.647689709855075,0.08858612396287713,-1.978652073485731,0.35359680489149503,-0.3246423213048353,1
1.0178089578217133,-0.5834692766467414,0.4940261086483099,0.049534785005574844,0.74840980165745,0.7838589442714615,-1.90432115297503,-0.6863717231328563,3.2665229198844146,1.6833821094612893,1.8861289899792513,1
-1.1135814531737027,-0.6552122990672985,1.9846650260485965,0.2753784657251844,3.2950171325554805,-3.0139569294457953,-1.3426488056352581,0.11599857626202703,10.604977965557747,5.164314429787562,0.29458618346951826,1
0.38370873289881374,0.6980450634779093,-1.2798566492115029,1.1166655627568844,-2.060745661664706,-1.348240701916898,-2.924436729592113,0.2857819760050062,3.650684498772223,3.0088626791939643,1.6599449341384451,0
0.040971206199632855,-0.5372699927048169,4.983456561838489,0.16854243544391453,1.0106147562307612,-1.4987699125779406,0.6827624640221227,-0.029670255671284673,-0.4313657652208556,-3.360120241059822,2.2487901856979366,0
-1.3201566067014754,0.35330221231186165,-0.9886336540980207,-0.4204561517139356,2.470252685183053,1.8798388236892936,-0.35557795598013353,0.6498622122605422,1.2443156406486418,1.2247206001746804,-0.8953719945516124,1
0.26445512349509576,-1.2829568257950585,0.7740763299558969,-1.580263849416628,0.02735493976991188,0.24521607482749075,-3.0681357112114505,-2.0296890595777235,1.9259712946439236,0.21593674682608,0.9163219913119808,1
0.40904231346045283,-0.09896489799306724,1.1661381870640073,-0.8071622629764004,4.956664370669651,2.149166876055485,-1.88763124101294,0.9075481084857832,2.581868040067431,0.22768766021450015,-0.4334424846209519,1
-1.6940884776485523,2.525347256348145,-4.7306231897062245,-0.01931995832981908,-1.0136509322609397,2.6889416083055724,0.03201429168278502,3.266557142330965,-1.4919092103704228,2.4974440765518064,0.3440061111026125,0
